index,series_name,network,season,title,rating,engagement,date,time,format,monster_name,monster_type,monster_subtype,monster_species,monster_real,monsters,setting,location,suspects,arrested,culprit_name,culprits,motive,door_gag,scrappy,snacks,zoinks,groovy
1,"Scooby Doo, Where Are You!",CBS,1,What a Night for a Knight,8.1,556,9/13/1969,21,TV Series,Black Knight,Possessed Object,Suit,Object,FALSE,1,Urban,United States,2,TRUE,Mr. Wickles,1,Theft,FALSE,FALSE,2,1,0
2,"Scooby Doo, Where Are You!",CBS,1,A Clue for Scooby Doo,8.1,479,9/20/1969,22,TV Series,Ghost of Cptn. Cuttler,Ghost,Suit,Human,FALSE,1,Coast,United States,2,TRUE,Cptn. Cuttler,1,Theft,FALSE,FALSE,1,3,0
3,"Scooby Doo, Where Are You!",CBS,1,Hassle in the Castle,8,455,9/27/1969,21,TV Series,Phantom,Ghost,Phantom,Human,FALSE,1,Island,United States,0,TRUE,Bluestone the Great,1,Treasure,FALSE,FALSE,3,1,2
4,"Scooby Doo, Where Are You!",CBS,1,Mine Your Own Business,7.8,426,10/4/1969,21,TV Series,Miner 49'er,Ancient,Miner,Human,FALSE,1,Cave,California,2,TRUE,Hank,1,Natural Resource,FALSE,FALSE,2,2,1
5,"Scooby Doo, Where Are You!",CBS,1,Decoy for a Dognapper,7.5,391,10/11/1969,21,TV Series,Indian Witch Doctor,Ancient,Witch Doctor,Human,FALSE,1,Desert,United States,1,TRUE,Buck Master,1,Competition,FALSE,FALSE,2,0,0
6,"Scooby Doo, Where Are You!",CBS,1,What the Hex Going On?,8.4,384,10/18/1969,21,TV Series,Ghost of Elias Kingston,Ghost,Phantom,Human,FALSE,1,Urban,United States,2,TRUE,Uncle Stuart,1,Extortion,FALSE,FALSE,4,2,0
7,"Scooby Doo, Where Are You!",CBS,1,Never Ape an Ape Man,7.6,358,10/25/1969,21,TV Series,Ape Man,Animal,Half-Human,Ape,FALSE,1,Desert,United States,1,TRUE,Carl,1,Competition,FALSE,FALSE,4,1,1
8,"Scooby Doo, Where Are You!",CBS,1,Foul Play in Funland,8.2,358,11/1/1969,21,TV Series,Charlie the Robot,Mechanical,Humanoid,Robot,FALSE,1,Urban,United States,2,FALSE,Sarah Jenkins,1,Safety,TRUE,FALSE,0,0,0
9,"Scooby Doo, Where Are You!",CBS,1,The Backstage Rage,8.1,371,11/8/1969,21,TV Series,Puppet Master,Ghost,Pupeteer,Human,FALSE,1,Urban,United States,1,TRUE,Mr. Pietro,1,Counterfeit,FALSE,FALSE,1,0,0
10,"Scooby Doo, Where Are You!",CBS,1,Bedlam in the Big Top,8,346,11/15/1969,21,TV Series,Ghost Clown,Ghost,Clown,Human,FALSE,1,Forest,United States,1,TRUE,Harry the Hypnotist,1,Competition,FALSE,FALSE,0,0,0
11,"Scooby Doo, Where Are You!",CBS,1,A Gaggle of Galloping Ghosts,8.5,379,11/22/1969,21,TV Series,"Werewolf,Dracula,Frankenstein's Monster","Animal,Undead,Undead","Werewolf,Vampire,Frankenstein's Monster","Human,Human,Human",FALSE,3,Forest,United States,1,TRUE,Big Bob Oakly,1,Treasure,FALSE,FALSE,0,0,0
12,"Scooby Doo, Where Are You!",CBS,1,"Scooby-Doo and a Mummy, Too",8.2,358,11/29/1969,21,TV Series,Mummy of Ankha,Undead,Mummy,Human,FALSE,1,Urban,United States,1,TRUE,Dr. Najib,1,Theft,FALSE,FALSE,0,6,1
13,"Scooby Doo, Where Are You!",CBS,1,Which Witch is Which,8.4,356,12/6/1969,21,TV Series,"Zombie,Witch","Undead,Magician","Zombie,Witch","Human,Human",FALSE,2,Swamp,United States,2,TRUE,"Zeke,Zeb Perkins",2,Theft,FALSE,FALSE,0,3,0
14,"Scooby Doo, Where Are You!",CBS,1,Go Away Ghost Ship,8.1,331,12/13/1969,22,TV Series,Ghost of Redbeard,Ghost,Pirate,Human,FALSE,1,Ocean,United States,2,TRUE,Mr. Magnus,1,Theft,FALSE,FALSE,0,5,0
15,"Scooby Doo, Where Are You!",CBS,1,Spooky Space Kook,8.4,372,12/20/1969,21,TV Series,Spooky Space Kook,Extraterrestrial,Phantom,Alien,FALSE,1,Rural,United States,1,TRUE,Henry Bascombe,1,Competition,FALSE,FALSE,0,8,0
16,"Scooby Doo, Where Are You!",CBS,1,A Night of Fright Is No Delight,8.7,403,1/10/1970,21,TV Series,"Green Ghost,Green Ghost","Ghost,Ghost","Phantom,Phantom","Human,Human",FALSE,2,Island,United States,3,TRUE,"Cosgood Creeps,Mr. Crawls",2,Inheritance,FALSE,FALSE,1,3,0
17,"Scooby Doo, Where Are You!",CBS,1,That's Snow Ghost,8,328,1/17/1970,21,TV Series,Snow Ghost,Ghost,Snow,Yeti,FALSE,1,Snow,United States,3,TRUE,Mr. Greenway,1,Theft,FALSE,FALSE,0,4,0
18,"Scooby Doo, Where Are You!",CBS,2,Nowhere to Hyde,8.3,322,9/12/1970,21,TV Series,Ghost of Mr. Hyde,Ghost,Split-Personality,Human,FALSE,1,Forest,United States,2,TRUE,Dr. Jekyll,1,Theft,FALSE,FALSE,0,3,0
19,"Scooby Doo, Where Are You!",CBS,2,Mystery Mask Mix-Up,7.8,312,9/19/1970,21,TV Series,"Ghost of Zen Tuo,Scare Pair,Scare Pair","Ghost,Ghost,Ghost","Zombie,Zombie,Zombie","Human,Human,Human",FALSE,3,Urban,California,1,TRUE,A. Fong,1,Smuggling,FALSE,FALSE,1,3,0
20,"Scooby Doo, Where Are You!",CBS,2,Scooby's Night with a Frozen Fright,7.7,301,9/26/1970,21,TV Series,Caveman,Ancient,Caveman,Human,FALSE,1,Urban,United States,2,TRUE,Prof. Wayne,1,Theft,FALSE,FALSE,1,7,0
21,"Scooby Doo, Where Are You!",CBS,2,"Jeepers, It's the Creeper",8.5,347,10/3/1970,21,TV Series,Creeper,Ghost,Phantom,Human,FALSE,1,Rural,United States,2,TRUE,Mr. Carswell,1,Theft,TRUE,FALSE,1,7,0
22,"Scooby Doo, Where Are You!",CBS,2,Haunted House Hang-Up,8.4,303,10/10/1970,21,TV Series,Headless Specter,Ghost,Headless,Human,FALSE,1,Rural,United States,1,FALSE,Penrod Stillwall,1,Treasure,FALSE,FALSE,3,0,0
23,"Scooby Doo, Where Are You!",CBS,2,A Tiki Scare Is No Fair,7.9,292,10/17/1970,21,TV Series,"Witch Doctor,Mano Tiki Tia","Ancient,Possessed Object","Witch Doctor,Statue","Human,Object",FALSE,2,Jungle,Hawaii,1,TRUE,John Simms,1,Theft,FALSE,FALSE,1,6,0
24,"Scooby Doo, Where Are You!",CBS,2,Who's Afraid of the Big Bad Werewolf?,8.2,292,10/24/1970,21,TV Series,Werewolf,Animal,Werewolf,Human,FALSE,1,Rural,United States,0,TRUE,Sheep Rustler,1,Smuggling,FALSE,FALSE,0,0,0
25,"Scooby Doo, Where Are You!",CBS,2,Don't Fool with a Phantom,7.9,282,10/31/1970,21,TV Series,Wax Phantom,Ghost,Statue,Human,FALSE,1,Urban,United States,3,TRUE,Mr. Rodger Stevens,1,Theft,FALSE,FALSE,0,4,0
26,The New Scooby-Doo Movies,CBS,1,The Ghastly Ghost Town,6.9,138,9/9/1972,43,TV Series,"Giant Bat,Geronimo,Gunslinger,Robot Gunslinger,Cactus","Animal,Ancient,Ancient,Mechanical,Plant","Bat,Indian,Cowboy,Humanoid,Cactus","Bat,Human,Human,Robot,Cactus",FALSE,2,Desert,United States,2,TRUE,"Rhino,Amos Crunch",2,Natural Resource,FALSE,FALSE,0,1,0
27,The New Scooby-Doo Movies,CBS,1,The Dynamic Scooby-Doo Affair,7.8,232,9/16/1972,41,TV Series,"Hooded Man,Skeletons","Disguised,Skeleton","Hooded,Humaniod","Human,Human",FALSE,2,Rural,United States,1,TRUE,Mrs. Baker,1,Counterfeit,FALSE,FALSE,3,3,0
28,The New Scooby-Doo Movies,CBS,1,Wednesday Is Missing,7.9,119,9/23/1972,41,TV Series,The Vulture,Animal,Bird,Vulture,FALSE,1,Forest,United States,2,FALSE,House Keeping Couple,2,Safety,FALSE,FALSE,1,0,0
29,The New Scooby-Doo Movies,CBS,1,The Frickert Fracas,7.9,116,9/30/1972,43,TV Series,Scarecrow,Possessed Object,Scarecrow,Human,FALSE,1,Rural,United States,4,TRUE,Simon Shakey,1,Treasure,TRUE,FALSE,0,9,0
30,The New Scooby-Doo Movies,CBS,1,Guess Who's Knott Coming to Dinner?,7.9,111,10/7/1972,43,TV Series,"Ghost of Captain Moody,Ghost of Captain Moody","Ghost,Ghost","Phantom,Phantom","Human,Human",FALSE,2,Forest,United States,1,TRUE,"Captain Moody's Nephews,Captain Moody's Nephews",2,Inheritance,TRUE,FALSE,0,0,0
31,The New Scooby-Doo Movies,CBS,1,A Good Medium Is Rare,7.7,88,10/14/1972,41,TV Series,"The Gargoyle,Phantoms,Phantoms","Possessed Object,Ghost,Ghost","Statue,Phantom,Phantom","Gargoyle,Human,Human",FALSE,3,Forest,United States,4,TRUE,Alberto,1,Theft,FALSE,FALSE,0,1,0
32,The New Scooby-Doo Movies,CBS,1,Sandy Duncan's Jekyll and Hyde,7.8,90,10/21/1972,41,TV Series,"Ghost,Sheik,Mummy,Pirate,Dragon,Wolfman,Grizzly Bear,Indian,Mr. Hyde","Ghost,Disguised,Undead,Disguised,Animal,Animal,Animal,Ancient,Disguised","Phantom,Sheik,Mummy,Pirate,Dragon,Humanoid,Bear,Indian,Split-Personality","Human,Human,Human,Human,Dragon,Human,Bear,Human,Human",FALSE,9,Urban,United States,4,FALSE,Zalia Z. Fairchild,1,Preservation,FALSE,FALSE,0,0,0
33,The New Scooby-Doo Movies,CBS,1,The Secret of Shark Island,8.5,109,10/28/1972,41,TV Series,"Shark Men,Shark Men","Animal,Animal","Sea-Monster,Sea-Monster","Shark,Shark",FALSE,2,Island,United States,2,TRUE,Milo Meekly,1,Treasure,FALSE,FALSE,0,1,0
34,The New Scooby-Doo Movies,CBS,1,The Spooky Fog of Juneberry,7.7,96,11/4/1972,43,TV Series,"Skeleton Man,Lady Ghost,3-Eyed Spook,Giant,Brontosaurus,Headless Horsemen of Sleepy Hollow,Skeleton Stage Driver","Undead,Ghost,Ghost,Ghost,Ancient,Ghost,Ghost","Skeleton,Phantom,Phantom,Phantom,Brontosaurus,Headless,Phantom","Human,Human,Human,Human,Dinosaur,Human,Human",FALSE,7,Desert,United States,2,TRUE,Gene Haultrey,1,Theft,FALSE,FALSE,3,0,0
35,The New Scooby-Doo Movies,CBS,1,The Ghost of Bigfoot,8.3,118,11/11/1972,43,TV Series,The Ghost of Bigfoot,Ghost,Half-Human,Big Foot,FALSE,1,Snow,Vermont,4,TRUE,Jonathan Crabtree,1,Theft,TRUE,FALSE,0,0,0
36,The New Scooby-Doo Movies,CBS,1,The Ghost of the Red Baron,7.6,86,11/18/1972,43,TV Series,Ghost of the Red Baron,Ghost,Pilot,Human,FALSE,1,Rural,United States,3,TRUE,Mr. Siegfried,1,Competition,FALSE,FALSE,0,1,0
37,The New Scooby-Doo Movies,CBS,1,The Ghostly Creep from the Deep,7.4,90,11/25/1972,43,TV Series,"Ghost of Redbeard,Ghost of Redbeard's crew,Ghost of Redbeard's crew,Ghost of Redbeard's crew","Ghost,Ghost,Ghost,Ghost","Pirate,Pirate,Pirate,Pirate","Human,Human,Human,Human",FALSE,4,Swamp,United States,1,TRUE,Oil Pirate,1,Natural Resource,FALSE,FALSE,1,0,1
38,The New Scooby-Doo Movies,CBS,1,The Haunted Horseman of Hagglethorn Hall,7.8,86,12/2/1972,41,TV Series,"Haunted Horseman,Moat Monster","Ghost,Animal","Horseman,Amphibian","Human,Frog",FALSE,2,Rural,United States,4,FALSE,"Duke of Strathmore,Cyrus Wheedly",2,Competition,FALSE,FALSE,0,1,0
39,The New Scooby-Doo Movies,CBS,1,The Phantom of the Country Music Hall,7.6,81,12/9/1972,41,TV Series,"Possessed Viking Mannequin,Possessed Davy Crockett Mannequin","Possessed Object,Possessed Object","Viking,Soldier","Human,Human",FALSE,2,Urban,Tennessee,2,TRUE,"Bertha,Ben Bing",2,Theft,FALSE,FALSE,0,1,0
40,The New Scooby-Doo Movies,CBS,1,The Caped Crusader Caper,7.2,183,12/16/1972,43,TV Series,"Dryad,Troll","Mythical,Mythical","Tree,Humanoid","Dryad,Troll",FALSE,2,Forest,United States,2,TRUE,"The Joker,The Penguin",2,Theft,FALSE,FALSE,0,5,0
41,The New Scooby-Doo Movies,CBS,1,The Lochness Mess,7.9,114,12/23/1972,43,TV Series,"Sea Serpent,Ghost of Paul Revere,Minuteman Ghost,Redcoat Ghost","Mythical,Ghost,Ghost,Ghost","Sea-Monster,Phantom,Phantom,Phantom","Serpent,Human,Human,Human",FALSE,4,Rural,Massachusetts,4,TRUE,"Morgan,Winslow,Selby",3,Treasure,FALSE,FALSE,0,0,0
42,The New Scooby-Doo Movies,CBS,2,The Mystery of Haunted Island,7.4,103,9/8/1973,44,TV Series,"Hooded Ghosts,Hooded Ghosts,Hooded Ghosts","Ghost,Ghost,Ghost","Phantom,Phantom,Phantom","Human,Human,Human",FALSE,3,Island,United States,2,FALSE,"Scorpions Owner,Scorpions Coach,Scorpions Trainer",3,Competition,FALSE,FALSE,0,0,0
43,The New Scooby-Doo Movies,CBS,2,The Haunted Showboat,7.9,82,9/15/1973,43,TV Series,"Ghost of Injun Joe,Ghost of Captain Scavenger","Ghost,Ghost","Phantom,Phantom","Human,Human",FALSE,2,Coast,Missouri,3,TRUE,"Jack Canna,Jack Canna's Partner",2,Counterfeit,FALSE,FALSE,0,0,0
44,The New Scooby-Doo Movies,CBS,2,Mystery in Persia,7.5,82,9/22/1973,43,TV Series,Jadal,Mythical,Phantom,Genie,TRUE,1,Desert,Iran,3,TRUE,Abdullah,1,Competition,FALSE,FALSE,3,0,0
45,The New Scooby-Doo Movies,CBS,2,The Spirited Spooked Sports Show,7.4,73,9/29/1973,43,TV Series,Spirit of Fireball McPhan,Ghost,Phantom,Human,FALSE,1,Urban,United States,3,TRUE,"Jesse Finster,Mr Griffith's Twin Brother",2,Competition,FALSE,FALSE,0,0,0
46,The New Scooby-Doo Movies,CBS,2,The Exterminator,7.6,85,10/6/1973,44,TV Series,"Cat Creature,Frankenstein,Creepy Man,Ghost Bird,Unknown Exterminator,Ghostly Man,Invisible Couple,Sea Monster","Animal,Undead,Disguised,Animal,Disguise,Ghost,Ghost,Animal","Humanoid,Frankenstein's Monster,Creepy,Headless,Exterminator,Phantom,Phantom,Sea-Monster","Human,Human,Human,Bird,Human,Human,Human,Fish",FALSE,8,Forest,California,1,FALSE,"Otto,Lorne Chumley",2,Competition,FALSE,FALSE,0,0,0
47,The New Scooby-Doo Movies,CBS,2,The Weird Winds of Winona,7.3,91,10/13/1973,44,TV Series,"Windmakers,Windmakers,Windmakers,Windmakers","Disguised,Disguised,Disguised,Disguised","Hooded,Hooded,Hooded,Hooded","Human,Human,Human,Human",FALSE,4,Rural,Mississippi,2,TRUE,P.J. Peabody,1,Competition,FALSE,FALSE,0,0,0
48,The New Scooby-Doo Movies,CBS,2,The Haunted Candy Factory,7.8,104,10/20/1973,43,TV Series,"Green Globs,Green Globs","Possessed Object,Possessed Object","Humanoid,Humanoid","Human,Human",FALSE,2,Urban,United States,2,TRUE,"Mr. Crink,Sterling Smith",2,Smuggling,FALSE,FALSE,0,0,0
49,The New Scooby-Doo Movies,CBS,2,The Haunted Carnival,7.6,92,10/27/1973,43,TV Series,Ghostly Strongman,Ghost,Phantom,Human,FALSE,1,Rural,United States,0,TRUE,Masked Marvel,1,Competition,FALSE,FALSE,0,0,0
50,The Scooby-Doo Show,ABC,1,High Rise Hair Raiser,7.6,112,9/11/1976,24,TV Series,"Specter of Ebenezer Crabbe,Ghost of Netty Crabbe","Ghost,Ghost","Phantom,Phantom","Human,Human",FALSE,2,Urban,United States,4,TRUE,"Jim Rivets,Red Sparks",2,Theft,FALSE,FALSE,0,6,0
51,"Dynomutt, Dogwonder",ABC,Crossover,Everyone Hyde!,7.2,12,9/11/1976,22,Crossover,"Mr. Hyde,Snitch","Disguised,Animal","Split-Personality,Split-Personality","Human,Hound",TRUE,1,Urban,United States,2,TRUE,Willie the Weasel,1,Theft,FALSE,FALSE,0,3,0
52,The Scooby-Doo Show,ABC,1,The Fiesta Host is an Aztec Ghost,7.4,97,9/18/1976,24,TV Series,"Ghost of King Katazuma,Aztec Statue Monster","Ghost,Possessed Object","Phantom,Statue","Human,Human",FALSE,2,Rural,Mexico,4,TRUE,"Prof. Stonehack,Elina Stonehack",2,Treasure,FALSE,FALSE,2,8,0
53,"Dynomutt, Dogwonder",ABC,Crossover,"What Now, Lowbrow?",6.9,11,9/18/1976,22,Crossover,"Lowbrow,Lowbrow's Henchmen,Lowbrow's Henchmen","Super-Villain,Super-Villain,Super-Villain","Idiot,Henchman,Henchman","Human,Human,Human",TRUE,3,Urban,United States,1,TRUE,NULL,3,Theft,FALSE,FALSE,0,1,0
54,The Scooby-Doo Show,ABC,1,The Gruesome Game of the Gator Ghoul,7.5,95,9/25/1976,24,TV Series,Ghost of Gator Ghoul,Ghost,Amphibian,Alligator,FALSE,1,Swamp,Georgia,4,TRUE,Alice Dovely,1,Competition,FALSE,FALSE,0,1,0
55,The Scooby-Doo Show,ABC,1,Whatta Shocking Ghost,8,101,10/2/1976,24,TV Series,10000 Volt Ghost,Ghost,Electric,Human,FALSE,1,Snow,United States,3,TRUE,"Mr. Voltner,Mayor Dudley",2,Competition,FALSE,FALSE,0,5,0
56,The Scooby-Doo Show,ABC,1,The Headless Horseman of Halloween,8,127,10/9/1976,24,TV Series,Headless Horseman,Ghost,Headless,Human,FALSE,1,Rural,United States,4,TRUE,Elwood Crane,1,Theft,FALSE,FALSE,0,10,0
57,The Scooby-Doo Show,ABC,1,Scared a Lot in Camelot,7.6,93,10/16/1976,24,TV Series,"Ghost of Merlin,Black Knight","Ghost,Possessed Object",Witch,"Human,Human",FALSE,2,Forest,United States,3,TRUE,Zarko,1,Theft,FALSE,FALSE,0,3,0
58,The Scooby-Doo Show,ABC,1,The Harum-Scarum Sanitarium,8.2,99,10/23/1976,24,TV Series,Ghost of Dr. Coffin,Ghost,Phantom,Human,FALSE,1,Forest,Canada,2,TRUE,Officer Oldfield,1,Smuggling,FALSE,FALSE,0,13,0
59,The Scooby-Doo Show,ABC,1,The No-Face Zombie Chase Case,7.7,91,10/30/1976,24,TV Series,"No-Face Zombie,Gorilla","Undead,Animal","Zombie,Beast","Human,Gorilla",FALSE,2,Urban,United States,5,TRUE,Mr. Dilly,1,Theft,TRUE,FALSE,1,8,0
60,The Scooby-Doo Show,ABC,1,Mamba Wamba and the Voodoo Hoodoo,7,81,11/6/1976,24,TV Series,"Mamba Wamba,Zombie Lila,Mamba Zombie,","Ghost,Undead,Undead","Witch Doctor,Zombie,Zombie","Human,Human,Human",FALSE,3,Swamp,United States,5,TRUE,"Rodger,Lila",2,Extortion,FALSE,FALSE,2,9,0
61,The Scooby-Doo Show,ABC,1,A Frightened Hound Meets Demons Underground,7.4,84,11/13/1976,24,TV Series,Demon,Mythical,Demon,Demon,FALSE,3,Urban,Washington,4,TRUE,Sam Crenshaw,1,Theft,FALSE,FALSE,0,12,0
62,"Dynomutt, Dogwonder",ABC,Crossover,The Wizard of Ooze,6.3,7,11/13/1976,22,Crossover,Swamp Rat,Animal,Humanoid,Rat,FALSE,1,Swamp,United States,0,TRUE,Mudmouth,2,Theft,FALSE,FALSE,0,3,0
63,The Scooby-Doo Show,ABC,1,A Bum Steer for Scooby,6.8,84,11/20/1976,24,TV Series,"Tamuka the Ghost Bull,Medicine Man Ghost,Talking Bull","Ghost,Ghost,Animal","Beast,Witch Doctor,Beast","Bull,Human,Bull",FALSE,3,Rural,Texas,5,TRUE,"Sam Farren,Lenny,Sam Farren's Foreman",3,Theft,FALSE,FALSE,0,4,0
64,The Scooby-Doo Show,ABC,1,There's a Demon Shark in the Foggy Dark,7.2,80,11/25/1976,24,TV Series,Demon Shark,Mythical,Demon,Shark,FALSE,1,Urban,United States,4,TRUE,Mr. Wells,1,Smuggling,FALSE,FALSE,0,7,0
65,The Scooby-Doo Show,ABC,1,"Scooby-Doo, Where's the Crew?",7.3,77,11/27/1976,24,TV Series,"Ghost of Captain Pescado,Kelp Monster,Octopus Monster","Ghost,Plant,Animal","Pirate,Humanoid,Octopus","Human,Kelp,Octopus",FALSE,3,Ocean,United States,2,TRUE,Mr. Carp,1,Treasure,FALSE,FALSE,4,7,0
66,The Scooby-Doo Show,ABC,1,The Ghost That Sacked the Quarterback,6.8,75,12/4/1976,24,TV Series,Rambling Ghost,Ghost,Athlete,Human,FALSE,1,Urban,United States,6,TRUE,Buck Bender,1,Competition,FALSE,FALSE,0,8,0
67,The Scooby-Doo Show,ABC,1,The Ghost of the Bad Humor Man,7.7,84,12/11/1976,24,TV Series,"Strawberry Technicolor Phantom,Chocolate Technicolor Phantom,Vanilla Technicolor Phantom","Ghost,Ghost,Ghost","Phantom,Phantom,Phantom","Human,Human,Human",FALSE,3,Urban,United States,2,TRUE,Sammy the Shrimp,1,Theft,FALSE,FALSE,0,5,0
68,The Scooby-Doo Show,ABC,1,The Spirits of '76,7.5,81,12/18/1976,24,TV Series,"Ghost of Benedict Arnold,Ghost of William Demont,Ghost of Major Andre","Ghost,Ghost,Ghost","Statue,Statue,Statue","Human,Human,Human",FALSE,3,Urban,Washington D.C.,3,TRUE,"Mr. Clive,Mr. Wilit",2,Counterfeit,FALSE,FALSE,0,3,0
69,The Scooby-Doo Show,ABC,2,The Curse of the Viking Lake,7.4,71,9/10/1977,24,TV Series,"Viking Ghost,Viking Ghost,Viking Ghost","Ghost,Ghost,Ghost","Viking,Viking,Viking","Human,Human,Human",FALSE,3,Forest,United States,3,TRUE,Mr. Hansen,1,Natural Resource,FALSE,FALSE,0,8,0
70,Laff-a-Lympics,ABC,1,The Swiss Alps,6.9,25,9/10/1977,12,TV Series (segmented),NULL,NULL,NULL,NULL,NULL,0,Mountain,Switzerland,0,NULL,NULL,0,NULL,FALSE,FALSE,0,0,0
71,Laff-a-Lympics,ABC,1,"Tokyo, Japan",6.9,25,9/10/1977,12,TV Series (segmented),NULL,NULL,NULL,NULL,NULL,0,Urban,Japan,0,NULL,NULL,0,NULL,FALSE,FALSE,0,1,0
72,The Scooby-Doo Show,ABC,2,Vampire Bats and Scaredy Cats,8.2,104,9/17/1977,24,TV Series,Gramps the Vamp,Undead,Vampire,Human,FALSE,1,Island,United States,5,TRUE,Leon Vanaugh,1,Competition,FALSE,FALSE,0,11,0
73,Laff-a-Lympics,ABC,1,Acapulco,6.3,23,9/17/1977,12,TV Series (segmented),NULL,NULL,NULL,NULL,NULL,0,Coast,Mexico,0,NULL,NULL,0,NULL,FALSE,FALSE,0,0,0
74,Laff-a-Lympics,ABC,1,England,6.3,23,9/17/1977,12,TV Series (segmented),NULL,NULL,NULL,NULL,NULL,0,Urban,England,0,NULL,NULL,0,NULL,FALSE,FALSE,0,0,0
75,The Scooby-Doo Show,ABC,2,"Hang in There, Scooby-Doo",7.4,76,9/24/1977,24,TV Series,Pterodactyl Ghost,Ghost,Pterodactyl,Dinosaur,FALSE,1,Mountain,United States,2,TRUE,Mr Bohannon,1,Theft,FALSE,FALSE,0,10,0
76,Laff-a-Lympics,ABC,1,Florida,7.1,22,9/24/1977,12,TV Series (segmented),NULL,NULL,NULL,NULL,NULL,0,Swamp,Florida,0,NULL,NULL,0,NULL,FALSE,FALSE,0,0,0
77,Laff-a-Lympics,ABC,1,China,7.1,22,9/24/1977,12,TV Series (segmented),NULL,NULL,NULL,NULL,NULL,0,Urban,Hong Kong,0,NULL,NULL,0,NULL,FALSE,FALSE,0,0,0
78,The Scooby-Doo Show,ABC,2,The Chiller Diller Movie Thriller,7.9,77,10/1/1977,24,TV Series,Phantom of Milo Booth,Ghost,Phantom,Human,FALSE,1,Rural,United States,6,TRUE,Jim Moss,1,Competition,FALSE,FALSE,0,10,0
79,Laff-a-Lympics,ABC,1,The Sahara Desert,7.2,21,10/1/1977,12,TV Series (segmented),NULL,NULL,NULL,NULL,NULL,0,Desert,Africa,0,NULL,NULL,0,NULL,FALSE,FALSE,0,0,0
80,Laff-a-Lympics,ABC,1,Scotland,7.2,21,10/1/1977,12,TV Series (segmented),Lochness Monster,Animal,Lochness Monster,Lochness Monster,TRUE,1,Rural,Scotland,0,NULL,NULL,0,NULL,FALSE,FALSE,0,0,0
81,The Scooby-Doo Show,ABC,2,The Spooky Case of the Grand Prix Race,7.4,75,10/8/1977,24,TV Series,Phantom Racer,Ghost,Phantom,Human,FALSE,1,Desert,United States,4,TRUE,Ken Rodgers,1,Theft,FALSE,FALSE,0,10,0
82,Laff-a-Lympics,ABC,1,France,6.8,19,10/8/1977,11,TV Series (segmented),NULL,NULL,NULL,NULL,NULL,0,Rural,France,0,NULL,NULL,0,NULL,FALSE,FALSE,0,0,0
83,Laff-a-Lympics,ABC,1,Australia,6.8,19,10/8/1977,11,TV Series (segmented),NULL,NULL,NULL,NULL,NULL,0,Rural,Australia,0,NULL,NULL,0,NULL,FALSE,FALSE,0,0,0
84,The Scooby-Doo Show,ABC,2,The Ozrk Witch,8.1,78,10/15/1977,24,TV Series,"Ghost of Witch McCoy,Zombie","Ghost,Undead","Witch,Zombie","Human,Human",FALSE,2,Forest,United States,3,TRUE,"Aggie Wilkins,Zeke Harkins",2,Smuggling,FALSE,FALSE,0,9,0
85,Laff-a-Lympics,ABC,1,"Athens, Greece",6.8,19,10/15/1977,12,TV Series (segmented),NULL,NULL,NULL,NULL,NULL,0,Rural,Greece,0,NULL,NULL,0,NULL,FALSE,FALSE,0,0,0
86,Laff-a-Lympics,ABC,1,The Ozarks,6.8,19,10/15/1977,12,TV Series (segmented),NULL,NULL,NULL,NULL,NULL,0,Rural,Missouri,0,NULL,NULL,0,NULL,FALSE,FALSE,0,0,0
87,The Scooby-Doo Show,ABC,2,Creepy Cruise,7.7,78,10/22/1977,24,TV Series,Futuristic Monster,Animal,Humanoid,Insect,FALSE,1,Ocean,United States,2,TRUE,"Professor Von Klamp,Simon Grady",2,Theft,FALSE,FALSE,0,8,0
88,Laff-a-Lympics,ABC,1,Italy,6.6,18,10/22/1977,12,TV Series (segmented),NULL,NULL,NULL,NULL,NULL,0,Urban,Italy,0,NULL,NULL,0,NULL,FALSE,FALSE,0,0,0
89,Laff-a-Lympics,ABC,1,"Kitty Hawk, North Carolina",6.6,18,10/22/1977,12,TV Series (segmented),NULL,NULL,NULL,NULL,NULL,0,Rural,North Carolina,0,NULL,NULL,0,NULL,FALSE,FALSE,0,0,0
90,The Scooby-Doo Show,ABC,2,The Creepy Heap from the Deep,7.4,71,10/29/1977,24,TV Series,"Creepy Heap from the Deep,Soulless Captain Clements","Animal,Undead","Sea-Monster,Possessed","Sea-Monster,Human",FALSE,2,Coast,United States,2,TRUE,"Bank Robber,Captain Clements",2,Smuggling,FALSE,FALSE,0,10,0
91,Laff-a-Lympics,ABC,1,Egypt,6.4,18,10/29/1977,12,TV Series (segmented),NULL,NULL,NULL,NULL,NULL,0,Desert,Egypt,0,NULL,NULL,0,NULL,FALSE,FALSE,0,0,0
92,Laff-a-Lympics,ABC,1,Sherwood Forest,6.4,18,10/29/1977,12,TV Series (segmented),NULL,NULL,NULL,NULL,NULL,0,Forest,England,0,NULL,NULL,0,NULL,FALSE,FALSE,0,0,0
93,Laff-a-Lympics,ABC,1,Spain,6,22,11/5/1977,12,TV Series (segmented),NULL,NULL,NULL,NULL,NULL,0,Urban,Spain,0,NULL,NULL,0,NULL,FALSE,FALSE,0,0,0
94,Laff-a-Lympics,ABC,1,The Himalayas,6,22,11/5/1977,12,TV Series (segmented),"Abominable Snowman,Abominable Snowwoman","Animal,Animal","Yeti,Yeti","Snow-Monster,Snow-Monster",TRUE,2,Mountain,Nepal,0,NULL,NULL,0,NULL,FALSE,FALSE,0,0,0
95,Laff-a-Lympics,ABC,1,India,6.7,23,11/12/1977,12,TV Series (segmented),NULL,NULL,NULL,NULL,NULL,0,Jungle,India,0,NULL,NULL,0,NULL,FALSE,FALSE,0,1,0
96,Laff-a-Lympics,ABC,1,Israel,6.7,23,11/12/1977,12,TV Series (segmented),NULL,NULL,NULL,NULL,NULL,0,Desert,Israel,0,NULL,NULL,0,NULL,FALSE,FALSE,0,0,0
97,Laff-a-Lympics,ABC,1,Africa,6.4,20,11/19/1977,12,TV Series (segmented),NULL,NULL,NULL,NULL,NULL,0,Jungle,Africa,0,NULL,NULL,0,NULL,FALSE,FALSE,0,0,0
98,Laff-a-Lympics,ABC,1,San Francisco,6.4,20,11/19/1977,12,TV Series (segmented),NULL,NULL,NULL,NULL,NULL,0,Urban,California,0,NULL,NULL,0,NULL,FALSE,FALSE,0,0,0
99,Laff-a-Lympics,ABC,1,The Grand Canyon,6.3,22,11/26/1977,12,TV Series (segmented),NULL,NULL,NULL,NULL,NULL,0,Desert,Arizona,0,NULL,NULL,0,NULL,FALSE,FALSE,0,0,0
100,Laff-a-Lympics,ABC,1,Ireland,6.3,22,11/26/1977,12,TV Series (segmented),Leprechaun,Mythical,Magician,Leprechaun,TRUE,1,Rural,Ireland,0,NULL,NULL,0,NULL,FALSE,FALSE,0,0,0
101,Laff-a-Lympics,ABC,1,Hawaii,6.9,18,12/3/1977,12,TV Series (segmented),Prehistoric Dinosaur,Animal,Dinosaur,Dinosaur,TRUE,1,Island,Hawaii,0,NULL,NULL,0,NULL,FALSE,FALSE,0,0,0
102,Laff-a-Lympics,ABC,1,Norway,6.9,18,12/3/1977,12,TV Series (segmented),NULL,NULL,NULL,NULL,NULL,0,Snow,Norway,0,NULL,NULL,0,NULL,FALSE,FALSE,0,0,0
103,Laff-a-Lympics,ABC,1,North Pole,6.8,18,12/10/1977,12,TV Series (segmented),NULL,NULL,NULL,NULL,NULL,0,Snow,Canada,0,NULL,NULL,0,NULL,FALSE,FALSE,0,0,0
104,Laff-a-Lympics,ABC,1,Tahiti,6.8,18,12/10/1977,12,TV Series (segmented),NULL,NULL,NULL,NULL,NULL,0,Island,French Polynesia,0,NULL,NULL,0,NULL,FALSE,FALSE,0,0,0
105,Laff-a-Lympics,ABC,1,Arizona,6.9,18,12/17/1977,12,TV Series (segmented),NULL,NULL,NULL,NULL,NULL,0,Desert,Arizona,0,NULL,NULL,0,NULL,FALSE,FALSE,0,0,0
106,Laff-a-Lympics,ABC,1,Holland,6.9,18,12/17/1977,12,TV Series (segmented),NULL,NULL,NULL,NULL,NULL,0,Rural,Netherlands,0,NULL,NULL,0,NULL,FALSE,FALSE,0,0,0
107,Laff-a-Lympics,ABC,1,Quebec,7,21,12/24/1977,12,TV Series (segmented),NULL,NULL,NULL,NULL,NULL,0,Urban,Canada,0,NULL,NULL,0,NULL,FALSE,FALSE,0,0,0
108,Laff-a-Lympics,ABC,1,Baghdad,7,21,12/24/1977,12,TV Series (segmented),NULL,NULL,NULL,NULL,NULL,0,Urban,Iraq,0,NULL,NULL,0,NULL,FALSE,FALSE,0,0,0
109,The Scooby-Doo Show,ABC,3,Watch Out! The Willawa!,7.5,96,9/9/1978,22,TV Series,"Willawa,Owl Men,Owl Men","Animal,Animal,Animal","Owl,Humanoid,Humanoid","Owl,Owl,Owl",FALSE,3,Forest,Indian Reserve,1,TRUE,Grey Fox,1,Smuggling,FALSE,FALSE,4,10,0
110,Laff-a-Lympics,ABC,2,Russia,6.7,13,9/9/1978,12,TV Series (segmented),NULL,NULL,NULL,NULL,NULL,0,Snow,Russia,0,NULL,NULL,0,NULL,FALSE,FALSE,0,0,0
111,Laff-a-Lympics,ABC,2,Caribbean,6.7,13,9/9/1978,12,TV Series (segmented),Ghost of Blue Beard,Ghost,Pirate,Human,TRUE,1,Island,Caribbean,0,NULL,NULL,0,NULL,FALSE,FALSE,0,0,0
112,The Scooby-Doo Show,ABC,3,A Creepy Tangle in the Bermuda Triangle,7.3,101,9/16/1978,23,TV Series,"Skeleton Men,Skeleton Men,Skeleton Men","Undead,Undead,Undead","Skeleton,Skeleton,Skeleton","Human,Human,Human",FALSE,3,Island,Bermuda Triangle,2,TRUE,Dr. Grimsley,1,Theft,FALSE,FALSE,6,9,0
113,Laff-a-Lympics,ABC,2,New York,6.9,15,9/16/1978,12,TV Series (segmented),NULL,NULL,NULL,NULL,NULL,0,Urban,New York,0,NULL,NULL,0,NULL,FALSE,FALSE,0,0,0
114,Laff-a-Lympics,ABC,2,Turkey,6.9,15,9/16/1978,12,TV Series (segmented),NULL,NULL,NULL,NULL,NULL,0,Urban,Turkey,0,NULL,NULL,0,NULL,FALSE,FALSE,0,0,0
115,The Scooby-Doo Show,ABC,3,A Scary Night with a Snow Beast Fright,7.1,98,9/23/1978,23,TV Series,Snow Beast,Animal,Beast,Snow-Monster,FALSE,1,Snow,Canada,3,TRUE,Jean Pierre Baptiste,1,Natural Resource,FALSE,FALSE,4,8,0
116,Laff-a-Lympics,ABC,2,South America,6.6,15,9/23/1978,12,TV Series (segmented),Annabelle,Mythical,Amazonian,Amazonian,TRUE,1,Jungle,Brazil,0,NULL,NULL,0,NULL,FALSE,FALSE,0,0,0
117,Laff-a-Lympics,ABC,2,Transylvania,6.6,15,9/23/1978,12,TV Series (segmented),"Frankenstein's Monster,Vampires,Living Trees,Monster of the Black Lagoon","Undead,Undead,Plant,Animal","Frankenstein's Monster,Vampire,Tree,Serpent","Human,Human,Tree,Swamp Monster",TRUE,4,Rural,Romania,0,NULL,NULL,0,NULL,FALSE,FALSE,0,0,0
118,The Scooby-Doo Show,ABC,3,To Switch a Witch,8,107,9/30/1978,23,TV Series,Ghost Witch of Old Salem,Ghost,Witch,Human,FALSE,1,Rural,Massachusetts,3,TRUE,"Arlene Wilcox's Sister,Gar Mooney",2,Inheritance,FALSE,FALSE,0,7,0
119,Laff-a-Lympics,ABC,2,French Riviera,6.6,16,9/30/1978,12,TV Series (segmented),NULL,NULL,NULL,NULL,NULL,0,Rural,France,0,NULL,NULL,0,NULL,FALSE,FALSE,0,1,0
120,Laff-a-Lympics,ABC,2,New Zealand,6.6,16,9/30/1978,12,TV Series (segmented),NULL,NULL,NULL,NULL,NULL,0,Rural,New Zealand,0,NULL,NULL,0,NULL,FALSE,FALSE,0,0,0
121,The Scooby-Doo Show,ABC,3,The Tar Monster,7.6,92,10/7/1978,22,TV Series,Tar Monster,Possessed Object,Tar,Creature,FALSE,1,Cave,Turkey,3,TRUE,Mr. Stoner,1,Treasure,FALSE,FALSE,0,9,0
122,Laff-a-Lympics,ABC,2,New Orleans,6.5,15,10/7/1978,12,TV Series (segmented),NULL,NULL,NULL,NULL,NULL,0,Urban,Louisiana,0,NULL,NULL,0,NULL,FALSE,FALSE,0,0,0
123,Laff-a-Lympics,ABC,2,Atlantis,6.5,15,10/7/1978,12,TV Series (segmented),Giant Squid,Animal,GIant,Squid,TRUE,1,Ocean,Atlantis,0,NULL,NULL,0,NULL,FALSE,FALSE,0,0,0
124,The Scooby-Doo Show,ABC,3,A Highland Fling with a Monstrous Thing,7.7,90,10/14/1978,23,TV Series,"Ghost of Finnyan McDuff,Loch Ness Monster","Ghost,Mythical","Phantom,Loch Ness Monster","Human,Dinosaur",FALSE,2,Rural,Scotland,3,TRUE,Jamie Craigmore,1,Smuggling,TRUE,FALSE,0,7,0
125,Laff-a-Lympics,ABC,2,Morocco,6.4,14,10/14/1978,12,TV Series (segmented),NULL,NULL,NULL,NULL,NULL,0,Desert,Morocco,0,NULL,NULL,0,NULL,FALSE,FALSE,0,0,0
126,Laff-a-Lympics,ABC,2,Washington D.C.,6.4,14,10/14/1978,12,TV Series (segmented),NULL,NULL,NULL,NULL,NULL,0,Urban,Washington D.C.,0,NULL,NULL,0,NULL,FALSE,FALSE,0,0,0
127,The Scooby-Doo Show,ABC,3,The Creepy Case of Old Iron Face,7.7,80,10/21/1978,23,TV Series,Old Iron Face,Disguised,Pirate,Human,FALSE,1,Island,United States,3,TRUE,Mama Mione,1,Smuggling,FALSE,FALSE,6,9,0
128,Laff-a-Lympics,ABC,2,Canada,6.2,13,10/21/1978,12,TV Series (segmented),NULL,NULL,NULL,NULL,NULL,0,Forest,Canada,0,NULL,NULL,0,NULL,FALSE,FALSE,1,0,0
129,Laff-a-Lympics,ABC,2,"Warsaw, Poland",6.2,13,10/21/1978,12,TV Series (segmented),NULL,NULL,NULL,NULL,NULL,0,Urban,Poland,0,NULL,NULL,0,NULL,FALSE,FALSE,0,0,0
130,The Scooby-Doo Show,ABC,3,"Jeepers, It's the Jaguaro!",7.2,91,10/28/1978,22,TV Series,Jaguaro,Animal,Beast,Jungle-Monster,FALSE,1,Jungle,Brazil,4,TRUE,"Barney,Luis",2,Natural Resource,FALSE,FALSE,0,8,0
131,Laff-a-Lympics,ABC,2,Siam,6.8,12,10/28/1978,12,TV Series (segmented),NULL,NULL,NULL,NULL,NULL,0,Jungle,Siam,0,NULL,NULL,0,NULL,FALSE,FALSE,0,0,0
132,Laff-a-Lympics,ABC,2,The Moon,6.8,12,10/28/1978,12,TV Series (segmented),NULL,NULL,NULL,NULL,NULL,0,Moon,Moon,0,NULL,NULL,0,NULL,FALSE,FALSE,0,0,0
133,The Scooby-Doo Show,ABC,3,Make a Beeline Away from that Feline,8,88,11/4/1978,23,TV Series,Cat Creature,Animal,Humanoid,Cat,FALSE,1,Urban,New York,3,TRUE,Mr. Bixby,1,Theft,FALSE,FALSE,0,0,0
134,The Scooby-Doo Show,ABC,3,The Creepy Creature of Vulture's Claw,7.5,80,11/11/1978,23,TV Series,Mantis,Animal,Humanoid,Mantis,FALSE,1,Rural,United States,4,TRUE,Proff. Greer,1,Natural Resource,FALSE,FALSE,0,0,0
135,The Scooby-Doo Show,ABC,3,The Diabolical Disc Demon,7.5,84,11/18/1978,23,TV Series,Phantom,Ghost,Musician,Human,FALSE,1,Urban,United States,6,TRUE,Ace Decade,1,Smuggling,FALSE,FALSE,0,0,0
136,The Scooby-Doo Show,ABC,3,Scooby's Chinese Fortune Kooky Caper,7.5,85,11/25/1978,23,TV Series,Moon Monster,Ghost,Demon,Beast,FALSE,1,Urban,China,3,TRUE,Chin Wong Sing,1,Theft,FALSE,FALSE,0,0,0
137,The Scooby-Doo Show,ABC,3,A Menace in Venice,7.5,92,12/2/1978,23,TV Series,Ghostly Gondolier,Ghost,Phantom,Human,FALSE,1,Urban,Italy,4,TRUE,Mario,1,Treasure,FALSE,FALSE,0,4,0
138,The Scooby-Doo Show,ABC,3,Don't Go Near the Fortress of Fear,7.2,83,12/9/1978,23,TV Series,Ghost of Juan Carlos,Ghost,Phantom,Human,FALSE,1,Island,Puerto Rico,5,TRUE,Cptn. Eddy,1,Treasure,FALSE,FALSE,0,3,0
139,The Scooby-Doo Show,ABC,3,The Warlock of Wimbledon,6.8,84,12/16/1978,23,TV Series,"Anthos,Devil Hound","Ancient,Animal","Warlock,Demon","Human,Hound",FALSE,2,Forest,England,4,TRUE,"Nick Thomas,John Thomas",2,Competition,FALSE,FALSE,0,1,0
140,The Scooby-Doo Show,ABC,3,The Beast is Awake in Bottomless Lake,7.1,84,12/23/1978,23,TV Series,Beast of Bottomless Lake,Animal,Humanoid,Sea-Monster,FALSE,1,Forest,Canada,4,TRUE,Julie Johnson,1,Smuggling,FALSE,FALSE,0,4,0
141,Scooby-Doo and Scrappy-Doo (first series),ABC,1,The Scarab Lives!,7.6,67,9/22/1979,21,TV Series,Blue Scarab,Disguised,Super-Villain,Human,FALSE,1,Urban,United States,4,TRUE,Howard Gruger,1,Competition,FALSE,TRUE,0,3,0
142,Scooby-Doo and Scrappy-Doo (first series),ABC,1,The Night Ghoul of Wonderworld,7.6,59,9/29/1979,21,TV Series,Night Ghoul,Undead,Ghoul,Human,FALSE,1,Urban,United States,4,TRUE,Mr. Marino,1,Theft,FALSE,TRUE,0,2,0
143,Scooby-Doo and Scrappy-Doo (first series),ABC,1,Strange Encounters of a Scooby Kind,7.6,54,10/6/1979,21,TV Series,Alien,Extraterrestrial,Alien,Alien,FALSE,1,Forest,United States,3,TRUE,Tessie,1,Smuggling,FALSE,TRUE,0,10,0
144,Scooby-Doo and Scrappy-Doo (first series),ABC,1,The Neon Phantom of the Roller Disco!,7.4,55,10/13/1979,21,TV Series,Neon Phantom,Ghost,Phantom,Human,FALSE,1,Urban,California,3,TRUE,Bill Walker,1,Competition,FALSE,TRUE,0,4,0
145,Scooby-Doo and Scrappy-Doo (first series),ABC,1,"Shiver and Shake, That Demon's a Snake",7.5,51,10/20/1979,21,TV Series,"Snake Demon,Clown","Animal,Disguised","Demon,Clown","Snake,Human",FALSE,2,Coast,Florida,4,TRUE,First Mate Defarge,1,Smuggling,FALSE,TRUE,0,3,0
146,Scooby-Doo and Scrappy-Doo (first series),ABC,1,The Scary Sky Skeleton,7.4,51,10/27/1979,21,TV Series,Sky Skeleton,Undead,Skeleton,Human,FALSE,1,Rural,United States,4,TRUE,Eddie Drake,1,Natural Resource,FALSE,TRUE,0,8,0
147,Scooby-Doo and Scrappy-Doo (first series),ABC,1,The Demon of the Dugout,7.5,51,11/3/1979,21,TV Series,Dragon Beast,Mythical,Humanoid,Dragon,FALSE,1,Urban,Japan,3,TRUE,Mr. Husai,1,Theft,FALSE,TRUE,0,3,0
148,Scooby-Doo and Scrappy-Doo (first series),ABC,1,The Hairy Scare of the Devil Bear,7.3,53,11/10/1979,21,TV Series,Devil Bear,Animal,Demon,Bear,FALSE,1,Desert,Arizona,4,TRUE,Chuck Hunt,1,Treasure,FALSE,TRUE,0,2,0
149,Scooby-Doo and Scrappy-Doo (first series),ABC,1,Twenty Thousand Screams Under the Sea,7.6,47,11/17/1979,21,TV Series,Sea Beast of the Aztecs,Animal,Humanoid,Sea-Monster,FALSE,1,Coast,Mexico,2,TRUE,Tiger Morris,1,Treasure,FALSE,TRUE,0,6,0
150,Scooby-Doo and Scrappy-Doo (first series),ABC,1,I Left My Neck in San Francisco,8,52,11/24/1979,21,TV Series,Lady Vampire of the Bat,Undead,Vampire,Human,FALSE,1,Urban,California,3,TRUE,Lefty Callahan,1,Theft,FALSE,TRUE,0,3,0
151,Scooby-Doo and Scrappy-Doo (first series),ABC,1,When You Wish Upon a Star Creature,7.2,48,12/1/1979,21,TV Series,Star Creature,Extraterrestrial,Humanoid,Star,FALSE,1,Rural,United States,4,TRUE,Mr. Greenfield,1,Theft,FALSE,TRUE,0,5,0
152,Scooby-Doo and Scrappy-Doo (first series),ABC,1,"The Ghoul, the Bat and the Ugly",7.7,52,12/8/1979,21,TV Series,Shadow Creature,Animal,Humanoid,Creature,FALSE,1,Urban,United States,4,TRUE,Brandon Davies,1,Theft,FALSE,TRUE,0,2,0
153,Scooby-Doo and Scrappy-Doo (first series),ABC,1,Rocky Mountain Yiiiii!,7.5,48,12/15/1979,21,TV Series,Ghost of Jeremiah Pratt,Ghost,Phantom,Human,FALSE,1,Snow,United States,3,TRUE,Will Henry Pratt,1,Treasure,FALSE,TRUE,0,8,0
154,Scooby-Doo and Scrappy-Doo (first series),ABC,1,The Sorcerer's a Menace,7.3,47,12/22/1979,21,TV Series,Ghost of the Great Haldane,Ghost,Magician,Human,FALSE,1,Urban,New Jersey,4,TRUE,Morgan the Magician,1,Theft,FALSE,TRUE,0,2,0
155,Scooby-Doo and Scrappy-Doo (first series),ABC,1,"Lock the Door, It's a Minotaur!",7.5,46,12/29/1979,21,TV Series,Minotaur,Mythical,Minotaur,Minotaur,FALSE,1,Rural,Greece,3,TRUE,Nick Papas,1,Treasure,FALSE,TRUE,0,4,0
156,Scooby-Doo and Scrappy-Doo (first series),ABC,1,The Ransom of Scooby Chief,6.5,47,1/5/1980,21,TV Series,NULL,NULL,NULL,NULL,NULL,0,Urban,New York,2,TRUE,"Carl,Tony",2,Extortion,FALSE,TRUE,0,3,0
157,Scooby-Doo and Scrappy-Doo (second series),ABC,1,A Close Encounter with a Strange Kind,7.1,35,11/8/1980,8,TV Series (segmented),"Aliens,Aliens","Extraterrestrial,Extraterrestrial","Alien,Alien","Alien,Alien",TRUE,2,Space,Space,0,FALSE,NULL,0,Experimentation,TRUE,TRUE,0,1,0
158,Scooby-Doo and Scrappy-Doo (second series),ABC,1,A Fit Night Out for Bats,7.1,35,11/8/1980,8,TV Series (segmented),Sylvester,Undead,Vampire,Human,TRUE,1,Rural,United States,0,FALSE,NULL,0,Food,FALSE,TRUE,0,3,0
159,Scooby-Doo and Scrappy-Doo (second series),ABC,1,The Chinese Food Factory,7.1,35,11/8/1980,8,TV Series (segmented),Chinese Food Factory Burglar,Disguised,Masked,Human,FALSE,1,Urban,California,0,TRUE,Chinese Food Factory Burglar,1,Theft,FALSE,TRUE,0,0,0
160,Scooby-Doo and Scrappy-Doo (second series),ABC,1,Scooby's Desert Dilemma,7.2,36,11/15/1980,8,TV Series (segmented),Arabian Magician,Magician,Magician,Human,TRUE,1,Desert,Saudi Arabia,0,FALSE,NULL,0,Experimentation,FALSE,TRUE,0,3,0
161,Scooby-Doo and Scrappy-Doo (second series),ABC,1,The Old Cat and Mouse Game,7.2,37,11/15/1980,8,TV Series (segmented),Cat Man,Animal,Humanoid,Cat,TRUE,1,Mountain,South America,0,FALSE,NULL,0,Food,FALSE,TRUE,0,2,0
162,Scooby-Doo and Scrappy-Doo (second series),ABC,1,Stow-Aways,6.8,32,11/15/1980,8,TV Series (segmented),NULL,NULL,NULL,NULL,NULL,0,Ocean,United States,1,FALSE,Sailor,1,Trespassing,FALSE,TRUE,0,3,0
163,Scooby-Doo and Scrappy-Doo (second series),ABC,1,Mummy's the Word,7.2,36,11/22/1980,8,TV Series (segmented),Mummy,Undead,Mummy,Human,TRUE,1,Desert,Egypt,0,FALSE,NULL,0,Trespassing,FALSE,TRUE,0,7,0
164,Scooby-Doo and Scrappy-Doo (second series),ABC,1,"Hang in There, Scooby",7.2,37,11/22/1980,8,TV Series (segmented),NULL,NULL,NULL,NULL,NULL,0,Coast,United States,0,NULL,NULL,0,NULL,FALSE,TRUE,0,4,0
165,Scooby-Doo and Scrappy-Doo (second series),ABC,1,Stuntman Scooby,7.2,36,11/22/1980,8,TV Series (segmented),NULL,NULL,NULL,NULL,NULL,0,Urban,United States,1,NULL,NULL,0,NULL,FALSE,TRUE,0,4,0
166,Scooby-Doo and Scrappy-Doo (second series),ABC,1,Scooby's Fantastic Island,7.1,31,11/29/1980,8,TV Series (segmented),Caveman,Ancient,Caveman,Human,TRUE,1,Island,United States,0,NULL,NULL,0,Assistance,FALSE,TRUE,0,1,0
167,Scooby-Doo and Scrappy-Doo (second series),ABC,1,Long John Scrappy,6.8,32,11/29/1980,8,TV Series (segmented),Pirate,Ancient,Pirate,Human,TRUE,1,Ocean,United States,0,NULL,NULL,0,Abduction,FALSE,TRUE,0,2,0
168,Scooby-Doo and Scrappy-Doo (second series),ABC,1,Scooby's Bull Fright,6.8,32,12/6/1980,8,TV Series (segmented),NULL,NULL,NULL,NULL,NULL,0,Rural,Mexico,0,NULL,NULL,0,NULL,FALSE,TRUE,0,0,0
169,Scooby-Doo and Scrappy-Doo (second series),ABC,1,Scooby Ghosts West,6.7,36,12/6/1980,8,TV Series (segmented),NULL,NULL,NULL,NULL,NULL,0,Desert,United States,1,FALSE,Inkeeper,1,Haunt,FALSE,TRUE,0,2,0
170,Scooby-Doo and Scrappy-Doo (second series),ABC,1,A Bungle in the Jungle,7.1,31,12/6/1980,8,TV Series (segmented),NULL,NULL,NULL,NULL,NULL,0,Jungle,Africa,1,FALSE,Nazrat of the Jungle,1,Trespassing,FALSE,TRUE,0,0,0
171,Scooby-Doo and Scrappy-Doo (second series),ABC,1,Scooby's Fun Zone,7.1,31,12/13/1980,8,TV Series (segmented),NULL,NULL,NULL,NULL,NULL,0,Urban,United States,1,FALSE,Killer Krunch,1,Anger,FALSE,TRUE,0,4,0
172,Scooby-Doo and Scrappy-Doo (second series),ABC,1,Swamp Witch,6.7,36,12/13/1980,8,TV Series (segmented),Swamp Witch,Magician,Witch,Human,TRUE,1,Swamp,United States,0,NULL,NULL,0,Food,FALSE,TRUE,0,4,0
173,Scooby-Doo and Scrappy-Doo (second series),ABC,1,Sir Scooby and the Black Knight,7,29,12/13/1980,8,TV Series (segmented),Knight,Ancient,Knight,Human,TRUE,1,Rural,Scotland,0,NULL,NULL,0,Trespassing,FALSE,TRUE,0,1,0
174,Scooby-Doo and Scrappy-Doo (second series),ABC,1,Waxworld,6.7,36,12/20/1980,8,TV Series (segmented),Wax Master,Possessed Object,Statue,Human,TRUE,1,Urban,England,0,NULL,NULL,0,Abduction,FALSE,TRUE,0,1,0
175,Scooby-Doo and Scrappy-Doo (second series),ABC,1,Scooby in Wonderland,7,29,12/20/1980,8,TV Series (segmented),"Evil Trees,Caterpillar,Cheshire Cat,Queen of Hearts","Plant,Animal,Animal,Magician","Evil,Talking,Talking,Queen","Tree,Caterpillar,Cat,Human",FALSE,4,Rural,United States,0,NULL,NULL,0,Imagination,FALSE,TRUE,0,3,0
176,Scooby-Doo and Scrappy-Doo (second series),ABC,1,Scrappy's Birthday,7,29,12/20/1980,8,TV Series (segmented),NULL,NULL,NULL,NULL,NULL,0,Rural,United States,1,FALSE,Orderly,1,Anger,FALSE,TRUE,0,2,0
177,Scooby-Doo and Scrappy-Doo (second series),ABC,1,South Seas Scare,7,32,12/27/1980,8,TV Series (segmented),Lava Monster,Possessed Object,Statue,Lava,TRUE,1,Jungle,Hawaii,0,NULL,NULL,0,Trespassing,FALSE,TRUE,0,1,0
178,Scooby-Doo and Scrappy-Doo (second series),ABC,1,Scooby's Swiss Miss,6.7,29,12/27/1980,8,TV Series (segmented),NULL,NULL,NULL,NULL,NULL,0,Snow,Switzerland,1,FALSE,Bulldog,1,Competition,FALSE,TRUE,0,3,0
179,Scooby-Doo and Scrappy-Doo (second series),ABC,1,Alaskan King Coward,7,32,12/27/1980,8,TV Series (segmented),Alaskan Monster,Animal,Beast,Snow-Monster,TRUE,1,Snow,Alaska,0,NULL,NULL,0,Food,FALSE,TRUE,0,5,0
180,Scooby-Doo and Scrappy-Doo (second series),ABC,1,Soggy Bog Scooby,6.7,29,1/3/1981,8,TV Series (segmented),Swamp Monster,Animal,Beast,Swamp-Monster,TRUE,1,Swamp,United States,0,NULL,NULL,0,Food,FALSE,TRUE,0,1,0
181,Scooby-Doo and Scrappy-Doo (second series),ABC,1,Scooby Gumbo,7,32,1/3/1981,8,TV Series (segmented),NULL,NULL,NULL,NULL,NULL,0,Urban,Louisiana,1,FALSE,Cheft,1,Trespassing,FALSE,TRUE,0,2,0
182,Scooby-Doo and Scrappy-Doo (second series),ABC,1,Way Out Scooby,7,32,1/10/1981,8,TV Series (segmented),NULL,NULL,NULL,NULL,NULL,0,Desert,Mars,2,NULL,NULL,0,NULL,FALSE,TRUE,0,3,0
183,Scooby-Doo and Scrappy-Doo (second series),ABC,1,Strongman Scooby,7,32,1/10/1981,8,TV Series (segmented),NULL,NULL,NULL,NULL,NULL,0,Coast,United States,1,FALSE,Bulldog,1,Bully,FALSE,TRUE,0,1,0
184,Scooby-Doo and Scrappy-Doo (second series),ABC,1,Moonlight Madness,7,32,1/10/1981,8,TV Series (segmented),Shaggy,Animal,Werewolf,Human,TRUE,1,Rural,Austria,1,FALSE,Adolf,1,Loneliness,FALSE,TRUE,0,1,0
185,Scooby-Doo and Scrappy-Doo (second series),ABC,1,Dog Tag Scooby,7.1,31,1/17/1981,8,TV Series (segmented),NULL,NULL,NULL,NULL,NULL,0,Rural,United States,1,FALSE,Sergent,1,Training,FALSE,TRUE,0,2,0
186,Scooby-Doo and Scrappy-Doo (second series),ABC,1,Scooby at the Center of the World,7.1,31,1/17/1981,8,TV Series (segmented),"Rock Monsters,Rock Monsters","Possessed Object,Possessed Object","Rock,Rock","Cave-Monster,Cave-Monster",TRUE,2,Cave,United States,0,NULL,NULL,0,Trespassing,FALSE,TRUE,0,1,0
187,Scooby-Doo and Scrappy-Doo (second series),ABC,1,Scooby's Trip to Ahz,7.1,31,1/17/1981,8,TV Series (segmented),Wicked Witch of the North by Southeast,Magician,Witch,Human,FALSE,1,Rural,United States,0,NULL,NULL,0,Imagination,FALSE,TRUE,0,0,0
188,Scooby-Doo and Scrappy-Doo (second series),ABC,1,A Fright at the Opera,7.2,31,1/24/1981,8,TV Series (segmented),Phantom of the Sewers,Disguised,Phantom,Human,TRUE,1,Urban,France,0,NULL,NULL,0,Trespassing,FALSE,TRUE,0,4,0
189,Scooby-Doo and Scrappy-Doo (second series),ABC,1,Robot Ranch,7.1,31,1/24/1981,8,TV Series (segmented),Rawhide Red,Mechanical,Robot,Object,TRUE,1,Rural,United States,0,NULL,NULL,0,Abduction,FALSE,TRUE,0,1,0
190,Scooby-Doo and Scrappy-Doo (second series),ABC,1,Surprised Spies,7.1,31,1/24/1981,8,TV Series (segmented),Enemy Spy,Disguised,Spy,Human,TRUE,1,Urban,California,0,NULL,NULL,0,Theft,FALSE,TRUE,0,2,0
191,Scooby-Doo and Scrappy-Doo (second series),ABC,1,The Invasion of the Scooby Snatchers,7.2,31,1/31/1981,8,TV Series (segmented),Alien,Extraterrestrial,Alien,Alien,TRUE,1,Urban,United States,0,NULL,NULL,0,Conquest,FALSE,TRUE,0,3,0
192,Scooby-Doo and Scrappy-Doo (second series),ABC,1,Scooby Dooby Guru,7.1,31,1/31/1981,8,TV Series (segmented),NULL,NULL,NULL,NULL,NULL,0,Jungle,India,1,FALSE,Taj Mahal Gaurd,1,Trespassing,FALSE,TRUE,0,2,0
193,Scooby-Doo and Scrappy-Doo (second series),ABC,1,Scooby and the Bandit,7.2,31,1/31/1981,8,TV Series (segmented),NULL,NULL,NULL,NULL,NULL,0,Desert,United States,2,FALSE,"Bandit,Wilbur",2,Anger,FALSE,TRUE,0,1,0
194,Scooby-Doo and Scrappy-Doo (second series),ABC,2,Scooby-Nocchio,7.4,32,9/19/1981,8,TV Series (segmented),Pleasure Island Man,Magician,Trickster,Human,FALSE,1,Urban,United States,0,NULL,NULL,0,Imagination,FALSE,TRUE,0,3,0
195,Scooby-Doo and Scrappy-Doo (second series),ABC,2,Lighthouse Keeper Scooby,7.4,32,9/19/1981,8,TV Series (segmented),Pirate,Ghost,Pirate,Human,TRUE,1,Island,United States,0,NULL,NULL,0,Trespassing,FALSE,TRUE,0,5,0
196,Scooby-Doo and Scrappy-Doo (second series),ABC,2,Scooby's Roots,7.4,32,9/19/1981,8,TV Series (segmented),Sheet Ghost,Ghost,Phantom,Human,TRUE,1,Forest,United States,1,FALSE,Great-Grandpa Scooby,1,Mistake,FALSE,TRUE,0,3,0
197,Scooby-Doo and Scrappy-Doo (second series),ABC,2,Scooby's Escape from Atlantis,7.2,30,9/26/1981,8,TV Series (segmented),Centaur,Animal,Centaur,Centaur,TRUE,1,Ocean,Atlantis,0,NULL,NULL,0,Trespassing,FALSE,TRUE,0,3,0
198,Scooby-Doo and Scrappy-Doo (second series),ABC,2,Excalibur Scooby,7.2,30,9/26/1981,8,TV Series (segmented),"Merlin,Jasper","Magician,Animal","Wizard,Giant","Human,Frog",TRUE,2,Rural,England,0,NULL,NULL,0,Assistance,FALSE,TRUE,0,1,0
199,Scooby-Doo and Scrappy-Doo (second series),ABC,2,Scooby Saves the World,7.1,27,9/26/1981,8,TV Series (segmented),Alien,Extraterrestrial,Alien,Alien,TRUE,1,Space,Space,0,NULL,NULL,0,Conquest,FALSE,TRUE,0,3,0
200,Scooby-Doo and Scrappy-Doo (second series),ABC,2,Scooby-Dooby Goo,7.1,29,10/3/1981,8,TV Series (segmented),NULL,NULL,NULL,NULL,NULL,0,Urban,United States,0,NULL,NULL,0,NULL,FALSE,TRUE,0,3,0
201,Scooby-Doo and Scrappy-Doo (second series),ABC,2,Rickshaw Scooby,7.1,29,10/3/1981,8,TV Series (segmented),Dragon,Mythical,Dragon,Dragon,TRUE,1,Cave,China,0,NULL,NULL,0,Trespassing,FALSE,TRUE,0,2,0
202,Scooby-Doo and Scrappy-Doo (second series),ABC,2,Scooby's Luck of the Irish,7.2,30,10/3/1981,8,TV Series (segmented),Pat O'Wiley,Mythical,Leprechaun,Leprechaun,TRUE,1,Forest,Ireland,0,NULL,NULL,0,Trespassing,FALSE,TRUE,0,5,0
203,Scooby-Doo and Scrappy-Doo (second series),ABC,2,Backstage Scooby,7.1,29,10/10/1981,8,TV Series (segmented),NULL,NULL,NULL,NULL,NULL,0,Urban,United States,0,NULL,NULL,0,NULL,FALSE,TRUE,0,5,0
204,Scooby-Doo and Scrappy-Doo (second series),ABC,2,Scooby's House of Mystery,7.1,27,10/10/1981,8,TV Series (segmented),Madame Olga,Magician,Witch,Human,TRUE,1,Urban,United States,0,NULL,NULL,0,Experimentation,FALSE,TRUE,0,1,0
205,Scooby-Doo and Scrappy-Doo (second series),ABC,2,Sweet Dreams Scooby,7.1,27,10/10/1981,8,TV Series (segmented),"Red Baron,T-Rex","Ancient,Animal","Pilot,Dinosaur","Human,Dinosaur",FALSE,2,Urban,United States,0,NULL,NULL,0,Imagination,FALSE,TRUE,0,1,0
206,Scooby-Doo and Scrappy-Doo (second series),ABC,2,Scooby-Doo 2000,7.1,29,10/17/1981,8,TV Series (segmented),Toy Gorilla,Mechanical,Toy,Gorilla,TRUE,1,Urban,England,0,NULL,NULL,0,Automated,FALSE,TRUE,0,5,0
207,Scooby-Doo and Scrappy-Doo (second series),ABC,2,Punk Rock Scooby,7.1,29,10/17/1981,8,TV Series (segmented),Plutonian,Extraterrestrial,Alien,Hound,TRUE,1,Urban,United States,0,NULL,NULL,0,Abduction,FALSE,TRUE,0,1,0
208,Scooby-Doo and Scrappy-Doo (second series),ABC,2,Canine to Five,7.4,27,10/17/1981,8,TV Series (segmented),Dr. Wolf,Animal,Werewolf,Human,TRUE,1,Urban,United States,1,FALSE,Dr. Wolf,1,Food,TRUE,TRUE,0,4,0
209,Scooby-Doo and Scrappy-Doo (second series),ABC,2,Hard Hat Scooby,7.1,27,10/24/1981,8,TV Series (segmented),Vampire Foreman,Undead,Vampire,Human,TRUE,1,Urban,United States,0,NULL,NULL,0,Food,FALSE,TRUE,0,3,0
210,Scooby-Doo and Scrappy-Doo (second series),ABC,2,Hothouse Scooby,7.1,29,10/24/1981,8,TV Series (segmented),Carnivorous Plants,Plant,Giant,Venus Fly Trap,TRUE,1,Urban,United States,1,FALSE,Gardener,1,Food,FALSE,TRUE,0,7,0
211,Scooby-Doo and Scrappy-Doo (second series),ABC,2,Pigskin Scooby,7.1,32,10/24/1981,8,TV Series (segmented),NULL,NULL,NULL,NULL,NULL,0,Urban,United States,0,NULL,NULL,0,NULL,FALSE,TRUE,0,5,0
212,Scooby-Doo and Scrappy-Doo (second series),ABC,2,Tenderbigfoot,7.1,32,10/31/1981,8,TV Series (segmented),Bigfoot,Animal,Humanoid,Bigfoot,TRUE,1,Forest,United States,0,NULL,NULL,0,Theft,FALSE,TRUE,0,2,0
213,Scooby-Doo and Scrappy-Doo (second series),ABC,2,Scooby and the Beanstalk,7.1,32,10/31/1981,8,TV Series (segmented),Giant,Mythical,Giant,Human,TRUE,1,Rural,United States,0,NULL,NULL,0,Food,FALSE,TRUE,0,3,0
214,Scooby-Doo and Scrappy-Doo (second series),ABC,3,Maltese Mackerel,7.4,25,9/25/1982,8,TV Series (segmented),NULL,NULL,NULL,NULL,NULL,0,Urban,United States,2,TRUE,"Big Thug,Small Thug",2,Theft,FALSE,TRUE,0,2,0
215,Scooby-Doo and Scrappy-Doo (second series),ABC,3,Dumb Waiter Caper,7.4,23,9/25/1982,8,TV Series (segmented),NULL,NULL,NULL,NULL,NULL,0,Urban,United States,2,TRUE,"Bruiser,Bugsy Burton",2,Theft,FALSE,TRUE,0,1,0
216,Scooby-Doo and Scrappy-Doo (second series),ABC,3,Catfish Burglar Caper,7.1,24,10/2/1982,8,TV Series (segmented),Catfish Burglar,Disguised,Masked,Human,FALSE,1,Ocean,United States,1,TRUE,Mrs. Higgins,1,Theft,FALSE,TRUE,0,2,0
217,Scooby-Doo and Scrappy-Doo (second series),ABC,3,Movie Monster Menace,7.3,25,10/2/1982,8,TV Series (segmented),"Gargoyle,Medusa,Sea Creature,Octopus Monster,Bigfoot","Possessed Object,Mythical,Animal,Animal,Animal","Statue,Gorgon,Humanoid,Giant,Humanoid","Gargoyle,Human,Sea-Monster,Octopus,Bigfoot",TRUE,5,Urban,California,2,TRUE,"Von Scareheim,Cameraman",2,Production,FALSE,TRUE,0,0,0
218,Scooby-Doo and Scrappy-Doo (second series),ABC,3,Super Teen Shaggy,6.9,26,10/9/1982,8,TV Series (segmented),NULL,NULL,NULL,NULL,NULL,0,Urban,United States,0,NULL,NULL,0,NULL,FALSE,TRUE,0,2,0
219,Scooby-Doo and Scrappy-Doo (second series),ABC,3,Stake-out at the Take-out,6.9,26,10/16/1982,8,TV Series (segmented),NULL,NULL,NULL,NULL,NULL,0,Urban,United States,3,TRUE,"Hamburger Haven Owner,Otto,Ivan",3,Smuggling,FALSE,TRUE,0,0,0
220,Scooby-Doo and Scrappy-Doo (second series),ABC,3,Who's Scooby-Doo?,7.3,27,10/23/1982,8,TV Series (segmented),NULL,NULL,NULL,NULL,NULL,0,Urban,United States,2,FALSE,"Tank,Squeak",2,Theft,FALSE,TRUE,0,0,0
221,Scooby-Doo and Scrappy-Doo (second series),ABC,3,Double Trouble Date,7.3,25,10/23/1982,8,TV Series (segmented),NULL,NULL,NULL,NULL,NULL,0,Urban,United States,0,NULL,NULL,0,NULL,FALSE,TRUE,0,0,0
222,Scooby-Doo and Scrappy-Doo (second series),ABC,3,Cable Car Caper,7.4,24,10/30/1982,8,TV Series (segmented),NULL,NULL,NULL,NULL,NULL,0,Urban,United States,2,TRUE,"Vendetta,Bruno",2,Theft,FALSE,TRUE,0,1,0
223,Scooby-Doo and Scrappy-Doo (second series),ABC,3,Muscle Trouble,7.1,23,10/30/1982,8,TV Series (segmented),NULL,NULL,NULL,NULL,NULL,0,Coast,United States,0,NULL,NULL,0,NULL,FALSE,TRUE,0,2,0
224,Scooby-Doo and Scrappy-Doo (second series),ABC,3,Comic Book Caper,7.4,23,11/6/1982,8,TV Series (segmented),Slime Boy,Disguised,Slime,Human,FALSE,1,Urban,United States,2,TRUE,Mr. Morley,1,Theft,FALSE,TRUE,0,3,0
225,Scooby-Doo and Scrappy-Doo (second series),ABC,3,Misfortune Teller,7.3,23,11/6/1982,8,TV Series (segmented),NULL,NULL,NULL,NULL,NULL,0,Urban,United States,0,NULL,NULL,0,NULL,FALSE,TRUE,0,1,0
226,Scooby-Doo and Scrappy-Doo (second series),ABC,3,A Gem of a Case,7.1,25,11/13/1982,8,TV Series (segmented),NULL,NULL,NULL,NULL,NULL,0,Forest,United States,1,TRUE,Fingers Malone,1,Theft,FALSE,TRUE,0,0,0
227,Scooby-Doo and Scrappy-Doo (second series),ABC,3,Disappearing Car Caper,7,23,11/20/1982,8,TV Series (segmented),NULL,NULL,NULL,NULL,NULL,0,Urban,United States,1,TRUE,Pistons McGee,1,Theft,FALSE,TRUE,0,4,0
228,Scooby-Doo and Scrappy-Doo (second series),ABC,3,Scooby-Doo and Genie-Poo,7.1,25,11/20/1982,8,TV Series (segmented),Jasmine,Mythical,Phantom,Genie,TRUE,1,Urban,United States,0,NULL,NULL,0,Abduction,FALSE,TRUE,0,0,0
229,Scooby-Doo and Scrappy-Doo (second series),ABC,3,Close Encounter of the Worst Kind,7.2,23,11/27/1982,8,TV Series (segmented),"Alien Scavenger Hunter,Alien Scavenger Hunter,Alien Scavenger Hunter","Extraterrestrial,Extraterrestrial,Extraterrestrial","Teen,Teen,Teen","Alien,Alien,Alien",TRUE,3,Urban,United States,0,NULL,NULL,0,Abduction,FALSE,TRUE,0,1,0
230,Scooby-Doo and Scrappy-Doo (second series),ABC,3,Captain Canine Caper,7.2,23,11/27/1982,8,TV Series (segmented),Dognapper,Disguised,NULL,Human,FALSE,1,Urban,United States,1,TRUE,Johnathan Johnson,1,Extortion,FALSE,TRUE,0,2,0
231,Scooby-Doo and Scrappy-Doo (second series),ABC,3,The Incredible Cat Lady Caper,7,23,12/4/1982,8,TV Series (segmented),Cat Lady,Animal,Cat,Human,FALSE,1,Urban,United States,0,NULL,NULL,0,Theft,FALSE,TRUE,0,2,0
232,Scooby-Doo and Scrappy-Doo (second series),ABC,3,Picnic Poopers,7.1,23,12/4/1982,8,TV Series (segmented),NULL,NULL,NULL,NULL,NULL,0,Forest,United States,0,NULL,NULL,0,NULL,FALSE,TRUE,0,1,0
233,Scooby-Doo and Scrappy-Doo (second series),ABC,3,One Million Years Before Lunch,7.1,24,12/11/1982,8,TV Series (segmented),Wonga,Ancient,Caveman,Human,TRUE,1,Forest,Pre-Historic,0,NULL,NULL,0,Abduction,FALSE,TRUE,0,3,0
234,Scooby-Doo and Scrappy-Doo (second series),ABC,3,Where's the Wolf,7.4,24,12/11/1982,8,TV Series (segmented),Scooby-Doo,Animal,Werewolf,Hound,TRUE,1,Urban,United States,0,NULL,NULL,0,Food,FALSE,TRUE,0,2,0
235,Scooby-Doo and Scrappy-Doo (second series),ABC,3,Hoedown Showdown,6.8,26,12/19/1982,8,TV Series (segmented),NULL,NULL,NULL,NULL,NULL,0,Rural,United States,0,NULL,NULL,0,NULL,FALSE,TRUE,0,3,0
236,Scooby-Doo and Scrappy-Doo (second series),ABC,3,Snow Job Too Small,6.8,26,12/19/1982,8,TV Series (segmented),Abominable Snowman,Animal,Humanoid,Snow-Monster,FALSE,1,Snow,United States,1,TRUE,Cousin Sherwood,1,Inheritance,FALSE,TRUE,0,2,0
237,The New Scooby and Scrappy Doo Show,ABC,1,Scooby the Barbarian,7.4,27,9/10/1983,11,TV Series (segmented),Olaf the Terrible,Ancient,Viking,Human,FALSE,1,Coast,Norway,2,TRUE,Professor Busby,1,Theft,FALSE,TRUE,0,3,0
238,The New Scooby and Scrappy Doo Show,ABC,1,No Sharking Zone,7.4,27,9/10/1983,11,TV Series (segmented),"Great White Shark,Seaweed Monster","Animal,Plant","Shark,Seaweed","Shark,Sea-Monster",FALSE,2,Island,South America,2,TRUE,Cowabunga Carlyle,1,Treasure,FALSE,TRUE,0,2,0
239,The New Scooby and Scrappy Doo Show,ABC,1,Scoobygeist,7.5,21,9/10/1983,11,TV Series (segmented),"Face in the Fireplace,Ghosts Under the Bed,Living Animal Heads,Skeleton,Living Statue,Organ Playing Ghost","Ghost,Ghost,Undead,Undead,Possessed Object,Ghost","Phantom,Phantom,Head,Skeleton,Statue,Phantom","Human,Human,Beast,Human,Human,Human",TRUE,6,Rural,United States,0,NULL,NULL,0,Trespassing,FALSE,TRUE,0,3,0
240,The New Scooby and Scrappy Doo Show,ABC,1,The Quagmire Quake Caper,7.5,21,9/10/1983,11,TV Series (segmented),Mud Monster,Possessed Object,Humanoid,Mud,FALSE,1,Desert,United States,4,TRUE,Quanto,1,Theft,FALSE,TRUE,0,4,0
241,The New Scooby and Scrappy Doo Show,ABC,1,Hound of the Scoobyvilles,7.5,17,9/17/1983,11,TV Series (segmented),Hound of the Barkervilles,Animal,Werewolf,Hound,FALSE,1,Rural,Scotland,2,TRUE,Bentley,1,Inheritance,FALSE,TRUE,0,2,0
242,The New Scooby and Scrappy Doo Show,ABC,1,The Dinosaur Deception,7.5,17,9/17/1983,11,TV Series (segmented),Dinosaur,Animal,Dinosaur,Dinosaur,FALSE,1,Jungle,Mexico,1,TRUE,Dr. LaRue,1,Treasure,FALSE,TRUE,0,5,0
243,The New Scooby and Scrappy Doo Show,ABC,1,The Creature Came from The Chemlab,7.7,20,9/17/1983,11,TV Series (segmented),Creature from Chem Lab,Possessed Object,Humanoid,Chem,FALSE,1,Urban,United States,3,TRUE,Toby Wallace,1,Theft,FALSE,TRUE,0,1,0
244,The New Scooby and Scrappy Doo Show,ABC,1,"No Thanks, Masked Manx",7.7,20,9/17/1983,11,TV Series (segmented),Masked Manx,Animal,Humanoid,Gorilla,FALSE,1,Forest,United States,3,TRUE,Milo Damp,1,Theft,FALSE,TRUE,0,2,0
245,The New Scooby and Scrappy Doo Show,ABC,1,Scooby of the Jungle,7.2,18,9/24/1983,11,TV Series (segmented),"Randar the Ape Man,Mobotsu","Animal,Animal","Humanoid,Giant","Ape,Ape",FALSE,2,Jungle,Africa,2,TRUE,Randal Bakko,1,Smuggling,FALSE,TRUE,0,1,0
246,The New Scooby and Scrappy Doo Show,ABC,1,"Scooby-Doo and Cyclops, Too",7.2,18,9/24/1983,11,TV Series (segmented),"Maid Zombie,Barney Zombie,Tourist Zombie,Amy Zombie","Undead,Undead,Undead,Undead","Possessed,Possessed,Possessed,Possessed","Human,Human,Human,Human",FALSE,4,Island,South America,3,TRUE,"Mr. Cyclops,Amy Simons",2,Natural Resource,FALSE,TRUE,0,2,0
247,The New Scooby and Scrappy Doo Show,ABC,1,Scooby Roo,7.5,15,10/1/1983,11,TV Series (segmented),Neanderthal Monster of Devil's Rock,Animal,Humanoid,Beast,FALSE,1,Rural,Australia,3,TRUE,Darcy,1,Natural Resource,FALSE,TRUE,0,0,0
248,The New Scooby and Scrappy Doo Show,ABC,1,Scooby's Gold Medal Gambit,7.5,15,10/1/1983,11,TV Series (segmented),NULL,NULL,NULL,NULL,NULL,0,Urban,United States,3,TRUE,Chameleon,1,Theft,FALSE,TRUE,0,2,0
249,The New Scooby and Scrappy Doo Show,ABC,1,Scoobsie,7.3,15,10/8/1983,11,TV Series (segmented),Phantom of the Soaps,Ghost,Phantom,Human,FALSE,1,Urban,United States,3,TRUE,Danny Divine,1,Competition,FALSE,TRUE,0,1,0
250,The New Scooby and Scrappy Doo Show,ABC,1,The Mark of Scooby,7.1,17,10/15/1983,11,TV Series (segmented),NULL,NULL,NULL,NULL,NULL,0,Desert,California,1,FALSE,Commandante,1,Imagination,FALSE,TRUE,0,0,0
251,The New Scooby and Scrappy Doo Show,ABC,1,The Crazy Carnival Caper,7.1,17,10/15/1983,11,TV Series (segmented),Clown,Disguised,Clown,Human,FALSE,1,Rural,United States,3,TRUE,Jerry,1,Theft,FALSE,TRUE,0,1,0
252,The New Scooby and Scrappy Doo Show,ABC,1,Scooby and the Minotaur,7.4,18,10/29/1983,11,TV Series (segmented),Minotaur,Mythical,Minotaur,Minotaur,FALSE,1,Rural,Greece,2,TRUE,Mr. Kronos,1,Treasure,TRUE,TRUE,1,2,0
253,The New Scooby and Scrappy Doo Show,ABC,1,Scooby Pinch Hits,7.4,18,10/29/1983,11,TV Series (segmented),Ghost of Casey O'Reilly,Ghost,Phantom,Human,FALSE,1,Urban,United States,4,TRUE,Reggie Rungout,1,Competition,FALSE,TRUE,0,2,0
254,The New Scooby and Scrappy Doo Show,ABC,1,The Fall Dog,7.2,20,11/5/1983,11,TV Series (segmented),Gremlin,Mythical,Gremlin,Gremlin,FALSE,1,Rural,California,5,TRUE,Mickey Hack,1,Competition,FALSE,TRUE,0,2,0
255,The New Scooby and Scrappy Doo Show,ABC,1,The Scooby Coupe,7.2,20,11/5/1983,11,TV Series (segmented),Specter of the Sports Cars,Ghost,Phantom,Human,FALSE,1,Urban,United States,3,TRUE,Crocker Pitt,1,Competition,FALSE,TRUE,0,2,0
256,The New Scooby and Scrappy Doo Show,ABC,1,Who's Minding the Monster,6.5,21,11/26/1983,11,TV Series (segmented),"Frankenstein's Monster,Dracula,Dracula's Wife,Dracula Jr.","Undead,Undead,Undead,Animal","Frankenstein's Monster,Vampire,Vampire,Werewolf","Human,Human,Human,Human",TRUE,4,Forest,Romania,1,NULL,NULL,0,Experimentation,FALSE,TRUE,0,1,0
257,The New Scooby and Scrappy Doo Show,ABC,1,Scooby ala Mode,6.5,21,11/26/1983,11,TV Series (segmented),Ghost of Chef Maras,Ghost,Chef,Human,FALSE,1,Urban,France,3,TRUE,Chef Gustav,1,Competition,FALSE,TRUE,0,2,0
258,The New Scooby and Scrappy Doo Show,ABC,1,Where's Scooby-Doo?,6.5,19,12/3/1983,23,TV Series,Mummy,Undead,Mummy,Human,FALSE,1,Rural,Austria,4,TRUE,"Sidney Gasper,Dr. Natasha,Little Guy,Beatrice Whimsey",4,Smuggling,FALSE,TRUE,0,7,0
259,The New Scooby and Scrappy Doo Show,ABC,1,Wedding Bell Boos!,6.5,23,12/10/1983,23,TV Series,Ghost of McBaggy Rodgers,Ghost,Phantom,Human,FALSE,1,Rural,Massachusetts,7,TRUE,Alex Anders,1,Treasure,FALSE,TRUE,0,3,0
260,The New Scooby-Doo Mysteries,ABC,1,"Happy Birthday, Scooby-Doo",7.2,45,9/8/1984,23,TV Series,Red Skull,Disguised,Skull,Human,FALSE,1,Urban,United States,4,TRUE,Stuyvesant,1,Theft,FALSE,TRUE,0,0,0
261,The New Scooby-Doo Mysteries,ABC,1,Scooby's Peep-Hole Pandemonium,7.2,29,9/15/1984,11,TV Series (segmented),Maid Mummy,Undead,Mummy,Human,FALSE,1,Urban,United States,3,TRUE,Orson Kane,1,Theft,FALSE,TRUE,0,3,0
262,The New Scooby-Doo Mysteries,ABC,1,The Hand of Horror,7.2,29,9/15/1984,11,TV Series (segmented),Helping Hands,Possessed Object,Gloves,Object,FALSE,1,Forest,United States,5,TRUE,Ratfield,1,Theft,FALSE,TRUE,0,1,0
263,The New Scooby-Doo Mysteries,ABC,1,Scoo-Be or Not Scoo-Be?,7.5,29,9/22/1984,11,TV Series (segmented),"Sea Demon,Sea Demon","Animal,Animal","Humanoid,Humanoid","Sea-Monster,Sea-Monster",FALSE,2,Coast,Denmark,3,TRUE,"Rosey Crans,Gilly Stern",2,Natural Resource,FALSE,TRUE,0,2,0
264,The New Scooby-Doo Mysteries,ABC,1,The Stoney Glare Stare,7.5,29,9/22/1984,11,TV Series (segmented),Cyclops,Mythical,Cyclops,Human,FALSE,1,Island,Greece,4,TRUE,"Thaddeus Blimp,Wilmer,Proff. Mikos",3,Treasure,FALSE,TRUE,0,3,0
265,The New Scooby-Doo Mysteries,ABC,1,Mission: Un-Doo-Able,7,26,9/29/1984,11,TV Series (segmented),Master Mind,Super-Villain,Genius,Human,FALSE,1,Urban,New York,3,TRUE,Cecil,1,Conquest,FALSE,TRUE,0,4,0
266,The New Scooby-Doo Mysteries,ABC,1,The Bee Team,7,26,9/29/1984,11,TV Series (segmented),Giant Bees,Animal,Giant,Bee,FALSE,1,Rural,United States,3,TRUE,Harley Finster,1,Competition,FALSE,TRUE,0,4,0
267,The New Scooby-Doo Mysteries,ABC,1,Doom Service,7.1,24,10/6/1984,11,TV Series (segmented),Ghost of Ebenezer Overview,Ghost,Phantom,Human,FALSE,1,Snow,United States,3,TRUE,Mrs. Van Loon,1,Theft,FALSE,TRUE,0,0,0
268,The New Scooby-Doo Mysteries,ABC,1,A Code in the Nose,7.1,24,10/6/1984,11,TV Series (segmented),NULL,NULL,NULL,NULL,NULL,0,Urban,United States,3,TRUE,Codefinger,1,Theft,FALSE,TRUE,0,1,0
269,The New Scooby-Doo Mysteries,ABC,1,Ghost of the Ancient Astronauts,6.9,36,10/13/1984,23,TV Series,"Zombies,Zombies,Zombies,Zombies","Undead,Undead,Undead,Undead","Zombie,Zombie,Zombie,Zombie","Human,Human,Human,Human",FALSE,4,Island,South America,4,TRUE,"Harriet Mullins,Harriet Mullin's Associate,Abdul,Punjab",4,Treasure,FALSE,TRUE,0,3,0
270,The New Scooby-Doo Mysteries,ABC,1,The Night of Living Toys,7.2,23,10/20/1984,11,TV Series (segmented),Evil Elf,Mythical,Elf,Elf,FALSE,1,Forest,United States,3,TRUE,Katerina Kobald,1,Treasure,FALSE,TRUE,0,1,0
271,The New Scooby-Doo Mysteries,ABC,1,South Pole Vault,7.2,23,10/20/1984,11,TV Series (segmented),Mad Sea Lion,Animal,Sea Lion,Sea Lion,FALSE,1,Snow,Antarctica,4,TRUE,Dr. Carlin,1,Competition,FALSE,TRUE,0,2,0
272,The New Scooby-Doo Mysteries,ABC,1,A Halloween Hassle at Dracula's Castle,8,47,10/27/1984,23,TV Series,Ghost of Dr. Van Helsing,Ghost,Phantom,Human,FALSE,1,Desert,United States,4,FALSE,"Igor,Chandra",2,Theft,FALSE,TRUE,0,4,0
273,The New Scooby-Doo Mysteries,ABC,1,A Night Louse at the White House,7.5,26,11/3/1984,23,TV Series,"Ghost of Abraham Lincoln,Ghost of George Washington,Ghost of Ulysses S. Grant,Ghost of Theodore Roosevelt","Ghost,Ghost,Ghost,Ghost","President,President,President,President","Human,Human,Human,Human",FALSE,4,Urban,Washington D.C.,6,TRUE,"Ambassador of Klopstokia,Ambassador's Wife",2,Theft,FALSE,TRUE,0,3,0
274,The New Scooby-Doo Mysteries,ABC,1,Showboat Scooby,7.3,27,11/10/1984,11,TV Series (segmented),Ghost of Colonel Beauregard,Ghost,Phantom,Human,FALSE,1,Swamp,United States,3,TRUE,Pops Baloney,1,Treasure,FALSE,TRUE,0,2,0
275,The New Scooby-Doo Mysteries,ABC,1,The 'Dooby Dooby Doo' Ado,7.3,27,11/10/1984,11,TV Series (segmented),NULL,NULL,NULL,NULL,NULL,0,Urban,Nevada,1,TRUE,Lesser Band Thief,1,Smuggling,FALSE,TRUE,0,1,0
276,The New Scooby-Doo Mysteries,ABC,1,Sherlock Doo,7.6,27,11/17/1984,23,TV Series,Ghost of Sherlock Holmes,Ghost,Detective,Human,FALSE,1,Urban,England,6,TRUE,Mr. Stapleton,1,Theft,FALSE,TRUE,0,3,0
277,The New Scooby-Doo Mysteries,ABC,1,A Scarey Duel with a Cartoon Ghoul,7,24,11/24/1984,11,TV Series (segmented),Monster Mutt,Animal,Super-Villain,Hound,FALSE,1,Urban,California,4,TRUE,Dimwittie,1,Theft,FALSE,TRUE,0,2,0
278,The New Scooby-Doo Mysteries,ABC,1,E*I*E*I*O,7,24,11/24/1984,11,TV Series (segmented),Monster Mouse,Animal,Giant,Mouse,FALSE,1,Rural,United States,4,TRUE,Parker,1,Competition,FALSE,TRUE,0,1,0
279,The New Scooby-Doo Mysteries,ABC,1,The Nutcracker Scoob,7.9,60,12/1/1984,23,TV Series,Ghost of Christmas Never,Ghost,Phantom,Human,FALSE,1,Snow,United States,5,TRUE,Nanette Musette,1,Treasure,FALSE,TRUE,0,4,0
280,The 13 Ghosts of Scooby-Doo,ABC,1,To All the Ghouls I've Loved Before,7.7,104,9/7/1985,24,TV Series,"Bogle,Weerd,Ghoulio,Werewolfs,Werewolf Daphnie","Ghost,Ghost,Undead,Animal,Animal","Phantom,Phantom,Vampire,Werewolf,Werewolf","Cartoon,Cartoon,Human,Human,Human",TRUE,5,Snow,Tibet,2,NULL,NULL,0,Assistance,FALSE,TRUE,0,2,0
281,The 13 Ghosts of Scooby-Doo,ABC,1,Scoobra Kadoobra,7.6,91,9/14/1985,24,TV Series,"Maldore the Malevolent,Evil Tree,Evil Tree,Dragon,Rat Gaurds,Rat Gaurds","Mythical,Plant,Plant,Mythical,Animal,Animal","Demon,Evil,Evil,Dragon,Giant,Giant","Demon,Tree,Tree,Dragon,Rat,Rat",TRUE,6,Forest,United States,2,NULL,NULL,0,Conquest,FALSE,TRUE,0,0,0
282,The 13 Ghosts of Scooby-Doo,ABC,1,Me and My Shadow Demon,7.3,84,9/21/1985,24,TV Series,"Shadow Demon,Griswald,Queen Morbidia","Mythical,Animal,Magician","Shadow,Giant,Vampire","Demon,Spider,Human",TRUE,2,Rural,United States,2,NULL,NULL,0,Conquest,TRUE,TRUE,0,0,0
283,The 13 Ghosts of Scooby-Doo,ABC,1,Reflections in the Ghoulish Eye,7.2,79,9/28/1985,24,TV Series,"Bogle,Weerd,Reflector Specter","Ghost,Ghost,Mythical","Phantom,Phantom,Mirror","Cartoon,Cartoon,Demon",TRUE,3,Desert,Morocco,4,NULL,NULL,0,Conquest,FALSE,TRUE,0,1,0
284,The 13 Ghosts of Scooby-Doo,ABC,1,That's Monstertainment,7.9,84,10/5/1985,24,TV Series,"Zomba,Dr. Frankscoob's Monster","Mythical,Undead","Demon,Frankenstein's Monster","Demon,Human",TRUE,2,Urban,United States,2,NULL,NULL,0,Conquest,FALSE,TRUE,0,2,0
285,The 13 Ghosts of Scooby-Doo,ABC,1,Ship of Ghouls,7.5,74,10/12/1985,24,TV Series,"Bogel,Weerd,Captain Ghost,Ghosts on the Ship,Tornado,Demon","Ghost,Ghost,Ghost,Ghost,Mythical","Phantom,Phantom,Phantom,Phantom,Tornado","Cartoon,Cartoon,Human,Human,Demon",TRUE,4,Ocean,Bermuda Triangle,2,NULL,NULL,0,Conquest,FALSE,TRUE,0,1,0
286,The 13 Ghosts of Scooby-Doo,ABC,1,A Spooky Little Ghoul Like You,7.6,76,10/19/1985,24,TV Series,"Bogel,Weerd,Nekara,Nekara's Minions","Ghost,Ghost,Magician,Ghost","Phantom,Phantom,Witch,Phantom","Cartoon,Cartoon,Human,Human",TRUE,3,Urban,Louisiana,1,NULL,NULL,0,Conquest,FALSE,TRUE,0,2,0
287,The 13 Ghosts of Scooby-Doo,ABC,1,When You Witch Upon a Star,7.1,78,10/26/1985,24,TV Series,"Marcella,Helda Brewski,Ernestine Brewski,Wanda Brewski","Magician,Magician,Magician,Magician","Witch,Witch,Witch,Witch","Human,Human,Human,Human",TRUE,4,Forest,United States,1,NULL,NULL,0,Conquest,FALSE,TRUE,0,0,0
288,The 13 Ghosts of Scooby-Doo,ABC,1,It's a Wonderful Scoob,7.4,77,11/2/1985,24,TV Series,"Time Slime,Bogel,Weerd","Magician,Ghost,Ghost","Wizard,Phantom,Phantom","Human,Human,Human",TRUE,3,Urban,United States,1,NULL,NULL,0,Conquest,FALSE,TRUE,0,2,0
289,The 13 Ghosts of Scooby-Doo,ABC,1,Scooby in Kwacky Land,7.7,76,11/9/1985,24,TV Series,"Demondo,Bogel,Weerd","Mythical,Ghost,Ghost","Demon,Phantom,Phantom","Demon,Cartoon,Cartoon",TRUE,3,Urban,United States,3,NULL,NULL,0,Conquest,FALSE,TRUE,0,2,0
290,The 13 Ghosts of Scooby-Doo,ABC,1,Coast-to-Ghost,7.4,71,11/16/1985,24,TV Series,"Rankor,Bogel,Weerd,Head of S.A.P.S.,Living Plants","Undead,Ghost,Ghost,Ghost,Plant","Vampire,Phantom,Phantom,Demon,Flower","Goblin,Cartoon,Cartoon,Demon,Flower",TRUE,5,Rural,United States,2,NULL,NULL,0,Conquest,TRUE,TRUE,0,4,0
291,The 13 Ghosts of Scooby-Doo,ABC,1,The Ghouliest Show on Earth,7.4,77,11/23/1985,24,TV Series,"Porff. Phantazmo,Bogel,Weerd","Magician,Ghost,Ghost","Warlock,Phantom,Phantom","Human,Cartoon,Cartoon",TRUE,3,Rural,United States,1,NULL,NULL,0,Conquest,FALSE,TRUE,0,3,0
292,The 13 Ghosts of Scooby-Doo,ABC,1,Horror-Scope Scoob,7.4,77,12/7/1985,24,TV Series,"Zimbulu,Bogel,Weerd,Boris Kreepoff,Zombies,Zombies,Zombies","Mythical,Ghost,Ghost,Undead,Undead,Undead,Undead","Demon,Phantom,Phantom,Zombie,Zombie,Zombie,Zombie","Demon,Cartoon,Cartoon,Human,Human,Human,Human",TRUE,7,Urban,United States,1,NULL,NULL,0,Conquest,FALSE,TRUE,0,3,0
293,A Pup Named Scooby-Doo,ABC,1,A Bicycle Built for Boo,7.3,68,9/10/1988,23,TV Series,Ghost,Ghost,Phantom,Human,FALSE,1,Urban,United States,2,TRUE,Mr. Conrad,1,Counterfeit,FALSE,FALSE,1,5,0
294,A Pup Named Scooby-Doo,ABC,1,The Sludge Monster from the Earth's Core,7.5,58,9/17/1988,23,TV Series,Sludge Monster from the Earth's Croe,Possessed Object,Sludge,Sludge-Monster,FALSE,1,Urban,United States,2,TRUE,Mr. Buckston,1,Theft,FALSE,FALSE,0,2,0
295,A Pup Named Scooby-Doo,ABC,1,The Schnoock Who Took My Comic Book,8,55,9/24/1988,23,TV Series,Dr. Croaker,Animal,Humanoid,Frog,FALSE,1,Urban,United States,3,TRUE,Wendel McWendel,1,Theft,FALSE,FALSE,0,1,0
296,A Pup Named Scooby-Doo,ABC,1,Wanted Cheddar Alive,7.5,61,10/1/1988,23,TV Series,Cheese Monster,Possessed Object,Humanoid,Cheese,FALSE,1,Urban,United States,3,TRUE,Larry P. Acme,1,Competition,FALSE,FALSE,0,2,0
297,A Pup Named Scooby-Doo,ABC,1,For Letter or Worse,7.4,44,10/8/1988,23,TV Series,Ghost of Al Cabone,Ghost,Phantom,Human,FALSE,1,Urban,United States,4,TRUE,Prestina,1,Competition,FALSE,FALSE,0,3,0
298,A Pup Named Scooby-Doo,ABC,1,The Babysitter from Beyond,7.6,50,10/15/1988,23,TV Series,Boogedy Bones,Undead,Zombie,Human,FALSE,1,Urban,United States,2,TRUE,"Molly the Moll,Manny the Mauler",2,Theft,FALSE,FALSE,0,4,0
299,A Pup Named Scooby-Doo,ABC,1,Snow Place Like Home,7.8,44,10/22/1988,23,TV Series,Ice Demon,Possessed Object,Humanoid,Ice,FALSE,1,Mountain,United States,3,TRUE,Mr. Forester,1,Natural Resource,FALSE,FALSE,5,1,0
300,A Pup Named Scooby-Doo,ABC,1,"Now Museum, Now You Don't",7.7,47,10/29/1988,23,TV Series,Samurai Ghost,Ghost,Samurai,Human,FALSE,1,Urban,United States,3,TRUE,Dr. Dayton,1,Theft,FALSE,FALSE,1,2,0
301,A Pup Named Scooby-Doo,ABC,1,Scooby Dude,7,47,11/5/1988,23,TV Series,Headless Skateboarder,Undead,Headless,Human,FALSE,1,Coast,United States,3,TRUE,"Sandy Sneakers,Al",2,Smuggling,FALSE,FALSE,1,1,0
302,A Pup Named Scooby-Doo,ABC,1,Ghost Who's Coming to Dinner,7.5,53,11/12/1988,23,TV Series,Boobeard,Ghost,Pirate,Human,FALSE,1,Urban,United States,5,TRUE,Jack,1,Competition,FALSE,FALSE,1,2,0
303,A Pup Named Scooby-Doo,ABC,1,The Story Stick,6.9,46,11/19/1988,23,TV Series,Totem Spirit,Possessed Object,Statue,Totem,FALSE,1,Forest,United States,3,TRUE,Mr. Ryan,1,Competition,FALSE,FALSE,0,2,0
304,A Pup Named Scooby-Doo,ABC,1,Robopup,7.2,44,11/26/1988,23,TV Series,Ghost of Chef Pierre Goulash,Ghost,Chef,Human,FALSE,1,Urban,United States,3,TRUE,Mr. Gordon,1,Theft,FALSE,FALSE,0,1,0
305,A Pup Named Scooby-Doo,ABC,1,Lights...Camera...Monster,7.5,45,12/3/1988,23,TV Series,Stinkweed,Plant,Humanoid,Plant-Monster,FALSE,1,Urban,United States,3,TRUE,Vincent Thorn,1,Theft,FALSE,FALSE,1,1,0
306,A Pup Named Scooby-Doo,ABC,2,Curse of the Collar,7.7,43,9/9/1989,23,TV Series,Ghost of Buster McMutt Mauler,Ghost,Phantom,Human,FALSE,1,Urban,United States,3,TRUE,Mr. Trixenstuff,1,Theft,FALSE,FALSE,0,0,0
307,A Pup Named Scooby-Doo,ABC,2,The Return of Commander Cool,7.7,43,9/16/1989,23,TV Series,Alien,Extraterrestrial,Alien,Alien,FALSE,1,Urban,United States,4,TRUE,Barbara Simone,1,Theft,FALSE,FALSE,0,0,0
308,A Pup Named Scooby-Doo,ABC,2,The Spirit of Rock'n Roll,7.8,43,9/23/1989,23,TV Series,Ghost of Purvis Parker,Undead,Skeleton,Human,FALSE,1,Urban,United States,4,TRUE,Mr. Dilton,1,Theft,FALSE,FALSE,2,0,0
309,A Pup Named Scooby-Doo,ABC,2,Chickenstein Lives,7.5,38,9/30/1989,23,TV Series,Chickenstein,Undead,Frankenstein's Monster,Chicken,FALSE,1,Urban,United States,4,TRUE,Casmer Codwaller,1,Smuggling,FALSE,FALSE,1,2,0
310,A Pup Named Scooby-Doo,ABC,2,Night of the Living Burger,7.6,42,10/7/1989,23,TV Series,Burger Monster,Possessed Object,Burger,Burger,FALSE,1,Urban,United States,4,TRUE,Skippy Johnson,1,Competition,FALSE,FALSE,0,0,0
311,A Pup Named Scooby-Doo,ABC,2,The Computer Walks Among Us,7.7,40,10/14/1989,23,TV Series,Dinkley 2000,Mechanical,Humanoid,Computer,FALSE,1,Urban,United States,5,TRUE,Bruce Wormsley,1,Competition,FALSE,FALSE,0,0,0
312,A Pup Named Scooby-Doo,ABC,2,Don Gone Scooby,7.2,39,10/21/1989,23,TV Series,NULL,NULL,NULL,NULL,NULL,0,Urban,United States,2,FALSE,Paula P. Casso,1,Assistance,FALSE,FALSE,0,1,0
313,A Pup Named Scooby-Doo,ABC,2,"Terror, Thy Name is Zombo",7.8,38,10/28/1989,23,TV Series,Ghost of Zombo,Ghost,Clown,Human,FALSE,1,Urban,United States,5,TRUE,Joey Jipner,1,Competition,FALSE,FALSE,1,3,0
314,A Pup Named Scooby-Doo,ABC,3,Night of the Boogey Biker,7.1,37,9/8/1990,11,TV Series (segmented),Boogey Biker,Undead,Skeleton,Human,FALSE,1,Urban,United States,2,FALSE,Red Herring,1,Assistance,FALSE,FALSE,0,0,0
315,A Pup Named Scooby-Doo,ABC,3,Dawn of the Spooky Shuttle Scare,7.1,37,9/8/1990,11,TV Series (segmented),Astronaut Ghost,Ghost,Astronaut,Human,FALSE,1,Urban,United States,3,TRUE,Simon Simons,1,Competition,FALSE,FALSE,1,0,0
316,A Pup Named Scooby-Doo,ABC,3,Horror of the Haunted Hairpiece,6.9,35,10/6/1990,23,TV Series,Bigwig,Possessed Object,Humanoid,Hair,FALSE,1,Urban,United States,4,TRUE,Crusty Baker,1,Competition,FALSE,FALSE,0,2,0
317,A Pup Named Scooby-Doo,ABC,3,Wrestle Maniacs,7.2,38,11/3/1990,23,TV Series,Ghost of the Hooded Heifer,Ghost,Wrestler,Human,FALSE,1,Urban,United States,8,TRUE,Herbert Blaum,1,Competition,FALSE,FALSE,0,1,0
318,A Pup Named Scooby-Doo,ABC,4,The Were-Doo of Doo Manor,7.2,40,8/3/1991,23,TV Series,Nasty-Doo,Animal,Hound,Hound,FALSE,1,Urban,United States,2,TRUE,Proff. Digmi,1,Treasure,FALSE,FALSE,1,0,0
319,A Pup Named Scooby-Doo,ABC,4,Catcher on the Sly,6.6,37,8/10/1991,4,TV Series (segmented),NULL,NULL,NULL,NULL,NULL,0,Urban,United States,1,TRUE,Buster McMuttMauler,1,Abduction,FALSE,FALSE,0,0,0
320,A Pup Named Scooby-Doo,ABC,4,The Ghost of Mrs. Shusham,6.6,37,8/10/1991,11,TV Series (segmented),Ghost of Mrs. Shusham,Ghost,Librarian,Human,FALSE,1,Urban,United States,3,TRUE,Bernice Binder,1,Theft,FALSE,FALSE,0,2,0
321,A Pup Named Scooby-Doo,ABC,4,The Wrath of Waitro,6.6,37,8/10/1991,8,TV Series (segmented),NULL,NULL,NULL,NULL,NULL,0,Urban,United States,1,NULL,NULL,0,NULL,FALSE,FALSE,0,2,0
322,A Pup Named Scooby-Doo,ABC,4,Mayhem of the Moving Mollusk,7.2,32,8/17/1991,23,TV Series,Moving Mollusk,Animal,Giant,Snail,FALSE,1,Urban,New York,4,TRUE,Lester Leonard,1,Competition,FALSE,FALSE,1,1,0
323,Johnny Bravo,Cartoon Network,Crossover,Bravo Dooby-Doo,8.4,148,7/25/1997,22,Crossover,Ghostly Gardener,Undead,Ghost,Human,FALSE,1,Rural,United States,1,FALSE,Jebidisa Bravo,1,Trespassing,TRUE,FALSE,0,5,0
324,The Scooby-Doo Project,Cartoon Network,Special,The Scooby-Doo Project,7.4,390,10/31/1999,21,TV Series,"Casper County Monster,Casper County Monster","Animal,Animal","Humanoid,Humanoid","Forest-Monster,Forest-Monster",FALSE,2,Forest,United States,7,TRUE,Some Guy,1,Entertainment,TRUE,TRUE,0,2,0
325,Night of the Living Doo,Cartoon Network,Special,Night of the Living Doo,7.2,256,10/31/2001,16,TV Series,"Zombie,Mummy,Zombie Gary Coleman","Undead,Undead,Undead","Zombie,Mummy,Zombie","Human,Human,Human",FALSE,3,Rural,United States,2,TRUE,Jabberjaw,1,Competition,FALSE,FALSE,0,2,0
326,"Harvey Birdman, Attorney at Law",Adult Swim,Crossover,Shaggy Busted,8.1,133,7/7/2002,12,Crossover,Green Monster,Plant,Humanoid,Weed,FALSE,1,Urban,United States,2,TRUE,Old Man Bakov,0,Competition,FALSE,TRUE,0,0,0
327,What's New Scooby-Doo?,The WB,1,There's No Creature Like Snow Creature,7.5,176,9/14/2002,21,TV Series,Snow Creature,Animal,Humanoid,Ice-Monster,FALSE,1,Snow,United States,6,TRUE,Avalanche Anderson,1,Competition,TRUE,FALSE,0,2,0
328,What's New Scooby-Doo?,The WB,1,3-D Struction,7.4,150,9/21/2002,21,TV Series,Dinosaur Spirit,Animal,Spirit,Dinosaur,FALSE,1,Jungle,Costa Rica,3,TRUE,"Luis Cepeda,Heather Lane",2,Natural Resource,FALSE,FALSE,0,1,0
329,What's New Scooby-Doo?,The WB,1,Space Ape and the Cape,7.6,151,9/28/2002,21,TV Series,The Alien,Extraterrestrial,Alien,Alien,FALSE,1,Urban,United States,4,TRUE,Janet Lawrence,1,Competition,FALSE,FALSE,0,1,0
330,What's New Scooby-Doo?,The WB,1,Big Scare in the Big Easy,7.7,142,10/5/2002,21,TV Series,"Ghost of the Leland Brothers,Ghost of the Leland Brothers","Ghost,Ghost","Soldier,Soldier","Human,Human",FALSE,2,Urban,Louisiana,4,TRUE,Crawdad Mike,1,Competition,FALSE,FALSE,0,4,0
331,What's New Scooby-Doo?,The WB,1,"It's Mean, It's Green, It's the Mystery Machine",7.6,144,10/26/2002,21,TV Series,The Mystery Machine,Possessed Object,Car,Vehicle,FALSE,1,Urban,United States,5,FALSE,Susan Dinwiddle,1,Competition,FALSE,FALSE,0,3,0
332,What's New Scooby-Doo?,The WB,1,Riva Ras Regas,7.5,125,11/2/2002,21,TV Series,Ghost of Rufus Raucaus,Ghost,Phantom,Human,FALSE,1,Urban,Nevada,6,TRUE,Phylidia Flanders,1,Competition,FALSE,FALSE,0,1,0
333,What's New Scooby-Doo?,The WB,1,Roller Ghoster Ride,7.7,133,11/9/2002,21,TV Series,Roller Ghoster,Animal,Humanoid,Beast,FALSE,1,Urban,United States,5,FALSE,Terry,1,Competition,TRUE,FALSE,2,0,0
334,What's New Scooby-Doo?,The WB,1,"Safari, So Goodie!",7.1,130,11/23/2002,21,TV Series,Jungle Demons,Animal,Demon,Animal,FALSE,1,Jungle,Malawi,5,TRUE,"Honey Honsecker,Henry Honsecker",2,Smuggling,FALSE,FALSE,0,2,0
335,What's New Scooby-Doo?,The WB,1,She Sees Sea Monsters by the Sea Shore,7.1,122,11/30/2002,21,TV Series,Motoshondu,Animal,Serpent,Sea-Monster,FALSE,1,Island,United States,4,TRUE,Crunch Granville,1,Preservation,FALSE,FALSE,0,2,0
336,What's New Scooby-Doo?,The WB,1,A Scooby-Doo! Christmas,7.5,137,12/13/2002,21,TV Series,Headless Snowman,Possessed Object,Headless,Snow-Man,FALSE,1,Snow,United States,4,FALSE,Proff. William Fagen Higginson,1,Treasure,FALSE,FALSE,0,2,0
337,What's New Scooby-Doo?,The WB,1,Toy Scary Boo,7.7,122,2/1/2003,21,TV Series,"Spaceman Swintons,Annabel Action Figure,Other Toys","Mechanical,Mechanical,Mechanical","Humanoid,Humanoid,Toy","Toy,Toy,Toy",FALSE,3,Urban,United States,4,TRUE,Walter Claphammer,1,Treasure,FALSE,FALSE,0,2,0
338,What's New Scooby-Doo?,The WB,1,Lights! Camera! Mayhem!,7.5,115,2/15/2003,21,TV Series,Faceless Phantom,Ghost,Phantom,Human,FALSE,1,Urban,California,5,FALSE,Vincent Wong,1,Competition,FALSE,FALSE,0,0,0
339,What's New Scooby-Doo?,The WB,1,Pompii and Circumstance,7.1,110,2/22/2003,21,TV Series,Undead,Ancient,Gladiator,Human,FALSE,1,Rural,Italy,4,TRUE,"Captain Guzman,Ugo DiRinaldi",2,Competition,FALSE,FALSE,0,4,0
340,What's New Scooby-Doo?,The WB,1,The Unnatural,7.3,110,3/22/2003,21,TV Series,Baseball Specter,Ghost,Specter,Human,FALSE,1,Urban,United States,5,TRUE,Bob Taylor,1,Competition,FALSE,FALSE,0,1,0
341,What's New Scooby-Doo?,The WB,2,Big Appetite in Little Tokyo,7.2,112,9/13/2003,21,TV Series,"Ancient One,30 Foot Shaggy","Magician,Animal","Mystic,Giant","Human,Human",FALSE,2,Urban,Japan,3,TRUE,Proff. Pomfrit,1,Competition,FALSE,FALSE,0,3,0
342,What's New Scooby-Doo?,The WB,2,Mummy Scares Best,7.6,102,9/20/2003,21,TV Series,"Mummy of Pharaoh Scamses,Zombies,Zombies,Zombies,Zombies,Zombie Fred,Zombie Daphnie,Zombie Velma","Undead,Undead,Undead,Undead,Undead,Undead,Undead,Undead","Mummy,Zombie,Zombie,Zombie,Zombie,Zombie,Zombie,Zombie","Human,Human,Human,Human,Human,Human,Human,Human",FALSE,8,Desert,Egypt,3,TRUE,"Qasl Al-Famir,Madamoiselle Chantal",2,Competition,FALSE,FALSE,0,1,0
343,What's New Scooby-Doo?,The WB,2,The Fast and the Wormious,7.4,104,9/27/2003,21,TV Series,Gusano Grande,Animal,Giant,Worm,FALSE,1,Desert,Mexico,5,TRUE,Gibby Norton,1,Competition,TRUE,FALSE,0,2,0
344,What's New Scooby-Doo?,The WB,2,The Vampire Strikes Back,7.4,105,10/18/2003,21,TV Series,Baron Fortescu,Undead,Vampire,Human,FALSE,1,Rural,Romania,3,TRUE,"Baron Fortescu,Steve Fortescu",2,Competition,FALSE,FALSE,0,0,0
345,What's New Scooby-Doo?,The WB,2,A Scooby-Doo Halloween,7.6,129,10/25/2003,21,TV Series,"Scarecrows,Ghost of Hank Banning","Possessed Object,Ghost","Scarecrow,Phantom","Human,Human",FALSE,2,Rural,United States,4,TRUE,Marcy,1,Competition,FALSE,FALSE,0,1,0
346,What's New Scooby-Doo?,The WB,2,Homeward Hound,7.2,97,10/25/2003,21,TV Series,Cat Creature,Animal,Humanoid,Cat,FALSE,1,Urban,United States,5,TRUE,"Meadow,Scar,Skull",3,Competition,FALSE,FALSE,0,1,0
347,What's New Scooby-Doo?,The WB,2,The San Franpsycho,7.3,103,3/20/2004,21,TV Series,San Franpsycho,Ancient,Convict,Human,FALSE,1,Urban,California,5,TRUE,Rutie Banez,1,Competition,TRUE,FALSE,0,0,0
348,What's New Scooby-Doo?,The WB,2,Simple Plan and the Invisible Madman,7.5,113,3/22/2004,21,TV Series,Invisible Man,Disguised,Invisible,Human,FALSE,1,Snow,Canada,9,TRUE,"Zeke Zillon,Jack Hunter,Gibby Norton,Eve De La Faye",4,Competition,FALSE,FALSE,5,1,0
349,What's New Scooby-Doo?,The WB,2,Recipe for Disaster,7.5,109,3/23/2004,21,TV Series,"Scooby Snack Monster,Scooby Snack Monster","Possessed Object,Possessed Object","Humanoid,Humanoid","Scooby Snack,Scooby Snack",FALSE,2,Urban,Ohio,4,TRUE,"Penelope Bailey,Trudey Lowe",2,Competition,FALSE,FALSE,0,2,0
350,What's New Scooby-Doo?,The WB,2,Large Dragon at Large,7.5,94,3/24/2004,21,TV Series,Glasburgh Dragon,Mythical,Dragon,Dragon,FALSE,1,Rural,Scotland,5,TRUE,Jamison Steven Ripley,1,Treasure,FALSE,FALSE,0,2,0
351,What's New Scooby-Doo?,The WB,2,Uncle Scooby and Antarctica,7.4,99,3/25/2004,21,TV Series,Fish Creature,Animal,Humanoid,Fish,FALSE,1,Snow,Antarctica,5,FALSE,Monroe Hopper,1,Preservation,FALSE,FALSE,0,2,0
352,What's New Scooby-Doo?,The WB,2,"New Mexico, Old Monster",7.2,96,3/26/2004,21,TV Series,"Wakumi,Shaman","Animal,Ancient","Giant,Shaman","Bird,Human",FALSE,2,Desert,New Mexico,5,TRUE,Henry Thornwald,1,Preservation,FALSE,FALSE,0,2,0
353,What's New Scooby-Doo?,The WB,2,It's All Greek to Scooby,7.4,91,3/27/2004,21,TV Series,Centaur,Mythical,Beast,Centaur,FALSE,1,Rural,Greece,4,TRUE,Susie Smythe,1,Treasure,FALSE,FALSE,0,1,0
354,What's New Scooby-Doo?,The WB,3,Fright House of a Lighthouse,8,128,1/29/2005,21,TV Series,"Creepy Keeper,Skeleton Crew","Undead,Undead","Lighthouse Keeper,Skeleton","Human,Human",FALSE,2,Rural,Wisconsin,3,TRUE,"Crusty McPeet,Verona Dempsey",2,Competition,FALSE,FALSE,0,2,0
355,What's New Scooby-Doo?,The WB,3,"Go West, Young Scoob",7.2,102,2/5/2005,21,TV Series,"Sheriff,Cold Steel,Other Robot Cowboys","Mechanical,Mechanical,Mechanical","Cowboy,Cowboy,Cowboy","Human,Human,Human",FALSE,3,Desert,Arizona,3,TRUE,Gibby Norton,1,Competition,FALSE,FALSE,0,3,0
356,What's New Scooby-Doo?,The WB,3,A Scooby-Doo Valentine,7.5,97,2/11/2005,21,TV Series,"Clone Fred,Clone Daphnie,Clone Velma,Clone Shaggy,Clone Scooby","Mechanical,Mechanical,Mechanical,Mechanical,Mechanical","Clone,Clone,Clone,Clone,Clone","Human,Human,Human,Human,Human",FALSE,5,Urban,United States,5,TRUE,J.C. Chasez,1,Competition,FALSE,FALSE,0,1,0
357,What's New Scooby-Doo?,The WB,3,Wrestle Maniacs,7.4,90,2/12/2005,21,TV Series,Titanic Twist,Undead,Deformed,Human,FALSE,1,Desert,United States,9,FALSE,"Curt Crunch,Connie Crunch",2,Competition,FALSE,FALSE,0,2,0
358,What's New Scooby-Doo?,The WB,3,Ready to Scare,7.5,89,2/19/2005,21,TV Series,Gargoyle,Possessed Object,Statue,Gargoyle,FALSE,1,Urban,France,4,FALSE,"Danica LeBlake,Guy L'Avorton",2,Competition,TRUE,FALSE,0,1,0
359,What's New Scooby-Doo?,The WB,3,Farmed & Dangerous,7.3,101,2/25/2005,21,TV Series,Demon Farmer,Undead,Farmer,Human,FALSE,1,Rural,United States,4,TRUE,Neville Poppenbacher,1,Competition,FALSE,FALSE,0,0,0
360,What's New Scooby-Doo?,The WB,3,Diamonds Are a Ghoul's Best Friend,7,96,3/3/2005,21,TV Series,Frozen Fiend,Undead,Ice,Human,FALSE,1,Urban,Russia,6,TRUE,Galina Korzhakov,1,Theft,FALSE,FALSE,0,0,0
361,What's New Scooby-Doo?,The WB,3,A Terrifying Round with a Menacing Metallic Clown,7.6,105,3/12/2005,21,TV Series,Menacing Metallic Clown,Mechanical,Clown,Human,FALSE,1,Rural,United States,4,FALSE,Mayor Smith Snipper,1,Competition,FALSE,FALSE,1,1,0
362,What's New Scooby-Doo?,The WB,3,Camp Comeoniwannascareya,7.5,100,3/19/2005,21,TV Series,Toxic Terror,Possessed Object,Humanoid,Toxic,FALSE,1,Forest,United States,6,FALSE,Grey,1,Preservation,FALSE,FALSE,0,3,0
363,What's New Scooby-Doo?,The WB,3,Block-Long Hong Kong Terror,7.4,88,3/26/2005,21,TV Series,Dragon,Mythical,Dragon,Dragon,FALSE,1,Urban,Hong Kong,5,TRUE,Wu,1,Competition,FALSE,FALSE,1,2,0
364,What's New Scooby-Doo?,The WB,3,"Gentlemen, Start Your Monsters!",7.3,87,4/2/2005,21,TV Series,Skeleton Driver,Undead,Skeleton,Human,FALSE,1,Urban,United States,5,TRUE,"Jimmy,Cindy",2,Competition,FALSE,FALSE,0,0,0
365,What's New Scooby-Doo?,The WB,3,Gold Paw,7.4,84,4/9/2005,21,TV Series,Gold Monster,Possessed Object,Humanoid,Gold,FALSE,1,Rural,Kentukey,5,TRUE,Drill Sergeant Payne,1,Competition,FALSE,FALSE,0,2,0
366,What's New Scooby-Doo?,The WB,3,Reef Grief!,7.5,92,4/19/2005,21,TV Series,"Coral Creature,Sand Monsters","Plant,Possessed Object","Humanoid,Sand","Coral,Human",TRUE,2,Coast,Australia,5,TRUE,Spencer Johnson,1,Competition,FALSE,FALSE,8,1,0
367,What's New Scooby-Doo?,Cartoon Network,3,E-Scream,7.4,91,7/21/2006,21,TV Series,Osomons,Animal,Little,Osomons,FALSE,1,Urban,California,5,NULL,NULL,0,Simulation,FALSE,FALSE,0,0,0
368,Shaggy & Scooby-Doo Get a Clue!,The CW,1,Shags to Riches,6.1,29,9/23/2006,23,TV Series,"Dr. Phineus Phibes,Agent 1,Agent 2,Agent 3,Agent 4,Agent 5,Agent 6,Agent 7,Agent,8,Agent,9,Agent 10,Agent 11,Agent 12,Agent 13,Dr. Trebal","Super-Villain,Disguised,Disguised,Disguised,Disguised,Disguised,Disguised,Disguised,Disguised,Disguised,Disguised,Disguised,Disguised,Disguised,Dr. Trebal","Doctor,Agent,Agent,Agent,Agent,Agent,Agent,Agent,Agent,Agent,Agent,Agent,Agent,Agent,Doctor","Human,Human,Human,Human,Human,Human,Human,Human,Human,Human,Human,Human,Human,Human,Human,Human",TRUE,15,Urban,United States,0,NULL,NULL,0,Theft,FALSE,FALSE,1,2,0
369,Shaggy & Scooby-Doo Get a Clue!,The CW,1,High Society Scooby,6,22,10/7/2006,23,TV Series,"Dr. Phineus Phibes,Agent 1,Agent 2,Agent 3,Agent 8,Agent 11,Dr. Trebla","Super-Villain,Disguised,Disguised,Disguised,Disguised,Disguised,Super-Villain","Doctor,Agent,Agent,Agent,Agent,Agent,Doctor","Human,Human,Human,Human,Human,Human,Human",TRUE,7,Urban,United States,4,NULL,NULL,0,Conquest,FALSE,FALSE,1,3,0
370,Shaggy & Scooby-Doo Get a Clue!,The CW,1,Party Arty,5.9,19,11/4/2006,23,TV Series,"Dr. Phineus Phibes,A.R.T.,Agent 2,Dr. Trebla","Super-Villain,Mechanical,Disguised,Super-Villain","Doctor,Robot,Agent,Doctor","Human,Object,Human,Human",TRUE,4,Urban,United States,1,NULL,NULL,0,Abduction,FALSE,FALSE,1,1,0
371,Shaggy & Scooby-Doo Get a Clue!,The CW,1,Smart House,5.9,17,11/11/2006,23,TV Series,"Dr. Phineus Phibes,Dr. Trebla,Kevin,Mark,Ricky,Agent 1,Agent 2","Super-Villain,Super-Villain,Mechanical,Super-Villain,Super-Villain,Disguised,Disguised","Doctor,Doctor,Computer,Nerd,Nerd,Agent,Agent","Human,Human,Object,Human,Human,Human,Human",TRUE,7,Urban,United States,1,NULL,NULL,0,Conquest,FALSE,FALSE,1,2,0
372,Shaggy & Scooby-Doo Get a Clue!,The CW,1,Lightning Strikes Twice,5.5,17,11/18/2006,22,TV Series,"Dr. Phineus Phibes,Agent 1,Agent 2,Agent 3,Agent 4,Agent 7,Agent 10,Agent 11,Agent 12,Agent 13,Dr. Trebla","Super-Villain,Disguised,Disguised,Disguised,Disguised,Disguised,Disguised,Disguised,Disguised,Disguised,Super-Villain","Doctor,Agent,Agent,Agent,Agent,Agent,Agent,Agent,Agent,Agent,Doctor","Human,Human,Human,Human,Human,Human,Human,Human,Human,Human,Human",TRUE,11,Space,Space,0,NULL,NULL,0,Conquest,FALSE,FALSE,1,1,0
373,Shaggy & Scooby-Doo Get a Clue!,The CW,1,Don't Feed the Animals,5.8,18,2/2/2007,23,TV Series,"Dr. Phineus Phibes,Bruce,Brucey,Agent 13,Mark,Ricky,Dr. Trebla","Super-Villain,Super-Villain,Super-Villain,Disguised,Super-Villain,Super-Villain,Super-Villain","Doctor,Poacher,Poacher,Agent,Nerd,Nerd,Doctor","Human,Human,Human,Human,Human,Human,Human",TRUE,7,Jungle,South America,1,NULL,NULL,0,Treasure,FALSE,FALSE,5,1,0
374,Shaggy & Scooby-Doo Get a Clue!,The CW,1,Mysterty of the Missing Mystery Solvers,6.9,17,2/10/2007,23,TV Series,"Dr. Phineus Phibes,Agent 4,Agent 13","Super-Villain,Disguised,Disguised","Doctor,Agent,Agent","Human,Human,Human",TRUE,3,Forest,United States,9,NULL,NULL,0,Abduction,FALSE,FALSE,1,3,0
375,Shaggy & Scooby-Doo Get a Clue!,The CW,1,Almost Ghosts,6.1,20,2/24/2007,23,TV Series,"Dr. Phineus Phibes,Dr. Trebla,Agent 1,Agent 2,Mark,Ricky","Super-Villain,Super-Villain,Disguised,Disguised,Super-Villain,Super-Villain","Doctor,Doctor,Agent,Agent,Nerd,Nerd","Human,Human,Human,Human,Human,Human",TRUE,6,Rural,United States,1,NULL,NULL,0,Theft,FALSE,FALSE,1,2,0
376,Shaggy & Scooby-Doo Get a Clue!,The CW,1,Pole to Pole,6.1,14,3/3/2007,22,TV Series,"Dr. Phineus Phibes,Dr. Trebla,Dr. Speed,Agent 1,Agent 2,Agent 5,Agent 6,Agent 8,Agent 11,Agent 12,Agent 13","Super-Villain,Super-Villain,Super-Villain,Disguised,Disguised,Disguised,Disguised,Disguised,Disguised,Disguised,Disguised","Doctor,Doctor,Doctor,Agent,Agent,Agent,Agent,Agent,Agent,Agent,Agent","Human,Human,Human,Human,Human,Human,Human,Human,Human,Human,Human",TRUE,11,Rural,United States,0,NULL,NULL,0,Conquest,FALSE,FALSE,0,0,0
377,Shaggy & Scooby-Doo Get a Clue!,The CW,1,Big Trouble,5.9,17,4/28/2007,23,TV Series,"Dr. Phineus Phibes,Dr. Trebla,Agent 1,Agent 2,Mark,Ricky,Agent,4,Agent 7,Agent 11","Super-Villain,Super-Villain,Disguised,Disguised,Super-Villain,Super-Villain,Disguised,Disguised,Disguised","Doctor,Doctor,Agent,Agent,Nerd,Nerd,Agent,Agent,Agent","Human,Human,Human,Human,Human,Human,Human,Human,Human",TRUE,9,Desert,United States,0,NULL,NULL,0,Conquest,FALSE,FALSE,1,1,0
378,Shaggy & Scooby-Doo Get a Clue!,The CW,2,Shaggy and Scooby World,5.3,15,9/22/2007,23,TV Series,"Dr. Phineus Phibes,Dr. Trebla,Agent 1,Agent 2,Agent 5,Agent 6,Agent 7,Agent 9,Mark,Ricky","Super-Villain,Super-Villain,Disguised,Disguised,Disguised,Disguised,Disguised,Disguised,Super-Villain,Super-Villain","Doctor,Doctor,Agent,Agent,Agent,Agent,Agent,Agent,Nerd,Nerd","Human,Human,Human,Human,Human,Human,Human,Human,Human,Human",TRUE,10,Urban,United States,0,NULL,NULL,0,Conquest,FALSE,FALSE,1,1,0
379,Shaggy & Scooby-Doo Get a Clue!,The CW,2,Almost Purr-fect,5.2,16,9/29/2007,23,TV Series,"Dr. Phineus Phibes,Agent 1,Agent 2,Agent 4,Mark,Ricky,Dr. Trebla,Menace","Super-Villain,Disguised,Disguised,Disguised,Super-Villain,Super-Villain,Super-Villain,Super-Villain,Super-Villain","Doctor,Agent,Agent,Agent,Nerd,Nerd,Doctor,Wrestler","Human,Human,Human,Human,Human,Human,Human,Human",TRUE,8,Urban,United States,0,NULL,NULL,0,Theft,FALSE,FALSE,1,1,0
380,Shaggy & Scooby-Doo Get a Clue!,The CW,2,Inside Job,5.9,18,10/6/2007,22,TV Series,"Dr. Phineus Phibes,Agent 1,Agent 2,Agent 3,Agent 4,Agent 5,Agent 6,Agent 8,Agent 9,Dr Trebla","Super-Villain,Disguised,Disguised,Disguised,Disguised,Disguised,Disguised,Disguised,Disguised,Super-Villain","Doctor,Agent,Agent,Agent,Agent,Agent,Agent,Agent,Agent,Doctor","Human,Human,Human,Human,Human,Human,Human,Human,Human,Human",TRUE,10,Urban,United States,8,NULL,NULL,0,Conquest,FALSE,FALSE,1,0,0
381,Shaggy & Scooby-Doo Get a Clue!,The CW,2,Zoinksman,5.5,14,10/13/2007,23,TV Series,"Dr. Phineus Phibes,Agent 1,Agent 2,Agent 3,Agent 4,Agent 5,Agent 7,Agent 8,Agent 9,Agent 11,Agent 12,Agent 13,Dr Trebla","Super-Villain,Disguised,Disguised,Disguised,Disguised,Disguised,Disguised,Disguised,Disguised,Disguised, Disguised, Disguised,Super-Villain","Doctor,Agent,Agent,Agent,Agent,Agent,Agent,Agent,Agent,Agent,Agent,Agent,Doctor","Human,Human,Human,Human,Human,Human,Human,Human,Human,Human,Human,Human,Human,",TRUE,13,Island,United States,0,NULL,NULL,0,Conquest,FALSE,FALSE,0,3,0
382,Shaggy & Scooby-Doo Get a Clue!,The CW,2,The Many Faces of Evil,5.4,13,11/3/2007,23,TV Series,"Dr. Phineus Phibes,Clown Phibes,Evil Phibes,Peekaboo Phibes,Klepto Phibes,Kung Fu Phibes,Pirate Phibes,Pantsing Phibes,Mark,Ricky,Dr. Trebla","Super-Villain,Super-Villain,Super-Villain,Super-Villain,Super-Villain,Super-Villain,Super-Villain,Super-Villain,Super-Villain,Super-Villain,Super-Villain","Doctor,Clown,Doctor,Playful,Burglar,Kung Fu,Pirate,Doctor,Nerd,Nerd,Doctor","Human,Human,Human,Human",TRUE,11,Urban,United States,0,NULL,NULL,0,Conquest,FALSE,FALSE,0,1,0
383,Shaggy & Scooby-Doo Get a Clue!,The CW,2,Crusin' for a Brusin',5.6,11,11/10/2007,22,TV Series,"Dr. Phineus Phibes,Agent 1,Agent 2,Dr. Trebla","Super-Villain,Disguised,Disguised,Super-Villain","Doctor,Agent,Agent,Doctor","Human,Human,Human,Human",TRUE,4,Ocean,Mexico,0,NULL,NULL,0,Conquest,FALSE,FALSE,2,0,0
384,Shaggy & Scooby-Doo Get a Clue!,The CW,2,There's a Doctor in the House,5.5,11,12/1/2007,23,TV Series,"Dr. Phineus Phibes,Evil Phibes,Agent 1,Agent 2,Agent 3,Agent 4,Agent 13,Dr. Trebla","Super-Villain,Super-Villain,Disguised,Disguised,Disguised,Disguised,Disguised,Super-Villain","Doctor,Doctor,Agent,Agent,Agent,Agent,Agent,Doctor","Human,Human,Human,Human,Human,Human,Human,Human",TRUE,8,Urban,United States,1,NULL,NULL,0,Conquest,FALSE,FALSE,1,1,0
385,Shaggy & Scooby-Doo Get a Clue!,The CW,2,Super Scary Movie Night,5.4,11,1/26/2008,22,TV Series,"Dr. Phineus Phibes,Agent 1,Agent 2,Mark,Ricky,Dr. Trebla,Rusty,Bacon,Mummy,Frankenstein,Dracula,Swamp Monster","Super-Villain,Disguised,Disguised,Super-Villain,Super-Villain,Super-Villain,Animal,Animal,Undead,Undead,Undead,Animal","Doctor,Agent,Agent,Nerd,Nerd,Doctor,Werewolf,Pig,Mummy,Frankenstin's Monster,Vampire,Swamp Monster","Human,Human,Human,Human,Human,Human,Human,Pig,Human,Human,Human,Swamp-Monster",TRUE,12,Urban,United States,0,NULL,NULL,0,Conquest,FALSE,FALSE,1,1,0
386,Shaggy & Scooby-Doo Get a Clue!,The CW,2,Scooby Dudes,6.2,13,2/23/2008,23,TV Series,"Dr. Phineus Phibes,Agent 1,Agent 2,Agent 4,Mark,Ricky,Dr. Trebla,Menace,Super Bulls,Cocky","Super-Villain,Disguised,Disugised,Disguised,Super-Villain,Super-Villain,Super-Villain,Animal,Animal","Doctor,Agent,Agent,Agent,Nerd,Nerd,Doctor,Bull,Giant","Human,Human,Human,Human,Human,Human,Human,Bull,Rooster",TRUE,9,Desert,Texas,0,NULL,NULL,0,Conquest,FALSE,FALSE,1,1,0
387,Shaggy & Scooby-Doo Get a Clue!,The CW,2,Zoinks the Wonder Dog,5.1,9,3/8/2008,23,TV Series,"Zoinks,Dr. Phineus Phibes,Agent 1,Agent 2,Mark,Ricky,Dr. Trebla,Groovy Don","Mechanical,Super-Villain,Disguised,Disguised,Super-Villain,Super-Villain,Super-Villain,Mechanical","Dog,Doctor,Agent,Agent,Nerd,Nerd,Doctor,Hippy","Robot,Human,Human,Human,Human,Human,Human,Robot",TRUE,8,Urban,United States,0,NULL,NULL,0,Conquest,FALSE,FALSE,3,16,0
388,Shaggy & Scooby-Doo Get a Clue!,The CW,2,Uncle Albert Alert,5.8,9,3/15/2008,23,TV Series,"Dr. Phineus Phibes,Agent 1,Agent 2,Agent 4,Agent 5,Agent 13,Agent 21,Agent 44,Agent 89,Mark,Ricky,Dr. Trebla","Super-Villain,Disguised,Disguised,Disguised,Disguised,Disguised,Disguised,Disguised,Disguised,Super-Villain,Super-Villain,Super-Villain","Doctor,Agent,Agent,Agent,Agent,Agent,Agent,Agent,Agent,Nerd,Nerd,Doctor","Human,Human,Human,Human,Human,Human,Human,Human,Human,Human,Human,Human",TRUE,12,Urban,United States,0,NULL,NULL,0,Conquest,FALSE,FALSE,1,2,0
389,Scooby-Doo Mystery Incorporated,Cartoon Network,1,Beware the Beast From Below,7.9,337,4/5/2010,23,TV Series,Slime Mutant,Possessed Object,Slime,Slime-Monster,FALSE,1,Urban,California,2,TRUE,Professor Emmanuel Raffalo,1,Theft,FALSE,FALSE,0,1,0
390,Scooby-Doo Mystery Incorporated,Cartoon Network,1,The Creeping Creatures,7.8,304,7/19/2010,23,TV Series,"Creeping Creatures,Creeping Creatures,Creeping Creatures","Animal,Animal,Animal","Humanoid,Humanoid,Humanoid","Alligator,Alligator,Alligator",FALSE,3,Swamp,California,3,TRUE,"Grady Gator,Greta Gator,Gunther Gator",3,Counterfeit,FALSE,FALSE,0,2,0
391,Scooby-Doo Mystery Incorporated,Cartoon Network,1,The Secret of the Ghost Rig,7.7,267,7/26/2010,23,TV Series,Ghost Truck,Possessed Object,Truck,Truck,FALSE,1,Urban,California,2,TRUE,Rung Ladderton,1,Theft,FALSE,FALSE,0,1,0
392,Scooby-Doo Mystery Incorporated,Cartoon Network,1,Revenge of the Man Crab,7.7,255,8/2/2010,22,TV Series,Man-Crab,Animal,Humanoid,Crab,FALSE,1,Coast,California,2,TRUE,Bud Shelton,1,Competition,FALSE,FALSE,0,1,0
393,Scooby-Doo Mystery Incorporated,Cartoon Network,1,The Song of Mystery,8,254,8/9/2010,22,TV Series,"Que Horrifico,Spookified Kids","Ancient,Possessed","Pupeteer,Kid","Human,Human",FALSE,2,Urban,California,2,TRUE,Mary Anne Gleardan,1,Competition,FALSE,FALSE,0,0,0
394,Scooby-Doo Mystery Incorporated,Cartoon Network,1,The Legend of Alice May,8.5,263,8/16/2010,23,TV Series,Ghost Girl,Ghost,Ghost,Human,FALSE,1,Urban,California,1,TRUE,Alice May,1,Competition,FALSE,FALSE,0,2,0
395,Scooby-Doo Mystery Incorporated,Cartoon Network,1,In Fear of the Phantom,8.2,256,8/23/2010,23,TV Series,Phantom,Ghost,Phantom,Human,FALSE,1,Urban,California,2,TRUE,Daniel Prezette,1,Competition,FALSE,FALSE,0,0,0
396,Scooby-Doo Mystery Incorporated,Cartoon Network,1,The Grasp of the Gnome,7.8,229,8/30/2010,23,TV Series,Gnome,Mythical,Gnome,Human,FALSE,1,Forest,California,3,TRUE,Gill Littlefoot,1,Competition,FALSE,FALSE,0,0,0
397,Scooby-Doo Mystery Incorporated,Cartoon Network,1,Battle of the Humungonauts,7.6,221,9/7/2010,23,TV Series,"Green Humungonaut,Red Humungonaut","Animal,Animal","Humanoid,Humanoid","Ape,Ape",FALSE,2,Urban,California,3,TRUE,"Max Minner,Jax Minner",2,Competition,FALSE,FALSE,0,4,0
398,Scooby-Doo Mystery Incorporated,Cartoon Network,1,Howl of the Fright Hound,8.2,235,10/4/2010,23,TV Series,Fright Hound,Mechanical,Robot,Hound,FALSE,1,Urban,California,3,TRUE,Mrs. Wyatt,1,Competition,FALSE,FALSE,0,0,0
399,Scooby-Doo Mystery Incorporated,Cartoon Network,1,The Secret Serum,8.1,225,10/11/2010,22,TV Series,Vampire,Undead,Vampire,Human,FALSE,1,Urban,California,3,TRUE,Sheila Altoonian,1,Theft,FALSE,FALSE,0,0,0
400,Scooby-Doo Mystery Incorporated,Cartoon Network,1,The Shrieking Madness,8.4,246,10/18/2010,22,TV Series,Char Gar Gothakon,Extraterrestrial,Humanoid,Squid,FALSE,1,Urban,California,5,TRUE,Howard E. Roberts,1,Competition,FALSE,FALSE,0,1,0
401,Scooby-Doo Mystery Incorporated,Cartoon Network,1,When the Cicada Calls,8,224,10/25/2010,22,TV Series,Cicada Creature,Animal,Insect,Cicada,FALSE,1,Urban,California,5,TRUE,Grandma Moonbeam,1,Preservation,FALSE,FALSE,0,0,0
402,Scooby-Doo Mystery Incorporated,Cartoon Network,1,Mystery Solvers Club State Finals,8.2,254,5/3/2011,22,TV Series,Lord Infernicus,Undead,Skeleton,Human,FALSE,1,Urban,California,6,FALSE,Funky Phantom,1,Imagination,FALSE,FALSE,0,0,0
403,Scooby-Doo Mystery Incorporated,Cartoon Network,1,The Wild Brood,7.7,221,5/10/2011,22,TV Series,Shadowy Orc,Mythical,Orc,Orc,FALSE,1,Urban,California,6,TRUE,Maxwell,1,Competition,FALSE,FALSE,0,2,0
404,Scooby-Doo Mystery Incorporated,Cartoon Network,1,Where Walks Aphrodite,8.2,228,5/17/2011,21,TV Series,Aphrodite,Mythical,Pupeteer,Human,FALSE,1,Urban,California,1,TRUE,Amanda Smythe,1,Competition,FALSE,FALSE,0,0,0
405,Scooby-Doo Mystery Incorporated,Cartoon Network,1,Escape from Mystery Manor,8.8,250,5/24/2011,22,TV Series,Danny Darrow,Ancient,Hermit,Human,TRUE,1,Urban,California,0,NULL,NULL,0,Preservation,FALSE,FALSE,0,0,0
406,Scooby-Doo Mystery Incorporated,Cartoon Network,1,The Dragon's Secret,8.2,211,5/31/2011,22,TV Series,White Wizard,Magician,Wizard,Human,FALSE,1,Urban,California,3,TRUE,"Mr. Wang,Mai Le",2,Theft,FALSE,FALSE,1,1,0
407,Scooby-Doo Mystery Incorporated,Cartoon Network,1,Nightfright,8.5,227,6/7/2011,22,TV Series,Nightfright,Mythical,Demon,Demon,FALSE,1,Urban,California,3,TRUE,Argus Fentonpoof,1,Competition,FALSE,FALSE,0,1,0
408,Scooby-Doo Mystery Incorporated,Cartoon Network,1,The Siren's Song,8.1,203,6/14/2011,23,TV Series,"Fish Freaks,Fish Freaks,Fish Freaks,Fish Freaks","Animal,Animal,Animal,Animal","Humanoid,Humanoid,Humanoid,Humanoid","Fish,Fish,Fish,Fish",FALSE,4,Urban,California,5,TRUE,Ernesto,1,Natural Resource,FALSE,FALSE,0,2,0
409,Scooby-Doo Mystery Incorporated,Cartoon Network,1,Menace of the Manticore,8.2,212,6/21/2011,22,TV Series,Manticore,Mythical,Manticore,Manticore,FALSE,1,Urban,California,3,TRUE,Hotdog Water,1,Competition,FALSE,FALSE,0,0,0
410,Scooby-Doo Mystery Incorporated,Cartoon Network,1,Attack of the Headless Horror,8.1,196,6/28/2011,22,TV Series,Headless Horror,Ancient,Humanoid,Jungle-Monster,FALSE,1,Urban,California,3,FALSE,Marion Spartan,1,Competition,FALSE,FALSE,0,1,0
411,Scooby-Doo Mystery Incorporated,Cartoon Network,1,A Haunting in Crystal Cove,8.6,211,7/5/2011,22,TV Series,Shadowy Figure,Ghost,Shadow,Human,FALSE,1,Urban,California,2,TRUE,Professor Pericles,1,Theft,FALSE,FALSE,0,2,0
412,Scooby-Doo Mystery Incorporated,Cartoon Network,1,Dead Justice,8.2,194,7/12/2011,22,TV Series,Ghost of Dead Justice,Ghost,Sheriff,Human,FALSE,1,Urban,California,3,TRUE,Deputy Bucky,1,Competition,FALSE,FALSE,0,2,0
413,Scooby-Doo Mystery Incorporated,Cartoon Network,1,Pawn of Shadows,8.8,212,7/19/2011,23,TV Series,Obliteratrix,Undead,Assassin,Human,FALSE,1,Urban,California,3,TRUE,Alice May,1,Theft,FALSE,FALSE,0,2,0
414,Scooby-Doo Mystery Incorporated,Cartoon Network,1,All Fear the Freak,9.2,272,7/26/2011,23,TV Series,Freak of Crystal Cove,Ancient,Humanoid,Beast,FALSE,1,Urban,California,3,TRUE,Mayor Fred Jones Sr.,1,Theft,FALSE,FALSE,0,1,0
415,Warner Home Video,Warner Home Video,Special,Scooby-Doo! Spooky Games,6.9,195,7/17/2012,23,TV Series,Fortius,Possessed Object,Statue,Human,FALSE,1,Urban,England,4,TRUE,Jack Riggens,1,Competition,FALSE,FALSE,0,0,0
416,Scooby-Doo Mystery Incorporated,Cartoon Network,2,The Night the Clown Cried,8.5,226,7/30/2012,23,TV Series,Crybaby Clown,Disguised,Clown,Human,FALSE,1,Urban,California,1,NULL,NULL,0,NULL,FALSE,FALSE,0,0,0
417,Scooby-Doo Mystery Incorporated,Cartoon Network,2,The House of the Nightmare Witch,7.9,187,7/31/2012,23,TV Series,"Baba Yaga House,Baba Yaga","Possessed Object,Magician","House,Witch","House,Human",FALSE,2,Forest,California,2,TRUE,Curator Vronsky,1,Smuggling,FALSE,FALSE,0,0,0
418,Scooby-Doo Mystery Incorporated,Cartoon Network,2,The Night the Clown Cried II - Tears of Doom,8.4,197,8/1/2012,23,TV Series,Crybaby Clown,Disguised,Clown,Human,FALSE,1,Urban,California,2,TRUE,Baylor Hotner,1,Abduction,FALSE,FALSE,0,2,0
419,Scooby-Doo Mystery Incorporated,Cartoon Network,2,Web of the Dreamweaver!,8.2,192,8/2/2012,23,TV Series,Dreamweaver,Magician,Wizard,Human,FALSE,1,Urban,California,4,TRUE,Horbert Feist,1,Competition,FALSE,FALSE,0,0,0
420,Scooby-Doo Mystery Incorporated,Cartoon Network,2,The Hodag of Horror,8.4,188,8/3/2012,23,TV Series,Hodag of Horror,Animal,Beast,Beast,FALSE,1,Urban,California,3,TRUE,Ned Fussbuster,1,Theft,FALSE,FALSE,0,0,0
421,Scooby-Doo Mystery Incorporated,Cartoon Network,2,Art of Darkness,7.7,177,8/6/2012,23,TV Series,Junk,Mechanical,Trash,Trash,FALSE,1,Urban,California,6,TRUE,Butch Firbanks,1,Competition,FALSE,FALSE,0,0,0
422,Scooby-Doo Mystery Incorporated,Cartoon Network,2,The Gathering Gloom,8.2,172,8/7/2012,22,TV Series,Graveyard Ghoul,Undead,Ghoul,Human,FALSE,1,Rural,California,5,FALSE,Evallo von Meanskrieg,1,Natural Resource,FALSE,FALSE,0,1,0
423,Scooby-Doo Mystery Incorporated,Cartoon Network,2,Night on Haunted Mountain,8.3,183,8/8/2012,23,TV Series,Dark Lilith,Mythical,Demon,Demon,FALSE,1,Desert,California,3,FALSE,Hotdog Water,1,Treasure,FALSE,FALSE,0,2,0
424,Scooby-Doo Mystery Incorporated,Cartoon Network,2,Grrim Judgment,8.3,176,8/9/2012,23,TV Series,Hebediah Grim,Undead,Zombie,Human,FALSE,1,Forest,California,3,TRUE,"Gary,Ethan",2,Competition,FALSE,FALSE,0,0,0
425,Scooby-Doo Mystery Incorporated,Cartoon Network,2,Night Terrors,9.1,202,8/10/2012,23,TV Series,Fiend,Mythical,Anubis,Human,FALSE,1,Mountain,United States,3,TRUE,Dan Fluunk,1,Competition,FALSE,FALSE,0,0,0
426,Scooby-Doo Mystery Incorporated,Cartoon Network,2,The Midnight Zone,8.7,187,8/13/2012,22,TV Series,"Kriegstaffebot,Ghost of Abigail Gluck","Mechanical,Ghost","Soldier,Ghost","Robot,Human",TRUE,2,Ocean,California,2,TRUE,Professor Pericles,1,Theft,FALSE,FALSE,0,0,0
427,Scooby-Doo Mystery Incorporated,Cartoon Network,2,Scarebear,8.2,169,8/14/2012,23,TV Series,Scarebear,Animal,Mutant,Bear,FALSE,1,Forest,California,2,FALSE,Benson Fuhrman,1,Preservation,FALSE,FALSE,0,0,0
428,Scooby-Doo Mystery Incorporated,Cartoon Network,2,Wrath of the Krampus,8.9,207,8/15/2012,22,TV Series,Krampus,Mythical,Beast,Krampus,FALSE,1,Urban,California,1,TRUE,"Fred Jones Jr.,Daphnie Blake,Velma Dinkley,Shaggy Rodgers,Scooby-Doo,Sheriff Bronson Stone,Mayor Janet Nettles,Mary Anne Gleardan,Fred Jones Sr.,Jason Wyatt,Hotdog Water",11,Theft,FALSE,FALSE,0,0,0
429,Scooby-Doo Mystery Incorporated,Cartoon Network,2,Heart of Evil,7.6,174,8/16/2012,22,TV Series,Dragon,Mechanical,Dragon,Dragon,FALSE,1,Island,United States,0,FALSE,"Dr. Zin,Jenny",2,Theft,FALSE,FALSE,1,0,0
430,Scooby-Doo Mystery Incorporated,Cartoon Network,2,Theater of Doom,8.6,180,8/17/2012,22,TV Series,Mummy of Friar Serra,Undead,Mummy,Human,FALSE,1,Urban,United States,3,TRUE,George Avocados,1,Theft,FALSE,FALSE,0,0,0
431,Warner Home Video,Warner Home Video,Special,Scooby-Doo! Haunted Holidays,7,392,10/16/2012,23,TV Series,Sinister Snowman,Possessed Object,Snow-Man,Snow-Man,FALSE,1,Urban,United States,5,TRUE,Fabian Menkle,1,Competition,FALSE,FALSE,0,1,0
432,Scooby-Doo Mystery Incorporated,Cartoon Network,2,Aliens Among Us,8,172,3/25/2013,22,TV Series,"Grey Alien,Reptiod,Nordic Alien","Extraterrestrial,Animal,Extraterrestrial","Alien,Humanoid,Alien","Alien,Reptile,Alien",FALSE,3,Urban,California,0,TRUE,"Traveler O'Flaherty,Connor O'Flaherty,Sheela O'Flaherty",3,Theft,FALSE,FALSE,0,1,0
433,Scooby-Doo Mystery Incorporated,Cartoon Network,2,The Horrible Herd,8.3,167,3/25/2013,22,TV Series,"Skull Cattles,Skull Cattle Queen","Undead,Undead","Skeleton,Skeleton","Bull,Bull",FALSE,2,Rural,California,4,TRUE,Professor Pericles,1,Theft,FALSE,FALSE,0,0,0
434,Scooby-Doo Mystery Incorporated,Cartoon Network,2,Dance of the Undead,8,180,3/26/2013,22,TV Series,"Rude Boy and the Ska-Tastics,Rude Boy and the Ska-Tastics,Rude Boy and the Ska-Tastics,Rude Boy and the Ska-Tastics","Undead,Undead,Undead,Undead","Zombie,Zombie,Zombie,Zombie","Human,Human,Human,Human",FALSE,4,Urban,California,2,TRUE,"Rude Boy and the Ska-Tastics,Rude Boy and the Ska-Tastics,Rude Boy and the Ska-Tastics,Rude Boy and the Ska-Tastics",4,Competition,FALSE,FALSE,0,2,0
435,Scooby-Doo Mystery Incorporated,Cartoon Network,2,The Devouring,7.8,166,3/27/2013,23,TV Series,Gluton Demon,Mythical,Demon,Demon,FALSE,1,Urban,California,3,TRUE,Francilee Jackson,1,Competition,FALSE,FALSE,0,1,0
436,Scooby-Doo Mystery Incorporated,Cartoon Network,2,Stand and Deliver,8.3,171,3/28/2013,22,TV Series,Dandy Highwayman,Disguised,Highwayman,Human,FALSE,1,Urban,California,2,TRUE,Librarian,1,Competition,FALSE,FALSE,0,0,0
437,Scooby-Doo Mystery Incorporated,Cartoon Network,2,The Man in the Mirror,8.9,176,3/29/2013,22,TV Series,"Evil Fred,Evil Daphnie","Disguised,Disguised","Clone,Clone","Human,Human",FALSE,2,Urban,California,0,TRUE,"Brad Chiles,Judy Reeves",2,Theft,FALSE,FALSE,0,1,0
438,Scooby-Doo Mystery Incorporated,Cartoon Network,2,Nightmare in Red,8.9,187,4/2/2013,23,TV Series,Monstrous Freak,Animal,Humanoid,Beast,FALSE,1,Rural,California,2,TRUE,Fernando El Aguirre,1,Preservation,FALSE,FALSE,0,0,0
439,Scooby-Doo Mystery Incorporated,Cartoon Network,2,Dark Night of Hunters,8.4,165,4/3/2013,22,TV Series,Priestess,Magician,Shaman,Human,FALSE,1,Jungle,Mexico,2,TRUE,Prof. Enrique Andelusossa,1,Competition,FALSE,FALSE,0,1,0
440,Scooby-Doo Mystery Incorporated,Cartoon Network,2,Gates of Gloom,8.7,169,4/4/2013,23,TV Series,Kriegstaffebot,Mechanical,Soldier,Robot,FALSE,1,Cave,California,1,FALSE,Professor Pericles,1,Treasure,FALSE,FALSE,0,1,0
441,Scooby-Doo Mystery Incorporated,Cartoon Network,2,Through the Curtain,9,184,4/5/2013,22,TV Series,Evil Entity,Mythical,Evil,Element,TRUE,1,Cave,California,0,TRUE,NULL,0,Conquest,FALSE,FALSE,0,2,0
442,Scooby-Doo Mystery Incorporated,Cartoon Network,2,Come Undone,9.3,260,4/5/2013,22,TV Series,"Evil Entity,Minions","Mythical,Ancient","Evil,Humanoid","Element,Human",TRUE,2,Urban,California,0,TRUE,NULL,0,Conquest,FALSE,FALSE,0,2,0
443,Warner Home Video,Warner Home Video,Special,Scooby-Doo! and the Spooky Scarecrow,7.3,403,9/10/2013,23,TV Series,Cornfield Clem,Possessed Object,Scarecrow,Scarecrow,FALSE,1,Rural,United States,9,TRUE,Abner,1,Theft,FALSE,FALSE,0,0,0
444,Warner Home Video,Warner Home Video,Special,Scooby-Doo! Mecha Mutt Menace,6.5,242,9/24/2013,23,TV Series,Mecha Mutt,Mechanical,Robot,Hound,FALSE,1,Urban,United States,4,TRUE,Melanie Staples,1,Competition,FALSE,FALSE,1,1,0
445,Warner Home Video,Warner Home Video,Special,Scooby-Doo! Ghastly Goals!,6.6,216,5/13/2014,22,TV Series,Eshu,Animal,Humanoid,Beast,FALSE,1,Urban,Brazil,5,TRUE,Reynaldo,1,Theft,FALSE,FALSE,0,1,0
446,Warner Home Video,Warner Home Video,Special,Scooby-Doo! and the Beach Beastie,7.1,188,5/5/2015,22,TV Series,Sea Monster,Possessed Object,Elemental,Water,FALSE,1,Coast,Florida,4,TRUE,Grafton Brownstone,1,Theft,FALSE,FALSE,2,0,0
447,"Be Cool, Scooby-Doo!",Cartoon Network,1,Mystery 101,7.9,122,10/5/2015,22,TV Series,Ghost of Elias Kingston,Ghost,Ghost,Human,FALSE,1,Urban,United States,3,TRUE,"Mitchell Simons,Joe Simons",2,Competition,FALSE,FALSE,0,0,0
448,"Be Cool, Scooby-Doo!",Cartoon Network,1,Game of Chicken,7.2,102,10/6/2015,22,TV Series,Spirit of the Zatari Warrior,Ancient,Spirit,Human,FALSE,1,Cave,United States,3,TRUE,Chuck Mangum,1,Treasure,FALSE,FALSE,0,1,0
449,"Be Cool, Scooby-Doo!",Cartoon Network,1,All Pawns on Deck,7.4,101,10/7/2015,22,TV Series,"Sea Creature,Sea Creature","Animal,Animal","Humanoid,Humanoid","Sea-Monster,Sea-Monster",FALSE,2,Ocean,United States,4,TRUE,"Thorn,Dahlia",2,Treasure,FALSE,FALSE,0,1,0
450,"Be Cool, Scooby-Doo!",Cartoon Network,1,Poodle Justice,7.3,85,10/8/2015,22,TV Series,Gargoyle,Possessed Object,Statue,Gargoyle,FALSE,1,Urban,United States,4,TRUE,Carli,1,Competition,FALSE,FALSE,0,0,0
451,"Be Cool, Scooby-Doo!",Cartoon Network,1,Grand Scam,7.3,78,10/9/2015,22,TV Series,Ghost of Chip Braverton,Ghost,Ghost,Human,FALSE,1,Urban,United States,3,TRUE,Dustin Wallswreath,1,Competition,FALSE,FALSE,0,0,0
452,"Be Cool, Scooby-Doo!",Cartoon Network,1,Trading Chase,7.6,80,10/12/2015,22,TV Series,Sobek,Mythical,Humanoid,Crocodile,FALSE,1,Urban,United States,3,TRUE,Prof. Salazar,1,Theft,FALSE,FALSE,0,0,0
453,"Be Cool, Scooby-Doo!",Cartoon Network,1,"Be Quiet, Scooby-Doo!",7.5,84,10/15/2015,22,TV Series,Crystal Crawler,Animal,Humanoid,Cave-Monster,FALSE,1,Cave,United States,2,TRUE,Colson McCready,1,Competition,FALSE,FALSE,0,0,0
454,"Be Cool, Scooby-Doo!",Cartoon Network,1,Party Like It's 1899,8.2,88,10/19/2015,22,TV Series,Headless Count,Undead,Headless,Human,FALSE,1,Rural,United States,5,TRUE,Bradwick Haverall,1,Theft,FALSE,FALSE,0,0,0
455,"Be Cool, Scooby-Doo!",Cartoon Network,1,Screama Donna,7.4,72,10/20/2015,22,TV Series,Ghost of the Prima Donna,Ghost,Ghost,Human,FALSE,1,Urban,United States,4,TRUE,Jasper Crawl,1,Competition,FALSE,FALSE,0,2,0
456,"Be Cool, Scooby-Doo!",Cartoon Network,1,Kitchen Frightmare,7.5,75,10/21/2015,22,TV Series,Yeti,Animal,Yeti,Yeti,FALSE,1,Urban,United States,3,TRUE,Jack Howard,1,Competition,FALSE,FALSE,0,0,0
457,"Be Cool, Scooby-Doo!",Cartoon Network,1,"Me, Myself, and A.I.",7.5,72,10/22/2015,22,TV Series,Butler 3000,Mechanical,Robot,Robot,FALSE,1,Urban,United States,3,TRUE,Mallory O'Neill,1,Competition,FALSE,FALSE,0,1,0
458,"Be Cool, Scooby-Doo!",Cartoon Network,1,Area 51 Adjacent,7.4,71,10/23/2015,22,TV Series,Alien,Extraterrestrial,Alien,Alien,FALSE,1,Desert,Nevada,2,TRUE,General Stall,1,Competition,FALSE,FALSE,0,2,0
459,"Be Cool, Scooby-Doo!",Cartoon Network,1,"Where There's a Will, There's a Wraith",7.5,81,10/28/2015,22,TV Series,Phantom,Ghost,Phantom,Human,FALSE,1,Rural,United States,4,TRUE,"Ruby Lutz, Trudy Lutz",2,Inheritance,FALSE,FALSE,0,0,0
460,Lego,Cartoon Network,Special,Scooby-Doo! Knight Time Terror,6.6,288,11/25/2015,22,TV Series,Black Knight,Possessed Object,Suit,Object,FALSE,1,Rural,United States,6,TRUE,Kyle Grimsley,1,Treasure,TRUE,FALSE,0,0,0
461,"Be Cool, Scooby-Doo!",Cartoon Network,1,Scary Christmas,7.4,75,12/5/2015,22,TV Series,Pterodactyl,Ancient,Dinosaur,Pterodactyl,FALSE,1,Urban,United States,4,TRUE,"David,Alistair Leventhal",2,Theft,FALSE,FALSE,0,0,0
462,"Be Cool, Scooby-Doo!",Cartoon Network,1,"If You Can't Scooby-Doo the Time,Don't Scooby-Doo the Crime",7.7,72,12/10/2015,24,TV Series,Ghost of Stealin' Stan,Ghost,Prisoner,Human,FALSE,1,Island,United States,2,FALSE,Stealin' Stan,1,Theft,FALSE,FALSE,0,1,0
463,"Be Cool, Scooby-Doo!",Cartoon Network,1,Gremlin on a Plane,7.8,66,2/13/2016,22,TV Series,Gremlin,Mythical,Gremlin,Gremlin,FALSE,1,Air,United States,3,TRUE,Ed Johnson,1,Competition,FALSE,FALSE,0,1,0
464,"Be Cool, Scooby-Doo!",Cartoon Network,1,Sorcerer Snacks Scare,7.9,67,2/20/2016,22,TV Series,Sorcerer,Magician,Sorcerer,Human,FALSE,1,Urban,United States,4,TRUE,Piero,1,Competition,FALSE,FALSE,0,2,0
465,"Be Cool, Scooby-Doo!",Cartoon Network,1,Saga of the Swamp Beast,8.2,67,2/27/2016,22,TV Series,Swamp Monster,Plant,Humanoid,Swamp-Monster,FALSE,1,Swamp,Louisiana,3,TRUE,Dwayne,1,Theft,FALSE,FALSE,0,1,0
466,"Be Cool, Scooby-Doo!",Cartoon Network,1,"Be Cold, Scooby-Doo!",7.5,63,3/5/2016,22,TV Series,Snow Monster,Possessed Object,Snow-Man,Snow-Man,FALSE,1,Snow,United States,3,TRUE,Heidi Ho Swift,1,Preservation,FALSE,FALSE,0,1,0
467,"Be Cool, Scooby-Doo!",Cartoon Network,1,Giant Problems,7.4,58,3/12/2016,22,TV Series,Giant,Mythical,Giant,Cyclops,FALSE,1,Forest,Ireland,3,TRUE,Colin McQuaid,1,Competition,FALSE,FALSE,0,0,0
468,"Be Cool, Scooby-Doo!",Boomerang,1,Eating Crow,7.4,54,3/23/2016,22,TV Series,"Scarecrow,Scarecrow","Possessed Object,Possessed Object","Humanoid,Humanoid","Scarecrow,Scarecrow",FALSE,2,Rural,United States,4,FALSE,"Jonathan,Old Tom",2,Natural Resource,FALSE,FALSE,0,1,0
469,"Be Cool, Scooby-Doo!",Boomerang,1,I Scooby Dooby Do,7.2,58,6/20/2017,22,TV Series,Ghost of the Cliff Bride,Undead,Zombie,Human,FALSE,1,Rural,United States,4,FALSE,"Kimmy's Mother,Nate's Mother",2,Competition,FALSE,FALSE,0,0,0
470,"Be Cool, Scooby-Doo!",Boomerang,1,El Bandito,7.6,52,6/20/2017,22,TV Series,Spirit of El Bandito,Undead,Skeleton,Human,FALSE,1,Rural,Mexico,3,TRUE,Gustavo,1,Treasure,FALSE,FALSE,0,0,0
471,"Be Cool, Scooby-Doo!",Boomerang,1,Into the Mouth Madcap,7.2,50,6/20/2017,22,TV Series,Madcap the Killer Clown,Disguised,Clown,Human,FALSE,1,Urban,United States,4,TRUE,Oopsy,1,Competition,FALSE,FALSE,0,2,0
472,"Be Cool, Scooby-Doo!",Boomerang,1,The Norse Case Scenario,7.3,48,6/20/2017,22,TV Series,"Viking Ghosts,Viking Ghosts,Viking Ghosts","Ghost,Ghost,Ghost","Viking,Viking,Viking","Human,Human,Human",FALSE,3,Forest,United States,6,TRUE,"Donald,Edith,Ranger Mark",3,Natural Resource,FALSE,FALSE,0,0,0
473,"Be Cool, Scooby-Doo!",Boomerang,1,The People vs. Fred Jones,7.7,50,6/20/2017,22,TV Series,Toxic Mutant,Undead,Mutant,Human,FALSE,1,Urban,United States,3,TRUE,Dayton Knight,1,Theft,FALSE,FALSE,0,1,0
474,"Be Cool, Scooby-Doo!",Boomerang,2,Some Fred Time,8.2,53,11/14/2017,22,TV Series,Dorsal Foot,Animal,Humanoid,Shark,FALSE,1,Coast,United States,3,TRUE,Bellington,1,Competition,FALSE,FALSE,0,1,0
475,"Be Cool, Scooby-Doo!",Boomerang,2,There Wolf,7.5,40,11/15/2017,22,TV Series,Werewolf,Animal,Werewolf,Human,FALSE,1,Forest,United States,3,TRUE,Miguel,1,Theft,FALSE,FALSE,0,1,0
476,"Be Cool, Scooby-Doo!",Boomerang,2,Renn Scare,7.4,40,11/15/2017,22,TV Series,Jester Monster,Disguised,Jester,Human,FALSE,1,Forest,United States,3,TRUE,Harvey,1,Competition,FALSE,FALSE,0,0,0
477,"Be Cool, Scooby-Doo!",Boomerang,2,How to Train Your Coward,7.6,42,12/21/2017,22,TV Series,Vampire,Undead,Vampire,Human,FALSE,1,Rural,United States,3,TRUE,"Sheriff Boon,Paco",2,Theft,FALSE,FALSE,0,1,0
478,"Be Cool, Scooby-Doo!",Boomerang,2,Worst in Show,7.1,38,11/17/2017,22,TV Series,Houndbeast,Animal,Beast,Hound,FALSE,1,Urban,New York,4,TRUE,Estelle Brady,1,Competition,FALSE,FALSE,0,0,0
479,"Be Cool, Scooby-Doo!",Boomerang,2,Mysteries on the Disorient Express,7.5,42,11/18/2017,22,TV Series,"Grim Reaper,Mummy,Tengu,Tarasque,Tzitzimitl,Manticore,Haniver,Hemogoblin","Undead,Undead,Mythical,Mythical,Magician,Mythical,Mythical,Mythical","Skeleton,Mummy,Humanoid,Humanoid,Shaman,Beast,Beast,Goblin","Human,Human,Chicken,Turtle,Human,Manticore,Beast,Goblin",FALSE,8,Rural,United States,4,TRUE,"Tobor,Ichi,Other Spies",3,Theft,FALSE,FALSE,0,0,0
480,"Be Cool, Scooby-Doo!",Boomerang,2,Halloween,7.4,43,9/28/2017,22,TV Series,"Baba Yaga,Baba Yaga House","Magician,Possessed Object","Witch,House","Human,House",FALSE,2,Urban,United States,3,TRUE,"Mrs. Clune,Mr. Clune",2,Competition,FALSE,FALSE,0,1,0
481,"Be Cool, Scooby-Doo!",Boomerang,2,The Curse of Kaniaku,7.5,39,11/19/2017,22,TV Series,Kaniaku,Animal,Demon,Crab,FALSE,1,Urban,Japan,4,TRUE,Mr. Kagawa,1,Competition,FALSE,FALSE,0,0,0
482,"Be Cool, Scooby-Doo!",Boomerang,2,Vote Velma,6.6,40,11/19/2017,22,TV Series,Ghost of Amos Littlefield,Ghost,Ghost,Human,FALSE,1,Urban,United States,5,TRUE,Violet Oberon,2,Competition,FALSE,FALSE,0,0,0
483,"Be Cool, Scooby-Doo!",Boomerang,2,Scroogey Doo,7.7,47,11/30/2017,22,TV Series,"Ghost of Jacob Marley,Ghost of Christmas Past,Ghost of Christmas Present,Ghost of Christmas Future","Ghost,Ghost,Ghost,Ghost","Ghost,Ghost,Ghost,Ghost","Human,Human,Human,Human",FALSE,4,Urban,England,4,TRUE,Dr. Buggly,1,Theft,FALSE,FALSE,0,0,0
484,"Be Cool, Scooby-Doo!",Boomerang,2,In Space,8,44,11/20/2017,22,TV Series,Space Kook,Extraterrestrial,Humanoid,Alien,FALSE,1,Space,Space,3,TRUE,Officer Soung,1,Natural Resource,FALSE,FALSE,0,0,0
485,"Be Cool, Scooby-Doo!",Boomerang,2,Doo Not Distrub,7.9,50,11/21/2017,22,TV Series,Ghost of Mother,Undead,Zombie,Human,FALSE,1,Snow,United States,2,TRUE,Josh,1,Competition,FALSE,FALSE,0,0,0
486,"Be Cool, Scooby-Doo!",Boomerang,2,Silver Scream,7.4,38,11/22/2017,22,TV Series,Ghost of Archie Barnes,Ghost,Ghost,Human,FALSE,1,Rural,California,5,TRUE,Lori Logan,1,Competition,TRUE,FALSE,0,0,0
487,"Be Cool, Scooby-Doo!",Boomerang,2,Fright of Hand,7.2,35,11/22/2017,22,TV Series,Mutant Rabbit,Animal,Giant,Rabbit,FALSE,1,Urban,United States,3,TRUE,"Saul Twinkelshine,Greg Twinkelshine",2,Competition,FALSE,FALSE,0,0,0
488,"Be Cool, Scooby-Doo!",Boomerang,2,Greece in the World,6.7,35,11/23/2017,22,TV Series,Arachne,Mythical,Humanoid,Spider,FALSE,1,Rural,Greece,4,TRUE,"Aeslop,Prince Shlemielius",2,Competition,FALSE,FALSE,0,0,0
489,"Be Cool, Scooby-Doo!",Boomerang,2,American Goth,7.1,41,3/8/2018,22,TV Series,Plant Monster,Plant,Humanoid,Bush,FALSE,1,Urban,United States,4,TRUE,Dorbin,1,Competition,FALSE,FALSE,0,1,0
490,"Be Cool, Scooby-Doo!",Boomerang,2,Omelettes Are Forever,7.2,31,3/9/2018,22,TV Series,Minus,Disguised,Mutant,Human,FALSE,1,Urban,United States,4,TRUE,"Bubby,Dillingsley",2,Competition,FALSE,FALSE,0,0,0
491,"Be Cool, Scooby-Doo!",Boomerang,2,Ghost in the Mystery Machine,7.4,36,3/10/2018,22,TV Series,The Mystery Machine,Possessed Object,Car,Vehicle,FALSE,1,Desert,United States,4,TRUE,"Dr. Blum,Lori Walsh",2,Competition,FALSE,FALSE,0,0,0
492,"Be Cool, Scooby-Doo!",Boomerang,2,Naughty or Ice,7.4,38,3/11/2018,22,TV Series,Ice Man,Ancient,Caveman,Human,FALSE,1,Snow,United States,3,TRUE,Mrs. Anja,1,Theft,FALSE,FALSE,0,1,0
493,"Be Cool, Scooby-Doo!",Boomerang,2,Night of the Upsetting Shorts,7.3,39,3/12/2018,22,TV Series,Ape Man,Animal,Half-Human,Ape,FALSE,1,Urban,Florida,5,FALSE,Grammy Rodgers,1,Competition,FALSE,FALSE,0,0,0
494,"Be Cool, Scooby-Doo!",Boomerang,2,Junkyard Dogs,6.9,37,3/13/2018,22,TV Series,Trash Monster,Mechanical,Robot,Robot,FALSE,1,Rural,United States,3,TRUE,Officer Mike,1,Theft,FALSE,FALSE,0,0,0
495,"Be Cool, Scooby-Doo!",Boomerang,2,Protein Titans 2,6.7,33,3/14/2018,22,TV Series,Ghost Chef,Ghost,Chef,Human,FALSE,1,Urban,California,4,TRUE,"Zara,Megan Flemmming",2,Competition,FALSE,FALSE,0,1,0
496,"Be Cool, Scooby-Doo!",Boomerang,2,World of Witchcraft,6.9,33,3/15/2018,22,TV Series,Demon of Salem,Mythical,Demon,Demon,FALSE,1,Rural,Massachusetts,4,TRUE,"Mrs. Baker,Carl Baker",2,Theft,FALSE,FALSE,0,0,0
497,"Be Cool, Scooby-Doo!",Boomerang,2,Professor Huh? Part 1,7.8,37,3/16/2018,22,TV Series,Professor Huh?,Disguised,Random,Human,FALSE,1,Urban,United States,5,NULL,NULL,0,NULL,FALSE,FALSE,0,0,0
498,"Be Cool, Scooby-Doo!",Boomerang,2,Professor Huh? Part 6 3/4,7.9,36,3/17/2018,22,TV Series,Professor Huh?,Disguised,Random,Human,FALSE,1,Urban,United States,3,TRUE,"Rose,Rose Henchman,Rose Henchman",3,Competition,TRUE,FALSE,0,1,0
499,"Be Cool, Scooby-Doo!",Boomerang,2,Pizza O'Possumm's,6.8,31,3/18/2018,11,TV Series,Pizza O'Possum,Mechanical,Robot,Rat,FALSE,1,Urban,United States,3,FALSE,Lydia,1,Competition,FALSE,FALSE,0,0,0
500,"Be Cool, Scooby-Doo!",Boomerang,2,The Curse of Half-Beard's Booty,6.8,31,3/18/2018,11,TV Series,Half-Beard's Ghost,Ghost,Pirate,Human,FALSE,1,Cave,United States,3,TRUE,"Dr.Cutler,Oft-Injured Willy,Karen",3,Treasure,FALSE,FALSE,0,1,0
501,OK K.O.!,Cartoon Network,Crossover,Monster Party,8.1,26,10/1/2018,11,Crossover,Living Tree,Plant,Tree,Tree,TRUE,1,Rural,United States,0,NULL,NULL,0,NULL,FALSE,FALSE,0,0,0
502,Scooby-Doo and Guess Who?,Boomerang,1,Revenge of the Swamp Monster,7,126,6/27/2019,22,TV Series,Swamp Monster,Animal,Humanoid,Swamp-Monster,FALSE,1,Swamp,Florida,5,TRUE,Caddy,1,Competition,FALSE,FALSE,0,0,0
503,Scooby-Doo and Guess Who?,Boomerang,1,A Mystery Solving Gang Divided,7.9,93,7/2/2019,22,TV Series,Civil War Zombie Ghosts,Ghost,Soldier,Human,FALSE,1,Rural,Pennsylvania,2,TRUE,Jebb,1,Treasure,FALSE,FALSE,0,1,0
504,Scooby-Doo and Guess Who?,Boomerang,1,Peebles' Pet Show of Terrible Terrors!,7.9,79,7/11/2019,22,TV Series,Fish Monster,Animal,Humanoid,Fish,FALSE,1,Urban,United States,1,TRUE,Mr. Peebles,1,Competition,FALSE,FALSE,0,2,0
505,Scooby-Doo and Guess Who?,Boomerang,1,"Elementary, My Dear Shaggy!",8.1,78,7/18/2019,22,TV Series,Screaming Skulls of London,Ghost,Skulls,Skull,FALSE,1,Urban,England,3,TRUE,"Security Gaurd,Beefeater",2,Theft,TRUE,FALSE,0,1,0
506,Scooby-Doo and Guess Who?,Boomerang,1,Ollie Ollie In-Come Free!,7.3,84,7/25/2019,23,TV Series,Cat Mummy,Undead,Mummy,Cat,FALSE,1,Urban,England,3,TRUE,Antique Dealer,1,Theft,TRUE,FALSE,0,1,0
507,Scooby-Doo and Guess Who?,Boomerang,1,The Scooby of a Thousand Faces!,8.1,74,8/1/2019,22,TV Series,Minotaur,Mythical,Minotaur,Minotaur,FALSE,1,Rural,Greece,2,TRUE,Curator,1,Treasure,FALSE,FALSE,0,2,0
508,Scooby-Doo and Guess Who?,Boomerang,1,The Cursed Cabinet of Professor Madds Markson,8.3,70,8/8/2019,22,TV Series,"Ghost of Madds Markson,Madds Markson Monster","Undead,Animal","Ghost,Mutant","Human,Bunny",FALSE,2,Urban,Nevada,3,FALSE,Teller,1,Entertainment,FALSE,FALSE,0,0,0
509,Scooby-Doo and Guess Who?,Boomerang,1,When Urkel-Bots Go Bad!,6.5,74,8/15/2019,22,TV Series,Technomancer,Magician,Technomancer,Human,FALSE,1,Urban,Illinois,4,TRUE,Janitor,1,Natural Resource,FALSE,FALSE,0,2,0
510,Scooby-Doo and Guess Who?,Boomerang,1,The Fastest Food Fiend!,7.5,52,8/22/2019,23,TV Series,Spectral Speedster,Ghost,Humanoid,Monster,FALSE,1,Rural,United States,3,TRUE,Bill Tally,1,Competition,TRUE,FALSE,0,2,0
511,Scooby-Doo and Guess Who?,Boomerang,1,Attack of the Weird Al-Osaurus!,7.5,61,8/29/2019,23,TV Series,"Dinosaur,Dinosaur","Animal,Animal","Allosaurus,Ceratosarus","Dinosaur,Dinosaur",FALSE,2,Forest,United States,4,TRUE,"Pete,Pete",2,Natural Resource,FALSE,FALSE,0,3,0
512,Scooby-Doo and Guess Who?,Boomerang,1,"Now You Sia, Now You Don't!",7.4,59,9/5/2019,22,TV Series,Sia Doppelganger,Disguised,Sia,Human,FALSE,1,Urban,California,5,TRUE,Sia's Trainer,1,Theft,FALSE,FALSE,0,2,0
513,Scooby-Doo and Guess Who?,Boomerang,1,Quit Clowning!,7.4,47,9/12/2019,23,TV Series,Pazzo the Ghost Clown,Ghost,Clown,Human,FALSE,1,Urban,Georgia,4,TRUE,A.J. Dobbs,1,Competition,FALSE,FALSE,0,2,0
514,Scooby-Doo and Guess Who?,Boomerang,1,"What a Night, for a Dark Knight",8.7,84,9/19/2019,22,TV Series,Man-Bat,Animal,Humanoid,Bat,FALSE,1,Urban,United States,3,TRUE,Joker,1,Theft,TRUE,FALSE,3,4,0
515,Scooby-Doo and Guess Who?,Boomerang,1,The Nightmare Ghost of Psychic U!,8.1,38,7/2/2020,23,TV Series,Nightmare Ghost,Ghost,Nightmare,Human,FALSE,1,Snow,Pennsylvania,2,TRUE,Cafeteria Lady,1,Inheritance,TRUE,FALSE,0,3,0
516,Scooby-Doo and Guess Who?,Boomerang,1,"The Sword, the Fox and the Scooby-Doo!",8.8,35,7/2/2020,23,TV Series,Fox Monster,Animal,Giant,Fox,FALSE,1,Rural,Japan,3,TRUE,Coach Roachner,1,Theft,TRUE,FALSE,0,0,0
517,Scooby-Doo and Guess Who?,Boomerang,1,One Minuite Mysteries!,7.9,36,7/2/2020,23,TV Series,"Miner Forty-Niner,Ghost of Captain Cutler,Spooky Space Kook,Snow Ghost,Clown,Ghost of Redbeard,Back Knight,Witch,Witch Doctor,Phantom,Creeper,Giant Teddy Bear","Ancient,Ghost,Extraterrestrial,Animal,Disguised,Ghost,Possessed Object,Magician,Magician,Ghost,Undead,Possessed Object,","Miner,Suit,Phantom,Ghost,Clown,Pirate,Suit,Witch,Shaman,Phantom,Zombie,Giant","Human,Human,Alien,Snow-Monster,Human,Human,Object,Human,Human,Human,Human,Teddy Bear",FALSE,12,Rural,United States,1,TRUE,"Hank,Captain Cutler,Henry Bascomb,Mr. Greenway,C.L. Magnus,Mr.Wickles,Simone,Buck Masters,Bluestone the Great,Mr. Carswell,Trickster",11,Competition,TRUE,FALSE,0,1,0
518,Scooby-Doo and Guess Who?,Boomerang,1,Hollywood Knights!,8.1,25,7/2/2020,22,TV Series,Ghost of the Doom Bringer,Possessed Object,Suit,Suit,FALSE,1,Urban,California,4,TRUE,Jimmy,1,Inheritance,TRUE,FALSE,0,4,0
519,Scooby-Doo and Guess Who?,Boomerang,1,The New York Underground!,7.8,27,7/2/2020,22,TV Series,Gator Man Monster,Animal,Humanoid,Alligator,FALSE,1,Urban,New York,4,TRUE,Poetry Slam Promoter,1,Treasure,TRUE,FALSE,0,2,0
520,Scooby-Doo and Guess Who?,Boomerang,1,Fear the Fire Beast!,7.7,23,7/2/2020,22,TV Series,Fire Monster of Mount Etna,Animal,Humanoid,Fire-Monster,FALSE,1,Urban,Italy,3,TRUE,Nana,1,Competition,TRUE,FALSE,0,1,0
521,Scooby-Doo and Guess Who?,Boomerang,1,Too Many Dummies!,8.2,28,7/2/2020,22,TV Series,Crazy Carl,Possessed Object,Humanoid,Puppet,FALSE,1,Rural,United States,6,TRUE,Baz Bozzington,1,Competition,TRUE,FALSE,0,1,0
522,Scooby-Doo and Guess Who?,Boomerang,1,Dance Matron of Mayhem,7.6,22,7/2/2020,22,TV Series,Ghost of Madame Zobrinsky,Ghost,Ghost,Human,FALSE,1,Urban,Pennsylvania,2,FALSE,Madame Zobrinsky,1,Competition,FALSE,FALSE,0,0,0
523,Scooby-Doo and Guess Who?,Boomerang,1,The Wedding Witch of Wainsly Hall!,8.6,19,7/2/2020,22,TV Series,Wedding Witch of Wainsly Hall,Magician,Witch,Human,FALSE,1,Swamp,United States,3,TRUE,Food Truck Chef Lady,1,Theft,FALSE,FALSE,0,1,0
524,Scooby-Doo and Guess Who?,Boomerang,1,A Run Cycle Through Time!,7.9,21,7/2/2020,22,TV Series,"Chronobeast,Robo Dooby Doo","Animal,Mechanical","Humanoid,Robot","Chronobeast,Hound",FALSE,2,Desert,United States,0,FALSE,Malcolm McDowell,1,Simulation,TRUE,FALSE,0,3,0
525,Scooby-Doo and Guess Who?,Boomerang,1,I Put a Hex on You!,8.4,25,7/2/2020,22,TV Series,Ghost of Ester Moonkiller,Ghost,Ghost,Human,FALSE,1,Urban,Ohio,3,TRUE,Xander,1,Competition,TRUE,FALSE,0,0,0
526,Scooby-Doo and Guess Who?,Boomerang,1,The High School Wolfman's Musical Lament!,7.6,27,7/2/2020,23,TV Series,Werewolf,Animal,Werewolf,Human,FALSE,1,Urban,United States,4,TRUE,Christian Slater,1,Competition,TRUE,FALSE,5,0,1
527,Scooby-Doo and Guess Who?,Boomerang,1,Space Station Scooby,8.2,24,7/2/2020,22,TV Series,Tardigrade Monster,Animal,Giant,Tardigrade,FALSE,1,Space,Space,4,TRUE,"Jacques Pierre,Pierre Jacques",2,Theft,FALSE,FALSE,0,3,0
