Longitude,Latitude,Unique Squirrel ID,Shift,Age,Color,Location,Approaches,Indifferent,Runs_from,Running,Chasing,Climbing,Eating,Foraging,Kuks,Quaas,Moans,Tail_flags,Tail_twitches
-73.97112985,40.76769026,5I-PM-1008-01,PM,Adult,Black,Above,FALSE,not,FALSE,FALSE,FALSE,TRUE,TRUE,FALSE,FALSE,FALSE,FALSE,TRUE,FALSE
-73.9596399,40.7933387,34D-PM-1007-02,PM,Adult,Black,Above,FALSE,not,FALSE,TRUE,FALSE,TRUE,FALSE,FALSE,FALSE,FALSE,FALSE,FALSE,FALSE
-73.95925375,40.79192718,33E-AM-1014-03,AM,Adult,Black,Above,FALSE,not,TRUE,FALSE,FALSE,TRUE,FALSE,FALSE,FALSE,FALSE,FALSE,FALSE,FALSE
-73.97908755,40.76761048,2C-AM-1010-03,AM,Adult,Black,Above,FALSE,not,FALSE,FALSE,FALSE,TRUE,FALSE,FALSE,FALSE,FALSE,FALSE,FALSE,FALSE
-73.97101168,40.77236893,10G-PM-1017-08,PM,Adult,Black,Above,FALSE,not,FALSE,FALSE,FALSE,TRUE,FALSE,FALSE,FALSE,FALSE,FALSE,FALSE,FALSE
-73.95933528,40.79181506,33E-AM-1014-02,AM,Juvenile,Black,Above,FALSE,not,TRUE,FALSE,FALSE,TRUE,FALSE,FALSE,FALSE,FALSE,FALSE,FALSE,FALSE
-73.95799418,40.79912167,41B-PM-1014-02,PM,Adult,Black,Above,FALSE,not,FALSE,FALSE,FALSE,TRUE,FALSE,FALSE,FALSE,FALSE,FALSE,FALSE,FALSE
-73.96293834,40.78893837,29C-AM-1007-02,AM,Adult,Black,Above,FALSE,not,TRUE,TRUE,FALSE,TRUE,FALSE,FALSE,FALSE,TRUE,FALSE,FALSE,FALSE
-73.97369956,40.77227125,8E-PM-1008-02,PM,Adult,Black,Above,FALSE,not,FALSE,TRUE,FALSE,TRUE,FALSE,FALSE,FALSE,FALSE,FALSE,FALSE,FALSE
-73.96265608,40.7884633,28D-AM-1012-05,AM,Juvenile,Black,Above,FALSE,not,FALSE,FALSE,FALSE,TRUE,FALSE,FALSE,FALSE,FALSE,FALSE,FALSE,FALSE
-73.95861842,40.79931538,41A-PM-1007-02,PM,Adult,Black,Above,FALSE,not,FALSE,FALSE,FALSE,TRUE,FALSE,FALSE,FALSE,FALSE,FALSE,FALSE,FALSE
-73.97198797,40.77256251,9F-AM-1013-02,AM,Adult,Black,Above,FALSE,not,FALSE,FALSE,FALSE,TRUE,FALSE,FALSE,FALSE,FALSE,FALSE,FALSE,FALSE
-73.9594446,40.79178004,33D-AM-1017-06,AM,Adult,Black,Above,FALSE,not,TRUE,FALSE,FALSE,TRUE,FALSE,FALSE,TRUE,TRUE,FALSE,FALSE,FALSE
-73.97301813,40.77946013,16A-AM-1013-02,AM,Adult,Black,Above,TRUE,not,FALSE,FALSE,FALSE,FALSE,FALSE,TRUE,FALSE,FALSE,FALSE,FALSE,FALSE
-73.97236779,40.76673154,3H-AM-1008-04,AM,Adult,Black,Above,FALSE,not,FALSE,FALSE,FALSE,FALSE,FALSE,TRUE,FALSE,FALSE,FALSE,FALSE,FALSE
-73.95999115,40.79144525,33D-AM-1017-04,AM,Adult,Black,Above,FALSE,not,TRUE,FALSE,FALSE,TRUE,FALSE,FALSE,FALSE,FALSE,FALSE,FALSE,TRUE
-73.97001011,40.76967295,7I-PM-1013-08,PM,Adult,Black,Above,FALSE,not,FALSE,FALSE,FALSE,TRUE,FALSE,FALSE,FALSE,FALSE,FALSE,FALSE,TRUE
-73.97634308,40.76863511,4D-PM-1008-11,PM,Adult,Cinnamon,Above,FALSE,not,TRUE,FALSE,TRUE,FALSE,FALSE,FALSE,TRUE,FALSE,FALSE,TRUE,FALSE
-73.95705288,40.79909738,41B-AM-1010-07,AM,Adult,Cinnamon,Above,TRUE,not,FALSE,FALSE,FALSE,FALSE,FALSE,FALSE,TRUE,FALSE,FALSE,TRUE,FALSE
-73.95205925,40.79750763,42G-PM-1014-03,PM,Adult,Cinnamon,Above,FALSE,not,TRUE,TRUE,FALSE,FALSE,FALSE,FALSE,FALSE,FALSE,FALSE,FALSE,FALSE
-73.96810728,40.77686127,15F-AM-1007-09,AM,Adult,Cinnamon,Above,FALSE,not,TRUE,FALSE,FALSE,TRUE,FALSE,TRUE,FALSE,FALSE,FALSE,FALSE,FALSE
-73.96804507,40.78366267,22C-AM-1013-02,AM,Adult,Cinnamon,Above,FALSE,not,TRUE,FALSE,FALSE,TRUE,FALSE,TRUE,TRUE,FALSE,FALSE,TRUE,FALSE
-73.96496111,40.78143718,21F-AM-1018-05,AM,Adult,Cinnamon,Above,FALSE,not,TRUE,FALSE,FALSE,TRUE,FALSE,FALSE,FALSE,FALSE,FALSE,FALSE,TRUE
-73.97142896,40.77506707,12E-PM-1018-04,PM,Adult,Cinnamon,Above,FALSE,not,TRUE,FALSE,FALSE,TRUE,FALSE,FALSE,FALSE,FALSE,FALSE,FALSE,FALSE
-73.96504995,40.79081918,30A-AM-1010-01,AM,Adult,Cinnamon,Above,FALSE,not,TRUE,TRUE,FALSE,TRUE,FALSE,FALSE,FALSE,FALSE,FALSE,FALSE,TRUE
-73.96254162,40.78113024,21H-AM-1017-02,AM,Adult,Cinnamon,Above,FALSE,not,TRUE,FALSE,FALSE,TRUE,FALSE,FALSE,FALSE,FALSE,FALSE,FALSE,FALSE
-73.96465975,40.78276982,22F-AM-1007-07,AM,Juvenile,Cinnamon,Above,FALSE,not,FALSE,FALSE,FALSE,TRUE,FALSE,FALSE,FALSE,FALSE,FALSE,FALSE,TRUE
-73.98082021,40.76829218,1A-PM-1014-02,PM,Adult,Cinnamon,Above,FALSE,not,FALSE,FALSE,TRUE,FALSE,FALSE,FALSE,FALSE,FALSE,FALSE,FALSE,FALSE
-73.96245387,40.78838299,28D-AM-1012-04,AM,Adult,Cinnamon,Above,FALSE,not,TRUE,FALSE,FALSE,TRUE,FALSE,FALSE,FALSE,FALSE,FALSE,FALSE,FALSE
-73.96754721,40.78359472,22C-PM-1006-06,PM,Juvenile,Cinnamon,Above,FALSE,not,FALSE,FALSE,FALSE,FALSE,TRUE,FALSE,FALSE,FALSE,FALSE,FALSE,FALSE
-73.96750231,40.78725547,25A-PM-1007-01,PM,Adult,Cinnamon,Above,FALSE,not,FALSE,FALSE,FALSE,TRUE,FALSE,FALSE,FALSE,FALSE,FALSE,FALSE,FALSE
-73.96423799,40.77747925,17I-PM-1017-01,PM,Juvenile,Cinnamon,Above,FALSE,not,FALSE,FALSE,FALSE,TRUE,FALSE,FALSE,FALSE,FALSE,FALSE,FALSE,FALSE
-73.96097047,40.79387869,34B-AM-1013-03,AM,Adult,Cinnamon,Above,TRUE,not,TRUE,TRUE,FALSE,TRUE,FALSE,FALSE,FALSE,FALSE,FALSE,FALSE,FALSE
-73.96455476,40.77687701,16I-AM-1008-04,AM,Juvenile,Cinnamon,Above,FALSE,not,FALSE,FALSE,FALSE,FALSE,FALSE,FALSE,FALSE,FALSE,FALSE,FALSE,FALSE
-73.96862962,40.77181231,10H-AM-1014-02,AM,Juvenile,Cinnamon,Above,FALSE,not,FALSE,TRUE,FALSE,FALSE,FALSE,FALSE,FALSE,FALSE,FALSE,FALSE,FALSE
-73.96808553,40.7769252,15F-AM-1007-10,AM,Adult,Cinnamon,Above,FALSE,not,TRUE,TRUE,FALSE,TRUE,FALSE,FALSE,FALSE,FALSE,FALSE,FALSE,FALSE
-73.96674745,40.77606437,15H-PM-1008-01,PM,Adult,Cinnamon,Above,FALSE,not,FALSE,FALSE,TRUE,FALSE,FALSE,FALSE,FALSE,TRUE,FALSE,TRUE,FALSE
-73.9594357,40.78406789,25I-AM-1012-01,AM,Adult,Cinnamon,Above,TRUE,not,FALSE,FALSE,FALSE,FALSE,TRUE,FALSE,FALSE,FALSE,FALSE,TRUE,TRUE
-73.96895041,40.77667702,14F-PM-1012-05,PM,Adult,Cinnamon,Above,FALSE,not,FALSE,TRUE,FALSE,FALSE,TRUE,FALSE,FALSE,FALSE,FALSE,FALSE,FALSE
-73.9768451,40.77094304,5C-PM-1010-07,PM,Adult,Cinnamon,Above,FALSE,not,FALSE,FALSE,TRUE,FALSE,FALSE,FALSE,FALSE,FALSE,FALSE,FALSE,FALSE
-73.97908226,40.77144666,5A-AM-1006-03,AM,Juvenile,Cinnamon,Above,FALSE,not,TRUE,FALSE,FALSE,TRUE,TRUE,FALSE,FALSE,FALSE,FALSE,TRUE,FALSE
-73.97632369,40.76868156,4D-PM-1008-12,PM,Adult,Cinnamon,Above,FALSE,not,TRUE,TRUE,FALSE,FALSE,FALSE,FALSE,TRUE,FALSE,FALSE,FALSE,FALSE
-73.95870728,40.78502562,27I-AM-1007-01,AM,Adult,Cinnamon,Above,FALSE,not,TRUE,FALSE,FALSE,TRUE,TRUE,FALSE,FALSE,FALSE,FALSE,FALSE,FALSE
-73.95401971,40.79803926,41E-PM-1013-03,PM,Adult,Cinnamon,Above,FALSE,not,FALSE,FALSE,FALSE,FALSE,FALSE,TRUE,FALSE,FALSE,FALSE,FALSE,FALSE
-73.95271967,40.79236383,36I-PM-1007-11,PM,Juvenile,Cinnamon,Above,FALSE,not,TRUE,FALSE,FALSE,TRUE,FALSE,FALSE,FALSE,FALSE,FALSE,FALSE,FALSE
-73.94984217,40.79693974,42I-PM-1014-02,PM,Adult,Cinnamon,Above,FALSE,not,TRUE,TRUE,FALSE,FALSE,FALSE,FALSE,FALSE,FALSE,FALSE,FALSE,FALSE
-73.96381672,40.77764857,18I-PM-1007-03,PM,Adult,Cinnamon,Above,FALSE,not,FALSE,FALSE,FALSE,TRUE,FALSE,FALSE,FALSE,FALSE,FALSE,FALSE,FALSE
-73.97884414,40.76960461,4B-AM-1010-05,AM,Adult,Cinnamon,Above,FALSE,not,FALSE,FALSE,TRUE,FALSE,FALSE,FALSE,TRUE,TRUE,FALSE,FALSE,TRUE
-73.96931599,40.78312123,21B-PM-1017-03,PM,Juvenile,Cinnamon,Above,FALSE,not,FALSE,FALSE,TRUE,FALSE,FALSE,FALSE,FALSE,FALSE,FALSE,FALSE,FALSE
-73.97483673,40.7693513,5E-PM-1012-06,PM,Adult,Cinnamon,Above,FALSE,not,TRUE,TRUE,FALSE,FALSE,FALSE,FALSE,FALSE,FALSE,FALSE,FALSE,FALSE
-73.97496416,40.76733051,3F-AM-1006-05,AM,Adult,Cinnamon,Above,FALSE,not,TRUE,FALSE,FALSE,TRUE,TRUE,FALSE,FALSE,FALSE,FALSE,FALSE,FALSE
-73.96935046,40.78306787,21B-PM-1017-02,PM,Juvenile,Cinnamon,Above,FALSE,not,FALSE,FALSE,TRUE,FALSE,FALSE,FALSE,FALSE,TRUE,FALSE,FALSE,FALSE
-73.95401518,40.79200662,35H-AM-1013-01,AM,Adult,Cinnamon,Above,FALSE,not,TRUE,FALSE,FALSE,TRUE,FALSE,FALSE,FALSE,FALSE,FALSE,FALSE,TRUE
-73.97552591,40.77072561,6D-AM-1008-01,AM,Adult,Cinnamon,Above,TRUE,not,FALSE,FALSE,FALSE,TRUE,TRUE,FALSE,TRUE,FALSE,FALSE,FALSE,FALSE
-73.96515414,40.77982832,19G-PM-1017-01,PM,Adult,Cinnamon,Above,TRUE,not,FALSE,FALSE,FALSE,FALSE,FALSE,FALSE,FALSE,FALSE,FALSE,FALSE,FALSE
-73.97971223,40.76783476,1B-PM-1019-10,PM,Adult,Cinnamon,Above,FALSE,not,FALSE,FALSE,FALSE,TRUE,FALSE,FALSE,FALSE,FALSE,FALSE,FALSE,TRUE
-73.96089874,40.79613931,37A-PM-1013-02,PM,Adult,Cinnamon,Above,FALSE,not,FALSE,FALSE,FALSE,TRUE,FALSE,FALSE,FALSE,FALSE,FALSE,FALSE,FALSE
-73.95949861,40.7840083,25I-AM-1012-03,AM,Adult,Cinnamon,Above,TRUE,not,FALSE,TRUE,TRUE,FALSE,TRUE,FALSE,FALSE,FALSE,FALSE,FALSE,TRUE
-73.95096282,40.79777757,42H-PM-1014-01,PM,Adult,Cinnamon,Above,FALSE,not,TRUE,FALSE,FALSE,FALSE,FALSE,FALSE,FALSE,FALSE,FALSE,FALSE,TRUE
-73.98085173,40.76831546,1A-PM-1014-01,PM,Adult,Cinnamon,Above,FALSE,not,FALSE,FALSE,TRUE,FALSE,FALSE,FALSE,FALSE,FALSE,FALSE,FALSE,TRUE
-73.95772972,40.7992253,41B-AM-1010-08,AM,Adult,Cinnamon,Above,TRUE,not,FALSE,FALSE,FALSE,TRUE,TRUE,FALSE,FALSE,FALSE,FALSE,FALSE,FALSE
-73.97438256,40.76748126,3F-AM-1006-10,AM,Adult,Cinnamon,Above,FALSE,not,FALSE,FALSE,FALSE,TRUE,FALSE,FALSE,FALSE,FALSE,FALSE,FALSE,FALSE
-73.96948057,40.77435569,12F-AM-1020-01,AM,Adult,Cinnamon,Above,FALSE,not,FALSE,FALSE,FALSE,FALSE,FALSE,FALSE,FALSE,FALSE,FALSE,FALSE,FALSE
-73.97015052,40.76899836,6I-PM-1013-07,PM,Adult,Cinnamon,Above,FALSE,not,FALSE,FALSE,FALSE,TRUE,FALSE,FALSE,FALSE,FALSE,FALSE,FALSE,FALSE
-73.97696931,40.768439,3D-AM-1006-01,AM,Adult,Cinnamon,Above,FALSE,not,TRUE,TRUE,FALSE,TRUE,TRUE,TRUE,FALSE,FALSE,FALSE,TRUE,FALSE
-73.96926767,40.77006789,8I-PM-1013-08,PM,Adult,Cinnamon,Above,FALSE,not,TRUE,FALSE,FALSE,TRUE,TRUE,TRUE,FALSE,FALSE,FALSE,FALSE,FALSE
-73.97722393,40.77317167,8A-AM-1013-05,AM,Adult,Cinnamon,Above,TRUE,not,FALSE,TRUE,FALSE,TRUE,TRUE,FALSE,FALSE,FALSE,FALSE,FALSE,FALSE
-73.96280416,40.78841802,28D-AM-1012-06,AM,Juvenile,Cinnamon,Above,FALSE,not,TRUE,FALSE,FALSE,FALSE,TRUE,FALSE,FALSE,FALSE,FALSE,FALSE,FALSE
-73.97296259,40.76526019,1I-PM-1012-04,PM,Juvenile,Cinnamon,Above,FALSE,not,TRUE,FALSE,FALSE,TRUE,FALSE,FALSE,FALSE,FALSE,FALSE,FALSE,TRUE
-73.97678352,40.76740303,2E-PM-1014-04,PM,Adult,Cinnamon,Above,FALSE,not,TRUE,FALSE,FALSE,TRUE,FALSE,FALSE,FALSE,FALSE,FALSE,FALSE,FALSE
-73.96321647,40.79212701,32B-PM-1010-03,PM,Adult,Cinnamon,Above,FALSE,not,FALSE,FALSE,FALSE,FALSE,TRUE,FALSE,FALSE,FALSE,FALSE,FALSE,FALSE
-73.96212979,40.79440582,34A-PM-1013-05,PM,Adult,Cinnamon,Above,FALSE,not,FALSE,TRUE,FALSE,FALSE,FALSE,FALSE,FALSE,FALSE,FALSE,FALSE,FALSE
-73.96501201,40.78059329,20F-PM-1007-13,PM,Juvenile,Cinnamon,Above,FALSE,not,TRUE,FALSE,FALSE,TRUE,FALSE,FALSE,FALSE,FALSE,FALSE,FALSE,FALSE
-73.97673891,40.76893237,4D-PM-1008-10,PM,Adult,Cinnamon,Above,TRUE,not,FALSE,FALSE,FALSE,TRUE,FALSE,TRUE,FALSE,FALSE,FALSE,FALSE,FALSE
-73.97026765,40.77621269,13E-AM-1017-05,AM,Adult,Gray,Above,FALSE,not,FALSE,FALSE,FALSE,FALSE,FALSE,TRUE,FALSE,FALSE,FALSE,FALSE,FALSE
-73.97161471,40.7813911,18A-PM-1018-01,PM,Adult,Gray,Above,FALSE,not,FALSE,FALSE,FALSE,TRUE,FALSE,FALSE,FALSE,FALSE,FALSE,FALSE,FALSE
-73.95796459,40.79186135,34F-AM-1007-01,AM,Adult,Gray,Above,FALSE,not,TRUE,TRUE,FALSE,TRUE,FALSE,FALSE,FALSE,FALSE,FALSE,FALSE,FALSE
-73.95959332,40.79058473,32E-AM-1007-13,AM,Adult,Gray,Above,FALSE,not,FALSE,FALSE,FALSE,TRUE,FALSE,FALSE,FALSE,FALSE,FALSE,FALSE,FALSE
-73.96022221,40.7937797,35C-AM-1007-05,AM,Adult,Gray,Above,FALSE,not,FALSE,FALSE,FALSE,TRUE,FALSE,FALSE,FALSE,FALSE,FALSE,FALSE,FALSE
-73.96660079,40.78450981,23C-PM-1014-03,PM,Adult,Gray,Above,FALSE,not,FALSE,FALSE,TRUE,FALSE,FALSE,FALSE,FALSE,FALSE,FALSE,FALSE,FALSE
-73.96884545,40.78453013,22A-AM-1008-05,AM,Adult,Gray,Above,FALSE,not,TRUE,FALSE,FALSE,FALSE,TRUE,FALSE,FALSE,FALSE,FALSE,TRUE,FALSE
-73.96764105,40.77660435,15G-PM-1019-05,PM,Adult,Gray,Above,FALSE,not,FALSE,FALSE,FALSE,TRUE,FALSE,FALSE,FALSE,FALSE,FALSE,FALSE,FALSE
-73.97087261,40.7723572,10F-AM-1007-02,AM,Adult,Gray,Above,FALSE,not,FALSE,FALSE,FALSE,TRUE,FALSE,FALSE,FALSE,FALSE,FALSE,FALSE,FALSE
-73.97302779,40.77121455,7F-AM-1008-16,AM,Juvenile,Gray,Above,FALSE,not,TRUE,FALSE,FALSE,FALSE,FALSE,FALSE,FALSE,FALSE,FALSE,FALSE,FALSE
-73.97615925,40.77472136,10A-AM-1006-04,AM,Juvenile,Gray,Above,FALSE,not,FALSE,FALSE,FALSE,FALSE,FALSE,FALSE,FALSE,FALSE,FALSE,FALSE,TRUE
-73.95759862,40.79936813,41B-PM-1014-01,PM,Adult,Gray,Above,FALSE,not,TRUE,FALSE,FALSE,TRUE,FALSE,FALSE,FALSE,FALSE,FALSE,FALSE,FALSE
-73.97113188,40.77019416,7G-AM-1010-02,AM,Adult,Gray,Above,FALSE,not,TRUE,TRUE,FALSE,FALSE,FALSE,FALSE,FALSE,FALSE,FALSE,FALSE,TRUE
-73.97632434,40.77054093,5C-PM-1010-13,PM,Adult,Gray,Above,FALSE,not,FALSE,FALSE,FALSE,TRUE,FALSE,FALSE,FALSE,FALSE,FALSE,FALSE,FALSE
-73.97001006,40.781574,19B-PM-1018-01,PM,Adult,Gray,Above,FALSE,not,FALSE,TRUE,FALSE,FALSE,FALSE,FALSE,FALSE,FALSE,FALSE,FALSE,FALSE
-73.95720938,40.79884873,41B-AM-1010-06,AM,Adult,Gray,Above,FALSE,not,FALSE,FALSE,FALSE,TRUE,FALSE,FALSE,FALSE,FALSE,FALSE,FALSE,FALSE
-73.97921555,40.76937118,3B-PM-1007-11,PM,Adult,Gray,Above,FALSE,not,FALSE,FALSE,FALSE,TRUE,FALSE,FALSE,FALSE,FALSE,FALSE,FALSE,FALSE
-73.96941681,40.77288774,11G-PM-1013-01,PM,Adult,Gray,Above,FALSE,not,TRUE,FALSE,FALSE,TRUE,FALSE,TRUE,FALSE,FALSE,FALSE,FALSE,FALSE
-73.97824171,40.7724665,7A-AM-1006-01,AM,Adult,Gray,Above,FALSE,not,FALSE,FALSE,FALSE,FALSE,FALSE,TRUE,FALSE,TRUE,FALSE,FALSE,TRUE
-73.97307506,40.77013042,6F-PM-1008-01,PM,Adult,Gray,Above,FALSE,not,FALSE,FALSE,TRUE,FALSE,FALSE,FALSE,FALSE,FALSE,FALSE,FALSE,FALSE
-73.957659,40.79727519,39C-PM-1006-02,PM,Adult,Gray,Above,FALSE,not,FALSE,FALSE,FALSE,TRUE,FALSE,FALSE,FALSE,FALSE,FALSE,FALSE,FALSE
-73.97456914,40.77710356,13A-PM-1014-03,PM,Adult,Gray,Above,FALSE,not,TRUE,FALSE,FALSE,TRUE,FALSE,FALSE,FALSE,FALSE,FALSE,FALSE,FALSE
-73.95884684,40.79638523,38B-AM-1019-05,AM,Adult,Gray,Above,FALSE,not,FALSE,FALSE,FALSE,TRUE,FALSE,FALSE,FALSE,TRUE,FALSE,FALSE,FALSE
-73.96388372,40.78097479,21G-AM-1014-07,AM,Adult,Gray,Above,FALSE,not,FALSE,FALSE,TRUE,TRUE,FALSE,FALSE,FALSE,FALSE,FALSE,FALSE,FALSE
-73.96718161,40.77877523,17F-PM-1020-03,PM,Adult,Gray,Above,FALSE,not,FALSE,FALSE,FALSE,TRUE,TRUE,FALSE,FALSE,FALSE,FALSE,FALSE,FALSE
-73.97756817,40.76764212,2D-AM-1007-03,AM,Adult,Gray,Above,FALSE,not,FALSE,FALSE,FALSE,TRUE,FALSE,FALSE,FALSE,FALSE,FALSE,FALSE,FALSE
-73.97241624,40.77142602,8F-PM-1012-04,PM,Adult,Gray,Above,FALSE,not,FALSE,FALSE,FALSE,FALSE,FALSE,FALSE,FALSE,FALSE,FALSE,FALSE,FALSE
-73.96789566,40.77674096,15F-PM-1010-07,PM,Adult,Gray,Above,FALSE,not,TRUE,TRUE,FALSE,FALSE,FALSE,FALSE,FALSE,FALSE,FALSE,FALSE,FALSE
-73.97517294,40.77432841,10B-PM-1014-02,PM,Adult,Gray,Above,FALSE,not,FALSE,FALSE,FALSE,FALSE,FALSE,TRUE,FALSE,FALSE,FALSE,FALSE,TRUE
-73.95343334,40.79325642,37H-AM-1018-03,AM,Adult,Gray,Above,FALSE,not,TRUE,FALSE,FALSE,FALSE,TRUE,FALSE,FALSE,TRUE,FALSE,FALSE,FALSE
-73.97843612,40.77247692,6A-AM-1006-06,AM,Adult,Gray,Above,FALSE,not,FALSE,FALSE,FALSE,TRUE,FALSE,FALSE,TRUE,FALSE,FALSE,FALSE,FALSE
-73.96612629,40.78440856,23D-AM-1013-01,AM,Adult,Gray,Above,TRUE,not,FALSE,FALSE,FALSE,TRUE,FALSE,FALSE,FALSE,FALSE,FALSE,FALSE,FALSE
-73.96194119,40.79235366,33B-PM-1010-11,PM,Adult,Gray,Above,FALSE,not,FALSE,FALSE,FALSE,FALSE,FALSE,FALSE,FALSE,FALSE,FALSE,FALSE,FALSE
-73.95473367,40.79389378,37G-PM-1007-07,PM,Adult,Gray,Above,FALSE,not,TRUE,TRUE,FALSE,FALSE,FALSE,FALSE,FALSE,FALSE,FALSE,FALSE,FALSE
-73.96796613,40.78373884,22C-AM-1013-01,AM,Adult,Gray,Above,FALSE,not,FALSE,FALSE,FALSE,FALSE,FALSE,FALSE,FALSE,FALSE,FALSE,FALSE,FALSE
-73.96897001,40.77751696,15E-PM-1008-05,PM,Adult,Gray,Above,FALSE,not,FALSE,FALSE,FALSE,FALSE,FALSE,FALSE,FALSE,TRUE,FALSE,FALSE,FALSE
-73.95787796,40.79341165,35E-PM-1006-06,PM,Adult,Gray,Above,FALSE,not,FALSE,FALSE,FALSE,FALSE,FALSE,TRUE,FALSE,FALSE,FALSE,FALSE,FALSE
-73.9545799,40.7908084,34I-PM-1010-01,PM,Adult,Gray,Above,FALSE,not,FALSE,FALSE,FALSE,FALSE,TRUE,FALSE,FALSE,FALSE,FALSE,FALSE,FALSE
-73.95448101,40.79544697,39F-PM-1006-03,PM,Adult,Gray,Above,FALSE,not,TRUE,FALSE,FALSE,FALSE,TRUE,FALSE,FALSE,FALSE,FALSE,FALSE,FALSE
-73.97823514,40.77158967,6A-AM-1006-03,AM,Adult,Gray,Above,FALSE,not,FALSE,FALSE,TRUE,FALSE,TRUE,FALSE,FALSE,FALSE,FALSE,TRUE,TRUE
-73.95831019,40.78526493,27I-PM-1020-05,PM,Adult,Gray,Above,FALSE,not,TRUE,TRUE,FALSE,FALSE,FALSE,FALSE,FALSE,FALSE,FALSE,FALSE,FALSE
-73.97031617,40.77026105,8H-PM-1014-05,PM,Juvenile,Gray,Above,FALSE,not,TRUE,FALSE,FALSE,TRUE,FALSE,FALSE,FALSE,FALSE,FALSE,FALSE,FALSE
-73.9566751,40.79903579,41C-PM-1007-04,PM,Adult,Gray,Above,FALSE,not,FALSE,FALSE,FALSE,TRUE,FALSE,FALSE,FALSE,FALSE,FALSE,FALSE,FALSE
-73.96720546,40.78765199,26A-PM-1006-05,PM,Adult,Gray,Above,FALSE,not,FALSE,FALSE,TRUE,FALSE,FALSE,FALSE,FALSE,FALSE,FALSE,FALSE,TRUE
-73.96236961,40.79218486,32B-AM-1017-04,AM,Adult,Gray,Above,FALSE,not,TRUE,FALSE,FALSE,TRUE,FALSE,FALSE,FALSE,FALSE,FALSE,FALSE,FALSE
-73.96735485,40.77656691,15G-PM-1019-11,PM,Adult,Gray,Above,FALSE,not,FALSE,FALSE,FALSE,TRUE,FALSE,FALSE,FALSE,FALSE,FALSE,FALSE,FALSE
-73.9640801,40.79078986,30B-AM-1007-02,AM,Adult,Gray,Above,FALSE,not,FALSE,TRUE,FALSE,FALSE,FALSE,FALSE,FALSE,FALSE,FALSE,FALSE,FALSE
-73.97813039,40.77250003,7A-AM-1006-02,AM,Adult,Gray,Above,FALSE,not,TRUE,FALSE,FALSE,TRUE,FALSE,FALSE,FALSE,FALSE,FALSE,FALSE,FALSE
-73.9556818,40.788852,32I-AM-1013-02,AM,Juvenile,Gray,Above,FALSE,not,FALSE,FALSE,FALSE,TRUE,FALSE,FALSE,FALSE,FALSE,FALSE,FALSE,FALSE
-73.97931628,40.76921347,3B-PM-1007-01,PM,Adult,Gray,Above,FALSE,not,FALSE,FALSE,FALSE,FALSE,FALSE,FALSE,FALSE,FALSE,FALSE,FALSE,FALSE
-73.95783165,40.7890103,31G-PM-1007-01,PM,Adult,Gray,Above,FALSE,not,FALSE,FALSE,FALSE,FALSE,FALSE,FALSE,FALSE,FALSE,FALSE,FALSE,TRUE
-73.97198882,40.76676817,4I-PM-1007-03,PM,Adult,Gray,Above,FALSE,not,FALSE,FALSE,FALSE,FALSE,FALSE,FALSE,FALSE,FALSE,FALSE,FALSE,FALSE
-73.9658621,40.78259269,22D-PM-1012-01,PM,Adult,Gray,Above,FALSE,not,FALSE,FALSE,FALSE,TRUE,FALSE,FALSE,TRUE,FALSE,FALSE,FALSE,FALSE
-73.97044852,40.77172906,9G-AM-1007-02,AM,Adult,Gray,Above,FALSE,not,TRUE,FALSE,FALSE,TRUE,FALSE,FALSE,FALSE,FALSE,FALSE,FALSE,FALSE
-73.95584747,40.79133355,34H-AM-1007-01,AM,Adult,Gray,Above,FALSE,not,FALSE,FALSE,FALSE,FALSE,FALSE,FALSE,TRUE,TRUE,FALSE,FALSE,FALSE
-73.97429734,40.76918016,5F-AM-1007-04,AM,Adult,Gray,Above,FALSE,not,FALSE,FALSE,FALSE,FALSE,TRUE,TRUE,FALSE,FALSE,FALSE,FALSE,FALSE
-73.96909682,40.76992327,8I-AM-1006-08,AM,Adult,Gray,Above,FALSE,not,FALSE,FALSE,FALSE,FALSE,FALSE,FALSE,TRUE,TRUE,FALSE,FALSE,FALSE
-73.96412933,40.7907654,30B-AM-1007-03,AM,Adult,Gray,Above,FALSE,not,FALSE,TRUE,FALSE,FALSE,FALSE,FALSE,FALSE,FALSE,FALSE,FALSE,FALSE
-73.95484307,40.79820735,41E-AM-1007-06,AM,Adult,Gray,Above,FALSE,not,FALSE,FALSE,FALSE,TRUE,FALSE,TRUE,FALSE,FALSE,FALSE,FALSE,FALSE
-73.96385908,40.77767821,18I-AM-1017-02,AM,Adult,Gray,Above,FALSE,not,TRUE,FALSE,FALSE,TRUE,FALSE,FALSE,FALSE,FALSE,FALSE,FALSE,TRUE
-73.96472842,40.78396118,23E-PM-1006-01,PM,Adult,Gray,Above,FALSE,not,TRUE,TRUE,FALSE,FALSE,FALSE,FALSE,FALSE,FALSE,FALSE,FALSE,FALSE
-73.9559678,40.79511241,38E-AM-1010-07,AM,Adult,Gray,Above,FALSE,not,TRUE,TRUE,TRUE,FALSE,FALSE,FALSE,FALSE,FALSE,FALSE,FALSE,TRUE
-73.96852273,40.77659947,15F-AM-1007-02,AM,Adult,Gray,Above,FALSE,not,TRUE,TRUE,FALSE,TRUE,FALSE,FALSE,FALSE,FALSE,FALSE,FALSE,FALSE
-73.95819825,40.79921946,41A-PM-1007-03,PM,Adult,Gray,Above,FALSE,not,FALSE,TRUE,FALSE,TRUE,FALSE,FALSE,FALSE,FALSE,FALSE,FALSE,TRUE
-73.97083646,40.77236916,10F-AM-1007-01,AM,Adult,Gray,Above,FALSE,not,FALSE,FALSE,FALSE,TRUE,FALSE,FALSE,FALSE,FALSE,FALSE,TRUE,FALSE
-73.95433238,40.79430865,37G-PM-1007-03,PM,Adult,Gray,Above,FALSE,not,FALSE,FALSE,FALSE,FALSE,TRUE,FALSE,FALSE,FALSE,FALSE,FALSE,FALSE
-73.96981967,40.7802972,18C-PM-1018-03,PM,Juvenile,Gray,Above,FALSE,not,TRUE,TRUE,TRUE,FALSE,FALSE,FALSE,FALSE,FALSE,FALSE,FALSE,FALSE
-73.95222916,40.79769854,42G-PM-1014-01,PM,Adult,Gray,Above,FALSE,not,TRUE,FALSE,FALSE,TRUE,FALSE,TRUE,FALSE,FALSE,TRUE,FALSE,FALSE
-73.96857516,40.77094136,9I-PM-1010-07,PM,Adult,Gray,Above,FALSE,not,TRUE,TRUE,FALSE,FALSE,FALSE,FALSE,FALSE,FALSE,FALSE,FALSE,FALSE
-73.97572498,40.76970326,5D-PM-1018-05,PM,Juvenile,Gray,Above,FALSE,not,TRUE,FALSE,FALSE,TRUE,FALSE,FALSE,FALSE,FALSE,FALSE,FALSE,FALSE
-73.96532791,40.77587431,15I-AM-1008-02,AM,Adult,Gray,Above,FALSE,not,TRUE,FALSE,FALSE,FALSE,TRUE,FALSE,FALSE,FALSE,FALSE,FALSE,FALSE
-73.96732356,40.77867496,17F-PM-1020-04,PM,Juvenile,Gray,Above,FALSE,not,FALSE,FALSE,FALSE,FALSE,TRUE,FALSE,FALSE,FALSE,FALSE,FALSE,FALSE
-73.97190362,40.78035881,17A-AM-1017-01,AM,Adult,Gray,Above,FALSE,not,TRUE,TRUE,FALSE,TRUE,FALSE,TRUE,FALSE,FALSE,FALSE,FALSE,TRUE
-73.95409229,40.79798004,41E-PM-1013-05,PM,Juvenile,Gray,Above,FALSE,not,FALSE,FALSE,FALSE,FALSE,TRUE,FALSE,FALSE,FALSE,FALSE,FALSE,FALSE
-73.97347626,40.76637034,3H-AM-1008-05,AM,Adult,Gray,Above,FALSE,not,FALSE,FALSE,FALSE,TRUE,FALSE,FALSE,FALSE,FALSE,FALSE,FALSE,TRUE
-73.95636613,40.79668231,39D-AM-1008-03,AM,Adult,Gray,Above,FALSE,not,FALSE,FALSE,FALSE,TRUE,FALSE,FALSE,FALSE,FALSE,FALSE,FALSE,FALSE
-73.96870278,40.77051626,9I-AM-1014-09,AM,Adult,Gray,Above,FALSE,not,FALSE,FALSE,FALSE,TRUE,FALSE,TRUE,FALSE,FALSE,FALSE,FALSE,FALSE
-73.97076836,40.77598156,13E-AM-1017-11,AM,Adult,Gray,Above,FALSE,not,TRUE,TRUE,FALSE,FALSE,FALSE,FALSE,FALSE,FALSE,FALSE,FALSE,FALSE
-73.96560982,40.77576431,15I-AM-1008-05,AM,Adult,Gray,Above,FALSE,not,TRUE,FALSE,FALSE,TRUE,FALSE,FALSE,FALSE,FALSE,FALSE,FALSE,FALSE
-73.95855377,40.79039058,32F-AM-1012-03,AM,Adult,Gray,Above,FALSE,not,FALSE,FALSE,FALSE,TRUE,FALSE,FALSE,FALSE,FALSE,FALSE,FALSE,FALSE
-73.9733057,40.77838233,14A-PM-1014-06,PM,Adult,Gray,Above,FALSE,not,TRUE,FALSE,FALSE,TRUE,FALSE,FALSE,FALSE,FALSE,FALSE,FALSE,FALSE
-73.97456877,40.77763969,13A-PM-1014-02,PM,Adult,Gray,Above,FALSE,not,FALSE,FALSE,FALSE,FALSE,FALSE,FALSE,FALSE,FALSE,FALSE,FALSE,FALSE
-73.97182342,40.78108425,18A-AM-1012-02,AM,Adult,Gray,Above,FALSE,not,TRUE,FALSE,FALSE,TRUE,TRUE,TRUE,FALSE,FALSE,FALSE,TRUE,FALSE
-73.96557346,40.78053669,20F-AM-1014-02,AM,Adult,Gray,Above,FALSE,not,FALSE,FALSE,FALSE,TRUE,FALSE,FALSE,TRUE,FALSE,FALSE,FALSE,FALSE
-73.96486268,40.78045061,20G-AM-1018-02,AM,Adult,Gray,Above,FALSE,not,FALSE,TRUE,FALSE,TRUE,FALSE,FALSE,TRUE,FALSE,FALSE,FALSE,FALSE
-73.96770549,40.77899287,17E-AM-1017-03,AM,Adult,Gray,Above,FALSE,not,FALSE,FALSE,FALSE,TRUE,FALSE,FALSE,FALSE,FALSE,FALSE,FALSE,FALSE
-73.97105591,40.77942799,16C-PM-1018-01,PM,Adult,Gray,Above,FALSE,not,FALSE,FALSE,FALSE,TRUE,FALSE,FALSE,FALSE,FALSE,FALSE,FALSE,FALSE
-73.97301157,40.77410183,10D-AM-1008-05,AM,Juvenile,Gray,Above,FALSE,not,FALSE,FALSE,FALSE,TRUE,TRUE,FALSE,FALSE,FALSE,FALSE,FALSE,FALSE
-73.96934575,40.77704297,15E-AM-1013-02,AM,Adult,Gray,Above,TRUE,not,FALSE,TRUE,FALSE,TRUE,FALSE,FALSE,FALSE,FALSE,FALSE,FALSE,FALSE
-73.97433423,40.77277429,8D-AM-1007-08,AM,Adult,Gray,Above,FALSE,not,FALSE,FALSE,FALSE,FALSE,FALSE,FALSE,FALSE,FALSE,FALSE,FALSE,FALSE
-73.97168818,40.77855354,15C-PM-1017-02,PM,Adult,Gray,Above,FALSE,not,TRUE,FALSE,FALSE,TRUE,FALSE,FALSE,FALSE,FALSE,FALSE,FALSE,FALSE
-73.98019021,40.7695576,3A-AM-1012-03,AM,Juvenile,Gray,Above,FALSE,not,TRUE,FALSE,FALSE,TRUE,FALSE,FALSE,FALSE,FALSE,FALSE,FALSE,TRUE
-73.96910311,40.77066938,9I-AM-1014-02,AM,Adult,Gray,Above,FALSE,not,FALSE,FALSE,FALSE,TRUE,FALSE,FALSE,FALSE,FALSE,FALSE,FALSE,FALSE
-73.97361659,40.77245439,8D-AM-1007-04,AM,Adult,Gray,Above,FALSE,not,FALSE,FALSE,TRUE,FALSE,FALSE,FALSE,FALSE,FALSE,FALSE,FALSE,FALSE
-73.97416219,40.77524815,11C-PM-1018-01,PM,Adult,Gray,Above,FALSE,not,TRUE,FALSE,FALSE,TRUE,FALSE,FALSE,FALSE,FALSE,FALSE,FALSE,FALSE
-73.96294834,40.79368099,33A-PM-1018-03,PM,Adult,Gray,Above,FALSE,not,TRUE,TRUE,FALSE,TRUE,FALSE,FALSE,FALSE,FALSE,FALSE,FALSE,FALSE
-73.96810426,40.77233143,11I-PM-1012-04,PM,Adult,Gray,Above,FALSE,not,FALSE,TRUE,FALSE,TRUE,FALSE,TRUE,FALSE,FALSE,FALSE,FALSE,FALSE
-73.96677557,40.77602568,15H-PM-1008-02,PM,Adult,Gray,Above,FALSE,not,TRUE,FALSE,TRUE,TRUE,FALSE,FALSE,FALSE,FALSE,FALSE,FALSE,FALSE
-73.9755056,40.77074387,6D-AM-1008-02,AM,Juvenile,Gray,Above,FALSE,not,FALSE,FALSE,FALSE,FALSE,FALSE,FALSE,FALSE,FALSE,FALSE,FALSE,FALSE
-73.9792754,40.76796907,2C-AM-1010-08,AM,Adult,Gray,Above,FALSE,not,FALSE,FALSE,FALSE,TRUE,FALSE,FALSE,FALSE,FALSE,FALSE,FALSE,FALSE
-73.96641208,40.78880227,27A-AM-1008-01,AM,Adult,Gray,Above,FALSE,not,TRUE,FALSE,TRUE,FALSE,FALSE,FALSE,FALSE,FALSE,FALSE,FALSE,FALSE
-73.96765141,40.77308537,11H-AM-1010-01,AM,Adult,Gray,Above,TRUE,not,FALSE,FALSE,FALSE,TRUE,FALSE,FALSE,FALSE,FALSE,FALSE,FALSE,FALSE
-73.96372797,40.79051985,30B-AM-1007-09,AM,Adult,Gray,Above,FALSE,not,FALSE,FALSE,FALSE,TRUE,FALSE,FALSE,FALSE,FALSE,FALSE,FALSE,FALSE
-73.95712336,40.7992459,41B-PM-1014-04,PM,Adult,Gray,Above,FALSE,not,FALSE,FALSE,FALSE,TRUE,FALSE,FALSE,FALSE,FALSE,FALSE,FALSE,FALSE
-73.95789249,40.7898063,32G-AM-1010-02,AM,Adult,Gray,Above,FALSE,not,TRUE,FALSE,FALSE,TRUE,TRUE,FALSE,FALSE,FALSE,FALSE,FALSE,TRUE
-73.95960069,40.78347064,25I-PM-1007-07,PM,Adult,Gray,Above,FALSE,not,FALSE,FALSE,FALSE,FALSE,FALSE,FALSE,FALSE,FALSE,FALSE,FALSE,FALSE
-73.96220301,40.79177232,32B-AM-1017-01,AM,Adult,Gray,Above,FALSE,not,TRUE,TRUE,FALSE,FALSE,FALSE,TRUE,FALSE,FALSE,FALSE,FALSE,FALSE
-73.96661951,40.78392167,22C-PM-1006-10,PM,Adult,Gray,Above,FALSE,not,FALSE,FALSE,FALSE,TRUE,FALSE,FALSE,TRUE,FALSE,FALSE,FALSE,FALSE
-73.97179185,40.78029717,17B-PM-1012-01,PM,Adult,Gray,Above,FALSE,not,TRUE,TRUE,FALSE,FALSE,FALSE,TRUE,FALSE,FALSE,FALSE,FALSE,FALSE
-73.96138623,40.79128217,32C-AM-1014-03,AM,Adult,Gray,Above,FALSE,not,FALSE,FALSE,TRUE,TRUE,FALSE,FALSE,FALSE,FALSE,FALSE,FALSE,FALSE
-73.95831758,40.79165667,33E-AM-1014-12,AM,Adult,Gray,Above,FALSE,not,FALSE,FALSE,FALSE,FALSE,FALSE,FALSE,FALSE,FALSE,FALSE,FALSE,FALSE
-73.96731602,40.7766158,15G-PM-1019-12,PM,Adult,Gray,Above,FALSE,not,FALSE,FALSE,FALSE,TRUE,FALSE,FALSE,FALSE,FALSE,FALSE,FALSE,FALSE
-73.96415521,40.79084795,30B-AM-1007-05,AM,Adult,Gray,Above,FALSE,not,FALSE,TRUE,FALSE,FALSE,FALSE,FALSE,FALSE,FALSE,FALSE,FALSE,FALSE
-73.96729503,40.77824775,17F-PM-1020-01,PM,Adult,Gray,Above,FALSE,not,TRUE,FALSE,FALSE,TRUE,FALSE,FALSE,FALSE,FALSE,FALSE,FALSE,FALSE
-73.96356891,40.79016343,30B-PM-1019-03,PM,Adult,Gray,Above,FALSE,not,FALSE,FALSE,FALSE,TRUE,FALSE,FALSE,FALSE,FALSE,FALSE,FALSE,FALSE
-73.97031498,40.77855836,16D-AM-1007-01,AM,Adult,Gray,Above,FALSE,not,TRUE,FALSE,FALSE,TRUE,TRUE,FALSE,FALSE,FALSE,FALSE,FALSE,FALSE
-73.97191115,40.77587899,12D-AM-1013-02,AM,Adult,Gray,Above,FALSE,not,TRUE,FALSE,FALSE,FALSE,FALSE,FALSE,FALSE,FALSE,FALSE,TRUE,FALSE
-73.97555692,40.7668007,2F-AM-1006-03,AM,Adult,Gray,Above,FALSE,not,FALSE,FALSE,FALSE,TRUE,FALSE,FALSE,FALSE,FALSE,FALSE,FALSE,FALSE
-73.95488535,40.79847836,41D-PM-1014-04,PM,Adult,Gray,Above,FALSE,not,FALSE,FALSE,FALSE,TRUE,FALSE,FALSE,FALSE,FALSE,FALSE,FALSE,FALSE
-73.96328686,40.79078063,30B-AM-1007-06,AM,Adult,Gray,Above,FALSE,not,FALSE,FALSE,FALSE,TRUE,FALSE,FALSE,FALSE,FALSE,FALSE,FALSE,FALSE
-73.97304207,40.7786151,15B-AM-1014-01,AM,Adult,Gray,Above,FALSE,not,FALSE,FALSE,FALSE,TRUE,FALSE,TRUE,FALSE,FALSE,FALSE,FALSE,FALSE
-73.96478912,40.78985307,29B-AM-1007-02,AM,Adult,Gray,Above,FALSE,not,FALSE,TRUE,FALSE,FALSE,FALSE,FALSE,FALSE,FALSE,FALSE,TRUE,FALSE
-73.97821201,40.77171545,6A-AM-1006-05,AM,Adult,Gray,Above,FALSE,not,FALSE,FALSE,FALSE,TRUE,FALSE,FALSE,FALSE,FALSE,FALSE,TRUE,TRUE
-73.96858597,40.78488051,23A-AM-1018-04,AM,Adult,Gray,Above,FALSE,not,TRUE,FALSE,FALSE,TRUE,FALSE,FALSE,FALSE,FALSE,FALSE,FALSE,FALSE
-73.96323371,40.79146824,31B-PM-1007-01,PM,Adult,Gray,Above,FALSE,not,TRUE,FALSE,TRUE,TRUE,FALSE,FALSE,FALSE,FALSE,FALSE,FALSE,FALSE
-73.97288711,40.77129837,8F-PM-1012-08,PM,Adult,Gray,Above,FALSE,not,TRUE,FALSE,FALSE,FALSE,TRUE,FALSE,FALSE,FALSE,FALSE,FALSE,FALSE
-73.95954857,40.78353264,25I-PM-1007-08,PM,Adult,Gray,Above,FALSE,not,FALSE,FALSE,FALSE,FALSE,FALSE,FALSE,FALSE,FALSE,FALSE,FALSE,FALSE
-73.96746313,40.77900764,17E-AM-1017-10,AM,Juvenile,Gray,Above,FALSE,not,TRUE,TRUE,FALSE,FALSE,FALSE,FALSE,FALSE,FALSE,FALSE,FALSE,FALSE
-73.9703774,40.77176076,9G-AM-1007-01,AM,Adult,Gray,Above,FALSE,not,FALSE,FALSE,FALSE,TRUE,FALSE,FALSE,FALSE,FALSE,FALSE,FALSE,FALSE
-73.97227376,40.76896302,6G-AM-1008-04,AM,Juvenile,Gray,Above,FALSE,not,TRUE,TRUE,FALSE,TRUE,FALSE,FALSE,FALSE,FALSE,FALSE,FALSE,TRUE
-73.96902119,40.7730383,11H-AM-1010-07,AM,Adult,Gray,Above,FALSE,not,TRUE,FALSE,FALSE,FALSE,TRUE,FALSE,FALSE,FALSE,FALSE,FALSE,FALSE
-73.96799558,40.78184316,20C-PM-1018-04,PM,Adult,Gray,Above,FALSE,not,FALSE,FALSE,FALSE,TRUE,FALSE,FALSE,FALSE,FALSE,FALSE,FALSE,FALSE
-73.97615279,40.7709607,6C-AM-1007-06,AM,Adult,Gray,Above,FALSE,not,FALSE,FALSE,FALSE,TRUE,FALSE,FALSE,FALSE,FALSE,FALSE,FALSE,FALSE
-73.9678154,40.77427835,12H-PM-1007-01,PM,Adult,Gray,Above,FALSE,not,FALSE,FALSE,FALSE,FALSE,TRUE,FALSE,FALSE,FALSE,FALSE,FALSE,FALSE
-73.96764343,40.78623366,24A-PM-1007-04,PM,Adult,Gray,Above,FALSE,not,FALSE,FALSE,FALSE,TRUE,FALSE,FALSE,FALSE,FALSE,FALSE,FALSE,FALSE
-73.97298471,40.7740709,10D-AM-1008-03,AM,Adult,Gray,Above,FALSE,not,FALSE,FALSE,FALSE,TRUE,FALSE,FALSE,FALSE,FALSE,FALSE,FALSE,FALSE
-73.97194603,40.78105082,18A-AM-1012-01,AM,Adult,Gray,Above,FALSE,not,TRUE,TRUE,FALSE,TRUE,FALSE,TRUE,FALSE,FALSE,FALSE,FALSE,TRUE
-73.97757351,40.76928721,4C-PM-1010-08,PM,Adult,Gray,Above,FALSE,not,TRUE,TRUE,FALSE,TRUE,FALSE,FALSE,FALSE,FALSE,FALSE,FALSE,FALSE
-73.9700186,40.78260522,20B-AM-1007-03,AM,Adult,Gray,Above,FALSE,not,TRUE,FALSE,FALSE,FALSE,FALSE,TRUE,FALSE,FALSE,FALSE,TRUE,FALSE
-73.9638599,40.78092888,21G-AM-1014-06,AM,Adult,Gray,Above,FALSE,not,FALSE,FALSE,TRUE,TRUE,FALSE,FALSE,FALSE,FALSE,FALSE,FALSE,FALSE
-73.97431847,40.7667933,3G-AM-1008-01,AM,Adult,Gray,Above,FALSE,not,FALSE,FALSE,FALSE,TRUE,FALSE,FALSE,TRUE,FALSE,FALSE,FALSE,FALSE
-73.97073392,40.77963334,17C-PM-1013-03,PM,Adult,Gray,Above,FALSE,not,FALSE,FALSE,FALSE,FALSE,FALSE,FALSE,FALSE,FALSE,FALSE,FALSE,FALSE
-73.9608399,40.78177045,23I-AM-1019-01,AM,Adult,Gray,Above,FALSE,not,FALSE,FALSE,FALSE,TRUE,FALSE,FALSE,FALSE,FALSE,FALSE,FALSE,FALSE
-73.9786937,40.77139437,5A-PM-1010-02,PM,Adult,Gray,Above,FALSE,not,FALSE,FALSE,FALSE,TRUE,FALSE,FALSE,FALSE,FALSE,FALSE,FALSE,FALSE
-73.95685443,40.79725173,39D-AM-1008-06,AM,Adult,Gray,Above,FALSE,not,TRUE,FALSE,FALSE,FALSE,FALSE,FALSE,FALSE,FALSE,FALSE,FALSE,FALSE
-73.9677097,40.78253584,21C-AM-1014-02,AM,Adult,Gray,Above,FALSE,not,FALSE,TRUE,TRUE,TRUE,FALSE,TRUE,FALSE,TRUE,FALSE,FALSE,FALSE
-73.97798744,40.77307654,7A-PM-1007-02,PM,Adult,Gray,Above,FALSE,not,FALSE,FALSE,FALSE,TRUE,FALSE,FALSE,FALSE,FALSE,FALSE,FALSE,FALSE
-73.96552773,40.78061205,20F-AM-1014-03,AM,Adult,Gray,Above,FALSE,not,FALSE,FALSE,FALSE,TRUE,FALSE,FALSE,TRUE,FALSE,FALSE,FALSE,FALSE
-73.97828135,40.77157304,6A-AM-1006-02,AM,Adult,Gray,Above,FALSE,not,FALSE,FALSE,TRUE,TRUE,FALSE,FALSE,FALSE,FALSE,FALSE,TRUE,FALSE
-73.97487092,40.77608025,11B-PM-1014-01,PM,Adult,Gray,Above,FALSE,not,TRUE,FALSE,FALSE,TRUE,FALSE,FALSE,TRUE,FALSE,FALSE,FALSE,FALSE
-73.97799838,40.76754521,2D-AM-1007-02,AM,Adult,Gray,Above,FALSE,not,FALSE,FALSE,TRUE,TRUE,FALSE,FALSE,FALSE,FALSE,FALSE,FALSE,FALSE
-73.97736921,40.76797712,3D-PM-1010-02,PM,Adult,Gray,Above,FALSE,not,FALSE,FALSE,FALSE,TRUE,FALSE,FALSE,FALSE,FALSE,FALSE,FALSE,FALSE
-73.96961192,40.78029261,18C-PM-1018-09,PM,Juvenile,Gray,Above,FALSE,not,FALSE,FALSE,FALSE,TRUE,TRUE,TRUE,FALSE,FALSE,FALSE,FALSE,FALSE
-73.9651818,40.78190828,21E-AM-1017-01,AM,Adult,Gray,Above,FALSE,not,FALSE,FALSE,FALSE,FALSE,TRUE,TRUE,FALSE,FALSE,FALSE,FALSE,TRUE
-73.97779989,40.77098159,5B-PM-1013-02,PM,Adult,Gray,Above,FALSE,not,FALSE,FALSE,FALSE,TRUE,FALSE,FALSE,FALSE,FALSE,FALSE,FALSE,FALSE
-73.97640136,40.76630635,1F-PM-1019-03,PM,Juvenile,Gray,Above,FALSE,not,FALSE,FALSE,FALSE,FALSE,FALSE,FALSE,FALSE,FALSE,FALSE,FALSE,FALSE
-73.97708739,40.77103797,6C-PM-1020-02,PM,Adult,Gray,Above,FALSE,not,FALSE,FALSE,FALSE,TRUE,FALSE,FALSE,FALSE,FALSE,FALSE,FALSE,FALSE
-73.96239843,40.79139005,31C-PM-1010-03,PM,Adult,Gray,Above,FALSE,not,TRUE,FALSE,FALSE,TRUE,FALSE,FALSE,FALSE,FALSE,FALSE,FALSE,FALSE
-73.95589439,40.79715351,40D-PM-1013-06,PM,Adult,Gray,Above,FALSE,not,TRUE,FALSE,FALSE,TRUE,FALSE,FALSE,FALSE,FALSE,FALSE,FALSE,FALSE
-73.95624697,40.79685908,39D-AM-1008-04,AM,Adult,Gray,Above,FALSE,not,FALSE,FALSE,FALSE,TRUE,FALSE,FALSE,FALSE,FALSE,FALSE,FALSE,FALSE
-73.98028317,40.76927633,3A-AM-1012-02,AM,Adult,Gray,Above,FALSE,not,TRUE,TRUE,FALSE,FALSE,FALSE,FALSE,FALSE,FALSE,FALSE,FALSE,TRUE
-73.95333195,40.79336479,37H-AM-1018-02,AM,Adult,Gray,Above,FALSE,not,FALSE,FALSE,FALSE,TRUE,FALSE,FALSE,FALSE,FALSE,FALSE,FALSE,FALSE
-73.96718139,40.783864,22C-PM-1006-04,PM,Juvenile,Gray,Above,FALSE,not,FALSE,FALSE,FALSE,TRUE,FALSE,FALSE,FALSE,FALSE,FALSE,FALSE,FALSE
-73.95959558,40.79330479,34D-PM-1007-01,PM,Adult,Gray,Above,FALSE,not,TRUE,FALSE,FALSE,TRUE,FALSE,TRUE,FALSE,FALSE,FALSE,FALSE,TRUE
-73.96805224,40.77238981,11I-PM-1012-06,PM,Adult,Gray,Above,FALSE,not,FALSE,TRUE,FALSE,TRUE,FALSE,TRUE,FALSE,FALSE,FALSE,FALSE,FALSE
-73.95455425,40.79839357,41E-AM-1007-05,AM,Adult,Gray,Above,FALSE,not,TRUE,FALSE,FALSE,TRUE,FALSE,FALSE,FALSE,FALSE,FALSE,FALSE,FALSE
-73.9765758,40.77138032,6C-AM-1007-03,AM,Adult,Gray,Above,FALSE,not,TRUE,TRUE,FALSE,TRUE,FALSE,FALSE,FALSE,FALSE,FALSE,FALSE,FALSE
-73.97545277,40.76560885,1G-PM-1010-02,PM,Adult,Gray,Above,FALSE,not,FALSE,FALSE,FALSE,FALSE,FALSE,FALSE,FALSE,FALSE,FALSE,TRUE,TRUE
-73.95991976,40.79548365,36B-PM-1013-05,PM,Adult,Gray,Above,FALSE,not,TRUE,TRUE,FALSE,FALSE,FALSE,FALSE,FALSE,FALSE,FALSE,FALSE,FALSE
-73.963135,40.79190721,32B-PM-1010-01,PM,Juvenile,Gray,Above,FALSE,not,TRUE,FALSE,FALSE,TRUE,FALSE,FALSE,FALSE,FALSE,FALSE,FALSE,TRUE
-73.97916482,40.76762544,2C-AM-1010-04,AM,Adult,Gray,Above,FALSE,not,FALSE,FALSE,FALSE,TRUE,FALSE,FALSE,FALSE,FALSE,FALSE,FALSE,FALSE
-73.95427338,40.79557865,39F-PM-1006-02,PM,Adult,Gray,Above,FALSE,not,TRUE,FALSE,FALSE,FALSE,FALSE,FALSE,FALSE,FALSE,FALSE,FALSE,FALSE
-73.96537393,40.78897621,28B-PM-1010-02,PM,Adult,Gray,Above,FALSE,not,FALSE,FALSE,FALSE,TRUE,FALSE,FALSE,FALSE,FALSE,FALSE,FALSE,FALSE
-73.96697627,40.78359133,22C-PM-1006-08,PM,Adult,Gray,Above,FALSE,not,FALSE,FALSE,FALSE,TRUE,FALSE,FALSE,FALSE,FALSE,FALSE,FALSE,FALSE
-73.9586077,40.79618965,38C-AM-1019-10,AM,Adult,Gray,Above,FALSE,not,TRUE,TRUE,FALSE,TRUE,TRUE,FALSE,TRUE,FALSE,FALSE,FALSE,TRUE
-73.97108015,40.77608725,13D-AM-1014-03,AM,Juvenile,Gray,Above,FALSE,not,TRUE,FALSE,TRUE,TRUE,TRUE,FALSE,FALSE,FALSE,FALSE,FALSE,FALSE
-73.9602808,40.79061308,32E-AM-1007-14,AM,Adult,Gray,Above,FALSE,not,TRUE,FALSE,FALSE,FALSE,FALSE,FALSE,FALSE,FALSE,FALSE,FALSE,FALSE
-73.97323016,40.76898245,5F-AM-1007-01,AM,Adult,Gray,Above,FALSE,not,FALSE,TRUE,FALSE,FALSE,TRUE,FALSE,FALSE,FALSE,FALSE,FALSE,FALSE
-73.95879133,40.79617076,38C-AM-1019-11,AM,Adult,Gray,Above,FALSE,not,TRUE,TRUE,FALSE,TRUE,TRUE,FALSE,TRUE,FALSE,FALSE,FALSE,TRUE
-73.980284,40.76785991,1B-PM-1019-04,PM,Juvenile,Gray,Above,FALSE,not,FALSE,FALSE,TRUE,FALSE,FALSE,FALSE,FALSE,FALSE,FALSE,FALSE,FALSE
-73.95805131,40.79909642,41B-AM-1010-02,AM,Adult,Gray,Above,FALSE,not,FALSE,FALSE,TRUE,FALSE,FALSE,FALSE,FALSE,FALSE,FALSE,FALSE,FALSE
-73.96476051,40.78039615,20G-AM-1018-03,AM,Adult,Gray,Above,FALSE,not,FALSE,TRUE,FALSE,FALSE,FALSE,FALSE,TRUE,FALSE,FALSE,FALSE,FALSE
-73.96002043,40.78287729,24I-AM-1019-01,AM,Adult,Gray,Above,FALSE,not,FALSE,FALSE,FALSE,FALSE,TRUE,FALSE,FALSE,FALSE,FALSE,FALSE,FALSE
-73.96649864,40.77830833,17G-PM-1017-02,PM,Adult,Gray,Above,FALSE,not,TRUE,TRUE,FALSE,TRUE,FALSE,FALSE,FALSE,FALSE,FALSE,FALSE,FALSE
-73.97065331,40.76890203,6I-AM-1006-01,AM,Adult,Gray,Above,FALSE,not,TRUE,TRUE,FALSE,TRUE,TRUE,TRUE,FALSE,FALSE,FALSE,FALSE,FALSE
-73.96019189,40.79441347,35C-AM-1007-01,AM,Juvenile,Gray,Above,FALSE,not,FALSE,FALSE,FALSE,FALSE,FALSE,FALSE,FALSE,FALSE,FALSE,FALSE,FALSE
-73.97607498,40.77032849,5D-PM-1018-02,PM,Adult,Gray,Above,FALSE,not,TRUE,FALSE,FALSE,FALSE,TRUE,FALSE,FALSE,FALSE,FALSE,FALSE,FALSE
-73.97752388,40.76757927,2D-AM-1007-05,AM,Adult,Gray,Above,FALSE,not,FALSE,TRUE,FALSE,FALSE,FALSE,FALSE,FALSE,FALSE,FALSE,FALSE,FALSE
-73.95611249,40.79494406,37E-AM-1013-04,AM,Adult,Gray,Above,FALSE,not,TRUE,FALSE,FALSE,TRUE,TRUE,FALSE,TRUE,FALSE,FALSE,FALSE,FALSE
-73.96453652,40.7781531,18H-AM-1018-02,AM,Adult,Gray,Above,FALSE,not,FALSE,TRUE,TRUE,FALSE,FALSE,FALSE,FALSE,FALSE,FALSE,FALSE,FALSE
-73.95320746,40.79346695,37H-PM-1006-06,PM,Adult,Gray,Above,FALSE,not,FALSE,TRUE,FALSE,TRUE,FALSE,FALSE,FALSE,FALSE,FALSE,FALSE,FALSE
-73.96511777,40.78124081,20F-PM-1007-05,PM,Juvenile,Gray,Above,FALSE,not,TRUE,FALSE,FALSE,TRUE,FALSE,FALSE,FALSE,FALSE,FALSE,FALSE,FALSE
-73.96846573,40.78401136,22B-AM-1013-05,AM,Adult,Gray,Above,FALSE,not,FALSE,FALSE,FALSE,TRUE,FALSE,FALSE,FALSE,FALSE,FALSE,FALSE,FALSE
-73.97660949,40.77178329,7C-PM-1020-04,PM,Adult,Gray,Above,FALSE,not,TRUE,FALSE,FALSE,TRUE,FALSE,FALSE,FALSE,FALSE,FALSE,FALSE,FALSE
-73.96539466,40.77631368,15I-PM-1012-05,PM,Adult,Gray,Above,FALSE,not,FALSE,TRUE,FALSE,TRUE,FALSE,TRUE,FALSE,FALSE,FALSE,FALSE,FALSE
-73.95017625,40.79755341,42H-PM-1014-05,PM,Adult,Gray,Above,FALSE,not,TRUE,TRUE,TRUE,FALSE,FALSE,FALSE,FALSE,FALSE,FALSE,FALSE,FALSE
-73.97351372,40.7691099,5F-AM-1007-06,AM,Adult,Gray,Above,FALSE,not,FALSE,FALSE,FALSE,FALSE,TRUE,FALSE,FALSE,FALSE,FALSE,FALSE,FALSE
-73.97699695,40.77107113,6C-AM-1007-01,AM,Adult,Gray,Above,FALSE,not,FALSE,FALSE,FALSE,TRUE,FALSE,FALSE,FALSE,FALSE,FALSE,FALSE,TRUE
-73.97283398,40.77828912,14B-PM-1014-04,PM,Adult,Gray,Above,FALSE,not,FALSE,FALSE,FALSE,FALSE,FALSE,FALSE,FALSE,FALSE,FALSE,FALSE,FALSE
-73.96997995,40.77365763,11F-AM-1013-02,AM,Adult,Gray,Above,FALSE,not,TRUE,FALSE,FALSE,TRUE,FALSE,FALSE,FALSE,FALSE,FALSE,FALSE,FALSE
-73.96938943,40.77569067,13F-PM-1008-04,PM,Adult,Gray,Above,FALSE,not,FALSE,FALSE,FALSE,FALSE,FALSE,FALSE,TRUE,FALSE,FALSE,FALSE,FALSE
-73.97338824,40.76830787,5G-AM-1006-01,AM,Adult,Gray,Above,FALSE,not,FALSE,FALSE,FALSE,TRUE,FALSE,FALSE,FALSE,FALSE,FALSE,FALSE,FALSE
-73.96322658,40.78169145,22G-AM-1018-04,AM,Adult,Gray,Above,FALSE,not,FALSE,FALSE,FALSE,TRUE,FALSE,FALSE,FALSE,FALSE,FALSE,FALSE,FALSE
-73.95389706,40.79551968,39G-PM-1013-03,PM,Adult,Gray,Above,FALSE,not,FALSE,FALSE,FALSE,TRUE,FALSE,FALSE,FALSE,FALSE,FALSE,FALSE,FALSE
-73.96906453,40.77738221,15E-AM-1013-03,AM,Adult,Gray,Above,FALSE,not,TRUE,FALSE,FALSE,FALSE,FALSE,FALSE,FALSE,FALSE,FALSE,FALSE,TRUE
-73.96810799,40.77234941,11I-PM-1012-05,PM,Adult,Gray,Above,FALSE,not,FALSE,TRUE,FALSE,TRUE,FALSE,TRUE,FALSE,FALSE,FALSE,FALSE,FALSE
-73.95956135,40.78380575,25I-PM-1007-04,PM,Adult,Gray,Above,FALSE,not,FALSE,FALSE,FALSE,TRUE,FALSE,FALSE,FALSE,FALSE,FALSE,FALSE,FALSE
-73.97157754,40.777625,14C-PM-1006-01,PM,Adult,Gray,Above,FALSE,not,TRUE,FALSE,FALSE,TRUE,FALSE,FALSE,FALSE,TRUE,FALSE,FALSE,FALSE
-73.95755179,40.78891583,31H-PM-1008-05,PM,Adult,Gray,Above,FALSE,not,TRUE,FALSE,FALSE,TRUE,FALSE,FALSE,FALSE,FALSE,FALSE,FALSE,FALSE
-73.97787308,40.77082725,5B-PM-1013-05,PM,Adult,Gray,Above,FALSE,not,TRUE,TRUE,FALSE,TRUE,FALSE,FALSE,FALSE,FALSE,FALSE,FALSE,FALSE
-73.96669451,40.78399565,22C-PM-1006-11,PM,Juvenile,Gray,Above,FALSE,not,FALSE,FALSE,FALSE,TRUE,FALSE,FALSE,TRUE,FALSE,FALSE,FALSE,FALSE
-73.97826033,40.77057903,5B-PM-1013-06,PM,Adult,Gray,Above,FALSE,not,FALSE,TRUE,FALSE,TRUE,FALSE,FALSE,FALSE,FALSE,FALSE,FALSE,FALSE
-73.95454255,40.79568534,39F-PM-1006-04,PM,Adult,Gray,Above,FALSE,not,TRUE,FALSE,FALSE,TRUE,FALSE,FALSE,FALSE,FALSE,FALSE,FALSE,FALSE
-73.973706,40.77256602,8D-AM-1007-05,AM,Adult,Gray,Above,FALSE,not,FALSE,FALSE,FALSE,FALSE,TRUE,FALSE,FALSE,FALSE,FALSE,FALSE,FALSE
-73.9736873,40.76491067,1I-PM-1012-02,PM,Juvenile,Gray,Above,FALSE,not,TRUE,FALSE,FALSE,TRUE,FALSE,FALSE,TRUE,FALSE,FALSE,FALSE,FALSE
-73.96531353,40.78174341,21E-PM-1012-01,PM,Adult,Gray,Above,FALSE,not,FALSE,FALSE,FALSE,TRUE,FALSE,FALSE,FALSE,FALSE,FALSE,FALSE,FALSE
-73.96196733,40.79241767,33B-PM-1010-08,PM,Juvenile,Gray,Above,FALSE,not,TRUE,FALSE,FALSE,TRUE,FALSE,FALSE,FALSE,FALSE,FALSE,FALSE,FALSE
-73.96958811,40.78424413,21A-AM-1019-01,AM,Juvenile,Gray,Above,FALSE,not,FALSE,FALSE,FALSE,TRUE,FALSE,FALSE,FALSE,FALSE,FALSE,FALSE,FALSE
-73.97451931,40.76912288,5E-AM-1008-02,AM,Adult,Gray,Above,TRUE,not,FALSE,TRUE,FALSE,FALSE,FALSE,TRUE,FALSE,FALSE,FALSE,FALSE,FALSE
-73.95616002,40.79531432,38E-AM-1010-10,AM,Adult,Gray,Above,FALSE,not,TRUE,FALSE,FALSE,FALSE,FALSE,FALSE,FALSE,FALSE,FALSE,FALSE,FALSE
-73.97469409,40.77609665,11B-PM-1014-02,PM,Juvenile,Gray,Above,FALSE,not,FALSE,FALSE,TRUE,FALSE,FALSE,FALSE,FALSE,FALSE,FALSE,FALSE,FALSE
-73.97774976,40.76773447,2D-AM-1007-04,AM,Adult,Gray,Above,FALSE,not,FALSE,FALSE,FALSE,TRUE,FALSE,FALSE,FALSE,FALSE,FALSE,FALSE,FALSE
-73.96378248,40.79047371,30B-AM-1007-08,AM,Adult,Gray,Above,FALSE,not,FALSE,TRUE,FALSE,FALSE,TRUE,FALSE,FALSE,FALSE,FALSE,FALSE,FALSE
-73.97326833,40.77082965,7E-AM-1006-05,AM,Adult,Gray,Above,FALSE,not,FALSE,FALSE,FALSE,TRUE,FALSE,FALSE,FALSE,FALSE,FALSE,FALSE,FALSE
-73.95937814,40.78415199,26I-AM-1010-02,AM,Adult,Gray,Above,FALSE,not,FALSE,FALSE,FALSE,FALSE,FALSE,TRUE,FALSE,FALSE,FALSE,FALSE,FALSE
-73.96313921,40.79146356,31B-PM-1007-02,PM,Adult,Gray,Above,FALSE,not,TRUE,FALSE,TRUE,TRUE,FALSE,FALSE,FALSE,FALSE,FALSE,FALSE,FALSE
-73.97635428,40.77365313,9B-AM-1010-02,AM,Juvenile,Gray,Above,FALSE,not,TRUE,FALSE,FALSE,TRUE,FALSE,TRUE,FALSE,FALSE,FALSE,FALSE,TRUE
-73.97563459,40.76755405,3E-PM-1008-09,PM,Adult,Gray,Above,FALSE,not,TRUE,TRUE,FALSE,TRUE,FALSE,FALSE,FALSE,FALSE,FALSE,FALSE,FALSE
-73.95940459,40.78408869,26I-AM-1010-01,AM,Adult,Gray,Above,FALSE,not,FALSE,FALSE,FALSE,FALSE,FALSE,TRUE,FALSE,FALSE,FALSE,FALSE,FALSE
-73.96890416,40.7781789,16E-AM-1014-07,AM,Adult,Gray,Above,FALSE,not,TRUE,TRUE,FALSE,FALSE,FALSE,FALSE,FALSE,FALSE,FALSE,FALSE,FALSE
-73.97736965,40.76872419,3D-PM-1010-14,PM,Juvenile,Gray,Above,FALSE,not,FALSE,FALSE,FALSE,FALSE,FALSE,FALSE,TRUE,TRUE,FALSE,FALSE,FALSE
-73.95623508,40.79134641,34G-PM-1006-02,PM,Adult,Gray,Above,FALSE,not,TRUE,FALSE,FALSE,TRUE,TRUE,TRUE,FALSE,FALSE,FALSE,FALSE,FALSE
-73.96855671,40.77037977,8I-AM-1006-10,AM,Adult,Gray,Above,FALSE,not,TRUE,FALSE,FALSE,TRUE,FALSE,FALSE,FALSE,FALSE,FALSE,FALSE,FALSE
-73.97305925,40.77408793,10D-AM-1008-04,AM,Juvenile,Gray,Above,FALSE,not,FALSE,FALSE,TRUE,TRUE,FALSE,FALSE,FALSE,FALSE,FALSE,FALSE,FALSE
-73.95813662,40.79889641,40B-PM-1014-02,PM,Adult,Gray,Above,FALSE,not,TRUE,FALSE,FALSE,TRUE,FALSE,FALSE,TRUE,TRUE,FALSE,FALSE,FALSE
-73.96128545,40.79208307,32C-PM-1013-04,PM,Juvenile,Gray,Above,FALSE,not,FALSE,TRUE,FALSE,TRUE,FALSE,FALSE,FALSE,FALSE,FALSE,FALSE,FALSE
-73.96242098,40.7910201,31C-PM-1010-01,PM,Adult,Gray,Above,FALSE,not,TRUE,FALSE,FALSE,TRUE,FALSE,FALSE,FALSE,FALSE,FALSE,FALSE,TRUE
-73.96829652,40.7805379,18D-AM-1018-04,AM,Adult,Gray,Above,FALSE,not,FALSE,FALSE,FALSE,TRUE,FALSE,TRUE,FALSE,FALSE,FALSE,FALSE,FALSE
-73.97102881,40.77157771,9G-PM-1007-01,PM,Adult,Gray,Above,FALSE,not,FALSE,FALSE,FALSE,TRUE,FALSE,FALSE,FALSE,FALSE,FALSE,FALSE,FALSE
-73.97580936,40.77347027,8B-PM-1012-09,PM,Adult,Gray,Above,FALSE,not,TRUE,TRUE,FALSE,TRUE,FALSE,FALSE,FALSE,FALSE,FALSE,FALSE,FALSE
-73.96180764,40.79478087,35A-PM-1013-05,PM,Adult,Gray,Above,FALSE,not,FALSE,FALSE,FALSE,TRUE,FALSE,FALSE,FALSE,FALSE,FALSE,FALSE,FALSE
-73.97452042,40.77362829,9C-AM-1006-01,AM,Adult,Gray,Above,FALSE,not,FALSE,TRUE,FALSE,FALSE,FALSE,FALSE,FALSE,FALSE,FALSE,FALSE,TRUE
-73.95274305,40.7924808,36I-PM-1007-12,PM,Juvenile,Gray,Above,FALSE,not,FALSE,FALSE,FALSE,FALSE,FALSE,TRUE,FALSE,FALSE,FALSE,FALSE,FALSE
-73.97877231,40.77136558,5A-PM-1010-03,PM,Adult,Gray,Above,FALSE,not,FALSE,FALSE,FALSE,TRUE,FALSE,FALSE,FALSE,FALSE,FALSE,FALSE,FALSE
-73.97971129,40.76880468,2B-PM-1013-09,PM,Adult,Gray,Above,FALSE,not,FALSE,TRUE,FALSE,FALSE,FALSE,FALSE,FALSE,FALSE,FALSE,FALSE,FALSE
-73.95813899,40.79930811,41A-PM-1007-04,PM,Adult,Gray,Above,FALSE,not,TRUE,TRUE,FALSE,TRUE,FALSE,FALSE,FALSE,FALSE,FALSE,FALSE,FALSE
-73.96053623,40.79394706,35C-AM-1007-02,AM,Adult,Gray,Above,FALSE,not,TRUE,FALSE,FALSE,TRUE,FALSE,FALSE,FALSE,FALSE,FALSE,FALSE,FALSE
-73.95484316,40.79063463,34I-PM-1010-02,PM,Adult,Gray,Above,FALSE,not,FALSE,FALSE,FALSE,TRUE,FALSE,FALSE,FALSE,FALSE,FALSE,FALSE,FALSE
-73.97301589,40.77013107,6F-PM-1008-02,PM,Adult,Gray,Above,FALSE,not,FALSE,TRUE,TRUE,FALSE,FALSE,FALSE,FALSE,FALSE,FALSE,FALSE,FALSE
-73.96314647,40.79341566,33A-PM-1018-02,PM,Adult,Gray,Above,FALSE,not,FALSE,FALSE,FALSE,FALSE,FALSE,FALSE,FALSE,FALSE,FALSE,FALSE,FALSE
-73.97724207,40.77300252,7A-PM-1007-01,PM,Adult,Gray,Above,FALSE,not,FALSE,FALSE,FALSE,TRUE,FALSE,FALSE,FALSE,FALSE,FALSE,FALSE,FALSE
-73.95865705,40.79634942,38C-AM-1019-09,AM,Adult,Gray,Above,FALSE,not,TRUE,FALSE,FALSE,FALSE,TRUE,TRUE,FALSE,FALSE,FALSE,FALSE,TRUE
-73.95736925,40.79892529,41B-PM-1014-03,PM,Adult,Gray,Above,FALSE,not,FALSE,FALSE,FALSE,TRUE,FALSE,FALSE,FALSE,FALSE,FALSE,FALSE,FALSE
-73.95984638,40.78345247,25I-PM-1007-05,PM,Adult,Gray,Above,FALSE,not,FALSE,FALSE,FALSE,TRUE,FALSE,FALSE,FALSE,FALSE,FALSE,FALSE,FALSE
-73.95498609,40.79115503,34H-PM-1006-07,PM,Juvenile,Gray,Above,FALSE,not,TRUE,FALSE,FALSE,TRUE,FALSE,FALSE,FALSE,FALSE,FALSE,FALSE,FALSE
-73.9581707,40.79063214,32F-AM-1012-05,AM,Adult,Gray,Above,FALSE,not,FALSE,TRUE,FALSE,TRUE,FALSE,FALSE,FALSE,FALSE,FALSE,FALSE,FALSE
-73.96405264,40.79074116,30B-AM-1007-01,AM,Adult,Gray,Above,FALSE,not,FALSE,FALSE,FALSE,TRUE,FALSE,FALSE,FALSE,FALSE,FALSE,FALSE,FALSE
-73.96738216,40.77863753,17F-PM-1020-06,PM,Adult,Gray,Above,FALSE,not,FALSE,FALSE,FALSE,FALSE,TRUE,FALSE,FALSE,FALSE,FALSE,FALSE,FALSE
-73.95743656,40.78869247,31H-PM-1008-03,PM,Adult,Gray,Above,FALSE,not,FALSE,FALSE,FALSE,TRUE,FALSE,TRUE,FALSE,FALSE,FALSE,FALSE,FALSE
-73.9697924,40.78036112,18C-PM-1018-04,PM,Juvenile,Gray,Above,FALSE,not,TRUE,TRUE,TRUE,FALSE,FALSE,FALSE,FALSE,FALSE,FALSE,FALSE,FALSE
-73.96872138,40.78435864,22B-PM-1014-02,PM,Juvenile,Gray,Above,FALSE,not,FALSE,TRUE,TRUE,FALSE,FALSE,FALSE,FALSE,FALSE,FALSE,FALSE,FALSE
-73.96833704,40.78135984,19D-AM-1007-02,AM,Adult,Gray,Above,FALSE,not,FALSE,FALSE,FALSE,TRUE,FALSE,TRUE,FALSE,FALSE,FALSE,FALSE,TRUE
-73.9676246,40.78635514,24A-PM-1007-05,PM,Juvenile,Gray,Above,FALSE,not,FALSE,FALSE,FALSE,TRUE,FALSE,FALSE,FALSE,FALSE,FALSE,FALSE,FALSE
-73.97126369,40.77998099,17B-AM-1010-03,AM,Adult,Gray,Above,FALSE,not,FALSE,FALSE,FALSE,TRUE,FALSE,FALSE,FALSE,FALSE,FALSE,FALSE,FALSE
-73.95672558,40.79363319,36F-AM-1017-05,AM,Adult,Gray,Above,FALSE,not,FALSE,FALSE,FALSE,FALSE,FALSE,FALSE,FALSE,FALSE,FALSE,FALSE,FALSE
-73.956976,40.79314975,35F-PM-1012-03,PM,Adult,Gray,Above,FALSE,not,TRUE,FALSE,FALSE,TRUE,TRUE,TRUE,FALSE,FALSE,FALSE,FALSE,FALSE
-73.97007797,40.77220863,10G-AM-1006-11,AM,Juvenile,Gray,Above,FALSE,not,FALSE,FALSE,FALSE,TRUE,FALSE,FALSE,FALSE,FALSE,FALSE,FALSE,TRUE
-73.97250779,40.76545627,2I-PM-1006-01,PM,Adult,Gray,Above,FALSE,not,TRUE,FALSE,FALSE,FALSE,FALSE,FALSE,FALSE,FALSE,FALSE,FALSE,FALSE
-73.97829836,40.76683144,1D-AM-1006-04,AM,Adult,Gray,Above,FALSE,not,FALSE,FALSE,FALSE,TRUE,FALSE,FALSE,FALSE,FALSE,FALSE,FALSE,FALSE
-73.96955729,40.78082298,18C-AM-1018-01,AM,Adult,Gray,Above,FALSE,not,FALSE,FALSE,FALSE,TRUE,FALSE,FALSE,FALSE,FALSE,FALSE,FALSE,FALSE
-73.96747266,40.77721256,16F-PM-1013-03,PM,Juvenile,Gray,Above,FALSE,not,TRUE,FALSE,FALSE,TRUE,FALSE,TRUE,FALSE,FALSE,FALSE,FALSE,FALSE
-73.96512504,40.78128849,20F-PM-1007-04,PM,Juvenile,Gray,Above,FALSE,not,FALSE,FALSE,FALSE,TRUE,FALSE,TRUE,FALSE,FALSE,FALSE,FALSE,FALSE
-73.97671643,40.773689,8A-PM-1014-03,PM,Juvenile,Gray,Above,FALSE,not,FALSE,FALSE,FALSE,TRUE,TRUE,FALSE,FALSE,FALSE,FALSE,FALSE,FALSE
-73.96574879,40.77868231,18G-PM-1013-04,PM,Adult,Gray,Above,FALSE,not,TRUE,FALSE,FALSE,TRUE,TRUE,TRUE,FALSE,FALSE,FALSE,FALSE,FALSE
-73.95596639,40.79744973,40D-AM-1013-07,AM,Adult,Gray,Above,FALSE,not,TRUE,FALSE,FALSE,TRUE,FALSE,TRUE,FALSE,FALSE,FALSE,FALSE,FALSE
-73.96749788,40.77628841,15G-PM-1019-10,PM,Adult,Gray,Above,FALSE,not,TRUE,FALSE,FALSE,FALSE,TRUE,FALSE,FALSE,FALSE,FALSE,FALSE,FALSE
-73.97848631,40.7669225,1D-AM-1006-08,AM,Juvenile,Gray,Above,FALSE,not,FALSE,FALSE,FALSE,TRUE,FALSE,FALSE,FALSE,FALSE,FALSE,FALSE,FALSE
-73.97140459,40.77154183,9G-AM-1007-03,AM,Adult,Gray,Above,FALSE,not,FALSE,FALSE,FALSE,TRUE,FALSE,FALSE,FALSE,FALSE,FALSE,FALSE,FALSE
-73.95454276,40.79303538,36G-PM-1012-02,PM,Adult,Gray,Above,FALSE,not,FALSE,FALSE,FALSE,FALSE,TRUE,FALSE,FALSE,FALSE,FALSE,FALSE,FALSE
-73.97547091,40.76814219,3E-AM-1006-08,AM,Adult,Gray,Above,TRUE,not,FALSE,FALSE,FALSE,FALSE,TRUE,FALSE,FALSE,FALSE,FALSE,FALSE,FALSE
-73.95658242,40.79731205,40D-AM-1013-06,AM,Adult,Gray,Above,FALSE,not,TRUE,TRUE,FALSE,TRUE,FALSE,TRUE,TRUE,FALSE,FALSE,FALSE,TRUE
-73.9579967,40.7948682,37D-PM-1014-02,PM,Adult,Gray,Above,FALSE,not,FALSE,FALSE,FALSE,TRUE,FALSE,FALSE,FALSE,FALSE,FALSE,FALSE,FALSE
-73.95876786,40.7962656,38C-PM-1014-01,PM,Adult,Gray,Above,FALSE,not,FALSE,FALSE,FALSE,TRUE,FALSE,FALSE,TRUE,FALSE,FALSE,FALSE,FALSE
-73.95561775,40.78885692,32I-AM-1013-03,AM,Juvenile,Gray,Above,FALSE,not,FALSE,FALSE,FALSE,TRUE,FALSE,FALSE,FALSE,FALSE,FALSE,FALSE,FALSE
-73.95770096,40.79612604,38C-PM-1014-10,PM,Juvenile,Gray,Above,FALSE,not,TRUE,FALSE,FALSE,TRUE,TRUE,TRUE,FALSE,FALSE,FALSE,FALSE,FALSE
-73.96698919,40.78356352,22C-PM-1006-07,PM,Adult,Gray,Above,FALSE,not,FALSE,FALSE,FALSE,TRUE,FALSE,FALSE,FALSE,FALSE,FALSE,FALSE,FALSE
-73.96885749,40.77807702,16E-AM-1014-10,AM,Adult,Gray,Above,FALSE,not,FALSE,FALSE,FALSE,TRUE,FALSE,FALSE,FALSE,FALSE,FALSE,FALSE,FALSE
-73.9754923,40.77076864,6D-AM-1008-03,AM,Juvenile,Gray,Above,FALSE,not,FALSE,FALSE,FALSE,FALSE,FALSE,FALSE,FALSE,FALSE,FALSE,FALSE,FALSE
-73.97046795,40.77733842,14D-PM-1019-10,PM,Adult,Gray,Above,FALSE,not,TRUE,FALSE,FALSE,TRUE,FALSE,FALSE,FALSE,FALSE,FALSE,TRUE,FALSE
-73.96734901,40.77827281,17F-PM-1020-02,PM,Adult,Gray,Above,FALSE,not,TRUE,FALSE,FALSE,FALSE,TRUE,FALSE,FALSE,FALSE,FALSE,FALSE,FALSE
-73.96653633,40.78449679,23C-PM-1014-04,PM,Adult,Gray,Above,FALSE,not,FALSE,FALSE,FALSE,FALSE,FALSE,FALSE,FALSE,FALSE,FALSE,FALSE,FALSE
-73.96367402,40.79035382,30B-AM-1007-12,AM,Adult,Gray,Above,FALSE,not,TRUE,FALSE,FALSE,TRUE,FALSE,TRUE,FALSE,FALSE,FALSE,FALSE,FALSE
-73.96761918,40.77764174,16F-PM-1013-04,PM,Adult,Gray,Above,FALSE,not,TRUE,FALSE,FALSE,TRUE,TRUE,TRUE,FALSE,FALSE,FALSE,FALSE,FALSE
-73.972488,40.7710982,8F-PM-1012-07,PM,Adult,Gray,Above,FALSE,not,FALSE,FALSE,FALSE,TRUE,FALSE,FALSE,FALSE,FALSE,FALSE,FALSE,FALSE
-73.97043286,40.77393472,11F-AM-1013-03,AM,Adult,Gray,Above,FALSE,not,FALSE,FALSE,FALSE,TRUE,FALSE,FALSE,FALSE,FALSE,FALSE,FALSE,FALSE
-73.97613757,40.76622319,1F-PM-1019-02,PM,Adult,Gray,Above,TRUE,not,FALSE,FALSE,FALSE,TRUE,TRUE,FALSE,FALSE,FALSE,FALSE,FALSE,FALSE
-73.98013434,40.76915125,3A-AM-1012-01,AM,Juvenile,Gray,Above,FALSE,not,TRUE,FALSE,FALSE,FALSE,TRUE,FALSE,FALSE,FALSE,FALSE,FALSE,TRUE
-73.9680742,40.78470368,23B-PM-1012-04,PM,Adult,Gray,Above,FALSE,not,TRUE,FALSE,FALSE,FALSE,FALSE,FALSE,FALSE,FALSE,FALSE,FALSE,TRUE
-73.97291906,40.77001815,6F-PM-1008-03,PM,Adult,Gray,Above,FALSE,not,FALSE,FALSE,FALSE,FALSE,FALSE,TRUE,FALSE,FALSE,FALSE,FALSE,FALSE
-73.97045925,40.77296289,10G-AM-1006-03,AM,Juvenile,Gray,Above,FALSE,not,TRUE,FALSE,FALSE,TRUE,FALSE,FALSE,FALSE,FALSE,FALSE,TRUE,FALSE
-73.97778796,40.76935946,4C-AM-1006-03,AM,Juvenile,Gray,Above,FALSE,not,FALSE,FALSE,FALSE,FALSE,FALSE,TRUE,FALSE,FALSE,FALSE,FALSE,FALSE
-73.96689643,40.7777578,16G-AM-1010-01,AM,Adult,Gray,Above,FALSE,not,TRUE,FALSE,FALSE,TRUE,FALSE,FALSE,FALSE,FALSE,FALSE,FALSE,TRUE
-73.97203231,40.77297035,10E-PM-1007-01,PM,Adult,Gray,Above,FALSE,not,FALSE,FALSE,FALSE,FALSE,FALSE,TRUE,FALSE,FALSE,FALSE,FALSE,FALSE
-73.95905515,40.78916071,31F-PM-1007-02,PM,Adult,Gray,Above,FALSE,not,TRUE,FALSE,FALSE,FALSE,FALSE,TRUE,FALSE,FALSE,FALSE,FALSE,TRUE
-73.95877876,40.7981699,40A-AM-1010-01,AM,Juvenile,Gray,Above,FALSE,not,FALSE,FALSE,FALSE,TRUE,FALSE,FALSE,FALSE,FALSE,FALSE,FALSE,FALSE
-73.95798653,40.79490654,37D-PM-1014-03,PM,Adult,Gray,Above,FALSE,not,FALSE,FALSE,FALSE,TRUE,FALSE,FALSE,FALSE,FALSE,FALSE,FALSE,FALSE
-73.96670732,40.78405814,23C-PM-1014-01,PM,Adult,Gray,Above,FALSE,not,FALSE,FALSE,FALSE,TRUE,FALSE,FALSE,FALSE,FALSE,FALSE,FALSE,FALSE
-73.97562733,40.77065392,6D-AM-1008-04,AM,Adult,Gray,Above,FALSE,not,FALSE,FALSE,FALSE,TRUE,FALSE,FALSE,FALSE,FALSE,FALSE,FALSE,FALSE
-73.96984464,40.78426072,22A-AM-1008-01,AM,Adult,Gray,Above,FALSE,not,FALSE,FALSE,FALSE,FALSE,TRUE,FALSE,FALSE,FALSE,FALSE,FALSE,FALSE
-73.96533436,40.77752869,17H-PM-1007-01,PM,Adult,Gray,Above,FALSE,not,TRUE,FALSE,FALSE,TRUE,TRUE,FALSE,FALSE,FALSE,FALSE,TRUE,FALSE
-73.96869999,40.78440147,22B-PM-1014-03,PM,Juvenile,Gray,Above,FALSE,not,FALSE,TRUE,TRUE,FALSE,FALSE,FALSE,FALSE,FALSE,FALSE,FALSE,FALSE
-73.96579584,40.77634969,15H-AM-1013-01,AM,Adult,Gray,Above,FALSE,not,FALSE,FALSE,FALSE,TRUE,FALSE,FALSE,FALSE,FALSE,FALSE,FALSE,FALSE
-73.96212536,40.79120821,31C-AM-1017-01,AM,Adult,Gray,Above,FALSE,not,TRUE,TRUE,FALSE,TRUE,TRUE,FALSE,FALSE,FALSE,FALSE,FALSE,TRUE
-73.96900799,40.78454735,22A-AM-1008-06,AM,Adult,Gray,Above,FALSE,not,FALSE,FALSE,FALSE,FALSE,TRUE,FALSE,FALSE,FALSE,FALSE,FALSE,FALSE
-73.97583753,40.76767933,3E-AM-1006-06,AM,Adult,Gray,Above,FALSE,not,FALSE,FALSE,FALSE,FALSE,TRUE,FALSE,FALSE,FALSE,FALSE,FALSE,FALSE
-73.96933387,40.77570559,13F-PM-1008-05,PM,Adult,Gray,Above,FALSE,not,FALSE,TRUE,FALSE,FALSE,TRUE,TRUE,TRUE,FALSE,FALSE,FALSE,TRUE
-73.96587472,40.77540337,14I-PM-1018-01,PM,Juvenile,Gray,Above,FALSE,not,TRUE,TRUE,FALSE,FALSE,FALSE,TRUE,FALSE,FALSE,FALSE,FALSE,TRUE
-73.96765298,40.7823207,21D-PM-1008-03,PM,Adult,Gray,Above,FALSE,not,FALSE,FALSE,FALSE,TRUE,FALSE,FALSE,FALSE,FALSE,FALSE,FALSE,FALSE
-73.9591513,40.78359781,25I-PM-1007-01,PM,Adult,Gray,Above,FALSE,not,FALSE,FALSE,FALSE,TRUE,FALSE,FALSE,FALSE,FALSE,FALSE,FALSE,FALSE
-73.95970485,40.79558465,37B-AM-1018-06,AM,Adult,Gray,Above,FALSE,not,TRUE,FALSE,FALSE,TRUE,FALSE,FALSE,FALSE,TRUE,FALSE,FALSE,FALSE
-73.97529653,40.77525386,10B-AM-1006-03,AM,Adult,Gray,Above,TRUE,not,FALSE,FALSE,FALSE,TRUE,FALSE,FALSE,FALSE,FALSE,FALSE,FALSE,TRUE
-73.97581285,40.77159461,7C-PM-1020-03,PM,Adult,Gray,Above,FALSE,not,FALSE,FALSE,FALSE,TRUE,FALSE,FALSE,FALSE,FALSE,FALSE,FALSE,FALSE
-73.97087815,40.77241381,10F-AM-1007-03,AM,Adult,Gray,Above,FALSE,not,FALSE,FALSE,FALSE,TRUE,FALSE,FALSE,FALSE,FALSE,FALSE,FALSE,FALSE
-73.95968653,40.78937872,31F-AM-1013-01,AM,Adult,Gray,Above,FALSE,not,FALSE,TRUE,FALSE,TRUE,FALSE,FALSE,FALSE,FALSE,FALSE,FALSE,FALSE
-73.96045762,40.78181201,23I-PM-1019-01,PM,Adult,Gray,Above,FALSE,not,FALSE,TRUE,FALSE,FALSE,FALSE,FALSE,FALSE,FALSE,FALSE,FALSE,FALSE
-73.96956852,40.7788293,16D-AM-1007-04,AM,Adult,Gray,Above,FALSE,not,TRUE,FALSE,FALSE,TRUE,FALSE,FALSE,FALSE,FALSE,FALSE,TRUE,FALSE
-73.95438326,40.79535506,39F-AM-1014-02,AM,Adult,Gray,Above,FALSE,not,FALSE,TRUE,FALSE,TRUE,FALSE,TRUE,FALSE,FALSE,FALSE,FALSE,FALSE
-73.97883047,40.76963736,4B-AM-1010-06,AM,Adult,Gray,Above,FALSE,not,FALSE,TRUE,FALSE,FALSE,FALSE,FALSE,FALSE,FALSE,FALSE,FALSE,FALSE
-73.95536034,40.7985283,41D-PM-1014-05,PM,Adult,Gray,Above,FALSE,not,FALSE,FALSE,FALSE,FALSE,TRUE,FALSE,FALSE,FALSE,FALSE,FALSE,FALSE
-73.96134292,40.79121581,32C-AM-1014-02,AM,Adult,Gray,Above,FALSE,not,FALSE,FALSE,TRUE,TRUE,FALSE,FALSE,FALSE,FALSE,FALSE,FALSE,FALSE
-73.95728405,40.78869334,31H-PM-1008-04,PM,Adult,Gray,Above,FALSE,not,FALSE,FALSE,FALSE,TRUE,FALSE,TRUE,FALSE,FALSE,FALSE,FALSE,FALSE
-73.98016364,40.76901921,2A-AM-1010-09,AM,Adult,Gray,Above,FALSE,not,FALSE,FALSE,FALSE,TRUE,FALSE,FALSE,FALSE,FALSE,FALSE,FALSE,TRUE
-73.97435094,40.76900437,5F-AM-1007-02,AM,Adult,Gray,Above,FALSE,not,FALSE,TRUE,TRUE,FALSE,FALSE,TRUE,FALSE,FALSE,FALSE,FALSE,FALSE
-73.95284292,40.79226518,36I-PM-1007-09,PM,Juvenile,Gray,Above,FALSE,not,FALSE,TRUE,TRUE,FALSE,FALSE,FALSE,FALSE,FALSE,FALSE,FALSE,TRUE
-73.96114341,40.78936718,30E-PM-1008-01,PM,Adult,Gray,Above,FALSE,not,FALSE,FALSE,FALSE,TRUE,FALSE,FALSE,FALSE,TRUE,FALSE,FALSE,FALSE
-73.96535758,40.780534,20F-PM-1007-12,PM,Adult,Gray,Above,FALSE,not,FALSE,FALSE,FALSE,TRUE,TRUE,FALSE,FALSE,FALSE,FALSE,FALSE,FALSE
-73.97636295,40.76823219,3E-PM-1008-04,PM,Adult,Gray,Above,FALSE,not,TRUE,TRUE,FALSE,TRUE,FALSE,FALSE,FALSE,FALSE,FALSE,FALSE,FALSE
-73.96126587,40.79121199,32C-AM-1014-04,AM,Adult,Gray,Above,FALSE,not,FALSE,FALSE,FALSE,FALSE,TRUE,FALSE,FALSE,FALSE,FALSE,FALSE,FALSE
-73.96563245,40.78340348,22E-PM-1014-02,PM,Adult,Gray,Above,TRUE,not,FALSE,FALSE,FALSE,TRUE,FALSE,FALSE,FALSE,FALSE,FALSE,FALSE,FALSE
-73.97518067,40.76719403,3F-PM-1013-05,PM,Adult,Gray,Above,FALSE,not,TRUE,TRUE,FALSE,FALSE,FALSE,FALSE,FALSE,FALSE,FALSE,FALSE,FALSE
-73.95766521,40.7875458,29H-PM-1006-02,PM,Adult,Gray,Above,FALSE,not,TRUE,TRUE,FALSE,TRUE,FALSE,FALSE,FALSE,FALSE,FALSE,FALSE,TRUE
-73.97568898,40.76760783,3F-AM-1006-14,AM,Adult,Gray,Above,FALSE,not,TRUE,TRUE,FALSE,TRUE,FALSE,FALSE,FALSE,FALSE,FALSE,FALSE,FALSE
-73.97473113,40.76773197,3F-PM-1013-06,PM,Adult,Gray,Above,FALSE,not,TRUE,FALSE,FALSE,TRUE,FALSE,FALSE,FALSE,TRUE,FALSE,FALSE,FALSE
-73.96816646,40.77246697,11I-PM-1012-02,PM,Adult,Gray,Above,FALSE,not,TRUE,TRUE,FALSE,TRUE,FALSE,TRUE,FALSE,FALSE,FALSE,FALSE,FALSE
-73.9600357,40.79065398,32E-AM-1007-08,AM,Adult,Gray,Above,FALSE,not,FALSE,FALSE,FALSE,TRUE,FALSE,FALSE,FALSE,FALSE,FALSE,FALSE,FALSE
-73.96722521,40.78765047,26A-PM-1006-04,PM,Adult,Gray,Above,FALSE,not,FALSE,FALSE,TRUE,FALSE,FALSE,FALSE,FALSE,FALSE,FALSE,FALSE,TRUE
-73.95788409,40.79555862,37D-PM-1014-06,PM,Adult,Gray,Above,FALSE,not,FALSE,FALSE,FALSE,TRUE,FALSE,TRUE,FALSE,FALSE,FALSE,FALSE,FALSE
-73.96746672,40.78243465,21D-PM-1008-04,PM,Juvenile,Gray,Above,FALSE,not,TRUE,FALSE,FALSE,FALSE,TRUE,FALSE,FALSE,FALSE,FALSE,FALSE,FALSE
-73.98028424,40.76782574,1B-PM-1019-03,PM,Juvenile,Gray,Above,FALSE,not,FALSE,FALSE,TRUE,FALSE,FALSE,FALSE,FALSE,FALSE,FALSE,FALSE,FALSE
-73.96538733,40.78046999,20F-PM-1007-11,PM,Adult,Gray,Above,FALSE,not,FALSE,FALSE,FALSE,TRUE,FALSE,FALSE,FALSE,FALSE,FALSE,FALSE,FALSE
-73.95974537,40.78913822,30F-PM-1007-01,PM,Adult,Gray,Above,FALSE,not,TRUE,FALSE,FALSE,TRUE,FALSE,FALSE,FALSE,FALSE,FALSE,FALSE,TRUE
-73.97300272,40.77980009,16A-PM-1019-05,PM,Adult,Gray,Above,FALSE,not,FALSE,FALSE,FALSE,TRUE,FALSE,FALSE,FALSE,FALSE,FALSE,FALSE,FALSE
-73.97931015,40.76926002,3B-PM-1007-02,PM,Adult,Gray,Above,FALSE,not,FALSE,FALSE,FALSE,FALSE,FALSE,FALSE,FALSE,FALSE,FALSE,FALSE,FALSE
-73.96779032,40.78265619,21C-AM-1014-03,AM,Adult,Gray,Above,FALSE,not,FALSE,FALSE,TRUE,TRUE,FALSE,FALSE,FALSE,TRUE,FALSE,FALSE,FALSE
-73.96391143,40.78091272,21G-AM-1014-05,AM,Adult,Gray,Above,FALSE,not,FALSE,FALSE,TRUE,TRUE,FALSE,FALSE,FALSE,FALSE,FALSE,FALSE,FALSE
-73.97394039,40.76931623,5F-AM-1007-05,AM,Adult,Gray,Above,FALSE,not,FALSE,TRUE,FALSE,FALSE,FALSE,TRUE,FALSE,FALSE,FALSE,FALSE,FALSE
-73.97909801,40.76859341,2B-PM-1013-08,PM,Adult,Gray,Above,FALSE,not,FALSE,FALSE,FALSE,FALSE,TRUE,FALSE,FALSE,FALSE,FALSE,FALSE,FALSE
-73.96547417,40.78904279,28B-PM-1010-01,PM,Adult,Gray,Above,FALSE,not,FALSE,FALSE,FALSE,TRUE,FALSE,FALSE,FALSE,FALSE,FALSE,FALSE,FALSE
-73.95035333,40.79765436,42H-PM-1014-04,PM,Adult,Gray,Above,FALSE,not,TRUE,TRUE,TRUE,FALSE,FALSE,FALSE,FALSE,FALSE,FALSE,FALSE,TRUE
-73.96788313,40.7847606,23B-PM-1012-06,PM,Adult,Gray,Above,FALSE,not,FALSE,FALSE,FALSE,FALSE,FALSE,FALSE,TRUE,FALSE,FALSE,FALSE,FALSE
-73.95795643,40.79593378,38C-PM-1014-09,PM,Adult,Black,Ground,TRUE,not,FALSE,FALSE,FALSE,FALSE,TRUE,FALSE,FALSE,FALSE,FALSE,FALSE,FALSE
-73.95816559,40.79977082,41A-PM-1007-06,PM,Adult,Black,Ground,FALSE,not,TRUE,TRUE,FALSE,TRUE,TRUE,FALSE,FALSE,FALSE,FALSE,FALSE,FALSE
-73.97087759,40.77247363,10F-PM-1019-12,PM,Adult,Black,Ground,FALSE,not,TRUE,TRUE,FALSE,FALSE,FALSE,TRUE,FALSE,FALSE,FALSE,FALSE,FALSE
-73.95981553,40.79058878,32E-AM-1007-10,AM,Adult,Black,Ground,FALSE,not,FALSE,FALSE,FALSE,FALSE,FALSE,TRUE,FALSE,FALSE,FALSE,FALSE,FALSE
-73.96309908,40.78857643,28D-AM-1012-02,AM,Adult,Black,Ground,FALSE,not,TRUE,FALSE,FALSE,FALSE,TRUE,TRUE,FALSE,FALSE,FALSE,FALSE,FALSE
-73.97045758,40.76934993,7H-PM-1006-09,PM,Adult,Black,Ground,TRUE,not,TRUE,FALSE,FALSE,FALSE,TRUE,TRUE,FALSE,FALSE,FALSE,TRUE,FALSE
-73.9695965,40.78023022,18C-PM-1018-08,PM,Juvenile,Black,Ground,FALSE,not,FALSE,FALSE,FALSE,FALSE,FALSE,TRUE,FALSE,FALSE,FALSE,FALSE,FALSE
-73.9718262,40.76667718,4I-PM-1007-02,PM,Adult,Black,Ground,FALSE,not,FALSE,FALSE,TRUE,FALSE,FALSE,FALSE,FALSE,FALSE,FALSE,FALSE,FALSE
-73.95571723,40.79211257,35G-PM-1006-01,PM,Adult,Black,Ground,FALSE,not,TRUE,TRUE,FALSE,TRUE,FALSE,FALSE,FALSE,FALSE,FALSE,FALSE,TRUE
-73.95515244,40.79105356,34H-PM-1006-01,PM,Adult,Black,Ground,FALSE,not,FALSE,FALSE,FALSE,FALSE,FALSE,TRUE,FALSE,FALSE,FALSE,FALSE,FALSE
-73.95944062,40.79185337,33D-AM-1017-02,AM,Adult,Black,Ground,TRUE,not,FALSE,FALSE,FALSE,FALSE,FALSE,TRUE,FALSE,FALSE,FALSE,FALSE,TRUE
-73.95912925,40.79255303,34D-AM-1008-01,AM,Adult,Black,Ground,FALSE,not,FALSE,FALSE,FALSE,FALSE,FALSE,TRUE,FALSE,FALSE,FALSE,FALSE,FALSE
-73.96023779,40.79078316,32E-PM-1017-16,PM,Adult,Black,Ground,FALSE,not,TRUE,FALSE,FALSE,FALSE,FALSE,TRUE,FALSE,FALSE,FALSE,FALSE,FALSE
-73.95892549,40.79144677,33E-PM-1012-09,PM,Adult,Black,Ground,FALSE,not,TRUE,FALSE,FALSE,FALSE,TRUE,TRUE,FALSE,FALSE,FALSE,FALSE,FALSE
-73.97191099,40.77231385,9F-AM-1013-01,AM,Adult,Black,Ground,FALSE,not,TRUE,FALSE,FALSE,FALSE,TRUE,FALSE,FALSE,FALSE,FALSE,FALSE,FALSE
-73.9701011,40.76889193,6I-PM-1013-02,PM,Adult,Black,Ground,FALSE,not,FALSE,FALSE,TRUE,FALSE,FALSE,FALSE,FALSE,FALSE,FALSE,FALSE,FALSE
-73.97055092,40.76894165,6I-PM-1013-04,PM,Adult,Black,Ground,FALSE,not,FALSE,FALSE,FALSE,FALSE,TRUE,FALSE,FALSE,FALSE,FALSE,FALSE,TRUE
-73.95651971,40.79860114,41C-PM-1007-01,PM,Adult,Black,Ground,FALSE,not,TRUE,TRUE,FALSE,FALSE,TRUE,FALSE,FALSE,FALSE,FALSE,FALSE,FALSE
-73.95813266,40.79180747,34E-PM-1006-02,PM,Juvenile,Black,Ground,FALSE,not,TRUE,FALSE,FALSE,FALSE,TRUE,FALSE,FALSE,FALSE,FALSE,FALSE,TRUE
-73.96480907,40.79038821,29A-PM-1019-03,PM,Juvenile,Black,Ground,TRUE,not,TRUE,FALSE,FALSE,FALSE,FALSE,FALSE,FALSE,FALSE,FALSE,FALSE,FALSE
-73.95458077,40.79005075,33I-PM-1006-02,PM,Adult,Black,Ground,FALSE,not,TRUE,FALSE,FALSE,FALSE,FALSE,TRUE,FALSE,FALSE,FALSE,FALSE,FALSE
-73.96251649,40.7884769,28D-PM-1019-02,PM,Adult,Black,Ground,FALSE,not,TRUE,FALSE,FALSE,FALSE,FALSE,TRUE,FALSE,FALSE,FALSE,FALSE,FALSE
-73.9745909,40.76551915,1G-AM-1006-03,AM,Adult,Black,Ground,TRUE,not,FALSE,FALSE,TRUE,FALSE,FALSE,TRUE,FALSE,FALSE,FALSE,FALSE,FALSE
-73.95829048,40.79059157,32F-AM-1012-04,AM,Adult,Black,Ground,FALSE,not,FALSE,TRUE,FALSE,FALSE,FALSE,FALSE,FALSE,FALSE,FALSE,FALSE,FALSE
-73.95577101,40.79191612,34G-PM-1006-01,PM,Adult,Black,Ground,FALSE,not,FALSE,FALSE,FALSE,FALSE,FALSE,FALSE,FALSE,FALSE,FALSE,FALSE,FALSE
-73.96966882,40.77414222,12F-AM-1020-05,AM,Adult,Black,Ground,FALSE,not,FALSE,FALSE,FALSE,FALSE,TRUE,FALSE,FALSE,FALSE,FALSE,FALSE,TRUE
-73.97111781,40.7672643,4I-PM-1007-01,PM,Adult,Black,Ground,FALSE,not,TRUE,TRUE,FALSE,FALSE,FALSE,TRUE,FALSE,FALSE,FALSE,FALSE,FALSE
-73.97175152,40.77479993,11D-PM-1006-04,PM,Adult,Black,Ground,FALSE,not,TRUE,TRUE,FALSE,FALSE,FALSE,TRUE,FALSE,FALSE,FALSE,FALSE,FALSE
-73.95970173,40.79066003,32E-AM-1007-03,AM,Adult,Black,Ground,FALSE,not,FALSE,TRUE,FALSE,FALSE,FALSE,FALSE,FALSE,FALSE,FALSE,FALSE,FALSE
-73.97559233,40.7672968,3F-PM-1013-02,PM,Adult,Black,Ground,FALSE,not,TRUE,FALSE,FALSE,FALSE,FALSE,TRUE,FALSE,FALSE,FALSE,FALSE,TRUE
-73.96009636,40.79349623,34C-AM-1007-01,AM,Adult,Black,Ground,FALSE,not,TRUE,TRUE,FALSE,FALSE,FALSE,FALSE,FALSE,FALSE,FALSE,TRUE,FALSE
-73.96962743,40.76919808,7I-PM-1013-03,PM,Adult,Black,Ground,FALSE,not,FALSE,FALSE,FALSE,FALSE,TRUE,FALSE,FALSE,FALSE,FALSE,FALSE,FALSE
-73.97124543,40.76742627,5I-PM-1008-02,PM,Adult,Black,Ground,FALSE,not,FALSE,TRUE,FALSE,FALSE,FALSE,FALSE,FALSE,FALSE,FALSE,FALSE,FALSE
-73.96329932,40.78881995,29C-AM-1007-05,AM,Adult,Black,Ground,FALSE,not,FALSE,FALSE,FALSE,FALSE,FALSE,TRUE,FALSE,FALSE,FALSE,FALSE,FALSE
-73.95964459,40.79719487,38A-PM-1013-05,PM,Adult,Black,Ground,FALSE,not,TRUE,FALSE,FALSE,FALSE,FALSE,TRUE,FALSE,FALSE,FALSE,FALSE,FALSE
-73.97440807,40.77315157,9C-PM-1006-07,PM,Adult,Black,Ground,FALSE,not,TRUE,FALSE,FALSE,FALSE,TRUE,FALSE,FALSE,FALSE,FALSE,FALSE,FALSE
-73.95644789,40.79769288,40C-PM-1006-04,PM,Adult,Black,Ground,FALSE,not,TRUE,TRUE,FALSE,FALSE,FALSE,FALSE,FALSE,FALSE,FALSE,FALSE,FALSE
-73.95757914,40.79599345,38D-AM-1017-06,AM,Adult,Black,Ground,FALSE,not,TRUE,TRUE,FALSE,FALSE,FALSE,FALSE,FALSE,FALSE,FALSE,FALSE,FALSE
-73.95941224,40.79178711,33E-AM-1014-01,AM,Adult,Black,Ground,FALSE,not,TRUE,FALSE,FALSE,FALSE,FALSE,FALSE,FALSE,FALSE,FALSE,FALSE,FALSE
-73.97211594,40.76605032,3I-PM-1013-03,PM,Adult,Black,Ground,FALSE,not,TRUE,TRUE,FALSE,TRUE,FALSE,FALSE,FALSE,FALSE,FALSE,FALSE,FALSE
-73.97686036,40.77027959,5C-PM-1010-09,PM,Adult,Cinnamon,Ground,FALSE,not,FALSE,TRUE,FALSE,FALSE,FALSE,FALSE,FALSE,FALSE,FALSE,FALSE,FALSE
-73.96706286,40.77349914,12I-AM-1013-01,AM,Adult,Cinnamon,Ground,FALSE,not,TRUE,FALSE,FALSE,FALSE,FALSE,FALSE,FALSE,FALSE,FALSE,FALSE,TRUE
-73.9662439,40.78903818,28A-PM-1007-05,PM,Adult,Cinnamon,Ground,FALSE,not,TRUE,TRUE,FALSE,FALSE,FALSE,TRUE,FALSE,FALSE,FALSE,FALSE,TRUE
-73.974563,40.76926026,5E-AM-1008-06,AM,Adult,Cinnamon,Ground,TRUE,not,FALSE,TRUE,FALSE,FALSE,FALSE,FALSE,FALSE,FALSE,FALSE,FALSE,FALSE
-73.96107056,40.79148297,32D-AM-1013-06,AM,Adult,Cinnamon,Ground,TRUE,not,FALSE,TRUE,FALSE,FALSE,TRUE,TRUE,FALSE,FALSE,FALSE,FALSE,TRUE
-73.96170887,40.79445851,35A-PM-1013-06,PM,Adult,Cinnamon,Ground,FALSE,not,TRUE,TRUE,FALSE,FALSE,FALSE,FALSE,FALSE,FALSE,FALSE,FALSE,FALSE
-73.95414535,40.79821622,42E-PM-1012-06,PM,Adult,Cinnamon,Ground,FALSE,not,TRUE,TRUE,FALSE,FALSE,FALSE,TRUE,FALSE,FALSE,FALSE,FALSE,FALSE
-73.96836083,40.78429274,22B-AM-1013-04,AM,Adult,Cinnamon,Ground,FALSE,not,TRUE,FALSE,FALSE,FALSE,FALSE,TRUE,FALSE,FALSE,FALSE,FALSE,FALSE
-73.95111187,40.79508133,40I-AM-1018-01,AM,Adult,Cinnamon,Ground,FALSE,not,FALSE,TRUE,FALSE,FALSE,FALSE,TRUE,FALSE,FALSE,FALSE,FALSE,FALSE
-73.96516015,40.77618418,15I-PM-1012-07,PM,Adult,Cinnamon,Ground,FALSE,not,FALSE,TRUE,FALSE,FALSE,FALSE,TRUE,FALSE,FALSE,FALSE,FALSE,FALSE
-73.97686528,40.76848382,3D-PM-1010-03,PM,Adult,Cinnamon,Ground,FALSE,not,FALSE,FALSE,FALSE,FALSE,FALSE,FALSE,FALSE,FALSE,FALSE,FALSE,FALSE
-73.97147891,40.76948866,6H-AM-1008-01,AM,Adult,Cinnamon,Ground,FALSE,not,FALSE,FALSE,FALSE,FALSE,TRUE,FALSE,FALSE,FALSE,FALSE,FALSE,FALSE
-73.96795382,40.78371037,22C-AM-1013-03,AM,Juvenile,Cinnamon,Ground,FALSE,not,TRUE,FALSE,FALSE,FALSE,TRUE,TRUE,FALSE,FALSE,FALSE,FALSE,FALSE
-73.97725766,40.76798951,3D-AM-1006-08,AM,Adult,Cinnamon,Ground,TRUE,not,FALSE,FALSE,FALSE,FALSE,TRUE,TRUE,FALSE,FALSE,FALSE,FALSE,FALSE
-73.95683431,40.79494014,37E-PM-1006-04,PM,Adult,Cinnamon,Ground,FALSE,not,FALSE,FALSE,FALSE,FALSE,FALSE,TRUE,FALSE,FALSE,FALSE,FALSE,FALSE
-73.97622466,40.77516408,10A-AM-1006-03,AM,Juvenile,Cinnamon,Ground,FALSE,not,FALSE,FALSE,FALSE,FALSE,TRUE,FALSE,FALSE,FALSE,FALSE,FALSE,FALSE
-73.97733171,40.7684036,3D-AM-1006-03,AM,Juvenile,Cinnamon,Ground,TRUE,not,FALSE,TRUE,FALSE,TRUE,FALSE,FALSE,FALSE,FALSE,FALSE,FALSE,FALSE
-73.9573426,40.79443597,37E-PM-1006-09,PM,Adult,Cinnamon,Ground,TRUE,not,FALSE,FALSE,FALSE,FALSE,FALSE,FALSE,FALSE,FALSE,FALSE,FALSE,TRUE
-73.97623482,40.76945223,4D-PM-1008-08,PM,Adult,Cinnamon,Ground,FALSE,not,TRUE,FALSE,FALSE,TRUE,TRUE,TRUE,FALSE,FALSE,FALSE,FALSE,FALSE
-73.9684376,40.78242751,20C-PM-1018-09,PM,Adult,Cinnamon,Ground,TRUE,not,FALSE,TRUE,FALSE,FALSE,FALSE,TRUE,FALSE,FALSE,FALSE,FALSE,FALSE
-73.9689657,40.77678343,15F-AM-1007-04,AM,Adult,Cinnamon,Ground,FALSE,not,FALSE,FALSE,FALSE,FALSE,TRUE,TRUE,FALSE,FALSE,FALSE,FALSE,FALSE
-73.96988171,40.77583226,13E-PM-1008-10,PM,Adult,Cinnamon,Ground,FALSE,not,TRUE,FALSE,FALSE,FALSE,TRUE,TRUE,FALSE,FALSE,FALSE,FALSE,TRUE
-73.97856758,40.76729924,1C-PM-1013-05,PM,Adult,Cinnamon,Ground,FALSE,not,FALSE,FALSE,FALSE,FALSE,FALSE,TRUE,FALSE,FALSE,FALSE,FALSE,FALSE
-73.96481954,40.77964,19G-PM-1017-03,PM,Adult,Cinnamon,Ground,FALSE,not,FALSE,FALSE,FALSE,TRUE,TRUE,FALSE,FALSE,FALSE,FALSE,FALSE,TRUE
-73.96644504,40.78878449,27A-AM-1008-02,AM,Adult,Cinnamon,Ground,FALSE,not,TRUE,TRUE,FALSE,FALSE,FALSE,FALSE,FALSE,FALSE,FALSE,FALSE,FALSE
-73.9581243,40.79443147,36D-AM-1007-01,AM,Adult,Cinnamon,Ground,FALSE,not,TRUE,FALSE,FALSE,TRUE,FALSE,TRUE,FALSE,FALSE,FALSE,FALSE,FALSE
-73.97014812,40.77511104,12F-AM-1020-06,AM,Adult,Cinnamon,Ground,FALSE,not,FALSE,TRUE,FALSE,FALSE,FALSE,FALSE,FALSE,FALSE,FALSE,FALSE,FALSE
-73.97842647,40.7719041,6A-PM-1012-04,PM,Adult,Cinnamon,Ground,FALSE,not,FALSE,TRUE,FALSE,FALSE,FALSE,TRUE,FALSE,FALSE,FALSE,FALSE,FALSE
-73.97768548,40.76831023,3D-AM-1006-04,AM,Adult,Cinnamon,Ground,FALSE,not,TRUE,TRUE,FALSE,FALSE,FALSE,FALSE,FALSE,FALSE,FALSE,FALSE,FALSE
-73.97683572,40.76838134,3D-PM-1010-12,PM,Adult,Cinnamon,Ground,FALSE,not,FALSE,TRUE,TRUE,FALSE,FALSE,TRUE,FALSE,TRUE,FALSE,FALSE,FALSE
-73.97851333,40.77182603,6A-PM-1012-05,PM,Adult,Cinnamon,Ground,FALSE,not,FALSE,FALSE,FALSE,FALSE,FALSE,TRUE,FALSE,FALSE,FALSE,FALSE,FALSE
-73.97642354,40.77060651,5C-PM-1010-11,PM,Adult,Cinnamon,Ground,FALSE,not,FALSE,FALSE,FALSE,TRUE,FALSE,TRUE,FALSE,FALSE,FALSE,FALSE,FALSE
-73.98016619,40.76979501,3A-PM-1017-03,PM,Adult,Cinnamon,Ground,TRUE,not,FALSE,FALSE,FALSE,FALSE,FALSE,TRUE,FALSE,FALSE,FALSE,FALSE,FALSE
-73.9799156,40.76980343,3A-PM-1017-08,PM,Adult,Cinnamon,Ground,TRUE,not,FALSE,FALSE,FALSE,FALSE,TRUE,TRUE,FALSE,FALSE,FALSE,FALSE,FALSE
-73.95046935,40.79722544,42H-AM-1019-01,AM,Adult,Cinnamon,Ground,FALSE,not,FALSE,FALSE,FALSE,FALSE,TRUE,TRUE,FALSE,FALSE,FALSE,FALSE,FALSE
-73.96543975,40.77988635,19F-PM-1017-03,PM,Adult,Cinnamon,Ground,TRUE,not,FALSE,FALSE,FALSE,FALSE,TRUE,TRUE,FALSE,FALSE,FALSE,FALSE,FALSE
-73.97589598,40.76941257,4D-PM-1008-01,PM,Adult,Cinnamon,Ground,FALSE,not,TRUE,FALSE,FALSE,FALSE,TRUE,FALSE,FALSE,FALSE,FALSE,FALSE,FALSE
-73.96422889,40.782044,22F-AM-1007-06,AM,Adult,Cinnamon,Ground,TRUE,not,FALSE,FALSE,FALSE,TRUE,TRUE,FALSE,FALSE,FALSE,FALSE,FALSE,FALSE
-73.97346875,40.7694309,6F-PM-1008-04,PM,Adult,Cinnamon,Ground,FALSE,not,FALSE,FALSE,FALSE,FALSE,FALSE,TRUE,FALSE,FALSE,FALSE,FALSE,FALSE
-73.97572161,40.77543102,11A-PM-1013-05,PM,Adult,Cinnamon,Ground,FALSE,not,FALSE,TRUE,FALSE,FALSE,FALSE,TRUE,FALSE,FALSE,FALSE,FALSE,TRUE
-73.97631164,40.76888396,4D-PM-1008-03,PM,Adult,Cinnamon,Ground,FALSE,not,TRUE,FALSE,FALSE,FALSE,TRUE,FALSE,FALSE,FALSE,FALSE,FALSE,FALSE
-73.97859484,40.7718908,6A-PM-1012-01,PM,Adult,Cinnamon,Ground,FALSE,not,FALSE,FALSE,FALSE,TRUE,FALSE,TRUE,FALSE,FALSE,FALSE,FALSE,FALSE
-73.96540938,40.78068964,20F-PM-1007-09,PM,Adult,Cinnamon,Ground,TRUE,not,FALSE,TRUE,FALSE,FALSE,FALSE,FALSE,FALSE,FALSE,FALSE,FALSE,FALSE
-73.96584435,40.77967049,19F-AM-1007-03,AM,Juvenile,Cinnamon,Ground,FALSE,not,FALSE,FALSE,FALSE,FALSE,TRUE,TRUE,FALSE,FALSE,FALSE,FALSE,FALSE
-73.96239228,40.78149444,22H-PM-1007-04,PM,Adult,Cinnamon,Ground,FALSE,not,FALSE,TRUE,FALSE,FALSE,FALSE,FALSE,FALSE,FALSE,FALSE,FALSE,FALSE
-73.96897818,40.77093338,9I-PM-1010-04,PM,Adult,Cinnamon,Ground,FALSE,not,TRUE,FALSE,FALSE,FALSE,FALSE,TRUE,FALSE,FALSE,FALSE,FALSE,FALSE
-73.96764246,40.77777661,16F-AM-1008-01,AM,Adult,Cinnamon,Ground,TRUE,not,FALSE,FALSE,FALSE,FALSE,FALSE,TRUE,FALSE,FALSE,FALSE,FALSE,TRUE
-73.96498278,40.78173228,21F-AM-1018-06,AM,Adult,Cinnamon,Ground,FALSE,not,TRUE,TRUE,FALSE,FALSE,FALSE,FALSE,FALSE,FALSE,FALSE,FALSE,TRUE
-73.95633112,40.79509016,38E-AM-1010-12,AM,Adult,Cinnamon,Ground,FALSE,not,FALSE,FALSE,TRUE,FALSE,FALSE,FALSE,FALSE,FALSE,FALSE,TRUE,FALSE
-73.95933743,40.79725834,38B-PM-1018-01,PM,Adult,Cinnamon,Ground,FALSE,not,FALSE,FALSE,FALSE,FALSE,FALSE,TRUE,FALSE,FALSE,FALSE,FALSE,FALSE
-73.95626421,40.79833388,41C-AM-1017-02,AM,Adult,Cinnamon,Ground,TRUE,not,FALSE,FALSE,FALSE,FALSE,FALSE,TRUE,FALSE,FALSE,FALSE,FALSE,FALSE
-73.96405349,40.77773839,17I-AM-1014-02,AM,Adult,Cinnamon,Ground,TRUE,not,TRUE,TRUE,FALSE,FALSE,FALSE,FALSE,FALSE,FALSE,FALSE,FALSE,FALSE
-73.95418371,40.79443405,38G-PM-1020-06,PM,Juvenile,Cinnamon,Ground,FALSE,not,TRUE,FALSE,FALSE,FALSE,FALSE,TRUE,FALSE,TRUE,FALSE,FALSE,FALSE
-73.97709854,40.76659267,1E-AM-1006-04,AM,Adult,Cinnamon,Ground,FALSE,not,FALSE,FALSE,FALSE,FALSE,FALSE,TRUE,FALSE,FALSE,FALSE,FALSE,FALSE
-73.96049543,40.79656822,37A-AM-1012-01,AM,Adult,Cinnamon,Ground,FALSE,not,TRUE,FALSE,FALSE,FALSE,FALSE,TRUE,FALSE,FALSE,FALSE,FALSE,FALSE
-73.96934654,40.77449963,12F-PM-1007-01,PM,Adult,Cinnamon,Ground,FALSE,not,TRUE,FALSE,FALSE,FALSE,TRUE,TRUE,FALSE,FALSE,FALSE,FALSE,FALSE
-73.97764456,40.76811911,3D-PM-1010-07,PM,Adult,Cinnamon,Ground,FALSE,not,FALSE,FALSE,FALSE,FALSE,FALSE,TRUE,FALSE,FALSE,FALSE,FALSE,FALSE
-73.97983904,40.77007611,3A-PM-1017-07,PM,Adult,Cinnamon,Ground,TRUE,not,FALSE,FALSE,FALSE,FALSE,FALSE,TRUE,FALSE,FALSE,FALSE,FALSE,FALSE
-73.97943671,40.76727206,1C-PM-1013-04,PM,Adult,Cinnamon,Ground,FALSE,not,FALSE,FALSE,FALSE,FALSE,FALSE,TRUE,FALSE,FALSE,FALSE,FALSE,FALSE
-73.96457218,40.78112087,21F-PM-1018-01,PM,Adult,Cinnamon,Ground,FALSE,not,TRUE,FALSE,FALSE,FALSE,FALSE,TRUE,FALSE,FALSE,FALSE,FALSE,FALSE
-73.97638948,40.77055234,5C-PM-1010-12,PM,Adult,Cinnamon,Ground,FALSE,not,FALSE,FALSE,FALSE,FALSE,TRUE,TRUE,FALSE,FALSE,FALSE,FALSE,FALSE
-73.97933344,40.76741421,1C-PM-1013-02,PM,Adult,Cinnamon,Ground,FALSE,not,FALSE,FALSE,FALSE,FALSE,FALSE,TRUE,FALSE,FALSE,FALSE,FALSE,FALSE
-73.97288956,40.76993783,6F-AM-1006-01,AM,Juvenile,Cinnamon,Ground,TRUE,not,FALSE,FALSE,FALSE,TRUE,TRUE,FALSE,FALSE,FALSE,FALSE,FALSE,FALSE
-73.97964097,40.76790499,1C-PM-1013-09,PM,Adult,Cinnamon,Ground,FALSE,not,FALSE,FALSE,FALSE,FALSE,TRUE,TRUE,FALSE,FALSE,FALSE,FALSE,FALSE
-73.98115858,40.76870675,2A-AM-1010-06,AM,Adult,Cinnamon,Ground,FALSE,not,FALSE,TRUE,TRUE,FALSE,FALSE,FALSE,FALSE,FALSE,FALSE,FALSE,FALSE
-73.96776216,40.7823359,20C-PM-1018-08,PM,Juvenile,Cinnamon,Ground,TRUE,not,TRUE,TRUE,FALSE,FALSE,FALSE,FALSE,FALSE,FALSE,FALSE,FALSE,FALSE
-73.97980052,40.76918688,3A-PM-1017-01,PM,Adult,Cinnamon,Ground,TRUE,not,FALSE,FALSE,FALSE,FALSE,FALSE,TRUE,FALSE,FALSE,FALSE,FALSE,FALSE
-73.97957283,40.76786698,1C-PM-1013-07,PM,Adult,Cinnamon,Ground,FALSE,not,FALSE,FALSE,FALSE,FALSE,FALSE,TRUE,FALSE,FALSE,FALSE,FALSE,FALSE
-73.97246813,40.77434747,11D-PM-1006-03,PM,Adult,Cinnamon,Ground,TRUE,not,FALSE,FALSE,FALSE,FALSE,TRUE,TRUE,FALSE,FALSE,FALSE,FALSE,FALSE
-73.96681408,40.77681001,15G-AM-1008-06,AM,Adult,Cinnamon,Ground,FALSE,not,TRUE,FALSE,FALSE,FALSE,TRUE,FALSE,FALSE,FALSE,FALSE,FALSE,FALSE
-73.96040899,40.79100281,32D-AM-1013-04,AM,Adult,Cinnamon,Ground,TRUE,not,TRUE,TRUE,FALSE,FALSE,FALSE,FALSE,FALSE,FALSE,FALSE,FALSE,TRUE
-73.95713466,40.78723956,30I-PM-1006-07,PM,Adult,Cinnamon,Ground,FALSE,not,TRUE,FALSE,FALSE,FALSE,FALSE,TRUE,FALSE,FALSE,FALSE,FALSE,FALSE
-73.97652693,40.77468766,9A-AM-1013-10,AM,Juvenile,Cinnamon,Ground,FALSE,not,TRUE,FALSE,FALSE,TRUE,TRUE,FALSE,FALSE,FALSE,FALSE,FALSE,FALSE
-73.97027173,40.76895111,6I-PM-1013-03,PM,Adult,Cinnamon,Ground,FALSE,not,FALSE,FALSE,FALSE,FALSE,TRUE,FALSE,FALSE,FALSE,FALSE,FALSE,FALSE
-73.97964705,40.76783709,1C-PM-1013-08,PM,Adult,Cinnamon,Ground,FALSE,not,FALSE,FALSE,FALSE,FALSE,FALSE,TRUE,FALSE,FALSE,FALSE,FALSE,FALSE
-73.95946763,40.79844574,39A-AM-1013-01,AM,Juvenile,Cinnamon,Ground,FALSE,not,TRUE,TRUE,FALSE,FALSE,TRUE,TRUE,FALSE,FALSE,FALSE,FALSE,FALSE
-73.96785614,40.77828774,16E-PM-1018-02,PM,Juvenile,Cinnamon,Ground,FALSE,not,FALSE,FALSE,TRUE,FALSE,FALSE,FALSE,FALSE,FALSE,FALSE,TRUE,FALSE
-73.97573135,40.77547041,11A-PM-1013-04,PM,Adult,Cinnamon,Ground,FALSE,not,FALSE,TRUE,FALSE,FALSE,TRUE,TRUE,FALSE,FALSE,FALSE,FALSE,FALSE
-73.97139065,40.77500613,12E-PM-1018-03,PM,Adult,Cinnamon,Ground,FALSE,not,TRUE,FALSE,FALSE,TRUE,FALSE,FALSE,FALSE,FALSE,FALSE,FALSE,FALSE
-73.97851143,40.77197796,6A-PM-1012-03,PM,Adult,Cinnamon,Ground,FALSE,not,FALSE,TRUE,TRUE,TRUE,FALSE,FALSE,FALSE,FALSE,FALSE,FALSE,FALSE
-73.96423978,40.79189924,31A-PM-1017-02,PM,Adult,Cinnamon,Ground,FALSE,not,FALSE,FALSE,FALSE,FALSE,TRUE,FALSE,FALSE,FALSE,FALSE,FALSE,FALSE
-73.96539062,40.78077314,20F-PM-1007-08,PM,Adult,Cinnamon,Ground,FALSE,not,TRUE,FALSE,FALSE,FALSE,FALSE,TRUE,FALSE,FALSE,FALSE,FALSE,FALSE
-73.97520295,40.76717347,3F-AM-1006-04,AM,Adult,Cinnamon,Ground,FALSE,not,TRUE,FALSE,FALSE,FALSE,FALSE,TRUE,FALSE,FALSE,FALSE,FALSE,FALSE
-73.97014086,40.76955117,7I-PM-1013-04,PM,Adult,Cinnamon,Ground,FALSE,not,FALSE,TRUE,FALSE,FALSE,TRUE,FALSE,FALSE,FALSE,FALSE,TRUE,FALSE
-73.97624942,40.77501753,10A-AM-1006-01,AM,Adult,Cinnamon,Ground,TRUE,not,FALSE,FALSE,FALSE,FALSE,TRUE,FALSE,FALSE,FALSE,FALSE,FALSE,FALSE
-73.9790889,40.76764028,1C-PM-1013-01,PM,Adult,Cinnamon,Ground,TRUE,not,FALSE,FALSE,FALSE,TRUE,FALSE,TRUE,FALSE,FALSE,FALSE,FALSE,FALSE
-73.98018995,40.7695777,3A-PM-1017-02,PM,Adult,Cinnamon,Ground,FALSE,not,FALSE,FALSE,FALSE,FALSE,FALSE,TRUE,FALSE,FALSE,FALSE,FALSE,FALSE
-73.96574801,40.77534655,14I-PM-1018-04,PM,Adult,Cinnamon,Ground,TRUE,not,FALSE,FALSE,FALSE,FALSE,TRUE,TRUE,FALSE,FALSE,FALSE,FALSE,TRUE
-73.95777581,40.79938472,41B-AM-1010-10,AM,Adult,Cinnamon,Ground,FALSE,not,FALSE,TRUE,FALSE,FALSE,FALSE,FALSE,FALSE,FALSE,FALSE,FALSE,FALSE
-73.97682863,40.76870128,3D-PM-1010-05,PM,Adult,Cinnamon,Ground,FALSE,not,FALSE,TRUE,FALSE,FALSE,FALSE,TRUE,FALSE,FALSE,FALSE,FALSE,FALSE
-73.96988706,40.7826511,20B-AM-1007-02,AM,Adult,Cinnamon,Ground,TRUE,not,FALSE,FALSE,FALSE,FALSE,FALSE,TRUE,FALSE,FALSE,FALSE,TRUE,TRUE
-73.97750993,40.76976091,4C-PM-1010-14,PM,Juvenile,Cinnamon,Ground,FALSE,not,FALSE,TRUE,TRUE,FALSE,FALSE,FALSE,FALSE,FALSE,FALSE,FALSE,FALSE
-73.96793198,40.78211548,20C-PM-1018-07,PM,Juvenile,Cinnamon,Ground,FALSE,not,FALSE,TRUE,FALSE,FALSE,FALSE,FALSE,FALSE,FALSE,FALSE,FALSE,FALSE
-73.96169726,40.79538728,36A-PM-1013-03,PM,Juvenile,Cinnamon,Ground,FALSE,not,TRUE,TRUE,FALSE,FALSE,FALSE,FALSE,FALSE,FALSE,FALSE,FALSE,FALSE
-73.97471754,40.769282,5E-PM-1012-05,PM,Adult,Cinnamon,Ground,TRUE,not,FALSE,TRUE,FALSE,FALSE,FALSE,TRUE,FALSE,FALSE,FALSE,FALSE,FALSE
-73.95216554,40.79487855,39H-AM-1007-04,AM,Adult,Cinnamon,Ground,FALSE,not,FALSE,FALSE,FALSE,FALSE,TRUE,TRUE,FALSE,FALSE,FALSE,FALSE,FALSE
-73.97492513,40.7679112,4F-PM-1013-01,PM,Adult,Cinnamon,Ground,TRUE,not,FALSE,FALSE,FALSE,FALSE,TRUE,FALSE,FALSE,FALSE,FALSE,FALSE,TRUE
-73.95001676,40.79661858,41I-AM-1018-01,AM,Juvenile,Cinnamon,Ground,FALSE,not,FALSE,TRUE,FALSE,FALSE,FALSE,FALSE,FALSE,FALSE,FALSE,FALSE,TRUE
-73.9643223,40.78143191,21F-AM-1018-03,AM,Adult,Cinnamon,Ground,FALSE,not,TRUE,FALSE,FALSE,FALSE,FALSE,FALSE,FALSE,FALSE,FALSE,FALSE,FALSE
-73.97715523,40.77069176,5C-AM-1006-01,AM,Adult,Cinnamon,Ground,TRUE,not,FALSE,TRUE,FALSE,TRUE,FALSE,FALSE,FALSE,FALSE,FALSE,TRUE,FALSE
-73.9575798,40.7957014,38D-PM-1006-04,PM,Adult,Cinnamon,Ground,FALSE,not,TRUE,TRUE,FALSE,FALSE,FALSE,FALSE,FALSE,FALSE,FALSE,FALSE,FALSE
-73.97915362,40.76727059,1C-PM-1013-03,PM,Adult,Cinnamon,Ground,FALSE,not,FALSE,FALSE,FALSE,FALSE,FALSE,TRUE,FALSE,FALSE,FALSE,FALSE,FALSE
-73.96869258,40.77056887,9I-PM-1010-05,PM,Adult,Cinnamon,Ground,FALSE,not,TRUE,TRUE,FALSE,FALSE,FALSE,TRUE,FALSE,FALSE,FALSE,FALSE,FALSE
-73.96503878,40.78141344,21F-AM-1018-04,AM,Adult,Cinnamon,Ground,FALSE,not,FALSE,FALSE,FALSE,FALSE,FALSE,TRUE,FALSE,FALSE,FALSE,FALSE,TRUE
-73.97943717,40.76838791,2B-PM-1013-07,PM,Adult,Cinnamon,Ground,TRUE,not,FALSE,FALSE,FALSE,FALSE,TRUE,FALSE,FALSE,FALSE,FALSE,FALSE,FALSE
-73.96943824,40.78463507,22A-AM-1008-04,AM,Adult,Cinnamon,Ground,FALSE,not,TRUE,FALSE,FALSE,FALSE,FALSE,TRUE,FALSE,FALSE,FALSE,FALSE,TRUE
-73.97347418,40.76632845,3H-PM-1014-03,PM,Adult,Cinnamon,Ground,FALSE,not,TRUE,FALSE,FALSE,FALSE,FALSE,TRUE,FALSE,FALSE,FALSE,FALSE,FALSE
-73.97742285,40.76863998,3D-AM-1006-05,AM,Adult,Cinnamon,Ground,FALSE,not,TRUE,TRUE,FALSE,FALSE,FALSE,FALSE,FALSE,FALSE,FALSE,FALSE,FALSE
-73.96980442,40.76970078,7I-PM-1013-06,PM,Adult,Cinnamon,Ground,FALSE,not,TRUE,FALSE,FALSE,FALSE,TRUE,FALSE,FALSE,FALSE,FALSE,FALSE,TRUE
-73.96453903,40.78099163,20G-PM-1013-01,PM,Adult,Cinnamon,Ground,FALSE,not,TRUE,TRUE,FALSE,FALSE,FALSE,TRUE,FALSE,FALSE,FALSE,FALSE,TRUE
-73.97246185,40.77450216,11D-AM-1010-02,AM,Adult,Cinnamon,Ground,FALSE,not,TRUE,FALSE,FALSE,FALSE,FALSE,TRUE,FALSE,FALSE,FALSE,FALSE,TRUE
-73.97863103,40.76693494,1D-AM-1006-05,AM,Adult,Cinnamon,Ground,FALSE,not,FALSE,FALSE,FALSE,FALSE,TRUE,FALSE,FALSE,FALSE,FALSE,FALSE,TRUE
-73.97561052,40.7696532,5D-AM-1020-03,AM,Adult,Cinnamon,Ground,TRUE,not,FALSE,FALSE,FALSE,FALSE,FALSE,TRUE,FALSE,FALSE,FALSE,FALSE,FALSE
-73.95651517,40.7946648,37E-PM-1006-07,PM,Adult,Cinnamon,Ground,FALSE,not,TRUE,TRUE,FALSE,FALSE,FALSE,FALSE,FALSE,FALSE,FALSE,FALSE,TRUE
-73.9691318,40.7709802,9I-AM-1014-05,AM,Adult,Cinnamon,Ground,FALSE,not,FALSE,FALSE,FALSE,FALSE,FALSE,TRUE,FALSE,FALSE,FALSE,FALSE,FALSE
-73.97269208,40.77941175,16A-PM-1019-02,PM,Adult,Cinnamon,Ground,FALSE,not,TRUE,FALSE,FALSE,FALSE,FALSE,TRUE,FALSE,FALSE,FALSE,FALSE,TRUE
-73.95744422,40.79610465,38D-AM-1017-04,AM,Adult,Cinnamon,Ground,FALSE,not,FALSE,TRUE,FALSE,FALSE,FALSE,FALSE,FALSE,FALSE,FALSE,FALSE,FALSE
-73.96190164,40.79251601,33B-PM-1010-06,PM,Adult,Cinnamon,Ground,TRUE,not,FALSE,FALSE,FALSE,FALSE,FALSE,TRUE,FALSE,FALSE,FALSE,FALSE,FALSE
-73.97554591,40.76808666,4E-AM-1020-04,AM,Adult,Cinnamon,Ground,FALSE,not,TRUE,FALSE,FALSE,FALSE,FALSE,FALSE,FALSE,FALSE,FALSE,FALSE,FALSE
-73.97819954,40.76956606,4C-PM-1010-17,PM,Adult,Cinnamon,Ground,FALSE,not,TRUE,TRUE,FALSE,TRUE,FALSE,TRUE,FALSE,FALSE,FALSE,FALSE,TRUE
-73.97899713,40.77070241,5A-PM-1010-04,PM,Adult,Cinnamon,Ground,FALSE,not,FALSE,FALSE,FALSE,FALSE,TRUE,TRUE,FALSE,FALSE,FALSE,FALSE,TRUE
-73.95226777,40.79340348,38I-AM-1019-02,AM,Adult,Cinnamon,Ground,FALSE,not,TRUE,FALSE,FALSE,FALSE,FALSE,TRUE,FALSE,FALSE,FALSE,FALSE,FALSE
-73.97718001,40.77088631,5C-PM-1010-03,PM,Adult,Cinnamon,Ground,FALSE,not,TRUE,TRUE,FALSE,FALSE,FALSE,FALSE,FALSE,FALSE,FALSE,FALSE,FALSE
-73.97002641,40.76920146,7I-PM-1013-01,PM,Juvenile,Cinnamon,Ground,TRUE,not,FALSE,FALSE,FALSE,FALSE,TRUE,FALSE,FALSE,FALSE,FALSE,FALSE,FALSE
-73.95449954,40.79497167,38F-AM-1018-01,AM,Adult,Cinnamon,Ground,FALSE,not,TRUE,TRUE,FALSE,FALSE,FALSE,FALSE,FALSE,FALSE,FALSE,FALSE,FALSE
-73.97433691,40.7675727,3F-AM-1006-11,AM,Juvenile,Cinnamon,Ground,FALSE,not,TRUE,FALSE,FALSE,FALSE,TRUE,FALSE,FALSE,FALSE,FALSE,FALSE,FALSE
-73.9614599,40.79451813,35A-PM-1013-11,PM,Juvenile,Cinnamon,Ground,FALSE,not,TRUE,TRUE,FALSE,FALSE,FALSE,FALSE,FALSE,FALSE,FALSE,TRUE,FALSE
-73.9771009,40.76887933,3D-PM-1010-06,PM,Adult,Cinnamon,Ground,FALSE,not,FALSE,FALSE,FALSE,FALSE,FALSE,TRUE,FALSE,FALSE,FALSE,FALSE,FALSE
-73.9745969,40.77654982,12A-PM-1013-02,PM,Adult,Cinnamon,Ground,FALSE,not,TRUE,TRUE,FALSE,TRUE,FALSE,TRUE,FALSE,FALSE,FALSE,FALSE,TRUE
-73.9768097,40.77081852,5C-PM-1010-08,PM,Adult,Cinnamon,Ground,FALSE,not,FALSE,TRUE,FALSE,FALSE,FALSE,FALSE,FALSE,FALSE,FALSE,FALSE,FALSE
-73.96714191,40.77586025,14G-AM-1012-01,AM,Adult,Cinnamon,Ground,FALSE,not,TRUE,FALSE,FALSE,FALSE,FALSE,TRUE,FALSE,FALSE,FALSE,FALSE,TRUE
-73.9692661,40.78305323,21B-PM-1017-01,PM,Juvenile,Cinnamon,Ground,FALSE,not,FALSE,FALSE,FALSE,FALSE,TRUE,FALSE,FALSE,FALSE,FALSE,FALSE,FALSE
-73.96478457,40.78165738,21F-AM-1018-07,AM,Adult,Cinnamon,Ground,FALSE,not,TRUE,TRUE,FALSE,FALSE,FALSE,FALSE,FALSE,FALSE,FALSE,FALSE,TRUE
-73.97121879,40.77506402,12E-PM-1018-01,PM,Juvenile,Cinnamon,Ground,FALSE,not,TRUE,TRUE,FALSE,TRUE,FALSE,FALSE,TRUE,FALSE,FALSE,TRUE,FALSE
-73.96826274,40.77307667,11H-AM-1010-09,AM,Adult,Cinnamon,Ground,FALSE,not,FALSE,TRUE,FALSE,FALSE,FALSE,FALSE,FALSE,FALSE,FALSE,FALSE,FALSE
-73.96972078,40.77411057,12F-AM-1020-04,AM,Adult,Cinnamon,Ground,FALSE,not,FALSE,TRUE,FALSE,FALSE,TRUE,FALSE,FALSE,FALSE,FALSE,FALSE,TRUE
-73.95658123,40.79021277,33H-AM-1019-01,AM,Adult,Cinnamon,Ground,FALSE,not,FALSE,FALSE,FALSE,FALSE,FALSE,FALSE,FALSE,FALSE,FALSE,FALSE,FALSE
-73.97292653,40.77417683,10D-AM-1008-02,AM,Adult,Cinnamon,Ground,FALSE,not,TRUE,TRUE,FALSE,FALSE,FALSE,FALSE,FALSE,FALSE,FALSE,FALSE,FALSE
-73.97478739,40.77319453,9C-PM-1006-04,PM,Adult,Cinnamon,Ground,FALSE,not,FALSE,FALSE,FALSE,TRUE,FALSE,FALSE,FALSE,FALSE,FALSE,FALSE,FALSE
-73.96310055,40.78854941,28D-AM-1012-01,AM,Adult,Cinnamon,Ground,FALSE,not,FALSE,TRUE,FALSE,FALSE,FALSE,TRUE,FALSE,FALSE,FALSE,FALSE,TRUE
-73.96398014,40.77789213,18I-PM-1007-04,PM,Adult,Cinnamon,Ground,FALSE,not,TRUE,FALSE,FALSE,FALSE,FALSE,FALSE,FALSE,FALSE,FALSE,FALSE,FALSE
-73.97240833,40.77441638,11D-AM-1010-08,AM,Adult,Cinnamon,Ground,TRUE,not,FALSE,FALSE,FALSE,FALSE,TRUE,TRUE,FALSE,FALSE,FALSE,FALSE,FALSE
-73.96435382,40.79175656,31A-PM-1017-01,PM,Juvenile,Cinnamon,Ground,FALSE,not,FALSE,FALSE,FALSE,FALSE,FALSE,TRUE,FALSE,FALSE,FALSE,FALSE,TRUE
-73.97460633,40.76876542,4F-PM-1013-03,PM,Juvenile,Cinnamon,Ground,FALSE,not,TRUE,FALSE,FALSE,FALSE,FALSE,TRUE,FALSE,FALSE,FALSE,TRUE,FALSE
-73.97520792,40.7755377,11B-AM-1007-01,AM,Adult,Cinnamon,Ground,TRUE,not,FALSE,TRUE,FALSE,FALSE,FALSE,FALSE,FALSE,FALSE,FALSE,FALSE,TRUE
-73.96454374,40.78115999,21F-PM-1018-02,PM,Juvenile,Cinnamon,Ground,FALSE,not,TRUE,FALSE,FALSE,FALSE,FALSE,TRUE,FALSE,FALSE,FALSE,FALSE,FALSE
-73.97547942,40.76964045,5E-PM-1012-01,PM,Adult,Cinnamon,Ground,TRUE,not,FALSE,FALSE,FALSE,FALSE,TRUE,TRUE,FALSE,FALSE,FALSE,FALSE,FALSE
-73.95412018,40.79318117,36H-AM-1010-02,AM,Adult,Gray,Ground,FALSE,not,FALSE,FALSE,FALSE,FALSE,FALSE,TRUE,FALSE,FALSE,FALSE,FALSE,FALSE
-73.9674286,40.78297239,21C-PM-1006-01,PM,Adult,Gray,Ground,FALSE,not,FALSE,FALSE,FALSE,FALSE,FALSE,FALSE,FALSE,FALSE,FALSE,TRUE,TRUE
-73.96929433,40.77695361,15E-AM-1013-01,AM,Adult,Gray,Ground,FALSE,not,FALSE,TRUE,FALSE,FALSE,FALSE,TRUE,FALSE,FALSE,FALSE,FALSE,FALSE
-73.95400541,40.7952446,39G-PM-1013-06,PM,Adult,Gray,Ground,FALSE,not,FALSE,TRUE,FALSE,FALSE,FALSE,FALSE,FALSE,FALSE,FALSE,FALSE,FALSE
-73.97380333,40.77118469,7E-AM-1006-02,AM,Adult,Gray,Ground,FALSE,not,FALSE,FALSE,FALSE,FALSE,TRUE,FALSE,FALSE,FALSE,FALSE,FALSE,FALSE
-73.96431539,40.78208185,22F-PM-1014-05,PM,Adult,Gray,Ground,FALSE,not,FALSE,FALSE,FALSE,FALSE,FALSE,FALSE,FALSE,FALSE,FALSE,FALSE,FALSE
-73.95657004,40.7902561,33H-AM-1019-02,AM,Juvenile,Gray,Ground,FALSE,not,FALSE,FALSE,FALSE,FALSE,FALSE,FALSE,FALSE,FALSE,FALSE,FALSE,FALSE
-73.96391593,40.78917746,29C-AM-1007-06,AM,Adult,Gray,Ground,FALSE,not,TRUE,TRUE,FALSE,FALSE,FALSE,FALSE,FALSE,FALSE,FALSE,FALSE,FALSE
-73.98016664,40.76869053,2B-PM-1013-01,PM,Adult,Gray,Ground,FALSE,not,FALSE,TRUE,FALSE,FALSE,FALSE,FALSE,FALSE,FALSE,FALSE,FALSE,FALSE
-73.96756343,40.78134774,19D-AM-1007-01,AM,Juvenile,Gray,Ground,FALSE,not,FALSE,FALSE,FALSE,TRUE,TRUE,FALSE,FALSE,FALSE,FALSE,FALSE,FALSE
-73.95849706,40.79828863,40B-AM-1019-03,AM,Juvenile,Gray,Ground,TRUE,not,FALSE,TRUE,TRUE,FALSE,FALSE,FALSE,FALSE,FALSE,FALSE,FALSE,TRUE
-73.97040828,40.7690281,6I-PM-1013-06,PM,Adult,Gray,Ground,FALSE,not,FALSE,FALSE,FALSE,FALSE,FALSE,FALSE,FALSE,FALSE,FALSE,FALSE,TRUE
-73.97686748,40.77352326,8B-PM-1012-02,PM,Adult,Gray,Ground,FALSE,not,TRUE,FALSE,FALSE,FALSE,FALSE,TRUE,FALSE,FALSE,FALSE,FALSE,FALSE
-73.97970849,40.76988852,3A-PM-1017-06,PM,Adult,Gray,Ground,FALSE,not,TRUE,FALSE,FALSE,FALSE,FALSE,TRUE,FALSE,FALSE,FALSE,FALSE,FALSE
-73.98045289,40.76967537,3A-PM-1017-05,PM,Adult,Gray,Ground,FALSE,not,FALSE,FALSE,FALSE,FALSE,FALSE,TRUE,FALSE,FALSE,FALSE,FALSE,FALSE
-73.96447484,40.78838401,28C-PM-1006-01,PM,Adult,Gray,Ground,FALSE,not,TRUE,FALSE,FALSE,FALSE,FALSE,FALSE,FALSE,FALSE,FALSE,TRUE,FALSE
-73.97018248,40.77665306,14E-AM-1008-09,AM,Adult,Gray,Ground,FALSE,not,TRUE,TRUE,TRUE,FALSE,FALSE,FALSE,TRUE,FALSE,FALSE,FALSE,FALSE
-73.97871809,40.77158779,5A-AM-1006-05,AM,Adult,Gray,Ground,FALSE,not,TRUE,FALSE,FALSE,FALSE,FALSE,TRUE,FALSE,FALSE,FALSE,TRUE,FALSE
-73.9692884,40.77685537,14E-AM-1008-02,AM,Adult,Gray,Ground,FALSE,not,TRUE,TRUE,FALSE,FALSE,FALSE,TRUE,FALSE,FALSE,FALSE,FALSE,FALSE
-73.95440077,40.79506897,38F-PM-1013-05,PM,Juvenile,Gray,Ground,FALSE,not,FALSE,FALSE,FALSE,FALSE,FALSE,TRUE,TRUE,TRUE,FALSE,FALSE,FALSE
-73.96346234,40.79176854,31A-PM-1017-04,PM,Adult,Gray,Ground,FALSE,not,FALSE,FALSE,FALSE,FALSE,TRUE,TRUE,FALSE,FALSE,FALSE,FALSE,FALSE
-73.95211102,40.79784491,42G-AM-1018-03,AM,Adult,Gray,Ground,FALSE,not,TRUE,TRUE,FALSE,FALSE,FALSE,FALSE,FALSE,FALSE,FALSE,FALSE,FALSE
-73.9574809,40.79500136,37D-PM-1014-04,PM,Adult,Gray,Ground,FALSE,not,TRUE,FALSE,TRUE,FALSE,FALSE,TRUE,FALSE,FALSE,FALSE,FALSE,FALSE
-73.95704377,40.79485094,37E-PM-1006-03,PM,Adult,Gray,Ground,FALSE,not,TRUE,TRUE,FALSE,FALSE,FALSE,FALSE,FALSE,FALSE,FALSE,FALSE,FALSE
-73.9566346,40.79739234,40D-PM-1013-01,PM,Adult,Gray,Ground,FALSE,not,FALSE,TRUE,FALSE,FALSE,FALSE,FALSE,FALSE,FALSE,FALSE,FALSE,FALSE
-73.95920389,40.79638268,38B-PM-1018-02,PM,Adult,Gray,Ground,FALSE,not,FALSE,FALSE,FALSE,FALSE,FALSE,TRUE,FALSE,FALSE,FALSE,FALSE,FALSE
-73.97125278,40.77633104,13D-AM-1014-08,AM,Adult,Gray,Ground,FALSE,not,TRUE,FALSE,FALSE,FALSE,FALSE,TRUE,FALSE,FALSE,FALSE,FALSE,FALSE
-73.96711471,40.77726246,16G-AM-1010-03,AM,Adult,Gray,Ground,FALSE,not,TRUE,FALSE,FALSE,FALSE,FALSE,TRUE,TRUE,FALSE,FALSE,FALSE,FALSE
-73.97462291,40.77484671,10B-PM-1014-05,PM,Adult,Gray,Ground,FALSE,not,FALSE,FALSE,FALSE,FALSE,TRUE,TRUE,FALSE,FALSE,FALSE,FALSE,TRUE
-73.97555608,40.76629923,2F-AM-1006-05,AM,Adult,Gray,Ground,FALSE,not,FALSE,FALSE,FALSE,FALSE,FALSE,TRUE,FALSE,FALSE,FALSE,FALSE,FALSE
-73.96647116,40.78789643,26A-PM-1006-06,PM,Adult,Gray,Ground,FALSE,not,FALSE,FALSE,FALSE,TRUE,FALSE,FALSE,FALSE,FALSE,FALSE,TRUE,FALSE
-73.95286825,40.79258078,36I-PM-1007-13,PM,Adult,Gray,Ground,TRUE,not,FALSE,FALSE,FALSE,FALSE,TRUE,FALSE,FALSE,FALSE,FALSE,FALSE,TRUE
-73.97214429,40.77007508,7G-PM-1018-03,PM,Adult,Gray,Ground,FALSE,not,FALSE,FALSE,FALSE,FALSE,FALSE,TRUE,FALSE,FALSE,FALSE,FALSE,FALSE
-73.96613613,40.77878726,18G-PM-1013-01,PM,Adult,Gray,Ground,FALSE,not,TRUE,FALSE,FALSE,FALSE,TRUE,TRUE,FALSE,FALSE,FALSE,FALSE,FALSE
-73.97197067,40.77208681,9F-AM-1013-04,AM,Adult,Gray,Ground,FALSE,not,FALSE,FALSE,FALSE,FALSE,FALSE,TRUE,FALSE,FALSE,FALSE,FALSE,FALSE
-73.95326201,40.79524755,39G-AM-1018-01,AM,Adult,Gray,Ground,FALSE,not,FALSE,FALSE,FALSE,FALSE,FALSE,FALSE,FALSE,FALSE,FALSE,FALSE,FALSE
-73.96860561,40.77816584,16E-AM-1014-03,AM,Adult,Gray,Ground,TRUE,not,FALSE,FALSE,FALSE,FALSE,TRUE,TRUE,FALSE,FALSE,FALSE,FALSE,FALSE
-73.96379469,40.79157004,31A-AM-1010-04,AM,Adult,Gray,Ground,FALSE,not,FALSE,FALSE,FALSE,FALSE,FALSE,TRUE,FALSE,FALSE,FALSE,FALSE,TRUE
-73.96382703,40.78104501,21G-PM-1007-02,PM,Adult,Gray,Ground,FALSE,not,TRUE,FALSE,FALSE,FALSE,TRUE,FALSE,FALSE,FALSE,FALSE,TRUE,FALSE
-73.9572192,40.79315291,35E-PM-1006-01,PM,Adult,Gray,Ground,TRUE,not,FALSE,FALSE,FALSE,FALSE,FALSE,TRUE,FALSE,FALSE,FALSE,FALSE,FALSE
-73.95976428,40.7976368,39A-PM-1014-02,PM,Adult,Gray,Ground,FALSE,not,FALSE,FALSE,TRUE,FALSE,FALSE,FALSE,FALSE,FALSE,FALSE,FALSE,FALSE
-73.9597206,40.79694095,38B-AM-1019-01,AM,Adult,Gray,Ground,FALSE,not,TRUE,TRUE,FALSE,FALSE,FALSE,FALSE,FALSE,FALSE,FALSE,FALSE,FALSE
-73.97108659,40.77197032,9G-PM-1007-06,PM,Adult,Gray,Ground,FALSE,not,FALSE,FALSE,FALSE,FALSE,TRUE,FALSE,FALSE,FALSE,FALSE,FALSE,FALSE
-73.95853564,40.79827379,40B-AM-1019-02,AM,Juvenile,Gray,Ground,FALSE,not,FALSE,TRUE,TRUE,FALSE,FALSE,FALSE,FALSE,FALSE,FALSE,FALSE,TRUE
-73.96180646,40.79215844,32C-PM-1013-12,PM,Adult,Gray,Ground,TRUE,not,FALSE,TRUE,FALSE,FALSE,FALSE,TRUE,FALSE,FALSE,FALSE,FALSE,TRUE
-73.96469014,40.77599587,15I-PM-1012-03,PM,Adult,Gray,Ground,FALSE,not,FALSE,FALSE,FALSE,FALSE,FALSE,TRUE,FALSE,FALSE,FALSE,FALSE,FALSE
-73.96908283,40.78180382,19C-PM-1018-04,PM,Adult,Gray,Ground,FALSE,not,FALSE,FALSE,FALSE,FALSE,FALSE,TRUE,FALSE,FALSE,FALSE,FALSE,FALSE
-73.97881382,40.76930018,3B-AM-1010-09,AM,Juvenile,Gray,Ground,FALSE,not,TRUE,FALSE,FALSE,FALSE,FALSE,TRUE,FALSE,FALSE,FALSE,FALSE,FALSE
-73.95376913,40.79412726,38G-PM-1020-01,PM,Adult,Gray,Ground,FALSE,not,TRUE,TRUE,FALSE,FALSE,FALSE,FALSE,FALSE,FALSE,FALSE,TRUE,FALSE
-73.97377736,40.76736626,3G-PM-1013-01,PM,Adult,Gray,Ground,FALSE,not,TRUE,FALSE,FALSE,FALSE,FALSE,TRUE,FALSE,FALSE,FALSE,FALSE,FALSE
-73.96793363,40.77541866,14G-PM-1013-01,PM,Adult,Gray,Ground,FALSE,not,FALSE,FALSE,FALSE,TRUE,FALSE,FALSE,FALSE,FALSE,FALSE,FALSE,FALSE
-73.97187291,40.77036926,7G-PM-1018-05,PM,Adult,Gray,Ground,FALSE,not,FALSE,FALSE,FALSE,FALSE,FALSE,TRUE,FALSE,FALSE,FALSE,FALSE,FALSE
-73.95647241,40.79360555,36F-PM-1012-04,PM,Adult,Gray,Ground,FALSE,not,TRUE,FALSE,FALSE,FALSE,FALSE,TRUE,FALSE,FALSE,FALSE,FALSE,FALSE
-73.97107602,40.7725506,10F-PM-1019-02,PM,Juvenile,Gray,Ground,FALSE,not,TRUE,TRUE,FALSE,FALSE,FALSE,FALSE,FALSE,FALSE,FALSE,FALSE,TRUE
-73.97123187,40.77730531,14D-PM-1019-04,PM,Adult,Gray,Ground,FALSE,not,FALSE,FALSE,FALSE,FALSE,TRUE,FALSE,FALSE,FALSE,FALSE,FALSE,FALSE
-73.97612099,40.76824045,3E-PM-1008-03,PM,Adult,Gray,Ground,FALSE,not,TRUE,FALSE,FALSE,FALSE,FALSE,TRUE,FALSE,FALSE,FALSE,FALSE,FALSE
-73.97370917,40.77137326,7E-AM-1006-03,AM,Adult,Gray,Ground,FALSE,not,FALSE,FALSE,FALSE,FALSE,TRUE,FALSE,FALSE,FALSE,FALSE,FALSE,FALSE
-73.96384227,40.78873409,28C-PM-1006-02,PM,Adult,Gray,Ground,FALSE,not,TRUE,TRUE,FALSE,FALSE,FALSE,FALSE,FALSE,FALSE,FALSE,FALSE,FALSE
-73.97314981,40.76599632,2H-AM-1006-02,AM,Adult,Gray,Ground,TRUE,not,FALSE,FALSE,TRUE,TRUE,FALSE,FALSE,FALSE,FALSE,FALSE,FALSE,FALSE
-73.95278082,40.79241672,36I-AM-1017-05,AM,Adult,Gray,Ground,FALSE,not,TRUE,FALSE,FALSE,FALSE,TRUE,TRUE,FALSE,FALSE,FALSE,FALSE,FALSE
-73.97535743,40.76832117,4E-PM-1008-08,PM,Adult,Gray,Ground,FALSE,not,TRUE,FALSE,FALSE,TRUE,FALSE,FALSE,FALSE,FALSE,FALSE,FALSE,FALSE
-73.97372661,40.77863384,14A-PM-1014-01,PM,Adult,Gray,Ground,FALSE,not,TRUE,FALSE,FALSE,TRUE,FALSE,FALSE,FALSE,FALSE,FALSE,FALSE,FALSE
-73.97670805,40.77177088,6B-PM-1017-04,PM,Adult,Gray,Ground,FALSE,not,FALSE,TRUE,TRUE,FALSE,FALSE,TRUE,FALSE,FALSE,FALSE,FALSE,FALSE
-73.97602565,40.77035731,5D-AM-1020-02,AM,Adult,Gray,Ground,FALSE,not,FALSE,FALSE,FALSE,TRUE,FALSE,TRUE,FALSE,FALSE,FALSE,FALSE,FALSE
-73.95976488,40.7903443,32E-AM-1007-01,AM,Adult,Gray,Ground,FALSE,not,TRUE,FALSE,FALSE,FALSE,TRUE,FALSE,FALSE,FALSE,FALSE,FALSE,FALSE
-73.95894143,40.79070739,32E-PM-1017-04,PM,Adult,Gray,Ground,FALSE,not,TRUE,FALSE,FALSE,FALSE,TRUE,TRUE,FALSE,FALSE,FALSE,FALSE,FALSE
-73.97798057,40.76809316,2D-PM-1012-02,PM,Adult,Gray,Ground,TRUE,not,FALSE,FALSE,FALSE,FALSE,TRUE,TRUE,FALSE,FALSE,FALSE,FALSE,FALSE
-73.97267477,40.77030227,7F-AM-1008-02,AM,Adult,Gray,Ground,FALSE,not,TRUE,TRUE,FALSE,FALSE,FALSE,FALSE,FALSE,FALSE,FALSE,FALSE,FALSE
-73.96987147,40.77438147,12F-AM-1020-02,AM,Adult,Gray,Ground,FALSE,not,FALSE,TRUE,FALSE,FALSE,FALSE,FALSE,FALSE,FALSE,FALSE,FALSE,FALSE
-73.96910949,40.77676039,14E-AM-1008-01,AM,Adult,Gray,Ground,FALSE,not,TRUE,FALSE,FALSE,FALSE,TRUE,FALSE,FALSE,FALSE,FALSE,FALSE,FALSE
-73.9786481,40.76973728,4B-PM-1018-03,PM,Adult,Gray,Ground,TRUE,not,FALSE,FALSE,FALSE,FALSE,TRUE,FALSE,FALSE,FALSE,FALSE,FALSE,FALSE
-73.97671916,40.77307863,8B-PM-1012-03,PM,Adult,Gray,Ground,FALSE,not,TRUE,FALSE,FALSE,FALSE,FALSE,TRUE,FALSE,FALSE,FALSE,FALSE,FALSE
-73.96398329,40.79095324,30B-PM-1019-08,PM,Adult,Gray,Ground,FALSE,not,TRUE,FALSE,FALSE,TRUE,TRUE,TRUE,FALSE,FALSE,FALSE,FALSE,FALSE
-73.96190702,40.79525567,35A-AM-1014-05,AM,Juvenile,Gray,Ground,FALSE,not,TRUE,TRUE,FALSE,FALSE,FALSE,FALSE,FALSE,FALSE,FALSE,FALSE,FALSE
-73.97877969,40.77075265,5A-PM-1010-01,PM,Adult,Gray,Ground,FALSE,not,FALSE,FALSE,FALSE,FALSE,FALSE,TRUE,FALSE,FALSE,FALSE,FALSE,TRUE
-73.95290607,40.79279097,37I-AM-1010-01,AM,Adult,Gray,Ground,FALSE,not,TRUE,FALSE,FALSE,FALSE,FALSE,TRUE,FALSE,FALSE,FALSE,FALSE,FALSE
-73.96842542,40.77809016,16E-AM-1014-02,AM,Adult,Gray,Ground,TRUE,not,FALSE,FALSE,FALSE,FALSE,TRUE,TRUE,FALSE,FALSE,FALSE,FALSE,FALSE
-73.96740695,40.77725297,16F-PM-1013-02,PM,Adult,Gray,Ground,FALSE,not,TRUE,FALSE,FALSE,FALSE,FALSE,TRUE,FALSE,FALSE,FALSE,FALSE,FALSE
-73.95969646,40.79577536,37B-AM-1018-03,AM,Adult,Gray,Ground,FALSE,not,FALSE,FALSE,FALSE,FALSE,FALSE,TRUE,FALSE,FALSE,FALSE,FALSE,FALSE
-73.97950813,40.76914315,3B-PM-1007-03,PM,Adult,Gray,Ground,FALSE,not,FALSE,FALSE,FALSE,FALSE,FALSE,TRUE,FALSE,FALSE,FALSE,FALSE,TRUE
-73.95835611,40.79601446,38C-AM-1019-07,AM,Adult,Gray,Ground,FALSE,not,TRUE,TRUE,FALSE,FALSE,FALSE,TRUE,FALSE,FALSE,FALSE,FALSE,TRUE
-73.96466103,40.77905835,19H-AM-1010-05,AM,Adult,Gray,Ground,FALSE,not,TRUE,FALSE,FALSE,FALSE,TRUE,TRUE,FALSE,FALSE,FALSE,FALSE,FALSE
-73.96060107,40.79172439,32D-PM-1006-09,PM,Juvenile,Gray,Ground,TRUE,not,FALSE,FALSE,FALSE,FALSE,TRUE,FALSE,FALSE,FALSE,FALSE,FALSE,TRUE
-73.95397348,40.79560554,39G-PM-1013-04,PM,Adult,Gray,Ground,FALSE,not,FALSE,FALSE,TRUE,FALSE,TRUE,FALSE,FALSE,FALSE,FALSE,FALSE,FALSE
-73.95406167,40.79515566,38G-PM-1020-10,PM,Adult,Gray,Ground,FALSE,not,TRUE,TRUE,FALSE,FALSE,FALSE,FALSE,FALSE,FALSE,FALSE,TRUE,FALSE
-73.96942888,40.78429523,22A-PM-1017-01,PM,Adult,Gray,Ground,FALSE,not,FALSE,FALSE,FALSE,TRUE,FALSE,FALSE,FALSE,FALSE,FALSE,FALSE,FALSE
-73.95460429,40.78981337,33I-PM-1006-07,PM,Adult,Gray,Ground,FALSE,not,TRUE,TRUE,FALSE,FALSE,FALSE,FALSE,FALSE,FALSE,FALSE,FALSE,FALSE
-73.97051236,40.77317238,10F-PM-1019-11,PM,Adult,Gray,Ground,FALSE,not,TRUE,FALSE,FALSE,FALSE,FALSE,TRUE,FALSE,FALSE,FALSE,FALSE,FALSE
-73.96873952,40.78073645,18D-AM-1018-02,AM,Adult,Gray,Ground,FALSE,not,FALSE,FALSE,FALSE,FALSE,FALSE,TRUE,FALSE,FALSE,FALSE,FALSE,FALSE
-73.97655956,40.77484553,10A-PM-1014-04,PM,Adult,Gray,Ground,FALSE,not,TRUE,TRUE,FALSE,FALSE,FALSE,FALSE,FALSE,FALSE,FALSE,FALSE,FALSE
-73.97449608,40.76525855,1H-AM-1012-01,AM,Adult,Gray,Ground,TRUE,not,TRUE,FALSE,FALSE,FALSE,FALSE,TRUE,FALSE,FALSE,FALSE,FALSE,FALSE
-73.96059666,40.78898491,30E-AM-1008-01,AM,Adult,Gray,Ground,FALSE,not,TRUE,FALSE,FALSE,FALSE,FALSE,TRUE,FALSE,FALSE,FALSE,FALSE,TRUE
-73.97074711,40.77592551,13E-AM-1017-08,AM,Adult,Gray,Ground,FALSE,not,FALSE,FALSE,FALSE,FALSE,FALSE,TRUE,FALSE,FALSE,FALSE,FALSE,FALSE
-73.97610364,40.77054827,6D-PM-1020-03,PM,Juvenile,Gray,Ground,FALSE,not,TRUE,FALSE,TRUE,FALSE,FALSE,FALSE,FALSE,FALSE,FALSE,FALSE,TRUE
-73.96148244,40.79129298,32C-PM-1013-03,PM,Adult,Gray,Ground,FALSE,not,FALSE,FALSE,TRUE,FALSE,FALSE,FALSE,FALSE,FALSE,FALSE,FALSE,TRUE
-73.9571408,40.79319174,35E-PM-1006-02,PM,Adult,Gray,Ground,TRUE,not,FALSE,FALSE,FALSE,FALSE,FALSE,TRUE,FALSE,FALSE,FALSE,FALSE,FALSE
-73.95760351,40.79661208,38C-AM-1019-01,AM,Juvenile,Gray,Ground,FALSE,not,TRUE,TRUE,FALSE,FALSE,FALSE,FALSE,FALSE,FALSE,FALSE,FALSE,FALSE
-73.96721273,40.78106668,20D-AM-1007-01,AM,Adult,Gray,Ground,FALSE,not,FALSE,TRUE,FALSE,TRUE,TRUE,FALSE,FALSE,FALSE,FALSE,TRUE,FALSE
-73.97359468,40.77241558,8E-PM-1008-01,PM,Adult,Gray,Ground,TRUE,not,FALSE,FALSE,FALSE,FALSE,TRUE,FALSE,FALSE,FALSE,FALSE,FALSE,FALSE
-73.95883589,40.79126319,33E-PM-1012-01,PM,Adult,Gray,Ground,FALSE,not,TRUE,FALSE,FALSE,FALSE,TRUE,TRUE,FALSE,FALSE,FALSE,FALSE,FALSE
-73.95503514,40.79746815,40E-AM-1014-01,AM,Adult,Gray,Ground,FALSE,not,TRUE,TRUE,FALSE,FALSE,FALSE,FALSE,FALSE,FALSE,FALSE,FALSE,FALSE
-73.97339663,40.77171796,8E-PM-1008-08,PM,Adult,Gray,Ground,FALSE,not,FALSE,FALSE,FALSE,FALSE,FALSE,TRUE,FALSE,FALSE,FALSE,FALSE,FALSE
-73.95656863,40.79759285,40C-PM-1006-03,PM,Adult,Gray,Ground,FALSE,not,FALSE,TRUE,FALSE,FALSE,FALSE,FALSE,FALSE,FALSE,FALSE,FALSE,FALSE
-73.95905023,40.79429036,36C-PM-1013-06,PM,Adult,Gray,Ground,FALSE,not,FALSE,TRUE,FALSE,FALSE,FALSE,TRUE,FALSE,FALSE,FALSE,FALSE,FALSE
-73.96819174,40.77232988,11I-PM-1012-03,PM,Adult,Gray,Ground,FALSE,not,TRUE,TRUE,FALSE,TRUE,FALSE,TRUE,FALSE,FALSE,FALSE,FALSE,FALSE
-73.95974707,40.79732159,38A-PM-1013-01,PM,Adult,Gray,Ground,FALSE,not,TRUE,TRUE,FALSE,FALSE,FALSE,TRUE,FALSE,FALSE,FALSE,FALSE,TRUE
-73.95308097,40.79591763,40G-PM-1013-02,PM,Adult,Gray,Ground,FALSE,not,TRUE,TRUE,FALSE,FALSE,TRUE,FALSE,FALSE,FALSE,FALSE,FALSE,FALSE
-73.96693664,40.78360239,22C-PM-1006-09,PM,Adult,Gray,Ground,FALSE,not,FALSE,TRUE,FALSE,FALSE,FALSE,FALSE,FALSE,TRUE,FALSE,FALSE,FALSE
-73.96989342,40.77082116,8H-PM-1014-03,PM,Adult,Gray,Ground,FALSE,not,FALSE,TRUE,FALSE,FALSE,FALSE,TRUE,FALSE,FALSE,FALSE,FALSE,FALSE
-73.97027886,40.7694485,7I-PM-1013-05,PM,Adult,Gray,Ground,FALSE,not,FALSE,FALSE,FALSE,FALSE,TRUE,FALSE,FALSE,FALSE,FALSE,TRUE,FALSE
-73.96398881,40.7914494,31A-AM-1010-01,AM,Adult,Gray,Ground,FALSE,not,TRUE,FALSE,FALSE,FALSE,TRUE,FALSE,FALSE,FALSE,FALSE,FALSE,TRUE
-73.97773287,40.76690877,1D-AM-1006-02,AM,Juvenile,Gray,Ground,FALSE,not,FALSE,TRUE,FALSE,FALSE,FALSE,FALSE,FALSE,FALSE,FALSE,FALSE,TRUE
-73.96718516,40.77508787,14H-PM-1012-01,PM,Adult,Gray,Ground,TRUE,not,FALSE,TRUE,FALSE,FALSE,TRUE,FALSE,FALSE,FALSE,FALSE,FALSE,FALSE
-73.96646301,40.77563615,14H-AM-1007-04,AM,Juvenile,Gray,Ground,FALSE,not,TRUE,FALSE,TRUE,FALSE,FALSE,FALSE,FALSE,FALSE,FALSE,FALSE,FALSE
-73.95893677,40.78964653,31F-PM-1007-04,PM,Adult,Gray,Ground,FALSE,not,TRUE,FALSE,FALSE,FALSE,FALSE,TRUE,FALSE,FALSE,FALSE,TRUE,FALSE
-73.9757436,40.77460644,10B-PM-1014-01,PM,Adult,Gray,Ground,FALSE,not,FALSE,FALSE,FALSE,FALSE,FALSE,TRUE,FALSE,FALSE,FALSE,FALSE,TRUE
-73.96766397,40.77453696,13H-PM-1010-07,PM,Adult,Gray,Ground,FALSE,not,TRUE,TRUE,FALSE,FALSE,FALSE,FALSE,FALSE,FALSE,FALSE,FALSE,FALSE
-73.97029631,40.76979287,7H-AM-1006-11,AM,Adult,Gray,Ground,TRUE,not,FALSE,FALSE,FALSE,FALSE,FALSE,TRUE,FALSE,FALSE,FALSE,FALSE,FALSE
-73.97346958,40.77162975,8E-PM-1008-05,PM,Adult,Gray,Ground,FALSE,not,FALSE,FALSE,FALSE,FALSE,TRUE,TRUE,FALSE,FALSE,FALSE,FALSE,FALSE
-73.95024663,40.79592288,41I-AM-1018-02,AM,Juvenile,Gray,Ground,FALSE,not,FALSE,TRUE,FALSE,FALSE,FALSE,TRUE,FALSE,FALSE,FALSE,FALSE,FALSE
-73.9725906,40.77138897,8F-PM-1012-05,PM,Adult,Gray,Ground,FALSE,not,FALSE,TRUE,FALSE,FALSE,FALSE,FALSE,FALSE,FALSE,FALSE,FALSE,TRUE
-73.97013352,40.7722051,10G-AM-1006-10,AM,Adult,Gray,Ground,FALSE,not,FALSE,FALSE,TRUE,FALSE,FALSE,FALSE,FALSE,TRUE,FALSE,FALSE,FALSE
-73.95921031,40.79043907,32E-PM-1017-10,PM,Adult,Gray,Ground,FALSE,not,TRUE,FALSE,FALSE,FALSE,TRUE,TRUE,FALSE,FALSE,FALSE,FALSE,FALSE
-73.96830411,40.78626523,24A-AM-1014-01,AM,Adult,Gray,Ground,FALSE,not,FALSE,TRUE,FALSE,FALSE,FALSE,FALSE,FALSE,FALSE,FALSE,FALSE,FALSE
-73.97072154,40.77275081,10G-AM-1006-05,AM,Adult,Gray,Ground,FALSE,not,FALSE,FALSE,TRUE,FALSE,FALSE,FALSE,TRUE,FALSE,FALSE,FALSE,FALSE
-73.95406523,40.79552262,39G-PM-1013-05,PM,Adult,Gray,Ground,FALSE,not,FALSE,FALSE,TRUE,FALSE,FALSE,TRUE,FALSE,FALSE,FALSE,FALSE,FALSE
-73.95694034,40.79565996,38D-PM-1006-01,PM,Adult,Gray,Ground,FALSE,not,FALSE,TRUE,FALSE,FALSE,FALSE,FALSE,FALSE,FALSE,FALSE,FALSE,FALSE
-73.97217978,40.78012138,16A-PM-1019-07,PM,Juvenile,Gray,Ground,TRUE,not,FALSE,FALSE,FALSE,FALSE,FALSE,TRUE,FALSE,FALSE,FALSE,FALSE,TRUE
-73.96665211,40.78427535,23C-PM-1014-02,PM,Adult,Gray,Ground,FALSE,not,FALSE,TRUE,FALSE,FALSE,FALSE,TRUE,FALSE,FALSE,FALSE,FALSE,FALSE
-73.96884708,40.78446519,22A-AM-1008-03,AM,Adult,Gray,Ground,FALSE,not,TRUE,FALSE,FALSE,FALSE,FALSE,TRUE,FALSE,FALSE,FALSE,FALSE,FALSE
-73.95883757,40.7985004,40A-PM-1014-06,PM,Adult,Gray,Ground,FALSE,not,FALSE,TRUE,FALSE,FALSE,FALSE,FALSE,FALSE,FALSE,FALSE,FALSE,FALSE
-73.95683055,40.79740866,40C-PM-1006-05,PM,Adult,Gray,Ground,FALSE,not,FALSE,FALSE,FALSE,FALSE,FALSE,FALSE,FALSE,FALSE,FALSE,FALSE,FALSE
-73.97087985,40.77615321,13D-AM-1014-06,AM,Adult,Gray,Ground,FALSE,not,TRUE,TRUE,FALSE,FALSE,TRUE,FALSE,FALSE,FALSE,FALSE,FALSE,FALSE
-73.96833125,40.78016617,18D-PM-1017-01,PM,Adult,Gray,Ground,FALSE,not,FALSE,FALSE,FALSE,FALSE,FALSE,TRUE,FALSE,FALSE,FALSE,FALSE,FALSE
-73.9533476,40.79330035,37H-PM-1006-02,PM,Adult,Gray,Ground,FALSE,not,TRUE,TRUE,FALSE,TRUE,FALSE,TRUE,TRUE,FALSE,FALSE,FALSE,FALSE
-73.97448356,40.77295214,9D-AM-1008-01,AM,Adult,Gray,Ground,FALSE,not,TRUE,FALSE,FALSE,FALSE,FALSE,TRUE,FALSE,FALSE,FALSE,TRUE,FALSE
-73.96531426,40.77600151,15I-AM-1008-04,AM,Adult,Gray,Ground,FALSE,not,TRUE,FALSE,FALSE,TRUE,TRUE,FALSE,FALSE,FALSE,FALSE,FALSE,FALSE
-73.96310069,40.79202552,32B-AM-1017-02,AM,Adult,Gray,Ground,FALSE,not,TRUE,TRUE,FALSE,FALSE,FALSE,TRUE,FALSE,FALSE,FALSE,FALSE,TRUE
-73.95495987,40.7985405,41D-PM-1014-03,PM,Adult,Gray,Ground,FALSE,not,FALSE,TRUE,FALSE,FALSE,FALSE,FALSE,FALSE,FALSE,FALSE,FALSE,FALSE
-73.96590102,40.77916837,18G-PM-1013-02,PM,Adult,Gray,Ground,FALSE,not,FALSE,FALSE,FALSE,FALSE,TRUE,TRUE,FALSE,FALSE,FALSE,FALSE,FALSE
-73.97494466,40.77206597,7D-PM-1010-01,PM,Adult,Gray,Ground,FALSE,not,FALSE,TRUE,FALSE,FALSE,FALSE,FALSE,FALSE,FALSE,FALSE,FALSE,FALSE
-73.97738211,40.76904535,4C-PM-1010-06,PM,Adult,Gray,Ground,FALSE,not,TRUE,FALSE,FALSE,FALSE,TRUE,FALSE,FALSE,FALSE,FALSE,FALSE,TRUE
-73.97931033,40.76782015,1C-PM-1013-06,PM,Adult,Gray,Ground,FALSE,not,FALSE,FALSE,FALSE,FALSE,FALSE,TRUE,FALSE,FALSE,FALSE,FALSE,FALSE
-73.96352908,40.78209366,22G-AM-1018-02,AM,Adult,Gray,Ground,FALSE,not,TRUE,TRUE,FALSE,TRUE,FALSE,FALSE,TRUE,FALSE,FALSE,FALSE,FALSE
-73.96525847,40.78030111,19F-PM-1017-04,PM,Adult,Gray,Ground,FALSE,not,TRUE,FALSE,TRUE,TRUE,FALSE,FALSE,FALSE,FALSE,FALSE,FALSE,TRUE
-73.95611417,40.79762585,40D-PM-1013-05,PM,Adult,Gray,Ground,FALSE,not,TRUE,TRUE,FALSE,FALSE,FALSE,FALSE,FALSE,FALSE,FALSE,FALSE,FALSE
-73.97468022,40.77313475,9C-PM-1006-01,PM,Adult,Gray,Ground,FALSE,not,TRUE,FALSE,FALSE,FALSE,TRUE,TRUE,FALSE,FALSE,FALSE,FALSE,FALSE
-73.97184745,40.77949634,16B-AM-1014-01,AM,Adult,Gray,Ground,FALSE,not,TRUE,FALSE,FALSE,FALSE,FALSE,TRUE,FALSE,FALSE,FALSE,FALSE,FALSE
-73.95490825,40.79335376,36G-PM-1012-01,PM,Adult,Gray,Ground,FALSE,not,FALSE,FALSE,FALSE,FALSE,FALSE,FALSE,FALSE,FALSE,FALSE,FALSE,FALSE
-73.97144655,40.77721356,14C-PM-1006-02,PM,Adult,Gray,Ground,FALSE,not,TRUE,FALSE,FALSE,FALSE,FALSE,TRUE,FALSE,FALSE,FALSE,FALSE,TRUE
-73.96438254,40.78154458,21F-PM-1018-03,PM,Adult,Gray,Ground,FALSE,not,FALSE,FALSE,FALSE,FALSE,FALSE,TRUE,FALSE,FALSE,FALSE,FALSE,FALSE
-73.97335195,40.7688148,5G-PM-1010-03,PM,Adult,Gray,Ground,FALSE,not,TRUE,FALSE,FALSE,FALSE,FALSE,TRUE,FALSE,FALSE,FALSE,FALSE,FALSE
-73.95793353,40.79530807,37D-PM-1014-05,PM,Adult,Gray,Ground,FALSE,not,TRUE,FALSE,FALSE,FALSE,FALSE,TRUE,FALSE,FALSE,FALSE,FALSE,FALSE
-73.97003307,40.77829139,16D-PM-1010-06,PM,Adult,Gray,Ground,FALSE,not,FALSE,TRUE,FALSE,FALSE,FALSE,TRUE,FALSE,FALSE,FALSE,FALSE,FALSE
-73.97994415,40.76715,1C-AM-1012-01,AM,Adult,Gray,Ground,FALSE,not,TRUE,TRUE,FALSE,FALSE,FALSE,FALSE,FALSE,FALSE,FALSE,TRUE,FALSE
-73.97636223,40.77046713,5C-PM-1010-10,PM,Adult,Gray,Ground,TRUE,not,FALSE,FALSE,FALSE,FALSE,TRUE,FALSE,FALSE,FALSE,FALSE,FALSE,FALSE
-73.970636,40.7717074,9G-PM-1007-05,PM,Adult,Gray,Ground,FALSE,not,TRUE,FALSE,FALSE,FALSE,TRUE,FALSE,FALSE,FALSE,FALSE,FALSE,FALSE
-73.96713064,40.78388702,22C-PM-1006-05,PM,Juvenile,Gray,Ground,FALSE,not,FALSE,FALSE,FALSE,FALSE,TRUE,FALSE,FALSE,FALSE,FALSE,FALSE,FALSE
-73.97867142,40.76968708,4B-PM-1018-01,PM,Adult,Gray,Ground,TRUE,not,FALSE,FALSE,FALSE,FALSE,TRUE,FALSE,FALSE,FALSE,FALSE,FALSE,FALSE
-73.97509926,40.77433919,10B-PM-1014-03,PM,Adult,Gray,Ground,FALSE,not,FALSE,FALSE,FALSE,FALSE,TRUE,TRUE,FALSE,FALSE,FALSE,FALSE,FALSE
-73.95562182,40.79804602,41D-PM-1014-01,PM,Adult,Gray,Ground,FALSE,not,TRUE,FALSE,FALSE,FALSE,TRUE,FALSE,FALSE,FALSE,FALSE,FALSE,FALSE
-73.96123985,40.79500332,35A-PM-1013-12,PM,Adult,Gray,Ground,FALSE,not,TRUE,TRUE,FALSE,FALSE,FALSE,FALSE,FALSE,FALSE,FALSE,TRUE,FALSE
-73.97891261,40.76850791,2C-PM-1013-08,PM,Adult,Gray,Ground,TRUE,not,FALSE,FALSE,FALSE,FALSE,FALSE,FALSE,FALSE,FALSE,FALSE,FALSE,FALSE
-73.97826438,40.77170861,6A-AM-1006-04,AM,Adult,Gray,Ground,FALSE,not,FALSE,FALSE,TRUE,FALSE,FALSE,TRUE,FALSE,FALSE,FALSE,FALSE,TRUE
-73.97274886,40.77819168,14B-PM-1014-06,PM,Juvenile,Gray,Ground,TRUE,not,FALSE,FALSE,FALSE,FALSE,FALSE,FALSE,FALSE,FALSE,FALSE,FALSE,FALSE
-73.97175802,40.77157262,8F-PM-1012-01,PM,Adult,Gray,Ground,FALSE,not,FALSE,FALSE,FALSE,FALSE,TRUE,FALSE,FALSE,FALSE,FALSE,FALSE,FALSE
-73.96294201,40.78913307,29C-AM-1007-03,AM,Adult,Gray,Ground,FALSE,not,TRUE,TRUE,FALSE,FALSE,FALSE,FALSE,FALSE,FALSE,FALSE,FALSE,FALSE
-73.9579769,40.79702713,39C-AM-1017-04,AM,Adult,Gray,Ground,FALSE,not,TRUE,FALSE,FALSE,FALSE,TRUE,FALSE,FALSE,FALSE,FALSE,FALSE,FALSE
-73.95888861,40.79099917,32E-PM-1017-01,PM,Adult,Gray,Ground,FALSE,not,TRUE,FALSE,FALSE,FALSE,FALSE,TRUE,FALSE,FALSE,FALSE,FALSE,FALSE
-73.96629396,40.78785023,26B-AM-1010-01,AM,Adult,Gray,Ground,FALSE,not,TRUE,TRUE,FALSE,FALSE,FALSE,FALSE,FALSE,FALSE,FALSE,FALSE,FALSE
-73.9613052,40.79093514,31D-AM-1014-02,AM,Juvenile,Gray,Ground,FALSE,not,TRUE,FALSE,FALSE,FALSE,FALSE,TRUE,FALSE,FALSE,FALSE,FALSE,FALSE
-73.97637911,40.77028151,5D-PM-1018-04,PM,Adult,Gray,Ground,FALSE,not,TRUE,FALSE,TRUE,FALSE,FALSE,FALSE,FALSE,FALSE,FALSE,FALSE,FALSE
-73.96001658,40.79524668,36B-PM-1013-03,PM,Adult,Gray,Ground,FALSE,not,TRUE,TRUE,TRUE,FALSE,FALSE,FALSE,FALSE,FALSE,FALSE,FALSE,TRUE
-73.95737241,40.79800809,40C-AM-1017-02,AM,Adult,Gray,Ground,FALSE,not,TRUE,FALSE,TRUE,FALSE,TRUE,FALSE,FALSE,FALSE,FALSE,FALSE,FALSE
-73.95801094,40.78556544,28I-AM-1013-01,AM,Adult,Gray,Ground,FALSE,not,TRUE,FALSE,FALSE,FALSE,FALSE,FALSE,FALSE,FALSE,FALSE,FALSE,FALSE
-73.95488778,40.79501575,38F-AM-1018-04,AM,Adult,Gray,Ground,FALSE,not,FALSE,FALSE,FALSE,TRUE,FALSE,FALSE,FALSE,FALSE,FALSE,FALSE,FALSE
-73.97673021,40.77370921,8A-PM-1014-01,PM,Adult,Gray,Ground,FALSE,not,TRUE,FALSE,FALSE,TRUE,TRUE,FALSE,TRUE,FALSE,FALSE,FALSE,FALSE
-73.95394,40.79800413,41E-AM-1007-02,AM,Adult,Gray,Ground,FALSE,not,TRUE,FALSE,FALSE,FALSE,FALSE,TRUE,FALSE,FALSE,FALSE,FALSE,FALSE
-73.95700561,40.78787561,30I-PM-1006-02,PM,Adult,Gray,Ground,FALSE,not,TRUE,TRUE,FALSE,FALSE,FALSE,FALSE,FALSE,FALSE,FALSE,TRUE,FALSE
-73.97034014,40.77952388,17C-PM-1013-01,PM,Adult,Gray,Ground,FALSE,not,TRUE,FALSE,FALSE,FALSE,FALSE,TRUE,FALSE,FALSE,FALSE,FALSE,FALSE
-73.97676966,40.7741908,9A-AM-1013-04,AM,Juvenile,Gray,Ground,FALSE,not,FALSE,FALSE,FALSE,FALSE,TRUE,FALSE,FALSE,FALSE,FALSE,FALSE,FALSE
-73.9572687,40.79626846,38D-AM-1017-03,AM,Adult,Gray,Ground,FALSE,not,FALSE,FALSE,FALSE,FALSE,FALSE,TRUE,FALSE,FALSE,FALSE,FALSE,FALSE
-73.97664406,40.76823903,3E-AM-1006-02,AM,Adult,Gray,Ground,FALSE,not,TRUE,FALSE,FALSE,FALSE,FALSE,TRUE,FALSE,FALSE,FALSE,TRUE,FALSE
-73.98020793,40.76787235,1B-AM-1012-10,AM,Juvenile,Gray,Ground,TRUE,not,FALSE,FALSE,FALSE,FALSE,TRUE,TRUE,FALSE,FALSE,FALSE,FALSE,FALSE
-73.9709244,40.76769426,5I-AM-1010-02,AM,Adult,Gray,Ground,FALSE,not,TRUE,TRUE,FALSE,FALSE,FALSE,FALSE,FALSE,FALSE,FALSE,FALSE,FALSE
-73.9779812,40.76751788,2D-AM-1007-01,AM,Adult,Gray,Ground,FALSE,not,FALSE,TRUE,FALSE,TRUE,FALSE,FALSE,FALSE,FALSE,FALSE,FALSE,FALSE
-73.97598307,40.76830347,3E-AM-1006-01,AM,Adult,Gray,Ground,FALSE,not,TRUE,FALSE,FALSE,FALSE,FALSE,TRUE,FALSE,FALSE,FALSE,FALSE,FALSE
-73.97744759,40.76971678,4C-PM-1010-11,PM,Adult,Gray,Ground,FALSE,not,FALSE,TRUE,FALSE,FALSE,TRUE,FALSE,FALSE,FALSE,FALSE,FALSE,FALSE
-73.95640114,40.79580978,38E-AM-1010-02,AM,Adult,Gray,Ground,FALSE,not,FALSE,FALSE,FALSE,TRUE,FALSE,FALSE,FALSE,FALSE,FALSE,FALSE,FALSE
-73.96518284,40.78028209,19F-PM-1017-06,PM,Adult,Gray,Ground,TRUE,not,FALSE,TRUE,TRUE,TRUE,FALSE,FALSE,FALSE,FALSE,FALSE,FALSE,TRUE
-73.97537445,40.76711622,2F-PM-1014-12,PM,Adult,Gray,Ground,FALSE,not,TRUE,TRUE,FALSE,FALSE,FALSE,FALSE,FALSE,FALSE,FALSE,FALSE,FALSE
-73.95945293,40.78404926,26I-PM-1010-04,PM,Adult,Gray,Ground,TRUE,not,FALSE,FALSE,FALSE,FALSE,TRUE,TRUE,FALSE,FALSE,FALSE,FALSE,FALSE
-73.9704656,40.77011258,7H-PM-1006-05,PM,Adult,Gray,Ground,FALSE,not,TRUE,TRUE,FALSE,FALSE,TRUE,TRUE,FALSE,FALSE,FALSE,FALSE,TRUE
-73.95292302,40.79606634,40G-PM-1013-06,PM,Juvenile,Gray,Ground,FALSE,not,FALSE,FALSE,FALSE,FALSE,TRUE,FALSE,FALSE,FALSE,FALSE,FALSE,FALSE
-73.95763045,40.79598106,38D-AM-1017-05,AM,Adult,Gray,Ground,FALSE,not,TRUE,TRUE,FALSE,FALSE,TRUE,FALSE,FALSE,FALSE,FALSE,FALSE,FALSE
-73.97935656,40.76792594,2C-AM-1010-09,AM,Adult,Gray,Ground,FALSE,not,FALSE,FALSE,FALSE,FALSE,TRUE,TRUE,FALSE,FALSE,FALSE,FALSE,FALSE
-73.97792283,40.76810197,3D-PM-1010-01,PM,Adult,Gray,Ground,FALSE,not,FALSE,FALSE,FALSE,FALSE,FALSE,TRUE,FALSE,FALSE,FALSE,FALSE,FALSE
-73.95193879,40.79362736,38I-PM-1014-04,PM,Adult,Gray,Ground,FALSE,not,FALSE,TRUE,FALSE,FALSE,FALSE,FALSE,FALSE,FALSE,FALSE,FALSE,FALSE
-73.97361699,40.77149422,7E-AM-1006-06,AM,Adult,Gray,Ground,TRUE,not,FALSE,TRUE,FALSE,FALSE,FALSE,FALSE,FALSE,FALSE,FALSE,FALSE,FALSE
-73.95620081,40.79818145,40C-AM-1017-06,AM,Adult,Gray,Ground,FALSE,not,TRUE,TRUE,FALSE,FALSE,FALSE,FALSE,FALSE,FALSE,FALSE,FALSE,FALSE
-73.9745428,40.76918482,5E-AM-1008-03,AM,Adult,Gray,Ground,FALSE,not,FALSE,TRUE,FALSE,FALSE,FALSE,TRUE,FALSE,FALSE,FALSE,FALSE,FALSE
-73.95747496,40.79818989,40C-PM-1006-08,PM,Adult,Gray,Ground,FALSE,not,TRUE,TRUE,FALSE,FALSE,FALSE,FALSE,FALSE,FALSE,FALSE,FALSE,FALSE
-73.96698143,40.78039092,19E-PM-1018-01,PM,Adult,Gray,Ground,FALSE,not,TRUE,TRUE,FALSE,FALSE,FALSE,FALSE,FALSE,FALSE,FALSE,FALSE,TRUE
-73.97459537,40.7728284,8D-AM-1007-07,AM,Adult,Gray,Ground,FALSE,not,FALSE,FALSE,FALSE,FALSE,TRUE,FALSE,FALSE,FALSE,FALSE,FALSE,FALSE
-73.95329528,40.79200745,36I-AM-1017-08,AM,Adult,Gray,Ground,FALSE,not,TRUE,FALSE,TRUE,FALSE,FALSE,FALSE,FALSE,FALSE,FALSE,FALSE,TRUE
-73.96072808,40.79015067,31D-PM-1006-01,PM,Adult,Gray,Ground,FALSE,not,TRUE,FALSE,FALSE,FALSE,TRUE,TRUE,FALSE,FALSE,FALSE,TRUE,FALSE
-73.96950414,40.77978788,17D-AM-1008-02,AM,Adult,Gray,Ground,FALSE,not,TRUE,FALSE,TRUE,FALSE,FALSE,FALSE,FALSE,FALSE,FALSE,FALSE,FALSE
-73.97257126,40.76691018,4H-AM-1006-02,AM,Adult,Gray,Ground,TRUE,not,TRUE,FALSE,FALSE,TRUE,FALSE,FALSE,FALSE,FALSE,FALSE,FALSE,FALSE
-73.96205974,40.79224659,33B-PM-1010-10,PM,Adult,Gray,Ground,FALSE,not,FALSE,FALSE,FALSE,FALSE,FALSE,TRUE,TRUE,FALSE,FALSE,FALSE,FALSE
-73.95834779,40.79140736,33F-PM-1012-06,PM,Adult,Gray,Ground,FALSE,not,FALSE,FALSE,TRUE,FALSE,TRUE,TRUE,TRUE,FALSE,FALSE,FALSE,TRUE
-73.95650357,40.79373827,36F-AM-1017-04,AM,Juvenile,Gray,Ground,TRUE,not,TRUE,TRUE,FALSE,FALSE,TRUE,TRUE,TRUE,FALSE,FALSE,FALSE,FALSE
-73.96834799,40.78158273,20C-PM-1018-01,PM,Juvenile,Gray,Ground,FALSE,not,FALSE,TRUE,TRUE,FALSE,FALSE,FALSE,FALSE,FALSE,FALSE,FALSE,FALSE
-73.96792913,40.78469731,23B-PM-1012-02,PM,Adult,Gray,Ground,FALSE,not,TRUE,FALSE,TRUE,FALSE,FALSE,TRUE,FALSE,FALSE,FALSE,FALSE,TRUE
-73.97674554,40.77178662,6B-PM-1017-06,PM,Adult,Gray,Ground,FALSE,not,FALSE,TRUE,TRUE,FALSE,FALSE,TRUE,FALSE,FALSE,FALSE,FALSE,FALSE
-73.97293949,40.77432567,11D-AM-1010-01,AM,Adult,Gray,Ground,FALSE,not,TRUE,FALSE,FALSE,TRUE,TRUE,TRUE,FALSE,FALSE,FALSE,FALSE,FALSE
-73.97652192,40.77378472,9B-AM-1010-01,AM,Adult,Gray,Ground,FALSE,not,TRUE,FALSE,FALSE,FALSE,FALSE,TRUE,TRUE,FALSE,FALSE,FALSE,FALSE
-73.95841885,40.7913241,33E-PM-1012-07,PM,Adult,Gray,Ground,FALSE,not,FALSE,TRUE,TRUE,FALSE,FALSE,FALSE,FALSE,FALSE,FALSE,FALSE,FALSE
-73.96736037,40.78769742,26A-PM-1006-03,PM,Adult,Gray,Ground,FALSE,not,TRUE,FALSE,FALSE,FALSE,FALSE,TRUE,FALSE,FALSE,FALSE,FALSE,FALSE
-73.96542103,40.77825297,17G-AM-1018-01,AM,Juvenile,Gray,Ground,FALSE,not,TRUE,FALSE,FALSE,FALSE,FALSE,TRUE,FALSE,FALSE,FALSE,FALSE,FALSE
-73.96194174,40.79303659,33B-PM-1010-12,PM,Adult,Gray,Ground,FALSE,not,TRUE,FALSE,FALSE,FALSE,FALSE,TRUE,FALSE,FALSE,FALSE,FALSE,FALSE
-73.97726359,40.77094289,6B-PM-1017-03,PM,Adult,Gray,Ground,FALSE,not,TRUE,FALSE,FALSE,FALSE,FALSE,TRUE,FALSE,FALSE,FALSE,FALSE,FALSE
-73.97301117,40.77821577,14B-PM-1014-05,PM,Adult,Gray,Ground,FALSE,not,TRUE,FALSE,FALSE,FALSE,FALSE,TRUE,FALSE,FALSE,FALSE,FALSE,FALSE
-73.95825235,40.79968975,41A-PM-1007-05,PM,Adult,Gray,Ground,FALSE,not,TRUE,TRUE,FALSE,TRUE,FALSE,FALSE,FALSE,FALSE,FALSE,FALSE,FALSE
-73.97047576,40.77633481,13E-AM-1017-02,AM,Adult,Gray,Ground,TRUE,not,FALSE,FALSE,FALSE,FALSE,FALSE,TRUE,FALSE,FALSE,FALSE,FALSE,FALSE
-73.9777259,40.76820599,3D-PM-1010-10,PM,Adult,Gray,Ground,FALSE,not,TRUE,FALSE,FALSE,FALSE,FALSE,TRUE,FALSE,FALSE,FALSE,FALSE,FALSE
-73.96063447,40.79583378,37B-PM-1013-04,PM,Adult,Gray,Ground,FALSE,not,TRUE,TRUE,FALSE,FALSE,FALSE,FALSE,FALSE,FALSE,FALSE,FALSE,FALSE
-73.95801052,40.79744683,39C-PM-1006-03,PM,Adult,Gray,Ground,FALSE,not,TRUE,FALSE,FALSE,FALSE,FALSE,TRUE,FALSE,FALSE,FALSE,FALSE,FALSE
-73.9545101,40.79038236,34I-PM-1010-03,PM,Adult,Gray,Ground,FALSE,not,FALSE,TRUE,FALSE,FALSE,FALSE,TRUE,FALSE,FALSE,FALSE,FALSE,FALSE
-73.97118011,40.77868889,16C-AM-1014-02,AM,Adult,Gray,Ground,TRUE,not,FALSE,FALSE,FALSE,FALSE,FALSE,TRUE,FALSE,FALSE,FALSE,FALSE,FALSE
-73.97418464,40.77625182,12B-PM-1018-01,PM,Adult,Gray,Ground,FALSE,not,TRUE,FALSE,FALSE,TRUE,FALSE,TRUE,FALSE,FALSE,FALSE,FALSE,FALSE
-73.96156028,40.79456622,35A-PM-1013-08,PM,Adult,Gray,Ground,FALSE,not,TRUE,FALSE,FALSE,FALSE,FALSE,TRUE,FALSE,FALSE,FALSE,FALSE,TRUE
-73.97469339,40.77331387,9C-PM-1006-05,PM,Adult,Gray,Ground,FALSE,not,TRUE,FALSE,FALSE,FALSE,TRUE,FALSE,FALSE,FALSE,FALSE,FALSE,FALSE
-73.97140896,40.77679166,14D-AM-1014-12,AM,Adult,Gray,Ground,TRUE,not,FALSE,FALSE,FALSE,FALSE,TRUE,TRUE,FALSE,FALSE,FALSE,FALSE,FALSE
-73.98082477,40.76894088,2A-PM-1019-01,PM,Adult,Gray,Ground,FALSE,not,TRUE,FALSE,FALSE,FALSE,FALSE,FALSE,FALSE,FALSE,FALSE,TRUE,FALSE
-73.96009646,40.79523395,36B-PM-1013-02,PM,Adult,Gray,Ground,TRUE,not,TRUE,TRUE,FALSE,TRUE,FALSE,FALSE,FALSE,FALSE,FALSE,FALSE,TRUE
-73.97920912,40.76858455,2B-PM-1013-06,PM,Adult,Gray,Ground,TRUE,not,FALSE,FALSE,FALSE,FALSE,FALSE,FALSE,FALSE,FALSE,FALSE,FALSE,FALSE
-73.97384818,40.77065407,7E-PM-1013-04,PM,Adult,Gray,Ground,FALSE,not,FALSE,TRUE,FALSE,FALSE,TRUE,TRUE,FALSE,FALSE,FALSE,FALSE,TRUE
-73.97187204,40.77023351,7G-PM-1018-04,PM,Adult,Gray,Ground,FALSE,not,FALSE,FALSE,FALSE,FALSE,FALSE,TRUE,FALSE,FALSE,FALSE,FALSE,FALSE
-73.97008619,40.77706393,14E-PM-1017-04,PM,Adult,Gray,Ground,FALSE,not,FALSE,FALSE,FALSE,FALSE,TRUE,TRUE,FALSE,FALSE,FALSE,FALSE,FALSE
-73.96727896,40.78747787,26A-PM-1006-02,PM,Juvenile,Gray,Ground,FALSE,not,FALSE,FALSE,FALSE,FALSE,FALSE,FALSE,FALSE,FALSE,FALSE,FALSE,FALSE
-73.97351209,40.77159154,8E-PM-1008-07,PM,Adult,Gray,Ground,FALSE,not,FALSE,FALSE,TRUE,TRUE,FALSE,FALSE,FALSE,FALSE,FALSE,FALSE,FALSE
-73.97378723,40.77265868,8D-PM-1007-01,PM,Adult,Gray,Ground,FALSE,not,FALSE,FALSE,FALSE,FALSE,FALSE,TRUE,FALSE,FALSE,FALSE,FALSE,FALSE
-73.97868059,40.76975592,4B-PM-1018-02,PM,Adult,Gray,Ground,TRUE,not,FALSE,FALSE,FALSE,FALSE,TRUE,FALSE,FALSE,FALSE,FALSE,FALSE,FALSE
-73.95655338,40.79743685,40D-PM-1013-02,PM,Adult,Gray,Ground,FALSE,not,FALSE,TRUE,FALSE,FALSE,FALSE,FALSE,FALSE,FALSE,FALSE,FALSE,FALSE
-73.96350285,40.79282076,32A-PM-1013-05,PM,Juvenile,Gray,Ground,FALSE,not,TRUE,FALSE,FALSE,FALSE,FALSE,TRUE,FALSE,FALSE,FALSE,TRUE,FALSE
-73.96741775,40.77695697,15G-PM-1019-03,PM,Juvenile,Gray,Ground,FALSE,not,TRUE,TRUE,FALSE,FALSE,FALSE,FALSE,FALSE,FALSE,FALSE,FALSE,FALSE
-73.95428281,40.79417973,37G-AM-1014-03,AM,Adult,Gray,Ground,FALSE,not,TRUE,TRUE,FALSE,FALSE,FALSE,FALSE,FALSE,FALSE,FALSE,FALSE,FALSE
-73.96910591,40.78204749,20B-PM-1013-08,PM,Adult,Gray,Ground,FALSE,not,TRUE,TRUE,FALSE,FALSE,FALSE,FALSE,FALSE,FALSE,FALSE,FALSE,FALSE
-73.97199416,40.77037129,7G-AM-1010-04,AM,Adult,Gray,Ground,FALSE,not,FALSE,TRUE,FALSE,FALSE,FALSE,TRUE,FALSE,FALSE,FALSE,FALSE,FALSE
-73.95310134,40.79212236,36I-PM-1007-04,PM,Adult,Gray,Ground,FALSE,not,FALSE,FALSE,TRUE,FALSE,FALSE,TRUE,FALSE,FALSE,FALSE,FALSE,FALSE
-73.95806099,40.79071589,32F-AM-1012-06,AM,Adult,Gray,Ground,FALSE,not,FALSE,TRUE,FALSE,FALSE,FALSE,FALSE,FALSE,FALSE,FALSE,FALSE,FALSE
-73.96657055,40.78235529,21D-PM-1008-05,PM,Adult,Gray,Ground,FALSE,not,FALSE,FALSE,FALSE,FALSE,FALSE,TRUE,FALSE,FALSE,FALSE,FALSE,FALSE
-73.95141113,40.79750859,42G-AM-1018-01,AM,Adult,Gray,Ground,TRUE,not,TRUE,FALSE,FALSE,FALSE,FALSE,TRUE,FALSE,FALSE,FALSE,FALSE,FALSE
-73.97608017,40.7674219,3E-AM-1006-04,AM,Juvenile,Gray,Ground,FALSE,not,TRUE,FALSE,FALSE,FALSE,FALSE,TRUE,FALSE,FALSE,FALSE,FALSE,FALSE
-73.95618876,40.79581875,38E-AM-1010-04,AM,Adult,Gray,Ground,FALSE,not,TRUE,TRUE,FALSE,TRUE,FALSE,FALSE,FALSE,FALSE,FALSE,TRUE,FALSE
-73.96098857,40.79611086,37A-PM-1013-01,PM,Adult,Gray,Ground,FALSE,not,FALSE,FALSE,FALSE,FALSE,FALSE,TRUE,FALSE,FALSE,FALSE,FALSE,FALSE
-73.97386113,40.77372468,10D-AM-1008-01,AM,Adult,Gray,Ground,FALSE,not,TRUE,FALSE,FALSE,FALSE,FALSE,TRUE,TRUE,FALSE,FALSE,FALSE,TRUE
-73.97185972,40.77658588,13C-PM-1019-04,PM,Adult,Gray,Ground,FALSE,not,TRUE,TRUE,FALSE,FALSE,FALSE,FALSE,FALSE,FALSE,FALSE,FALSE,FALSE
-73.97720538,40.76639066,1E-PM-1007-02,PM,Adult,Gray,Ground,FALSE,not,FALSE,FALSE,FALSE,FALSE,FALSE,TRUE,FALSE,FALSE,FALSE,FALSE,FALSE
-73.97008791,40.77658997,14E-PM-1017-05,PM,Adult,Gray,Ground,FALSE,not,TRUE,FALSE,FALSE,FALSE,TRUE,FALSE,FALSE,FALSE,FALSE,FALSE,FALSE
-73.97179203,40.77630954,13D-AM-1014-10,AM,Adult,Gray,Ground,TRUE,not,FALSE,FALSE,FALSE,FALSE,FALSE,TRUE,FALSE,FALSE,FALSE,FALSE,FALSE
-73.9702589,40.77661075,14E-AM-1008-08,AM,Adult,Gray,Ground,FALSE,not,TRUE,TRUE,TRUE,FALSE,FALSE,TRUE,FALSE,FALSE,FALSE,FALSE,FALSE
-73.97730967,40.77380539,8A-AM-1013-06,AM,Juvenile,Gray,Ground,FALSE,not,TRUE,TRUE,FALSE,FALSE,FALSE,FALSE,FALSE,FALSE,FALSE,FALSE,FALSE
-73.97388174,40.77127094,7E-AM-1006-01,AM,Adult,Gray,Ground,FALSE,not,FALSE,FALSE,FALSE,FALSE,TRUE,FALSE,FALSE,FALSE,FALSE,FALSE,FALSE
-73.97365438,40.76514442,1H-AM-1012-02,AM,Adult,Gray,Ground,FALSE,not,FALSE,TRUE,FALSE,FALSE,FALSE,FALSE,FALSE,FALSE,FALSE,FALSE,FALSE
-73.96374159,40.78981404,29B-AM-1007-01,AM,Adult,Gray,Ground,FALSE,not,FALSE,TRUE,FALSE,FALSE,FALSE,FALSE,FALSE,FALSE,FALSE,FALSE,FALSE
-73.95811737,40.79547722,37D-PM-1014-08,PM,Adult,Gray,Ground,FALSE,not,TRUE,FALSE,FALSE,FALSE,FALSE,TRUE,FALSE,FALSE,FALSE,FALSE,FALSE
-73.97154669,40.76955849,6H-PM-1020-03,PM,Adult,Gray,Ground,FALSE,not,TRUE,FALSE,FALSE,FALSE,TRUE,TRUE,FALSE,FALSE,FALSE,FALSE,FALSE
-73.96210667,40.79424271,34A-AM-1012-03,AM,Adult,Gray,Ground,FALSE,not,TRUE,TRUE,FALSE,FALSE,TRUE,TRUE,FALSE,FALSE,FALSE,FALSE,FALSE
-73.96310455,40.7906181,30B-PM-1019-04,PM,Adult,Gray,Ground,FALSE,not,TRUE,TRUE,FALSE,TRUE,TRUE,TRUE,FALSE,FALSE,FALSE,FALSE,FALSE
-73.97035768,40.77140365,9H-PM-1018-09,PM,Adult,Gray,Ground,FALSE,not,FALSE,FALSE,FALSE,FALSE,TRUE,TRUE,FALSE,FALSE,FALSE,FALSE,FALSE
-73.97045911,40.77291751,10G-AM-1006-02,AM,Adult,Gray,Ground,FALSE,not,TRUE,TRUE,FALSE,FALSE,FALSE,TRUE,FALSE,FALSE,FALSE,FALSE,FALSE
-73.97059771,40.77604132,13E-AM-1017-09,AM,Adult,Gray,Ground,FALSE,not,FALSE,FALSE,FALSE,FALSE,FALSE,TRUE,FALSE,FALSE,FALSE,FALSE,FALSE
-73.97098178,40.77735543,14D-PM-1019-07,PM,Adult,Gray,Ground,FALSE,not,TRUE,FALSE,FALSE,FALSE,TRUE,FALSE,FALSE,FALSE,FALSE,FALSE,FALSE
-73.97840094,40.76774119,2C-PM-1013-03,PM,Adult,Gray,Ground,FALSE,not,FALSE,FALSE,FALSE,FALSE,TRUE,FALSE,FALSE,FALSE,FALSE,FALSE,FALSE
-73.96030311,40.79436677,35C-PM-1013-05,PM,Adult,Gray,Ground,FALSE,not,FALSE,FALSE,FALSE,FALSE,FALSE,TRUE,FALSE,FALSE,FALSE,FALSE,FALSE
-73.97724227,40.77343633,8A-AM-1013-02,AM,Juvenile,Gray,Ground,FALSE,not,TRUE,TRUE,FALSE,FALSE,FALSE,FALSE,FALSE,FALSE,FALSE,FALSE,FALSE
-73.96988435,40.78037542,18C-PM-1018-02,PM,Juvenile,Gray,Ground,FALSE,not,FALSE,TRUE,FALSE,FALSE,FALSE,TRUE,FALSE,FALSE,FALSE,FALSE,FALSE
-73.9805137,40.76927514,2A-AM-1010-08,AM,Adult,Gray,Ground,FALSE,not,FALSE,TRUE,FALSE,FALSE,FALSE,TRUE,FALSE,FALSE,FALSE,FALSE,TRUE
-73.96720704,40.78333735,22C-PM-1006-02,PM,Adult,Gray,Ground,FALSE,not,FALSE,TRUE,FALSE,FALSE,FALSE,FALSE,FALSE,TRUE,FALSE,FALSE,FALSE
-73.96708508,40.78337478,22C-PM-1006-01,PM,Juvenile,Gray,Ground,FALSE,not,FALSE,TRUE,TRUE,FALSE,FALSE,FALSE,FALSE,TRUE,FALSE,FALSE,FALSE
-73.95582687,40.79520742,38E-PM-1014-04,PM,Adult,Gray,Ground,FALSE,not,TRUE,FALSE,FALSE,FALSE,FALSE,TRUE,FALSE,FALSE,FALSE,FALSE,FALSE
-73.96365514,40.79015728,30B-PM-1019-02,PM,Adult,Gray,Ground,FALSE,not,TRUE,FALSE,TRUE,FALSE,TRUE,TRUE,FALSE,FALSE,FALSE,FALSE,TRUE
-73.9695539,40.77098849,9H-PM-1018-04,PM,Adult,Gray,Ground,FALSE,not,FALSE,FALSE,FALSE,FALSE,FALSE,TRUE,FALSE,FALSE,FALSE,FALSE,FALSE
-73.97042696,40.77229646,10G-AM-1006-09,AM,Adult,Gray,Ground,FALSE,not,TRUE,TRUE,FALSE,FALSE,FALSE,FALSE,FALSE,FALSE,FALSE,TRUE,FALSE
-73.97635066,40.77161139,7C-PM-1020-05,PM,Juvenile,Gray,Ground,FALSE,not,FALSE,FALSE,FALSE,FALSE,TRUE,FALSE,FALSE,FALSE,FALSE,FALSE,FALSE
-73.96400163,40.79217591,32A-PM-1013-01,PM,Juvenile,Gray,Ground,FALSE,not,FALSE,FALSE,FALSE,FALSE,FALSE,TRUE,FALSE,FALSE,FALSE,FALSE,FALSE
-73.96975267,40.77595298,13E-PM-1008-09,PM,Adult,Gray,Ground,FALSE,not,TRUE,FALSE,FALSE,FALSE,FALSE,TRUE,FALSE,FALSE,FALSE,FALSE,FALSE
-73.97567361,40.76990443,5D-PM-1018-01,PM,Adult,Gray,Ground,FALSE,not,TRUE,FALSE,FALSE,FALSE,FALSE,TRUE,FALSE,FALSE,FALSE,FALSE,FALSE
-73.97092076,40.7767932,14D-AM-1014-04,AM,Adult,Gray,Ground,TRUE,not,FALSE,FALSE,FALSE,FALSE,FALSE,TRUE,FALSE,FALSE,FALSE,FALSE,FALSE
-73.97585644,40.76747589,3E-AM-1006-05,AM,Juvenile,Gray,Ground,FALSE,not,FALSE,FALSE,FALSE,FALSE,FALSE,TRUE,FALSE,FALSE,FALSE,FALSE,TRUE
-73.95801111,40.78543394,27I-PM-1020-02,PM,Adult,Gray,Ground,FALSE,not,FALSE,TRUE,FALSE,FALSE,FALSE,FALSE,FALSE,FALSE,FALSE,FALSE,FALSE
-73.9613747,40.79204839,33C-PM-1007-01,PM,Adult,Gray,Ground,FALSE,not,TRUE,TRUE,FALSE,TRUE,FALSE,FALSE,FALSE,FALSE,FALSE,FALSE,FALSE
-73.97738582,40.7708077,5B-PM-1013-01,PM,Adult,Gray,Ground,FALSE,not,FALSE,FALSE,FALSE,FALSE,TRUE,TRUE,FALSE,FALSE,FALSE,FALSE,FALSE
-73.95700505,40.79851923,40C-AM-1017-05,AM,Adult,Gray,Ground,FALSE,not,TRUE,TRUE,FALSE,FALSE,FALSE,FALSE,FALSE,FALSE,FALSE,FALSE,FALSE
-73.97494575,40.76767124,3F-PM-1013-07,PM,Adult,Gray,Ground,FALSE,not,TRUE,TRUE,FALSE,FALSE,FALSE,FALSE,FALSE,FALSE,FALSE,TRUE,FALSE
-73.96279043,40.79393753,34A-PM-1013-04,PM,Adult,Gray,Ground,FALSE,not,FALSE,FALSE,FALSE,FALSE,FALSE,FALSE,FALSE,FALSE,FALSE,FALSE,FALSE
-73.96174907,40.79215378,32C-PM-1013-06,PM,Adult,Gray,Ground,FALSE,not,FALSE,TRUE,FALSE,FALSE,FALSE,FALSE,FALSE,FALSE,FALSE,FALSE,FALSE
-73.97881178,40.77073471,5B-PM-1013-04,PM,Adult,Gray,Ground,FALSE,not,FALSE,FALSE,FALSE,FALSE,FALSE,TRUE,FALSE,FALSE,FALSE,FALSE,FALSE
-73.96776737,40.78470263,23B-PM-1012-07,PM,Adult,Gray,Ground,FALSE,not,TRUE,TRUE,FALSE,FALSE,FALSE,FALSE,FALSE,FALSE,FALSE,FALSE,TRUE
-73.95683009,40.79358557,36E-AM-1013-01,AM,Juvenile,Gray,Ground,FALSE,not,TRUE,TRUE,FALSE,FALSE,FALSE,FALSE,FALSE,FALSE,FALSE,FALSE,FALSE
-73.96881735,40.77820098,16E-AM-1014-08,AM,Adult,Gray,Ground,FALSE,not,TRUE,TRUE,FALSE,FALSE,FALSE,FALSE,FALSE,FALSE,FALSE,FALSE,FALSE
-73.97029709,40.76968831,7H-PM-1006-08,PM,Adult,Gray,Ground,TRUE,not,TRUE,FALSE,FALSE,FALSE,FALSE,TRUE,FALSE,FALSE,FALSE,FALSE,TRUE
-73.95307396,40.79320344,37H-PM-1006-01,PM,Juvenile,Gray,Ground,FALSE,not,TRUE,FALSE,FALSE,FALSE,TRUE,TRUE,FALSE,FALSE,FALSE,FALSE,FALSE
-73.96327993,40.78083164,21H-PM-1018-01,PM,Juvenile,Gray,Ground,TRUE,not,FALSE,FALSE,FALSE,FALSE,FALSE,FALSE,FALSE,FALSE,FALSE,FALSE,TRUE
-73.96793091,40.77924378,17E-AM-1017-04,AM,Adult,Gray,Ground,FALSE,not,FALSE,FALSE,FALSE,FALSE,FALSE,TRUE,FALSE,FALSE,FALSE,FALSE,FALSE
-73.95965051,40.79403677,35C-PM-1013-06,PM,Adult,Gray,Ground,FALSE,not,FALSE,FALSE,FALSE,FALSE,FALSE,TRUE,FALSE,FALSE,FALSE,FALSE,FALSE
-73.95452146,40.79438011,37G-PM-1007-01,PM,Adult,Gray,Ground,FALSE,not,TRUE,FALSE,FALSE,FALSE,TRUE,TRUE,FALSE,FALSE,FALSE,FALSE,FALSE
-73.95975578,40.79499182,36C-AM-1014-01,AM,Adult,Gray,Ground,FALSE,not,TRUE,FALSE,FALSE,FALSE,FALSE,TRUE,FALSE,FALSE,FALSE,FALSE,FALSE
-73.95951676,40.79525459,36C-PM-1013-04,PM,Adult,Gray,Ground,FALSE,not,TRUE,TRUE,FALSE,FALSE,FALSE,TRUE,FALSE,FALSE,FALSE,FALSE,FALSE
-73.97930827,40.76799306,2C-PM-1013-11,PM,Adult,Gray,Ground,FALSE,not,FALSE,FALSE,FALSE,FALSE,FALSE,FALSE,FALSE,FALSE,FALSE,FALSE,FALSE
-73.97169955,40.77976713,16B-AM-1014-02,AM,Adult,Gray,Ground,FALSE,not,TRUE,FALSE,FALSE,FALSE,FALSE,TRUE,FALSE,FALSE,FALSE,FALSE,FALSE
-73.952028,40.7946345,39I-PM-1013-03,PM,Adult,Gray,Ground,TRUE,not,FALSE,FALSE,FALSE,FALSE,FALSE,FALSE,FALSE,FALSE,FALSE,FALSE,FALSE
-73.96283498,40.79388701,34A-PM-1013-03,PM,Adult,Gray,Ground,FALSE,not,FALSE,FALSE,TRUE,FALSE,FALSE,TRUE,FALSE,FALSE,FALSE,FALSE,FALSE
-73.96885239,40.7844018,22A-AM-1008-02,AM,Adult,Gray,Ground,FALSE,not,TRUE,FALSE,FALSE,FALSE,FALSE,TRUE,FALSE,FALSE,FALSE,FALSE,FALSE
-73.97044491,40.76899708,6I-PM-1013-05,PM,Adult,Gray,Ground,FALSE,not,FALSE,FALSE,FALSE,FALSE,FALSE,FALSE,FALSE,FALSE,FALSE,FALSE,TRUE
-73.96821293,40.77542324,14G-AM-1012-03,AM,Adult,Gray,Ground,FALSE,not,TRUE,FALSE,FALSE,FALSE,FALSE,TRUE,FALSE,FALSE,FALSE,FALSE,TRUE
-73.9777257,40.7666237,1E-AM-1006-03,AM,Adult,Gray,Ground,FALSE,not,FALSE,FALSE,FALSE,FALSE,FALSE,TRUE,FALSE,FALSE,FALSE,FALSE,TRUE
-73.96479041,40.7911589,30A-PM-1020-02,PM,Adult,Gray,Ground,FALSE,not,TRUE,FALSE,FALSE,FALSE,TRUE,FALSE,FALSE,FALSE,FALSE,FALSE,FALSE
-73.97069293,40.77278411,10G-AM-1006-06,AM,Juvenile,Gray,Ground,FALSE,not,FALSE,FALSE,TRUE,FALSE,FALSE,FALSE,TRUE,FALSE,FALSE,FALSE,FALSE
-73.95907075,40.79066751,32E-PM-1017-07,PM,Adult,Gray,Ground,FALSE,not,TRUE,FALSE,FALSE,TRUE,FALSE,FALSE,FALSE,FALSE,FALSE,FALSE,FALSE
-73.96820671,40.77799112,16E-PM-1018-05,PM,Adult,Gray,Ground,TRUE,not,FALSE,FALSE,FALSE,FALSE,FALSE,FALSE,FALSE,FALSE,FALSE,TRUE,FALSE
-73.95532632,40.79755921,40D-PM-1013-04,PM,Adult,Gray,Ground,FALSE,not,TRUE,TRUE,FALSE,FALSE,FALSE,FALSE,FALSE,FALSE,FALSE,FALSE,FALSE
-73.96397268,40.78290835,23F-PM-1013-01,PM,Adult,Gray,Ground,FALSE,not,TRUE,TRUE,FALSE,FALSE,FALSE,FALSE,FALSE,FALSE,FALSE,FALSE,FALSE
-73.95256991,40.79371258,38I-PM-1014-01,PM,Adult,Gray,Ground,FALSE,not,TRUE,FALSE,FALSE,FALSE,FALSE,FALSE,FALSE,FALSE,FALSE,FALSE,TRUE
-73.96740331,40.77691329,15G-PM-1019-02,PM,Adult,Gray,Ground,FALSE,not,TRUE,TRUE,FALSE,FALSE,FALSE,FALSE,FALSE,FALSE,FALSE,FALSE,FALSE
-73.96348353,40.79182443,31A-PM-1017-03,PM,Adult,Gray,Ground,FALSE,not,FALSE,FALSE,FALSE,FALSE,TRUE,FALSE,FALSE,FALSE,FALSE,FALSE,FALSE
-73.96348115,40.79070559,30B-AM-1007-10,AM,Adult,Gray,Ground,FALSE,not,TRUE,TRUE,FALSE,TRUE,FALSE,TRUE,FALSE,FALSE,FALSE,FALSE,FALSE
-73.95908687,40.79060476,32E-PM-1017-09,PM,Adult,Gray,Ground,FALSE,not,TRUE,FALSE,FALSE,FALSE,TRUE,TRUE,FALSE,FALSE,FALSE,FALSE,FALSE
-73.96577217,40.77853483,18G-PM-1013-03,PM,Adult,Gray,Ground,FALSE,not,TRUE,TRUE,FALSE,FALSE,TRUE,TRUE,FALSE,FALSE,FALSE,FALSE,FALSE
-73.96949793,40.76946674,7I-PM-1013-02,PM,Adult,Gray,Ground,FALSE,not,FALSE,TRUE,FALSE,FALSE,FALSE,FALSE,FALSE,FALSE,FALSE,FALSE,TRUE
-73.97629653,40.77511252,10A-AM-1006-02,AM,Adult,Gray,Ground,FALSE,not,FALSE,TRUE,FALSE,FALSE,FALSE,FALSE,FALSE,FALSE,FALSE,FALSE,FALSE
-73.95493374,40.79465527,38F-PM-1013-01,PM,Adult,Gray,Ground,FALSE,not,FALSE,FALSE,FALSE,FALSE,FALSE,TRUE,FALSE,FALSE,FALSE,FALSE,FALSE
-73.96995175,40.77531696,13F-PM-1008-01,PM,Adult,Gray,Ground,TRUE,not,FALSE,FALSE,FALSE,FALSE,TRUE,TRUE,FALSE,FALSE,FALSE,FALSE,TRUE
-73.96618922,40.78367981,22D-PM-1012-06,PM,Adult,Gray,Ground,FALSE,not,TRUE,TRUE,FALSE,FALSE,FALSE,FALSE,FALSE,FALSE,FALSE,FALSE,FALSE
-73.95725308,40.79874604,41B-AM-1010-05,AM,Adult,Gray,Ground,FALSE,not,FALSE,FALSE,TRUE,FALSE,FALSE,FALSE,FALSE,FALSE,FALSE,FALSE,FALSE
-73.95555837,40.79328797,36F-PM-1012-07,PM,Adult,Gray,Ground,FALSE,not,TRUE,FALSE,FALSE,FALSE,TRUE,FALSE,FALSE,FALSE,FALSE,FALSE,FALSE
-73.97014122,40.77145341,9H-PM-1018-08,PM,Adult,Gray,Ground,FALSE,not,FALSE,FALSE,FALSE,FALSE,FALSE,TRUE,FALSE,FALSE,FALSE,FALSE,FALSE
-73.97920391,40.76787495,2C-AM-1010-07,AM,Adult,Gray,Ground,FALSE,not,TRUE,TRUE,TRUE,FALSE,FALSE,FALSE,FALSE,FALSE,FALSE,FALSE,FALSE
-73.97053708,40.77617254,13E-PM-1008-04,PM,Adult,Gray,Ground,FALSE,not,FALSE,FALSE,FALSE,FALSE,FALSE,TRUE,FALSE,FALSE,FALSE,FALSE,TRUE
-73.96709049,40.78320917,21D-PM-1008-06,PM,Adult,Gray,Ground,FALSE,not,TRUE,TRUE,FALSE,FALSE,FALSE,FALSE,FALSE,FALSE,FALSE,FALSE,FALSE
-73.95851333,40.79637217,38C-PM-1014-03,PM,Adult,Gray,Ground,FALSE,not,TRUE,FALSE,FALSE,FALSE,TRUE,TRUE,TRUE,FALSE,FALSE,FALSE,FALSE
-73.96794574,40.77173502,10I-AM-1010-02,AM,Adult,Gray,Ground,FALSE,not,TRUE,FALSE,FALSE,FALSE,FALSE,TRUE,FALSE,FALSE,FALSE,FALSE,TRUE
-73.97672476,40.77262001,7B-AM-1008-15,AM,Adult,Gray,Ground,TRUE,not,FALSE,FALSE,FALSE,FALSE,TRUE,FALSE,FALSE,FALSE,FALSE,FALSE,FALSE
-73.97893852,40.76752022,2C-AM-1010-02,AM,Adult,Gray,Ground,FALSE,not,FALSE,FALSE,FALSE,FALSE,TRUE,TRUE,FALSE,FALSE,FALSE,FALSE,FALSE
-73.9768644,40.77056638,5C-PM-1010-05,PM,Adult,Gray,Ground,FALSE,not,FALSE,TRUE,FALSE,TRUE,FALSE,FALSE,FALSE,FALSE,FALSE,FALSE,FALSE
-73.97853538,40.76749237,2C-PM-1013-01,PM,Adult,Gray,Ground,FALSE,not,FALSE,TRUE,TRUE,FALSE,FALSE,FALSE,FALSE,FALSE,FALSE,FALSE,FALSE
-73.96035971,40.78243993,23I-PM-1019-02,PM,Adult,Gray,Ground,FALSE,not,FALSE,FALSE,FALSE,TRUE,FALSE,FALSE,FALSE,FALSE,FALSE,FALSE,FALSE
-73.96567502,40.78330026,22E-PM-1014-01,PM,Adult,Gray,Ground,FALSE,not,FALSE,FALSE,FALSE,FALSE,FALSE,TRUE,FALSE,FALSE,FALSE,FALSE,FALSE
-73.95957172,40.78298725,25I-PM-1007-03,PM,Adult,Gray,Ground,FALSE,not,FALSE,TRUE,FALSE,FALSE,FALSE,FALSE,FALSE,FALSE,FALSE,FALSE,FALSE
-73.961961,40.79228244,33B-PM-1010-09,PM,Adult,Gray,Ground,FALSE,not,FALSE,FALSE,FALSE,FALSE,FALSE,TRUE,FALSE,FALSE,FALSE,FALSE,FALSE
-73.95121209,40.79479453,39I-PM-1013-01,PM,Adult,Gray,Ground,FALSE,not,FALSE,FALSE,FALSE,FALSE,TRUE,FALSE,FALSE,FALSE,FALSE,FALSE,FALSE
-73.95667851,40.79633683,39D-PM-1012-02,PM,Adult,Gray,Ground,FALSE,not,TRUE,FALSE,FALSE,FALSE,FALSE,TRUE,FALSE,FALSE,FALSE,FALSE,TRUE
-73.97051152,40.76983956,7H-AM-1006-08,AM,Adult,Gray,Ground,TRUE,not,FALSE,FALSE,FALSE,FALSE,FALSE,TRUE,FALSE,FALSE,FALSE,FALSE,FALSE
-73.95890968,40.79396988,35D-AM-1019-02,AM,Adult,Gray,Ground,FALSE,not,FALSE,FALSE,FALSE,FALSE,FALSE,TRUE,FALSE,FALSE,FALSE,FALSE,FALSE
-73.95901999,40.79125467,33E-PM-1012-05,PM,Adult,Gray,Ground,FALSE,not,FALSE,FALSE,FALSE,FALSE,FALSE,FALSE,FALSE,FALSE,FALSE,FALSE,FALSE
-73.97754654,40.76819437,3D-PM-1010-09,PM,Adult,Gray,Ground,FALSE,not,TRUE,TRUE,FALSE,FALSE,FALSE,TRUE,FALSE,FALSE,FALSE,FALSE,FALSE
-73.97095349,40.77659647,14D-AM-1014-15,AM,Adult,Gray,Ground,TRUE,not,FALSE,FALSE,FALSE,FALSE,TRUE,TRUE,FALSE,FALSE,FALSE,FALSE,FALSE
-73.96129006,40.79129174,32C-AM-1014-01,AM,Adult,Gray,Ground,FALSE,not,TRUE,TRUE,FALSE,FALSE,TRUE,TRUE,FALSE,FALSE,FALSE,FALSE,FALSE
-73.97040245,40.77292561,10G-AM-1006-04,AM,Juvenile,Gray,Ground,FALSE,not,FALSE,FALSE,TRUE,FALSE,FALSE,FALSE,TRUE,FALSE,FALSE,FALSE,FALSE
-73.96033024,40.79101004,32D-PM-1006-01,PM,Adult,Gray,Ground,FALSE,not,TRUE,TRUE,FALSE,FALSE,TRUE,FALSE,FALSE,FALSE,FALSE,FALSE,TRUE
-73.9569325,40.78777484,30I-PM-1006-01,PM,Adult,Gray,Ground,FALSE,not,TRUE,FALSE,FALSE,FALSE,FALSE,FALSE,FALSE,FALSE,FALSE,FALSE,FALSE
-73.98091913,40.76837725,1A-PM-1014-06,PM,Juvenile,Gray,Ground,FALSE,not,TRUE,TRUE,FALSE,FALSE,FALSE,FALSE,TRUE,FALSE,FALSE,FALSE,FALSE
-73.95621055,40.79669912,39D-AM-1008-02,AM,Adult,Gray,Ground,FALSE,not,FALSE,FALSE,TRUE,FALSE,FALSE,FALSE,FALSE,FALSE,FALSE,FALSE,FALSE
-73.97018244,40.77637033,14E-AM-1008-21,AM,Adult,Gray,Ground,TRUE,not,FALSE,FALSE,FALSE,FALSE,FALSE,TRUE,FALSE,FALSE,FALSE,FALSE,FALSE
-73.96899394,40.77408248,12G-AM-1012-03,AM,Adult,Gray,Ground,FALSE,not,FALSE,FALSE,FALSE,FALSE,FALSE,TRUE,FALSE,FALSE,FALSE,FALSE,FALSE
-73.97749282,40.77204646,6B-AM-1012-02,AM,Adult,Gray,Ground,FALSE,not,TRUE,FALSE,FALSE,FALSE,FALSE,TRUE,FALSE,FALSE,FALSE,FALSE,FALSE
-73.96956059,40.77056198,8I-AM-1006-09,AM,Adult,Gray,Ground,FALSE,not,FALSE,FALSE,FALSE,FALSE,TRUE,TRUE,FALSE,FALSE,FALSE,FALSE,FALSE
-73.97338201,40.76873305,5G-PM-1010-05,PM,Adult,Gray,Ground,TRUE,not,FALSE,FALSE,FALSE,FALSE,TRUE,TRUE,FALSE,FALSE,FALSE,FALSE,FALSE
-73.96864133,40.78174239,19C-PM-1018-08,PM,Juvenile,Gray,Ground,FALSE,not,FALSE,FALSE,FALSE,FALSE,TRUE,FALSE,FALSE,FALSE,FALSE,FALSE,FALSE
-73.97730836,40.77105359,6B-PM-1017-01,PM,Adult,Gray,Ground,TRUE,not,FALSE,FALSE,FALSE,FALSE,FALSE,TRUE,FALSE,FALSE,FALSE,FALSE,FALSE
-73.96185915,40.79213437,32C-PM-1013-11,PM,Juvenile,Gray,Ground,FALSE,not,FALSE,FALSE,FALSE,FALSE,FALSE,TRUE,FALSE,FALSE,FALSE,FALSE,FALSE
-73.97356555,40.77160727,7E-PM-1013-02,PM,Adult,Gray,Ground,FALSE,not,TRUE,TRUE,FALSE,FALSE,TRUE,TRUE,FALSE,FALSE,FALSE,FALSE,FALSE
-73.96166937,40.79297102,33B-AM-1010-05,AM,Adult,Gray,Ground,FALSE,not,TRUE,FALSE,FALSE,FALSE,FALSE,TRUE,FALSE,FALSE,FALSE,FALSE,FALSE
-73.96167703,40.79216486,32C-PM-1013-13,PM,Adult,Gray,Ground,FALSE,not,FALSE,FALSE,FALSE,FALSE,FALSE,TRUE,FALSE,FALSE,FALSE,FALSE,TRUE
-73.95349106,40.79357744,37H-AM-1018-04,AM,Adult,Gray,Ground,FALSE,not,TRUE,TRUE,FALSE,FALSE,FALSE,FALSE,FALSE,FALSE,FALSE,FALSE,TRUE
-73.96749307,40.78135101,20D-PM-1014-01,PM,Adult,Gray,Ground,FALSE,not,FALSE,FALSE,FALSE,FALSE,TRUE,TRUE,FALSE,FALSE,FALSE,FALSE,FALSE
-73.97115822,40.77836744,15C-PM-1017-05,PM,Adult,Gray,Ground,TRUE,not,FALSE,TRUE,FALSE,FALSE,FALSE,TRUE,TRUE,FALSE,FALSE,FALSE,TRUE
-73.95673722,40.79758099,40C-PM-1006-01,PM,Adult,Gray,Ground,FALSE,not,FALSE,TRUE,FALSE,FALSE,FALSE,FALSE,FALSE,FALSE,FALSE,FALSE,FALSE
-73.9564741,40.79388456,36F-AM-1017-03,AM,Adult,Gray,Ground,FALSE,not,TRUE,FALSE,FALSE,FALSE,TRUE,TRUE,FALSE,FALSE,FALSE,FALSE,FALSE
-73.97522636,40.77208492,7C-PM-1020-02,PM,Adult,Gray,Ground,FALSE,not,FALSE,FALSE,FALSE,FALSE,FALSE,TRUE,FALSE,FALSE,FALSE,FALSE,FALSE
-73.96767327,40.77631944,15G-PM-1019-09,PM,Adult,Gray,Ground,FALSE,not,FALSE,FALSE,FALSE,FALSE,TRUE,FALSE,FALSE,FALSE,FALSE,FALSE,FALSE
-73.9580021,40.79551401,37D-PM-1014-07,PM,Adult,Gray,Ground,FALSE,not,TRUE,FALSE,FALSE,FALSE,FALSE,TRUE,FALSE,FALSE,FALSE,FALSE,FALSE
-73.97006667,40.7742857,12F-PM-1007-08,PM,Adult,Gray,Ground,FALSE,not,FALSE,FALSE,FALSE,FALSE,TRUE,TRUE,FALSE,FALSE,FALSE,FALSE,FALSE
-73.97560176,40.7680336,3E-PM-1008-06,PM,Adult,Gray,Ground,FALSE,not,FALSE,FALSE,FALSE,FALSE,TRUE,TRUE,FALSE,FALSE,FALSE,FALSE,FALSE
-73.95950223,40.78311513,25I-PM-1007-02,PM,Adult,Gray,Ground,FALSE,not,TRUE,FALSE,FALSE,FALSE,FALSE,TRUE,FALSE,FALSE,FALSE,TRUE,TRUE
-73.96661136,40.77526626,14H-PM-1012-05,PM,Adult,Gray,Ground,TRUE,not,FALSE,FALSE,FALSE,FALSE,TRUE,FALSE,FALSE,FALSE,FALSE,FALSE,FALSE
-73.96325779,40.79311284,33A-AM-1008-01,AM,Adult,Gray,Ground,FALSE,not,FALSE,FALSE,FALSE,FALSE,FALSE,TRUE,FALSE,FALSE,FALSE,FALSE,FALSE
-73.97486692,40.77438792,10B-AM-1006-01,AM,Adult,Gray,Ground,FALSE,not,TRUE,TRUE,FALSE,FALSE,FALSE,FALSE,FALSE,FALSE,FALSE,FALSE,FALSE
-73.96133565,40.78188769,23H-PM-1019-01,PM,Adult,Gray,Ground,FALSE,not,FALSE,TRUE,FALSE,FALSE,FALSE,FALSE,FALSE,FALSE,FALSE,FALSE,FALSE
-73.97285115,40.77826548,14B-PM-1014-03,PM,Adult,Gray,Ground,FALSE,not,TRUE,FALSE,FALSE,FALSE,FALSE,TRUE,FALSE,FALSE,FALSE,FALSE,FALSE
-73.95808131,40.79055382,32F-PM-1008-04,PM,Adult,Gray,Ground,FALSE,not,FALSE,FALSE,FALSE,FALSE,FALSE,TRUE,FALSE,FALSE,FALSE,FALSE,FALSE
-73.96419899,40.78908104,28B-AM-1007-01,AM,Adult,Gray,Ground,FALSE,not,FALSE,FALSE,FALSE,FALSE,FALSE,TRUE,FALSE,FALSE,FALSE,FALSE,FALSE
-73.95692691,40.79653233,39D-PM-1012-03,PM,Adult,Gray,Ground,FALSE,not,TRUE,TRUE,FALSE,FALSE,FALSE,FALSE,FALSE,FALSE,FALSE,FALSE,FALSE
-73.95840642,40.79122725,33F-PM-1012-04,PM,Adult,Gray,Ground,FALSE,not,TRUE,TRUE,FALSE,FALSE,TRUE,TRUE,FALSE,FALSE,FALSE,FALSE,TRUE
-73.97202899,40.77637496,13C-PM-1019-03,PM,Adult,Gray,Ground,FALSE,not,TRUE,TRUE,FALSE,FALSE,TRUE,FALSE,FALSE,FALSE,FALSE,FALSE,FALSE
-73.9698612,40.77539156,13F-PM-1008-02,PM,Adult,Gray,Ground,FALSE,not,TRUE,FALSE,FALSE,FALSE,TRUE,TRUE,FALSE,FALSE,FALSE,FALSE,FALSE
-73.98019715,40.76970817,3A-PM-1017-04,PM,Adult,Gray,Ground,TRUE,not,FALSE,FALSE,FALSE,FALSE,FALSE,TRUE,FALSE,FALSE,FALSE,FALSE,FALSE
-73.96285255,40.79384493,34A-PM-1013-02,PM,Adult,Gray,Ground,FALSE,not,FALSE,FALSE,FALSE,TRUE,TRUE,TRUE,FALSE,FALSE,FALSE,FALSE,FALSE
-73.97167366,40.77493335,12E-AM-1017-07,AM,Adult,Gray,Ground,FALSE,not,TRUE,TRUE,FALSE,TRUE,FALSE,FALSE,FALSE,FALSE,FALSE,FALSE,TRUE
-73.97910854,40.76770253,2C-PM-1013-12,PM,Adult,Gray,Ground,TRUE,not,FALSE,FALSE,FALSE,FALSE,FALSE,TRUE,FALSE,FALSE,FALSE,FALSE,FALSE
-73.96766928,40.77647267,15G-AM-1008-03,AM,Adult,Gray,Ground,FALSE,not,FALSE,FALSE,TRUE,FALSE,FALSE,FALSE,TRUE,FALSE,FALSE,FALSE,FALSE
-73.97274057,40.77826776,14B-PM-1014-01,PM,Adult,Gray,Ground,FALSE,not,FALSE,FALSE,FALSE,FALSE,FALSE,TRUE,FALSE,FALSE,FALSE,FALSE,FALSE
-73.96847907,40.78388187,22B-AM-1013-01,AM,Adult,Gray,Ground,FALSE,not,FALSE,FALSE,FALSE,FALSE,FALSE,TRUE,FALSE,FALSE,FALSE,FALSE,FALSE
-73.95257524,40.79549154,39H-AM-1007-03,AM,Juvenile,Gray,Ground,FALSE,not,FALSE,FALSE,FALSE,FALSE,TRUE,TRUE,FALSE,FALSE,FALSE,FALSE,FALSE
-73.96155005,40.79207993,32C-PM-1013-05,PM,Adult,Gray,Ground,FALSE,not,FALSE,TRUE,FALSE,FALSE,FALSE,FALSE,FALSE,FALSE,FALSE,FALSE,FALSE
-73.96252055,40.78107851,21H-AM-1017-01,AM,Adult,Gray,Ground,FALSE,not,TRUE,FALSE,FALSE,FALSE,TRUE,FALSE,FALSE,FALSE,FALSE,FALSE,FALSE
-73.97052548,40.77636065,13E-AM-1017-03,AM,Adult,Gray,Ground,FALSE,not,TRUE,FALSE,FALSE,FALSE,TRUE,TRUE,TRUE,FALSE,FALSE,FALSE,FALSE
-73.96556709,40.77637289,16H-PM-1014-03,PM,Adult,Gray,Ground,TRUE,not,FALSE,TRUE,FALSE,FALSE,FALSE,FALSE,FALSE,FALSE,FALSE,FALSE,FALSE
-73.95303266,40.79569224,39G-PM-1013-02,PM,Adult,Gray,Ground,FALSE,not,FALSE,TRUE,FALSE,FALSE,FALSE,FALSE,FALSE,FALSE,FALSE,FALSE,FALSE
-73.96802133,40.77788077,16F-PM-1013-06,PM,Adult,Gray,Ground,FALSE,not,TRUE,FALSE,FALSE,FALSE,FALSE,TRUE,FALSE,FALSE,FALSE,FALSE,FALSE
-73.97239229,40.77291648,9E-AM-1008-01,AM,Adult,Gray,Ground,TRUE,not,FALSE,FALSE,FALSE,FALSE,FALSE,TRUE,FALSE,FALSE,FALSE,FALSE,FALSE
-73.96731039,40.78742674,26A-PM-1006-01,PM,Juvenile,Gray,Ground,FALSE,not,TRUE,FALSE,FALSE,FALSE,FALSE,TRUE,FALSE,FALSE,FALSE,TRUE,FALSE
-73.97259615,40.77957204,16A-PM-1019-06,PM,Juvenile,Gray,Ground,FALSE,not,TRUE,TRUE,FALSE,FALSE,FALSE,FALSE,FALSE,FALSE,FALSE,FALSE,TRUE
-73.97271159,40.77829293,14B-PM-1014-02,PM,Adult,Gray,Ground,FALSE,not,FALSE,FALSE,TRUE,FALSE,FALSE,TRUE,FALSE,FALSE,FALSE,FALSE,FALSE
-73.96209646,40.7917332,32C-PM-1013-01,PM,Adult,Gray,Ground,FALSE,not,FALSE,FALSE,FALSE,FALSE,FALSE,TRUE,FALSE,FALSE,FALSE,FALSE,FALSE
-73.97792631,40.76826819,3D-PM-1010-08,PM,Adult,Gray,Ground,FALSE,not,FALSE,TRUE,FALSE,FALSE,FALSE,TRUE,FALSE,FALSE,FALSE,FALSE,FALSE
-73.95200247,40.79473298,39I-PM-1013-04,PM,Adult,Gray,Ground,TRUE,not,FALSE,FALSE,FALSE,FALSE,TRUE,FALSE,FALSE,FALSE,FALSE,FALSE,FALSE
-73.9695226,40.77975278,17D-AM-1008-01,AM,Adult,Gray,Ground,FALSE,not,TRUE,FALSE,FALSE,TRUE,FALSE,FALSE,FALSE,FALSE,FALSE,FALSE,FALSE
-73.96980836,40.77200994,10H-AM-1014-01,AM,Adult,Gray,Ground,FALSE,not,FALSE,FALSE,FALSE,FALSE,FALSE,TRUE,FALSE,FALSE,FALSE,FALSE,FALSE
-73.9681874,40.78179487,20C-PM-1018-02,PM,Adult,Gray,Ground,FALSE,not,FALSE,TRUE,TRUE,FALSE,FALSE,FALSE,FALSE,FALSE,FALSE,FALSE,FALSE
-73.95771098,40.79840556,40B-AM-1019-06,AM,Juvenile,Gray,Ground,FALSE,not,TRUE,FALSE,FALSE,FALSE,FALSE,TRUE,FALSE,FALSE,FALSE,FALSE,FALSE
-73.95893904,40.79131939,33E-PM-1012-04,PM,Adult,Gray,Ground,FALSE,not,FALSE,FALSE,FALSE,FALSE,FALSE,TRUE,FALSE,FALSE,FALSE,FALSE,FALSE
-73.97900445,40.76894695,3B-AM-1010-03,AM,Juvenile,Gray,Ground,FALSE,not,TRUE,FALSE,TRUE,FALSE,FALSE,FALSE,FALSE,FALSE,FALSE,FALSE,FALSE
-73.97779785,40.76686208,1D-AM-1006-01,AM,Juvenile,Gray,Ground,FALSE,not,FALSE,TRUE,FALSE,TRUE,FALSE,TRUE,FALSE,FALSE,FALSE,FALSE,TRUE
-73.97849425,40.76726,1D-AM-1006-06,AM,Juvenile,Gray,Ground,FALSE,not,FALSE,TRUE,FALSE,FALSE,FALSE,FALSE,FALSE,FALSE,FALSE,FALSE,FALSE
-73.97408468,40.77281971,8D-AM-1007-06,AM,Adult,Gray,Ground,FALSE,not,FALSE,TRUE,FALSE,FALSE,FALSE,FALSE,FALSE,FALSE,FALSE,FALSE,FALSE
-73.96762707,40.77639144,15G-AM-1008-04,AM,Adult,Gray,Ground,FALSE,not,FALSE,FALSE,TRUE,FALSE,FALSE,FALSE,TRUE,FALSE,FALSE,FALSE,FALSE
-73.97744074,40.76980561,4C-PM-1010-12,PM,Adult,Gray,Ground,FALSE,not,FALSE,TRUE,FALSE,FALSE,FALSE,TRUE,FALSE,FALSE,FALSE,FALSE,FALSE
-73.9673129,40.77781698,16F-PM-1013-05,PM,Adult,Gray,Ground,FALSE,not,TRUE,FALSE,FALSE,FALSE,TRUE,TRUE,FALSE,FALSE,FALSE,FALSE,FALSE
-73.95813106,40.79602147,38C-PM-1014-05,PM,Adult,Gray,Ground,FALSE,not,TRUE,FALSE,TRUE,FALSE,FALSE,FALSE,FALSE,FALSE,FALSE,FALSE,FALSE
-73.98055178,40.76830447,2B-PM-1013-05,PM,Adult,Gray,Ground,FALSE,not,FALSE,TRUE,FALSE,TRUE,FALSE,FALSE,FALSE,FALSE,FALSE,FALSE,FALSE
-73.9567062,40.79748287,40C-PM-1006-02,PM,Adult,Gray,Ground,FALSE,not,FALSE,FALSE,FALSE,TRUE,FALSE,FALSE,FALSE,FALSE,FALSE,FALSE,FALSE
-73.96765397,40.77772299,16F-AM-1008-02,AM,Adult,Gray,Ground,FALSE,not,FALSE,FALSE,FALSE,FALSE,FALSE,TRUE,FALSE,FALSE,FALSE,FALSE,TRUE
-73.97894014,40.76973731,4B-AM-1010-04,AM,Adult,Gray,Ground,TRUE,not,FALSE,FALSE,FALSE,FALSE,TRUE,TRUE,FALSE,FALSE,FALSE,FALSE,FALSE
-73.96289328,40.79231164,32B-PM-1010-05,PM,Adult,Gray,Ground,FALSE,not,FALSE,TRUE,FALSE,FALSE,FALSE,TRUE,FALSE,FALSE,FALSE,FALSE,FALSE
-73.98067183,40.76927769,2A-AM-1010-07,AM,Adult,Gray,Ground,FALSE,not,FALSE,FALSE,FALSE,FALSE,TRUE,TRUE,FALSE,FALSE,FALSE,FALSE,TRUE
-73.96356062,40.78220697,22G-AM-1018-03,AM,Juvenile,Gray,Ground,FALSE,not,TRUE,FALSE,FALSE,FALSE,TRUE,FALSE,FALSE,FALSE,FALSE,FALSE,FALSE
-73.97349693,40.77227546,8E-AM-1013-01,AM,Adult,Gray,Ground,FALSE,not,TRUE,FALSE,FALSE,FALSE,TRUE,FALSE,FALSE,FALSE,FALSE,FALSE,FALSE
-73.96175191,40.79471791,35A-PM-1013-04,PM,Adult,Gray,Ground,FALSE,not,TRUE,FALSE,FALSE,FALSE,FALSE,TRUE,FALSE,FALSE,FALSE,FALSE,FALSE
-73.9759428,40.77150818,7C-PM-1020-06,PM,Adult,Gray,Ground,FALSE,not,FALSE,FALSE,TRUE,FALSE,FALSE,FALSE,FALSE,TRUE,FALSE,FALSE,FALSE
-73.95923927,40.796187,37B-AM-1018-02,AM,Adult,Gray,Ground,FALSE,not,TRUE,FALSE,FALSE,FALSE,TRUE,FALSE,FALSE,FALSE,FALSE,FALSE,FALSE
-73.97470601,40.77285282,8C-AM-1007-02,AM,Adult,Gray,Ground,FALSE,not,FALSE,FALSE,FALSE,FALSE,FALSE,TRUE,FALSE,FALSE,FALSE,FALSE,FALSE
-73.95607317,40.7980336,41D-PM-1014-02,PM,Adult,Gray,Ground,FALSE,not,TRUE,TRUE,FALSE,FALSE,FALSE,FALSE,FALSE,FALSE,FALSE,FALSE,FALSE
-73.97088609,40.77683767,14D-PM-1019-15,PM,Adult,Gray,Ground,FALSE,not,FALSE,FALSE,FALSE,FALSE,FALSE,TRUE,FALSE,FALSE,FALSE,FALSE,FALSE
-73.95305356,40.79298091,37I-AM-1010-02,AM,Adult,Gray,Ground,FALSE,not,TRUE,TRUE,FALSE,FALSE,FALSE,FALSE,FALSE,FALSE,FALSE,FALSE,FALSE
-73.97346547,40.77159887,8E-PM-1008-06,PM,Adult,Gray,Ground,FALSE,not,FALSE,FALSE,TRUE,TRUE,FALSE,FALSE,FALSE,FALSE,FALSE,FALSE,FALSE
-73.96697828,40.78411667,22C-PM-1006-13,PM,Juvenile,Gray,Ground,FALSE,not,FALSE,TRUE,FALSE,FALSE,FALSE,FALSE,FALSE,FALSE,FALSE,FALSE,FALSE
-73.97633735,40.77411689,9B-PM-1013-09,PM,Juvenile,Gray,Ground,FALSE,not,TRUE,FALSE,FALSE,FALSE,FALSE,TRUE,FALSE,FALSE,FALSE,FALSE,TRUE
-73.96957001,40.78165015,19B-PM-1018-04,PM,Adult,Gray,Ground,FALSE,not,FALSE,FALSE,FALSE,FALSE,FALSE,TRUE,FALSE,FALSE,FALSE,FALSE,FALSE
-73.95573999,40.79715637,40D-PM-1013-07,PM,Adult,Gray,Ground,FALSE,not,TRUE,TRUE,TRUE,FALSE,FALSE,FALSE,FALSE,FALSE,FALSE,FALSE,FALSE
-73.97682541,40.77167579,6C-PM-1020-03,PM,Adult,Gray,Ground,FALSE,not,TRUE,FALSE,FALSE,FALSE,FALSE,TRUE,FALSE,FALSE,FALSE,FALSE,TRUE
-73.97360162,40.77237814,8D-AM-1007-03,AM,Adult,Gray,Ground,FALSE,not,TRUE,FALSE,FALSE,FALSE,FALSE,TRUE,FALSE,FALSE,FALSE,FALSE,FALSE
-73.96918212,40.77632032,14F-PM-1012-03,PM,Adult,Gray,Ground,FALSE,not,FALSE,FALSE,FALSE,FALSE,TRUE,TRUE,FALSE,FALSE,FALSE,FALSE,FALSE
-73.96409896,40.78992954,29B-PM-1010-03,PM,Juvenile,Gray,Ground,TRUE,not,FALSE,FALSE,FALSE,FALSE,TRUE,TRUE,FALSE,FALSE,FALSE,FALSE,FALSE
-73.95896987,40.79065205,32E-PM-1017-06,PM,Adult,Gray,Ground,FALSE,not,TRUE,FALSE,FALSE,FALSE,TRUE,TRUE,FALSE,FALSE,FALSE,FALSE,FALSE
-73.95687265,40.78787951,30I-PM-1006-03,PM,Adult,Gray,Ground,FALSE,not,TRUE,FALSE,FALSE,FALSE,FALSE,TRUE,FALSE,FALSE,FALSE,FALSE,FALSE
-73.95453991,40.78986463,33I-PM-1006-06,PM,Adult,Gray,Ground,FALSE,not,TRUE,TRUE,FALSE,FALSE,FALSE,FALSE,FALSE,FALSE,FALSE,FALSE,FALSE
-73.9678823,40.7802961,18E-PM-1006-01,PM,Juvenile,Gray,Ground,FALSE,not,FALSE,TRUE,FALSE,FALSE,FALSE,TRUE,FALSE,FALSE,FALSE,FALSE,FALSE
-73.97069687,40.78214991,19A-PM-1013-06,PM,Adult,Gray,Ground,FALSE,not,TRUE,FALSE,FALSE,FALSE,FALSE,TRUE,FALSE,FALSE,FALSE,FALSE,FALSE
-73.96567579,40.78873101,27B-PM-1006-02,PM,Adult,Gray,Ground,FALSE,not,TRUE,FALSE,TRUE,FALSE,FALSE,TRUE,FALSE,FALSE,FALSE,FALSE,FALSE
-73.96240528,40.78096563,21H-PM-1018-04,PM,Adult,Gray,Ground,TRUE,not,FALSE,FALSE,FALSE,FALSE,FALSE,TRUE,FALSE,FALSE,FALSE,FALSE,TRUE
-73.96521567,40.77613091,15I-PM-1012-02,PM,Juvenile,Gray,Ground,FALSE,not,FALSE,TRUE,FALSE,FALSE,FALSE,TRUE,FALSE,FALSE,FALSE,FALSE,FALSE
-73.96045243,40.79566243,36B-AM-1013-01,AM,Adult,Gray,Ground,FALSE,not,TRUE,FALSE,FALSE,FALSE,TRUE,FALSE,FALSE,FALSE,FALSE,FALSE,FALSE
-73.97258447,40.77010928,7F-PM-1012-02,PM,Adult,Gray,Ground,FALSE,not,FALSE,FALSE,FALSE,FALSE,TRUE,TRUE,FALSE,FALSE,FALSE,FALSE,FALSE
-73.95873307,40.7907682,32F-AM-1012-02,AM,Adult,Gray,Ground,TRUE,not,TRUE,FALSE,FALSE,FALSE,FALSE,FALSE,FALSE,FALSE,FALSE,FALSE,FALSE
-73.96864793,40.77058154,9I-AM-1014-08,AM,Adult,Gray,Ground,FALSE,not,FALSE,FALSE,FALSE,FALSE,FALSE,TRUE,FALSE,FALSE,FALSE,FALSE,FALSE
-73.97878469,40.76825459,2C-PM-1013-05,PM,Adult,Gray,Ground,FALSE,not,FALSE,FALSE,FALSE,FALSE,FALSE,TRUE,FALSE,FALSE,FALSE,FALSE,FALSE
-73.96928463,40.7841049,22A-PM-1017-02,PM,Juvenile,Gray,Ground,FALSE,not,FALSE,TRUE,FALSE,FALSE,FALSE,FALSE,FALSE,FALSE,FALSE,FALSE,FALSE
-73.97671414,40.77373133,8A-PM-1014-02,PM,Juvenile,Gray,Ground,FALSE,not,TRUE,FALSE,FALSE,TRUE,TRUE,FALSE,FALSE,FALSE,FALSE,FALSE,FALSE
-73.95241323,40.79337776,37I-AM-1010-05,AM,Adult,Gray,Ground,FALSE,not,TRUE,FALSE,FALSE,FALSE,TRUE,FALSE,FALSE,FALSE,FALSE,FALSE,FALSE
-73.96034712,40.79060033,32E-PM-1017-15,PM,Adult,Gray,Ground,FALSE,not,TRUE,FALSE,FALSE,FALSE,FALSE,TRUE,FALSE,FALSE,FALSE,FALSE,FALSE
-73.97334374,40.77824015,14B-PM-1014-07,PM,Adult,Gray,Ground,FALSE,not,FALSE,FALSE,FALSE,FALSE,FALSE,TRUE,FALSE,FALSE,FALSE,FALSE,FALSE
-73.96521345,40.78034383,19F-PM-1017-05,PM,Adult,Gray,Ground,FALSE,not,TRUE,TRUE,TRUE,TRUE,FALSE,FALSE,FALSE,FALSE,FALSE,FALSE,TRUE
-73.97550413,40.76782139,3F-AM-1006-13,AM,Juvenile,Gray,Ground,TRUE,not,FALSE,TRUE,FALSE,FALSE,FALSE,TRUE,FALSE,FALSE,FALSE,FALSE,FALSE
-73.95812419,40.79610575,38C-AM-1019-05,AM,Adult,Gray,Ground,FALSE,not,TRUE,TRUE,FALSE,FALSE,FALSE,FALSE,FALSE,FALSE,FALSE,FALSE,FALSE
-73.95762196,40.79633512,38C-AM-1019-03,AM,Juvenile,Gray,Ground,FALSE,not,TRUE,FALSE,FALSE,FALSE,FALSE,TRUE,FALSE,FALSE,FALSE,FALSE,FALSE
-73.95970725,40.79055819,32E-AM-1007-12,AM,Adult,Gray,Ground,FALSE,not,FALSE,FALSE,TRUE,FALSE,FALSE,FALSE,FALSE,FALSE,FALSE,FALSE,FALSE
-73.96689095,40.78412986,22C-PM-1006-12,PM,Adult,Gray,Ground,FALSE,not,FALSE,FALSE,FALSE,FALSE,TRUE,FALSE,TRUE,FALSE,FALSE,FALSE,FALSE
-73.96409456,40.7910513,30A-PM-1020-04,PM,Adult,Gray,Ground,FALSE,not,TRUE,TRUE,FALSE,FALSE,TRUE,FALSE,FALSE,FALSE,FALSE,FALSE,FALSE
-73.95491339,40.7946871,38F-PM-1013-02,PM,Juvenile,Gray,Ground,FALSE,not,FALSE,FALSE,FALSE,FALSE,FALSE,TRUE,FALSE,FALSE,FALSE,FALSE,FALSE
-73.95962711,40.79066123,32E-PM-1017-12,PM,Adult,Gray,Ground,FALSE,not,FALSE,FALSE,FALSE,FALSE,TRUE,TRUE,FALSE,TRUE,FALSE,FALSE,FALSE
-73.97057045,40.7762853,13E-AM-1017-06,AM,Adult,Gray,Ground,FALSE,not,FALSE,TRUE,FALSE,FALSE,FALSE,FALSE,FALSE,FALSE,FALSE,FALSE,FALSE
-73.97579124,40.77475986,10B-AM-1006-04,AM,Adult,Gray,Ground,FALSE,not,TRUE,TRUE,FALSE,FALSE,FALSE,FALSE,FALSE,FALSE,FALSE,FALSE,FALSE
-73.96800435,40.77266693,11I-PM-1012-01,PM,Adult,Gray,Ground,FALSE,not,FALSE,TRUE,FALSE,FALSE,TRUE,TRUE,FALSE,FALSE,FALSE,TRUE,TRUE
-73.96971781,40.76970367,7I-PM-1013-07,PM,Adult,Gray,Ground,FALSE,not,FALSE,FALSE,TRUE,FALSE,FALSE,FALSE,FALSE,FALSE,FALSE,FALSE,TRUE
-73.9558181,40.78868105,31I-PM-1019-03,PM,Adult,Gray,Ground,FALSE,not,TRUE,FALSE,FALSE,FALSE,FALSE,TRUE,FALSE,FALSE,FALSE,FALSE,FALSE
-73.95880768,40.79129426,33E-AM-1014-06,AM,Adult,Gray,Ground,FALSE,not,TRUE,FALSE,FALSE,TRUE,FALSE,FALSE,FALSE,FALSE,FALSE,FALSE,FALSE
-73.95903285,40.79122144,33E-PM-1012-06,PM,Adult,Gray,Ground,FALSE,not,FALSE,FALSE,FALSE,FALSE,FALSE,FALSE,FALSE,FALSE,FALSE,FALSE,FALSE
-73.96901687,40.7777612,15E-AM-1013-04,AM,Adult,Gray,Ground,FALSE,not,TRUE,FALSE,FALSE,FALSE,FALSE,TRUE,FALSE,FALSE,FALSE,FALSE,FALSE
-73.9590074,40.79070594,32E-PM-1017-05,PM,Adult,Gray,Ground,FALSE,not,TRUE,FALSE,FALSE,FALSE,TRUE,TRUE,FALSE,FALSE,FALSE,FALSE,FALSE
-73.97223594,40.77028915,7G-AM-1010-07,AM,Adult,Gray,Ground,FALSE,not,TRUE,FALSE,FALSE,FALSE,TRUE,FALSE,FALSE,FALSE,FALSE,FALSE,FALSE
-73.96172501,40.79253904,33B-PM-1010-03,PM,Adult,Gray,Ground,FALSE,not,TRUE,FALSE,FALSE,FALSE,FALSE,FALSE,FALSE,FALSE,FALSE,FALSE,TRUE
-73.97075422,40.7717033,9G-PM-1007-04,PM,Adult,Gray,Ground,FALSE,not,FALSE,FALSE,FALSE,FALSE,TRUE,FALSE,FALSE,FALSE,FALSE,FALSE,FALSE
-73.95180081,40.79537381,40H-AM-1017-01,AM,Adult,Gray,Ground,FALSE,not,TRUE,FALSE,FALSE,FALSE,FALSE,TRUE,FALSE,FALSE,FALSE,FALSE,FALSE
-73.95620685,40.79673329,39D-AM-1008-01,AM,Adult,Gray,Ground,FALSE,not,FALSE,FALSE,TRUE,FALSE,FALSE,FALSE,FALSE,FALSE,FALSE,FALSE,FALSE
-73.97332225,40.76499754,1I-PM-1012-01,PM,Juvenile,Gray,Ground,FALSE,not,TRUE,TRUE,FALSE,FALSE,FALSE,FALSE,FALSE,FALSE,FALSE,FALSE,TRUE
-73.9682062,40.78649844,24A-AM-1014-02,AM,Adult,Gray,Ground,FALSE,not,FALSE,TRUE,FALSE,FALSE,FALSE,FALSE,FALSE,FALSE,FALSE,FALSE,FALSE
-73.97921615,40.76792854,2C-PM-1013-10,PM,Adult,Gray,Ground,FALSE,not,FALSE,FALSE,FALSE,FALSE,FALSE,FALSE,FALSE,FALSE,FALSE,FALSE,FALSE
-73.97420107,40.76915017,5F-AM-1007-03,AM,Adult,Gray,Ground,FALSE,not,FALSE,FALSE,FALSE,FALSE,FALSE,TRUE,FALSE,FALSE,FALSE,FALSE,FALSE
-73.96811468,40.77367723,12H-PM-1007-06,PM,Adult,Gray,Ground,FALSE,not,FALSE,FALSE,FALSE,FALSE,FALSE,TRUE,FALSE,FALSE,FALSE,FALSE,FALSE
-73.97555625,40.7678821,3E-AM-1006-07,AM,Adult,Gray,Ground,FALSE,not,FALSE,FALSE,FALSE,FALSE,FALSE,FALSE,FALSE,FALSE,FALSE,FALSE,FALSE
-73.97648512,40.77157369,6C-AM-1007-07,AM,Adult,Gray,Ground,TRUE,not,TRUE,FALSE,FALSE,TRUE,FALSE,FALSE,FALSE,FALSE,FALSE,FALSE,FALSE
-73.95581189,40.79688571,39E-PM-1013-01,PM,Adult,Gray,Ground,FALSE,not,TRUE,FALSE,FALSE,FALSE,FALSE,TRUE,FALSE,FALSE,FALSE,FALSE,FALSE
-73.96360277,40.79007597,30B-PM-1019-01,PM,Adult,Gray,Ground,FALSE,not,TRUE,TRUE,FALSE,FALSE,TRUE,TRUE,FALSE,FALSE,FALSE,FALSE,TRUE
-73.9712265,40.7783791,15C-PM-1017-04,PM,Adult,Gray,Ground,TRUE,not,FALSE,FALSE,FALSE,FALSE,TRUE,TRUE,FALSE,FALSE,FALSE,FALSE,FALSE
-73.9613999,40.79124372,32C-PM-1013-02,PM,Adult,Gray,Ground,FALSE,not,FALSE,FALSE,TRUE,FALSE,FALSE,FALSE,FALSE,FALSE,FALSE,FALSE,TRUE
-73.97019267,40.77785877,15D-AM-1007-02,AM,Adult,Gray,Ground,FALSE,not,TRUE,TRUE,FALSE,FALSE,FALSE,FALSE,FALSE,FALSE,FALSE,FALSE,FALSE
-73.95416015,40.79078327,34I-PM-1010-04,PM,Adult,Gray,Ground,FALSE,not,FALSE,TRUE,FALSE,TRUE,FALSE,FALSE,FALSE,FALSE,FALSE,FALSE,FALSE
-73.95681085,40.7971727,39D-AM-1008-05,AM,Adult,Gray,Ground,FALSE,not,FALSE,FALSE,FALSE,FALSE,FALSE,FALSE,FALSE,FALSE,FALSE,FALSE,FALSE
-73.97338985,40.76669751,3H-PM-1014-02,PM,Adult,Gray,Ground,FALSE,not,TRUE,TRUE,FALSE,FALSE,FALSE,FALSE,FALSE,FALSE,FALSE,FALSE,TRUE
-73.96739191,40.77868458,17F-PM-1020-05,PM,Adult,Gray,Ground,FALSE,not,FALSE,TRUE,FALSE,FALSE,FALSE,FALSE,FALSE,FALSE,FALSE,FALSE,FALSE
-73.97081083,40.77739758,14D-PM-1019-09,PM,Adult,Gray,Ground,FALSE,not,TRUE,TRUE,FALSE,FALSE,FALSE,FALSE,FALSE,FALSE,FALSE,FALSE,FALSE
-73.97399808,40.77390291,10C-PM-1013-01,PM,Adult,Gray,Ground,FALSE,not,TRUE,FALSE,FALSE,FALSE,FALSE,TRUE,FALSE,FALSE,FALSE,FALSE,TRUE
-73.95292248,40.79618958,40G-PM-1013-05,PM,Adult,Gray,Ground,FALSE,not,TRUE,TRUE,FALSE,FALSE,FALSE,FALSE,FALSE,FALSE,FALSE,FALSE,FALSE
-73.95883455,40.79918303,40A-PM-1014-02,PM,Adult,Gray,Ground,FALSE,not,TRUE,TRUE,FALSE,FALSE,FALSE,FALSE,FALSE,FALSE,FALSE,FALSE,FALSE
-73.95289377,40.79229191,36I-AM-1017-01,AM,Adult,Gray,Ground,FALSE,not,TRUE,TRUE,FALSE,FALSE,TRUE,TRUE,FALSE,FALSE,FALSE,FALSE,TRUE
-73.97746308,40.76806267,3D-PM-1010-11,PM,Adult,Gray,Ground,FALSE,not,FALSE,TRUE,FALSE,FALSE,FALSE,TRUE,FALSE,FALSE,FALSE,FALSE,FALSE
-73.95887144,40.78957871,31F-PM-1007-03,PM,Adult,Gray,Ground,FALSE,not,TRUE,FALSE,FALSE,FALSE,FALSE,TRUE,FALSE,FALSE,FALSE,FALSE,TRUE
-73.96328661,40.78900433,29C-PM-1006-01,PM,Adult,Gray,Ground,FALSE,not,FALSE,FALSE,FALSE,TRUE,FALSE,TRUE,FALSE,FALSE,FALSE,FALSE,FALSE
-73.96374408,40.78914274,29C-AM-1007-04,AM,Adult,Gray,Ground,TRUE,not,FALSE,FALSE,FALSE,FALSE,FALSE,TRUE,FALSE,FALSE,FALSE,FALSE,FALSE
-73.95453837,40.78997113,33I-PM-1006-03,PM,Adult,Gray,Ground,FALSE,not,TRUE,FALSE,FALSE,FALSE,FALSE,TRUE,FALSE,FALSE,FALSE,FALSE,FALSE
-73.96021978,40.79368506,35C-PM-1013-07,PM,Adult,Gray,Ground,FALSE,not,FALSE,FALSE,FALSE,FALSE,FALSE,TRUE,FALSE,FALSE,FALSE,FALSE,FALSE
-73.95443723,40.79421132,37G-PM-1007-02,PM,Adult,Gray,Ground,FALSE,not,FALSE,FALSE,FALSE,FALSE,FALSE,FALSE,FALSE,FALSE,FALSE,FALSE,FALSE
-73.97432921,40.77560904,11B-AM-1007-05,AM,Adult,Gray,Ground,TRUE,not,FALSE,FALSE,FALSE,FALSE,TRUE,TRUE,FALSE,FALSE,FALSE,TRUE,FALSE
-73.95302574,40.79513974,39G-PM-1013-01,PM,Adult,Gray,Ground,FALSE,not,FALSE,TRUE,FALSE,FALSE,FALSE,FALSE,FALSE,FALSE,FALSE,FALSE,FALSE
-73.96430161,40.79047962,30B-PM-1019-05,PM,Adult,Gray,Ground,FALSE,not,TRUE,FALSE,FALSE,FALSE,TRUE,TRUE,FALSE,FALSE,FALSE,FALSE,TRUE
-73.96818105,40.77206384,10I-PM-1013-01,PM,Adult,Gray,Ground,FALSE,not,TRUE,TRUE,FALSE,FALSE,FALSE,FALSE,FALSE,FALSE,FALSE,FALSE,FALSE
-73.96449742,40.78100203,20G-PM-1013-02,PM,Adult,Gray,Ground,FALSE,not,TRUE,FALSE,FALSE,FALSE,FALSE,TRUE,FALSE,FALSE,FALSE,FALSE,FALSE
-73.9808975,40.76905787,2A-PM-1019-02,PM,Adult,Gray,Ground,FALSE,not,FALSE,TRUE,FALSE,FALSE,FALSE,FALSE,FALSE,FALSE,FALSE,TRUE,FALSE
-73.96841872,40.78059279,18D-AM-1018-01,AM,Adult,Gray,Ground,FALSE,not,FALSE,FALSE,FALSE,FALSE,FALSE,TRUE,FALSE,FALSE,FALSE,FALSE,FALSE
-73.96473184,40.77609362,15I-PM-1012-04,PM,Adult,Gray,Ground,FALSE,not,FALSE,TRUE,FALSE,TRUE,FALSE,TRUE,FALSE,FALSE,FALSE,FALSE,FALSE
-73.97193596,40.77269989,9F-PM-1014-01,PM,Adult,Gray,Ground,FALSE,not,FALSE,FALSE,FALSE,FALSE,TRUE,FALSE,FALSE,FALSE,FALSE,FALSE,FALSE
-73.96472473,40.78061366,20G-PM-1013-03,PM,Adult,Gray,Ground,FALSE,not,TRUE,FALSE,FALSE,FALSE,TRUE,TRUE,FALSE,FALSE,FALSE,TRUE,FALSE
-73.96990889,40.77527784,13F-AM-1007-03,AM,Adult,Gray,Ground,FALSE,not,TRUE,TRUE,FALSE,FALSE,FALSE,FALSE,FALSE,FALSE,FALSE,FALSE,FALSE
-73.9686635,40.78431767,22B-PM-1014-01,PM,Juvenile,Gray,Ground,FALSE,not,FALSE,FALSE,FALSE,FALSE,FALSE,TRUE,FALSE,FALSE,FALSE,FALSE,FALSE
-73.97841449,40.77181777,6A-AM-1006-01,AM,Adult,Gray,Ground,FALSE,not,FALSE,FALSE,FALSE,TRUE,TRUE,TRUE,FALSE,FALSE,FALSE,FALSE,FALSE
-73.96505991,40.77621319,15I-PM-1012-06,PM,Adult,Gray,Ground,FALSE,not,FALSE,TRUE,FALSE,FALSE,FALSE,TRUE,FALSE,FALSE,FALSE,FALSE,FALSE
-73.97764179,40.76958303,4C-PM-1010-10,PM,Adult,Gray,Ground,FALSE,not,FALSE,TRUE,FALSE,FALSE,FALSE,TRUE,FALSE,FALSE,FALSE,FALSE,FALSE
-73.97146377,40.77689846,14D-PM-1019-01,PM,Adult,Gray,Ground,FALSE,not,FALSE,FALSE,TRUE,FALSE,FALSE,FALSE,FALSE,FALSE,FALSE,FALSE,FALSE
-73.95910706,40.78967768,31F-PM-1007-05,PM,Adult,Gray,Ground,FALSE,not,TRUE,TRUE,FALSE,FALSE,FALSE,TRUE,FALSE,FALSE,FALSE,FALSE,FALSE
-73.9635839,40.79175246,31B-AM-1017-02,AM,Adult,Gray,Ground,FALSE,not,TRUE,FALSE,FALSE,FALSE,FALSE,TRUE,FALSE,FALSE,FALSE,FALSE,FALSE
-73.95667054,40.79355606,36F-PM-1012-01,PM,Adult,Gray,Ground,TRUE,not,FALSE,FALSE,FALSE,FALSE,FALSE,TRUE,FALSE,FALSE,FALSE,FALSE,FALSE
-73.97224723,40.76995505,6G-PM-1020-04,PM,Adult,Gray,Ground,FALSE,not,FALSE,FALSE,FALSE,FALSE,FALSE,TRUE,FALSE,FALSE,FALSE,FALSE,FALSE
-73.98035621,40.7685781,2B-AM-1010-02,AM,Juvenile,Gray,Ground,FALSE,not,TRUE,TRUE,FALSE,FALSE,FALSE,FALSE,FALSE,FALSE,FALSE,TRUE,FALSE
-73.96481673,40.7811165,20F-PM-1007-02,PM,Adult,Gray,Ground,FALSE,not,TRUE,FALSE,FALSE,FALSE,TRUE,TRUE,FALSE,FALSE,FALSE,FALSE,TRUE
-73.98008966,40.76843798,2B-PM-1013-03,PM,Adult,Gray,Ground,FALSE,not,FALSE,FALSE,FALSE,FALSE,FALSE,FALSE,FALSE,FALSE,FALSE,FALSE,FALSE
-73.97216564,40.77228691,9F-PM-1014-08,PM,Adult,Gray,Ground,FALSE,not,FALSE,FALSE,FALSE,FALSE,TRUE,FALSE,FALSE,FALSE,FALSE,FALSE,FALSE
-73.96926509,40.77137938,9H-PM-1018-03,PM,Adult,Gray,Ground,FALSE,not,FALSE,FALSE,FALSE,FALSE,FALSE,TRUE,FALSE,FALSE,FALSE,FALSE,FALSE
-73.95448087,40.79065759,34I-AM-1012-02,AM,Adult,Gray,Ground,FALSE,not,TRUE,FALSE,FALSE,FALSE,FALSE,FALSE,FALSE,FALSE,FALSE,FALSE,FALSE
-73.97118102,40.77734456,14D-PM-1019-05,PM,Adult,Gray,Ground,FALSE,not,FALSE,TRUE,FALSE,FALSE,FALSE,FALSE,FALSE,FALSE,FALSE,FALSE,FALSE
-73.9806928,40.76825542,1A-PM-1014-03,PM,Adult,Gray,Ground,FALSE,not,TRUE,FALSE,FALSE,FALSE,FALSE,TRUE,FALSE,FALSE,FALSE,FALSE,FALSE
-73.95796595,40.79056469,32F-AM-1012-07,AM,Adult,Gray,Ground,FALSE,not,FALSE,FALSE,FALSE,FALSE,FALSE,TRUE,FALSE,FALSE,FALSE,FALSE,FALSE
-73.96088341,40.79062471,31D-AM-1014-05,AM,Juvenile,Gray,Ground,FALSE,not,TRUE,FALSE,FALSE,FALSE,FALSE,TRUE,FALSE,FALSE,FALSE,FALSE,FALSE
-73.978461,40.766884,1D-AM-1006-07,AM,Adult,Gray,Ground,FALSE,not,FALSE,FALSE,FALSE,FALSE,TRUE,TRUE,FALSE,FALSE,FALSE,FALSE,TRUE
-73.97355876,40.76723463,3G-PM-1013-02,PM,Adult,Gray,Ground,TRUE,not,FALSE,FALSE,FALSE,FALSE,FALSE,FALSE,FALSE,FALSE,FALSE,FALSE,FALSE
-73.97257003,40.76687933,3H-PM-1014-01,PM,Adult,Gray,Ground,FALSE,not,TRUE,TRUE,FALSE,FALSE,FALSE,FALSE,FALSE,FALSE,FALSE,FALSE,FALSE
-73.96187096,40.79449691,35A-PM-1013-02,PM,Adult,Gray,Ground,FALSE,not,TRUE,FALSE,FALSE,FALSE,FALSE,TRUE,FALSE,FALSE,FALSE,FALSE,FALSE
-73.96611082,40.78919451,28A-AM-1014-01,AM,Adult,Gray,Ground,FALSE,not,FALSE,FALSE,FALSE,FALSE,TRUE,TRUE,FALSE,FALSE,FALSE,FALSE,FALSE
-73.96430252,40.79057039,30B-PM-1019-06,PM,Adult,Gray,Ground,FALSE,not,TRUE,FALSE,FALSE,TRUE,FALSE,TRUE,FALSE,FALSE,FALSE,FALSE,FALSE
-73.96968021,40.78160574,19B-PM-1018-03,PM,Adult,Gray,Ground,FALSE,not,FALSE,FALSE,FALSE,FALSE,FALSE,TRUE,FALSE,FALSE,FALSE,FALSE,FALSE
-73.95256271,40.79386029,38I-PM-1014-02,PM,Adult,Gray,Ground,FALSE,not,TRUE,FALSE,FALSE,FALSE,FALSE,FALSE,FALSE,FALSE,FALSE,FALSE,TRUE
-73.95650266,40.78816091,30I-PM-1006-05,PM,Adult,Gray,Ground,TRUE,not,FALSE,TRUE,FALSE,FALSE,FALSE,FALSE,FALSE,FALSE,FALSE,FALSE,FALSE
-73.96511559,40.79069463,30A-PM-1020-01,PM,Adult,Gray,Ground,FALSE,not,FALSE,FALSE,FALSE,FALSE,FALSE,TRUE,FALSE,FALSE,FALSE,FALSE,TRUE
-73.95359803,40.79811868,42E-PM-1012-01,PM,Adult,Gray,Ground,FALSE,not,FALSE,FALSE,FALSE,FALSE,FALSE,TRUE,FALSE,FALSE,FALSE,FALSE,FALSE
-73.97016305,40.7779554,15D-AM-1007-04,AM,Adult,Gray,Ground,FALSE,not,TRUE,TRUE,FALSE,FALSE,FALSE,FALSE,FALSE,FALSE,FALSE,FALSE,FALSE
-73.97734865,40.77084549,5C-PM-1010-02,PM,Adult,Gray,Ground,FALSE,not,TRUE,FALSE,FALSE,FALSE,FALSE,TRUE,FALSE,FALSE,FALSE,FALSE,FALSE
-73.96102667,40.78175121,23I-PM-1019-03,PM,Adult,Gray,Ground,FALSE,not,FALSE,FALSE,FALSE,FALSE,FALSE,TRUE,FALSE,FALSE,FALSE,FALSE,FALSE
-73.9638312,40.79038267,30B-AM-1007-07,AM,Adult,Gray,Ground,FALSE,not,TRUE,FALSE,FALSE,FALSE,TRUE,TRUE,FALSE,FALSE,FALSE,FALSE,FALSE
-73.95760009,40.79361116,35E-PM-1006-04,PM,Adult,Gray,Ground,FALSE,not,TRUE,TRUE,FALSE,FALSE,FALSE,FALSE,FALSE,FALSE,FALSE,FALSE,FALSE
-73.97726248,40.76928219,4C-PM-1010-05,PM,Adult,Gray,Ground,FALSE,not,FALSE,TRUE,FALSE,FALSE,FALSE,FALSE,FALSE,FALSE,FALSE,FALSE,FALSE
-73.96471513,40.79126811,30A-PM-1020-03,PM,Adult,Gray,Ground,FALSE,not,TRUE,FALSE,FALSE,FALSE,TRUE,FALSE,FALSE,FALSE,FALSE,FALSE,FALSE
-73.95987467,40.79070042,32E-AM-1007-09,AM,Adult,Gray,Ground,TRUE,not,FALSE,FALSE,FALSE,TRUE,FALSE,FALSE,FALSE,FALSE,FALSE,FALSE,FALSE
-73.97300396,40.77306884,9E-PM-1014-03,PM,Adult,Gray,Ground,FALSE,not,FALSE,FALSE,FALSE,FALSE,TRUE,TRUE,FALSE,FALSE,FALSE,FALSE,TRUE
-73.95624426,40.79572855,38E-AM-1010-03,AM,Adult,Gray,Ground,FALSE,not,FALSE,FALSE,FALSE,FALSE,TRUE,TRUE,FALSE,FALSE,FALSE,FALSE,FALSE
-73.97522252,40.77037477,6D-PM-1020-05,PM,Adult,Gray,Ground,TRUE,not,FALSE,FALSE,FALSE,FALSE,FALSE,TRUE,FALSE,FALSE,FALSE,FALSE,FALSE
-73.97361649,40.7725695,8D-PM-1007-04,PM,Adult,Gray,Ground,FALSE,not,FALSE,FALSE,FALSE,FALSE,FALSE,TRUE,FALSE,FALSE,FALSE,FALSE,TRUE
-73.96488316,40.78013264,19G-PM-1017-02,PM,Adult,Gray,Ground,FALSE,not,TRUE,FALSE,FALSE,FALSE,FALSE,FALSE,FALSE,FALSE,FALSE,FALSE,TRUE
-73.95962322,40.79595508,37B-PM-1013-01,PM,Adult,Gray,Ground,FALSE,not,TRUE,TRUE,FALSE,FALSE,FALSE,FALSE,FALSE,FALSE,FALSE,FALSE,FALSE
-73.9651218,40.77611154,15I-PM-1012-01,PM,Adult,Gray,Ground,FALSE,not,FALSE,TRUE,FALSE,FALSE,TRUE,TRUE,FALSE,FALSE,FALSE,FALSE,TRUE
-73.97673175,40.77176005,6B-PM-1017-05,PM,Adult,Gray,Ground,FALSE,not,FALSE,TRUE,TRUE,FALSE,FALSE,TRUE,FALSE,FALSE,FALSE,FALSE,FALSE
-73.96918454,40.77077499,9I-AM-1014-03,AM,Adult,Gray,Ground,TRUE,not,FALSE,FALSE,FALSE,FALSE,FALSE,TRUE,FALSE,FALSE,FALSE,FALSE,FALSE
-73.95975935,40.79375284,35C-AM-1007-04,AM,Adult,Gray,Ground,FALSE,not,TRUE,FALSE,FALSE,FALSE,FALSE,TRUE,FALSE,FALSE,FALSE,FALSE,FALSE
-73.97153759,40.77512121,12D-AM-1013-01,AM,Adult,Gray,Ground,TRUE,not,FALSE,FALSE,FALSE,FALSE,FALSE,TRUE,FALSE,FALSE,FALSE,FALSE,FALSE
-73.95833003,40.7853495,27I-PM-1020-04,PM,Adult,Gray,Ground,FALSE,not,TRUE,TRUE,FALSE,FALSE,FALSE,FALSE,FALSE,FALSE,FALSE,FALSE,FALSE
-73.95501313,40.79540243,38F-AM-1018-05,AM,Adult,Gray,Ground,FALSE,not,TRUE,TRUE,FALSE,FALSE,FALSE,FALSE,FALSE,FALSE,FALSE,FALSE,FALSE
-73.95823634,40.79877523,40B-AM-1019-06,AM,Juvenile,Gray,Ground,FALSE,not,TRUE,FALSE,FALSE,FALSE,FALSE,TRUE,FALSE,FALSE,FALSE,FALSE,FALSE
-73.97877363,40.76761267,2C-AM-1010-01,AM,Adult,Gray,Ground,FALSE,not,FALSE,FALSE,FALSE,FALSE,TRUE,TRUE,FALSE,FALSE,FALSE,FALSE,FALSE
-73.96789237,40.78196756,20C-PM-1018-05,PM,Juvenile,Gray,Ground,TRUE,not,FALSE,TRUE,FALSE,FALSE,FALSE,FALSE,FALSE,FALSE,FALSE,FALSE,FALSE
-73.95461233,40.79414349,37G-PM-1007-05,PM,Adult,Gray,Ground,FALSE,not,FALSE,TRUE,FALSE,FALSE,FALSE,FALSE,FALSE,FALSE,FALSE,FALSE,FALSE
-73.95832018,40.79139387,33F-PM-1012-05,PM,Adult,Gray,Ground,FALSE,not,TRUE,TRUE,FALSE,FALSE,FALSE,TRUE,TRUE,FALSE,FALSE,TRUE,TRUE
-73.95736565,40.79797546,40C-AM-1017-01,AM,Adult,Gray,Ground,FALSE,not,TRUE,FALSE,TRUE,FALSE,FALSE,FALSE,FALSE,FALSE,FALSE,FALSE,FALSE
-73.96733494,40.77732897,16F-PM-1013-01,PM,Adult,Gray,Ground,FALSE,not,TRUE,FALSE,FALSE,FALSE,TRUE,TRUE,FALSE,FALSE,FALSE,FALSE,FALSE
-73.96761133,40.78034824,19E-PM-1018-03,PM,Adult,Gray,Ground,FALSE,not,FALSE,FALSE,FALSE,FALSE,TRUE,FALSE,FALSE,FALSE,FALSE,FALSE,FALSE
-73.95693181,40.79734421,40C-PM-1006-07,PM,Adult,Gray,Ground,FALSE,not,TRUE,TRUE,FALSE,FALSE,FALSE,FALSE,FALSE,FALSE,FALSE,FALSE,FALSE
-73.96233564,40.78886938,29D-AM-1014-05,AM,Adult,Gray,Ground,TRUE,not,FALSE,FALSE,FALSE,FALSE,FALSE,TRUE,FALSE,FALSE,FALSE,FALSE,FALSE
-73.96724134,40.78381161,22C-PM-1006-03,PM,Adult,Gray,Ground,FALSE,not,FALSE,TRUE,FALSE,FALSE,FALSE,FALSE,FALSE,FALSE,FALSE,FALSE,FALSE
-73.97097382,40.77741027,14D-PM-1019-08,PM,Adult,Gray,Ground,FALSE,not,FALSE,FALSE,FALSE,TRUE,FALSE,FALSE,FALSE,FALSE,FALSE,FALSE,FALSE
-73.96775009,40.7726061,11I-AM-1012-01,AM,Adult,Gray,Ground,FALSE,not,TRUE,FALSE,FALSE,FALSE,TRUE,FALSE,FALSE,FALSE,FALSE,FALSE,TRUE
-73.97489434,40.77039926,6E-AM-1014-01,AM,Juvenile,Gray,Ground,FALSE,not,FALSE,FALSE,FALSE,FALSE,FALSE,TRUE,FALSE,FALSE,FALSE,FALSE,FALSE
-73.96975832,40.77873204,16D-AM-1007-05,AM,Adult,Gray,Ground,FALSE,not,TRUE,TRUE,FALSE,FALSE,FALSE,FALSE,FALSE,FALSE,FALSE,FALSE,FALSE
-73.9801139,40.76857215,2B-PM-1013-02,PM,Adult,Gray,Ground,FALSE,not,FALSE,FALSE,FALSE,FALSE,FALSE,TRUE,FALSE,FALSE,FALSE,FALSE,FALSE
-73.95836886,40.79138896,33E-PM-1012-08,PM,Adult,Gray,Ground,FALSE,not,FALSE,TRUE,TRUE,FALSE,FALSE,FALSE,FALSE,FALSE,FALSE,FALSE,FALSE
-73.9735195,40.77871473,14A-AM-1014-02,AM,Adult,Gray,Ground,FALSE,not,FALSE,FALSE,FALSE,TRUE,FALSE,TRUE,FALSE,FALSE,FALSE,FALSE,TRUE
-73.96527465,40.78093268,20F-PM-1007-07,PM,Adult,Gray,Ground,FALSE,not,TRUE,TRUE,FALSE,FALSE,FALSE,FALSE,FALSE,FALSE,FALSE,TRUE,FALSE
-73.96207194,40.78863745,29D-PM-1010-02,PM,Adult,Gray,Ground,FALSE,not,TRUE,FALSE,FALSE,FALSE,TRUE,FALSE,FALSE,FALSE,FALSE,FALSE,TRUE
-73.97485228,40.77195866,7D-PM-1010-01,PM,Adult,Gray,Ground,FALSE,not,FALSE,TRUE,FALSE,FALSE,FALSE,FALSE,FALSE,FALSE,FALSE,FALSE,FALSE
-73.95978455,40.79061793,32E-AM-1007-11,AM,Adult,Gray,Ground,FALSE,not,FALSE,FALSE,TRUE,FALSE,FALSE,FALSE,FALSE,FALSE,FALSE,FALSE,FALSE
-73.9668922,40.78235357,21D-AM-1008-06,AM,Adult,Gray,Ground,FALSE,not,TRUE,FALSE,FALSE,FALSE,FALSE,TRUE,FALSE,FALSE,FALSE,FALSE,FALSE
-73.96977877,40.77817462,16D-PM-1010-05,PM,Adult,Gray,Ground,FALSE,not,TRUE,TRUE,FALSE,FALSE,FALSE,TRUE,FALSE,FALSE,FALSE,FALSE,FALSE
-73.97857092,40.76743919,2C-PM-1013-02,PM,Adult,Gray,Ground,FALSE,not,FALSE,FALSE,TRUE,FALSE,FALSE,FALSE,FALSE,FALSE,FALSE,FALSE,FALSE
-73.95890164,40.79117277,33E-PM-1012-03,PM,Adult,Gray,Ground,FALSE,not,FALSE,FALSE,FALSE,FALSE,FALSE,TRUE,FALSE,FALSE,FALSE,FALSE,FALSE
-73.97339443,40.77229335,8E-PM-1008-03,PM,Adult,Gray,Ground,TRUE,not,FALSE,FALSE,FALSE,FALSE,TRUE,TRUE,FALSE,FALSE,FALSE,FALSE,FALSE
-73.9709991,40.77257567,10F-PM-1019-03,PM,Juvenile,Gray,Ground,TRUE,not,FALSE,FALSE,FALSE,FALSE,TRUE,FALSE,FALSE,FALSE,FALSE,FALSE,FALSE
-73.95693754,40.7935398,36E-AM-1013-02,AM,Adult,Gray,Ground,FALSE,not,TRUE,TRUE,FALSE,FALSE,TRUE,FALSE,FALSE,FALSE,FALSE,FALSE,FALSE
-73.96739495,40.78262185,21D-AM-1008-04,AM,Adult,Gray,Ground,FALSE,not,TRUE,TRUE,FALSE,FALSE,FALSE,FALSE,FALSE,FALSE,FALSE,FALSE,TRUE
-73.95696709,40.79487929,37E-PM-1006-03,PM,Adult,Gray,Ground,FALSE,not,TRUE,TRUE,FALSE,FALSE,FALSE,FALSE,FALSE,FALSE,FALSE,FALSE,FALSE
-73.9671534,40.78108498,20D-AM-1007-02,AM,Adult,Gray,Ground,FALSE,not,FALSE,FALSE,FALSE,FALSE,FALSE,TRUE,FALSE,FALSE,FALSE,FALSE,TRUE
-73.96142184,40.79389451,34B-AM-1013-01,AM,Adult,Gray,Ground,TRUE,not,FALSE,TRUE,FALSE,FALSE,FALSE,TRUE,FALSE,FALSE,FALSE,FALSE,TRUE
-73.96119858,40.79160482,32C-AM-1014-06,AM,Adult,Gray,Ground,FALSE,not,TRUE,TRUE,FALSE,FALSE,FALSE,TRUE,FALSE,FALSE,FALSE,FALSE,FALSE
-73.95860859,40.79903268,40A-PM-1014-04,PM,Adult,Gray,Ground,FALSE,not,TRUE,TRUE,FALSE,FALSE,FALSE,FALSE,FALSE,FALSE,FALSE,FALSE,FALSE
-73.95763251,40.79884487,41B-AM-1010-04,AM,Adult,Gray,Ground,FALSE,not,FALSE,FALSE,FALSE,FALSE,FALSE,TRUE,FALSE,FALSE,FALSE,FALSE,FALSE
-73.97681733,40.76612618,1F-PM-1019-01,PM,Adult,Gray,Ground,FALSE,not,TRUE,FALSE,FALSE,FALSE,FALSE,TRUE,FALSE,FALSE,FALSE,FALSE,FALSE
-73.96890691,40.78162783,19C-PM-1018-07,PM,Juvenile,Gray,Ground,FALSE,not,FALSE,TRUE,FALSE,TRUE,FALSE,FALSE,FALSE,FALSE,FALSE,FALSE,FALSE
-73.9736997,40.77849795,14A-PM-1014-02,PM,Adult,Gray,Ground,FALSE,not,TRUE,TRUE,FALSE,FALSE,FALSE,FALSE,FALSE,FALSE,FALSE,FALSE,FALSE
-73.96801719,40.77246444,11I-PM-1012-07,PM,Juvenile,Gray,Ground,FALSE,not,FALSE,FALSE,FALSE,FALSE,FALSE,TRUE,FALSE,FALSE,FALSE,FALSE,FALSE
-73.9765867,40.76743043,2E-PM-1014-01,PM,Adult,Gray,Ground,TRUE,not,FALSE,FALSE,FALSE,FALSE,FALSE,TRUE,FALSE,FALSE,FALSE,FALSE,TRUE
-73.9646174,40.77812875,18H-AM-1018-01,AM,Adult,Gray,Ground,FALSE,not,FALSE,TRUE,TRUE,FALSE,FALSE,FALSE,FALSE,FALSE,FALSE,FALSE,FALSE
-73.97678497,40.76856652,3D-PM-1010-04,PM,Adult,Gray,Ground,FALSE,not,FALSE,FALSE,FALSE,FALSE,FALSE,TRUE,FALSE,FALSE,FALSE,FALSE,FALSE
-73.95769736,40.79975769,42A-PM-1014-01,PM,Adult,Gray,Ground,FALSE,not,FALSE,TRUE,FALSE,FALSE,FALSE,TRUE,FALSE,FALSE,FALSE,FALSE,FALSE
-73.96745869,40.77699225,15G-AM-1008-02,AM,Adult,Gray,Ground,FALSE,not,TRUE,TRUE,FALSE,FALSE,FALSE,FALSE,FALSE,FALSE,FALSE,FALSE,FALSE
-73.97568708,40.77336468,9B-AM-1010-09,AM,Adult,Gray,Ground,FALSE,not,FALSE,TRUE,FALSE,FALSE,TRUE,FALSE,FALSE,FALSE,FALSE,FALSE,FALSE
-73.96916922,40.77253305,10H-PM-1007-02,PM,Adult,Gray,Ground,FALSE,not,FALSE,FALSE,FALSE,FALSE,FALSE,TRUE,FALSE,FALSE,FALSE,FALSE,TRUE
-73.96786208,40.78471903,23B-PM-1012-03,PM,Adult,Gray,Ground,FALSE,not,TRUE,FALSE,TRUE,FALSE,FALSE,TRUE,FALSE,FALSE,FALSE,FALSE,TRUE
-73.97097975,40.77690957,14D-AM-1014-07,AM,Adult,Gray,Ground,TRUE,not,FALSE,FALSE,FALSE,FALSE,FALSE,TRUE,FALSE,FALSE,FALSE,FALSE,FALSE
-73.97719249,40.76667227,1E-PM-1007-01,PM,Adult,Gray,Ground,TRUE,not,FALSE,FALSE,FALSE,FALSE,FALSE,TRUE,FALSE,FALSE,FALSE,FALSE,FALSE
-73.97166211,40.77428622,11E-AM-1013-01,AM,Adult,Gray,Ground,FALSE,not,TRUE,FALSE,FALSE,TRUE,TRUE,FALSE,FALSE,FALSE,FALSE,FALSE,FALSE
-73.95336458,40.79837092,42F-AM-1019-01,AM,Adult,Gray,Ground,FALSE,not,TRUE,FALSE,FALSE,FALSE,FALSE,FALSE,FALSE,FALSE,FALSE,FALSE,TRUE
-73.97191949,40.7748001,11D-AM-1010-04,AM,Adult,Gray,Ground,FALSE,not,FALSE,FALSE,FALSE,FALSE,TRUE,TRUE,FALSE,FALSE,FALSE,FALSE,TRUE
-73.96573855,40.78869627,27B-PM-1006-01,PM,Adult,Gray,Ground,FALSE,not,TRUE,FALSE,FALSE,FALSE,TRUE,TRUE,FALSE,FALSE,FALSE,FALSE,FALSE
-73.95621773,40.79834133,41C-PM-1007-03,PM,Adult,Gray,Ground,FALSE,not,FALSE,TRUE,FALSE,FALSE,FALSE,FALSE,FALSE,FALSE,FALSE,FALSE,FALSE
-73.98003374,40.76836083,2B-PM-1013-04,PM,Adult,Gray,Ground,FALSE,not,FALSE,FALSE,FALSE,FALSE,FALSE,FALSE,FALSE,FALSE,FALSE,FALSE,FALSE
-73.95647774,40.79930684,42C-AM-1007-01,AM,Adult,Gray,Ground,FALSE,not,TRUE,FALSE,FALSE,FALSE,FALSE,FALSE,FALSE,FALSE,FALSE,FALSE,FALSE
-73.97273104,40.77870168,15B-PM-1017-02,PM,Adult,Gray,Ground,FALSE,not,TRUE,FALSE,FALSE,TRUE,TRUE,TRUE,FALSE,FALSE,FALSE,FALSE,FALSE
-73.9632301,40.79257072,32A-PM-1013-06,PM,Juvenile,Gray,Ground,FALSE,not,TRUE,TRUE,FALSE,FALSE,FALSE,FALSE,FALSE,FALSE,FALSE,FALSE,FALSE
-73.97883791,40.76838966,2C-PM-1013-06,PM,Adult,Gray,Ground,TRUE,not,FALSE,FALSE,FALSE,FALSE,FALSE,TRUE,FALSE,FALSE,FALSE,FALSE,TRUE
-73.96887733,40.77666699,15F-AM-1007-05,AM,Adult,Gray,Ground,FALSE,not,TRUE,TRUE,TRUE,FALSE,FALSE,FALSE,FALSE,FALSE,FALSE,FALSE,FALSE
-73.95731198,40.78753479,30H-AM-1007-02,AM,Adult,Gray,Ground,FALSE,not,FALSE,FALSE,FALSE,FALSE,TRUE,FALSE,FALSE,FALSE,FALSE,FALSE,TRUE
-73.97695202,40.77400673,9A-AM-1013-01,AM,Adult,Gray,Ground,FALSE,not,TRUE,TRUE,FALSE,FALSE,FALSE,FALSE,FALSE,FALSE,FALSE,FALSE,FALSE
-73.96132768,40.7943814,35B-PM-1013-03,PM,Adult,Gray,Ground,FALSE,not,TRUE,TRUE,FALSE,FALSE,FALSE,TRUE,FALSE,FALSE,FALSE,FALSE,FALSE
-73.95513706,40.79464655,38F-AM-1018-06,AM,Adult,Gray,Ground,FALSE,not,TRUE,FALSE,FALSE,FALSE,FALSE,FALSE,FALSE,FALSE,FALSE,FALSE,FALSE
-73.95942046,40.79059238,32E-PM-1017-11,PM,Adult,Gray,Ground,FALSE,not,FALSE,FALSE,FALSE,FALSE,TRUE,TRUE,FALSE,FALSE,FALSE,FALSE,FALSE
-73.9588415,40.79535255,37C-AM-1012-01,AM,Adult,Gray,Ground,FALSE,not,TRUE,FALSE,FALSE,FALSE,FALSE,TRUE,FALSE,FALSE,FALSE,FALSE,FALSE
-73.97085642,40.772622,10F-PM-1019-09,PM,Adult,Gray,Ground,FALSE,not,TRUE,TRUE,FALSE,FALSE,FALSE,TRUE,FALSE,FALSE,FALSE,FALSE,FALSE
-73.97214977,40.77161602,8F-PM-1012-02,PM,Adult,Gray,Ground,FALSE,not,FALSE,TRUE,FALSE,FALSE,FALSE,FALSE,FALSE,FALSE,FALSE,FALSE,FALSE
-73.97858295,40.77196523,6A-PM-1012-02,PM,Adult,Gray,Ground,FALSE,not,FALSE,TRUE,TRUE,TRUE,FALSE,FALSE,FALSE,FALSE,FALSE,FALSE,FALSE
-73.95871385,40.79639181,38C-PM-1014-02,PM,Adult,Gray,Ground,FALSE,not,FALSE,FALSE,FALSE,FALSE,TRUE,TRUE,FALSE,FALSE,FALSE,FALSE,FALSE
-73.95837621,40.78522261,27I-PM-1020-03,PM,Adult,Gray,Ground,TRUE,not,FALSE,FALSE,FALSE,FALSE,FALSE,FALSE,FALSE,FALSE,FALSE,FALSE,FALSE
-73.97682685,40.7714608,6B-PM-1017-02,PM,Adult,Gray,Ground,FALSE,not,FALSE,FALSE,FALSE,FALSE,FALSE,TRUE,FALSE,FALSE,FALSE,FALSE,FALSE
-73.95883617,40.79111523,33E-PM-1012-02,PM,Adult,Gray,Ground,FALSE,not,TRUE,FALSE,FALSE,FALSE,FALSE,TRUE,FALSE,FALSE,FALSE,FALSE,FALSE
-73.97081755,40.77592286,13E-AM-1017-10,AM,Adult,Gray,Ground,FALSE,not,FALSE,FALSE,FALSE,FALSE,FALSE,TRUE,FALSE,FALSE,FALSE,FALSE,FALSE
-73.95886898,40.79923841,40A-PM-1014-03,PM,Adult,Gray,Ground,FALSE,not,TRUE,TRUE,FALSE,FALSE,FALSE,FALSE,FALSE,FALSE,FALSE,FALSE,FALSE
-73.96830666,40.77812139,16E-PM-1018-03,PM,Adult,Gray,Ground,FALSE,not,TRUE,TRUE,FALSE,FALSE,FALSE,FALSE,FALSE,FALSE,FALSE,FALSE,FALSE
-73.97355288,40.77156382,7E-PM-1013-01,PM,Adult,Gray,Ground,FALSE,not,TRUE,TRUE,FALSE,TRUE,TRUE,TRUE,FALSE,FALSE,FALSE,FALSE,FALSE
-73.9790204,40.76888371,3B-AM-1010-02,AM,Juvenile,Gray,Ground,FALSE,not,TRUE,TRUE,FALSE,FALSE,FALSE,FALSE,FALSE,FALSE,FALSE,FALSE,FALSE
-73.97556434,40.76975691,5E-PM-1012-03,PM,Adult,Gray,Ground,TRUE,not,FALSE,FALSE,FALSE,FALSE,TRUE,TRUE,FALSE,FALSE,FALSE,FALSE,FALSE
-73.9630055,40.79052251,30C-PM-1008-01,PM,Adult,Gray,Ground,FALSE,not,FALSE,FALSE,FALSE,FALSE,TRUE,TRUE,FALSE,FALSE,FALSE,FALSE,FALSE
-73.96572032,40.77517301,14I-PM-1018-02,PM,Juvenile,Gray,Ground,FALSE,not,TRUE,FALSE,FALSE,FALSE,FALSE,TRUE,FALSE,FALSE,FALSE,FALSE,FALSE
-73.95459121,40.79483018,38F-PM-1013-06,PM,Juvenile,Gray,Ground,FALSE,not,FALSE,FALSE,FALSE,FALSE,FALSE,TRUE,FALSE,FALSE,FALSE,FALSE,FALSE
-73.97208713,40.77623727,13C-AM-1010-01,AM,Adult,Gray,Ground,FALSE,not,TRUE,FALSE,FALSE,TRUE,FALSE,FALSE,FALSE,FALSE,FALSE,FALSE,FALSE
-73.96198561,40.79195165,32C-PM-1013-08,PM,Juvenile,Gray,Ground,FALSE,not,FALSE,FALSE,FALSE,FALSE,FALSE,TRUE,FALSE,FALSE,FALSE,FALSE,FALSE
-73.96953216,40.78226166,20B-PM-1013-01,PM,Adult,Gray,Ground,FALSE,not,FALSE,FALSE,FALSE,FALSE,FALSE,TRUE,FALSE,FALSE,FALSE,FALSE,FALSE
-73.95874591,40.79824974,40B-PM-1014-05,PM,Adult,Gray,Ground,FALSE,not,TRUE,FALSE,FALSE,FALSE,FALSE,TRUE,FALSE,FALSE,FALSE,FALSE,FALSE
-73.96659049,40.78024691,19E-PM-1018-02,PM,Adult,Gray,Ground,FALSE,not,FALSE,TRUE,FALSE,TRUE,FALSE,FALSE,FALSE,FALSE,FALSE,TRUE,FALSE
-73.96193041,40.79204517,32C-PM-1013-10,PM,Adult,Gray,Ground,FALSE,not,FALSE,FALSE,FALSE,FALSE,FALSE,TRUE,FALSE,FALSE,FALSE,FALSE,FALSE
-73.95227045,40.79656689,41G-AM-1013-01,AM,Adult,Gray,Ground,FALSE,not,TRUE,FALSE,FALSE,FALSE,TRUE,TRUE,FALSE,FALSE,FALSE,FALSE,FALSE
-73.95698966,40.79119145,33G-PM-1006-02,PM,Adult,Gray,Ground,FALSE,not,FALSE,TRUE,FALSE,FALSE,FALSE,FALSE,FALSE,FALSE,FALSE,FALSE,FALSE
-73.9695175,40.78207413,20B-PM-1013-02,PM,Adult,Gray,Ground,FALSE,not,FALSE,FALSE,FALSE,FALSE,FALSE,TRUE,FALSE,FALSE,FALSE,FALSE,FALSE
-73.95968202,40.79328868,34D-PM-1007-03,PM,Adult,Gray,Ground,FALSE,not,TRUE,FALSE,FALSE,FALSE,TRUE,FALSE,FALSE,FALSE,FALSE,FALSE,TRUE
-73.9736489,40.77121434,7E-AM-1006-04,AM,Adult,Gray,Ground,FALSE,not,FALSE,FALSE,FALSE,FALSE,TRUE,FALSE,FALSE,FALSE,FALSE,FALSE,FALSE
-73.96197865,40.79198763,32C-PM-1013-09,PM,Juvenile,Gray,Ground,FALSE,not,FALSE,FALSE,FALSE,FALSE,FALSE,TRUE,FALSE,FALSE,FALSE,FALSE,FALSE
-73.97139684,40.77403902,11E-PM-1012-03,PM,Adult,Gray,Ground,FALSE,not,TRUE,FALSE,FALSE,FALSE,FALSE,TRUE,FALSE,FALSE,FALSE,FALSE,FALSE
-73.97142951,40.77695437,14D-PM-1019-02,PM,Adult,Gray,Ground,FALSE,not,FALSE,FALSE,TRUE,FALSE,FALSE,FALSE,FALSE,FALSE,FALSE,FALSE,FALSE
-73.95845615,40.79112112,33F-PM-1012-02,PM,Adult,Gray,Ground,FALSE,not,FALSE,FALSE,FALSE,TRUE,TRUE,TRUE,FALSE,FALSE,FALSE,FALSE,TRUE
-73.97427595,40.77547239,11B-AM-1007-02,AM,Adult,Gray,Ground,FALSE,not,FALSE,FALSE,TRUE,FALSE,FALSE,FALSE,FALSE,FALSE,FALSE,FALSE,FALSE
-73.97675903,40.77175618,6B-PM-1017-07,PM,Adult,Gray,Ground,FALSE,not,FALSE,TRUE,TRUE,FALSE,FALSE,TRUE,FALSE,FALSE,FALSE,FALSE,FALSE
-73.96472194,40.78120844,20F-PM-1007-03,PM,Adult,Gray,Ground,FALSE,not,FALSE,FALSE,FALSE,FALSE,FALSE,TRUE,FALSE,FALSE,FALSE,FALSE,FALSE
-73.95894751,40.79348469,35D-PM-1013-06,PM,Adult,Gray,Ground,FALSE,not,TRUE,FALSE,FALSE,TRUE,FALSE,FALSE,FALSE,FALSE,FALSE,FALSE,FALSE
-73.95482071,40.79469918,38F-PM-1013-04,PM,Juvenile,Gray,Ground,FALSE,not,FALSE,FALSE,FALSE,FALSE,FALSE,TRUE,FALSE,FALSE,FALSE,FALSE,FALSE
-73.97438779,40.77547061,11B-AM-1007-03,AM,Adult,Gray,Ground,FALSE,not,FALSE,FALSE,TRUE,FALSE,FALSE,FALSE,FALSE,FALSE,FALSE,FALSE,FALSE
-73.96756976,40.77667974,15G-PM-1019-06,PM,Adult,Gray,Ground,FALSE,not,FALSE,FALSE,FALSE,FALSE,FALSE,TRUE,FALSE,FALSE,FALSE,FALSE,FALSE
-73.98002715,40.77025542,4A-PM-1007-06,PM,Adult,Gray,Ground,FALSE,not,FALSE,FALSE,FALSE,FALSE,FALSE,TRUE,FALSE,FALSE,FALSE,FALSE,TRUE
-73.96951503,40.78261352,20B-PM-1013-04,PM,Adult,Gray,Ground,FALSE,not,FALSE,FALSE,FALSE,FALSE,FALSE,TRUE,FALSE,FALSE,FALSE,FALSE,TRUE
-73.9744368,40.7674282,3G-PM-1013-03,PM,Adult,Gray,Ground,FALSE,not,TRUE,FALSE,FALSE,TRUE,FALSE,FALSE,FALSE,FALSE,FALSE,FALSE,FALSE
-73.96850873,40.77790681,16E-AM-1014-01,AM,Adult,Gray,Ground,TRUE,not,FALSE,FALSE,FALSE,FALSE,FALSE,FALSE,FALSE,FALSE,FALSE,FALSE,FALSE
-73.95790971,40.79722734,39C-AM-1017-03,AM,Adult,Gray,Ground,FALSE,not,TRUE,FALSE,FALSE,FALSE,FALSE,TRUE,FALSE,FALSE,FALSE,FALSE,FALSE
-73.97136808,40.77716615,14D-PM-1019-03,PM,Juvenile,Gray,Ground,FALSE,not,TRUE,FALSE,FALSE,FALSE,FALSE,TRUE,FALSE,FALSE,FALSE,FALSE,FALSE
-73.96602674,40.7764444,16H-AM-1007-01,AM,Adult,Gray,Ground,FALSE,not,FALSE,TRUE,FALSE,FALSE,FALSE,FALSE,FALSE,FALSE,FALSE,FALSE,FALSE
-73.97013881,40.7705793,8H-PM-1014-02,PM,Adult,Gray,Ground,FALSE,not,FALSE,FALSE,FALSE,FALSE,TRUE,FALSE,FALSE,FALSE,FALSE,FALSE,FALSE
-73.96398284,40.7910152,30B-PM-1019-09,PM,Adult,Gray,Ground,FALSE,not,TRUE,FALSE,FALSE,FALSE,FALSE,TRUE,FALSE,FALSE,FALSE,FALSE,FALSE
-73.96156437,40.79446784,35B-PM-1013-06,PM,Adult,Gray,Ground,FALSE,not,TRUE,TRUE,FALSE,TRUE,FALSE,FALSE,TRUE,FALSE,FALSE,FALSE,FALSE
-73.97099623,40.77155407,9G-PM-1007-02,PM,Adult,Gray,Ground,FALSE,not,FALSE,TRUE,FALSE,FALSE,FALSE,TRUE,FALSE,FALSE,FALSE,FALSE,FALSE
-73.97086403,40.77817211,15C-AM-1010-01,AM,Adult,Gray,Ground,FALSE,not,TRUE,FALSE,FALSE,FALSE,FALSE,TRUE,FALSE,FALSE,FALSE,FALSE,FALSE
-73.97442267,40.77556257,11B-AM-1007-04,AM,Adult,Gray,Ground,FALSE,not,FALSE,FALSE,FALSE,FALSE,TRUE,TRUE,FALSE,FALSE,FALSE,FALSE,FALSE
-73.96954682,40.78211421,20B-PM-1013-03,PM,Adult,Gray,Ground,FALSE,not,FALSE,FALSE,FALSE,FALSE,FALSE,TRUE,FALSE,FALSE,FALSE,FALSE,FALSE
-73.97357534,40.76870614,5G-PM-1010-04,PM,Adult,Gray,Ground,TRUE,not,FALSE,FALSE,FALSE,FALSE,TRUE,FALSE,FALSE,FALSE,FALSE,FALSE,FALSE
-73.97717268,40.77323208,8A-AM-1013-01,AM,Adult,Gray,Ground,FALSE,not,TRUE,TRUE,FALSE,FALSE,FALSE,TRUE,FALSE,FALSE,FALSE,FALSE,FALSE
-73.95685248,40.7974665,40C-PM-1006-06,PM,Juvenile,Gray,Ground,TRUE,not,FALSE,FALSE,FALSE,FALSE,FALSE,TRUE,FALSE,FALSE,FALSE,FALSE,FALSE
-73.95901918,40.7906167,32E-PM-1017-08,PM,Adult,Gray,Ground,FALSE,not,TRUE,FALSE,FALSE,FALSE,TRUE,TRUE,FALSE,FALSE,FALSE,FALSE,FALSE
-73.97297866,40.77782386,14B-AM-1007-01,AM,Adult,Gray,Ground,FALSE,not,TRUE,FALSE,FALSE,FALSE,FALSE,TRUE,FALSE,FALSE,FALSE,FALSE,FALSE
-73.97063044,40.77710606,14D-PM-1019-14,PM,Adult,Gray,Ground,FALSE,not,FALSE,FALSE,FALSE,FALSE,FALSE,TRUE,FALSE,FALSE,FALSE,FALSE,FALSE
-73.95445537,40.79128662,34I-AM-1012-01,AM,Adult,Gray,Ground,FALSE,not,FALSE,FALSE,FALSE,FALSE,TRUE,FALSE,FALSE,FALSE,FALSE,FALSE,FALSE
-73.97548229,40.77177669,7C-PM-1020-01,PM,Adult,Gray,Ground,FALSE,not,FALSE,FALSE,FALSE,FALSE,TRUE,FALSE,FALSE,FALSE,FALSE,FALSE,FALSE
-73.96051637,40.791418,32D-PM-1006-05,PM,Juvenile,Gray,Ground,FALSE,not,TRUE,TRUE,FALSE,TRUE,TRUE,FALSE,FALSE,FALSE,FALSE,FALSE,TRUE
-73.97133799,40.76963676,7H-PM-1006-01,PM,Adult,Gray,Ground,TRUE,not,FALSE,FALSE,FALSE,FALSE,TRUE,TRUE,FALSE,FALSE,FALSE,FALSE,TRUE
-73.97346052,40.76862189,5G-PM-1010-02,PM,Adult,Gray,Ground,FALSE,not,TRUE,FALSE,FALSE,FALSE,TRUE,TRUE,FALSE,FALSE,FALSE,FALSE,FALSE
-73.95642282,40.79369089,36F-PM-1012-06,PM,Adult,Gray,Ground,FALSE,not,FALSE,FALSE,FALSE,FALSE,FALSE,FALSE,FALSE,FALSE,FALSE,FALSE,FALSE
-73.95795158,40.79612547,38C-PM-1014-04,PM,Adult,Gray,Ground,FALSE,not,TRUE,TRUE,FALSE,FALSE,TRUE,FALSE,FALSE,FALSE,FALSE,TRUE,FALSE
-73.95969047,40.78972,31E-AM-1014-01,AM,Adult,Gray,Ground,FALSE,not,TRUE,TRUE,FALSE,FALSE,FALSE,FALSE,FALSE,FALSE,FALSE,FALSE,FALSE
-73.97063085,40.76961749,7H-PM-1006-10,PM,Adult,Gray,Ground,FALSE,not,FALSE,FALSE,FALSE,FALSE,FALSE,TRUE,FALSE,FALSE,FALSE,FALSE,FALSE
-73.97704391,40.76857201,3D-PM-1010-13,PM,Adult,Gray,Ground,FALSE,not,FALSE,TRUE,FALSE,FALSE,FALSE,FALSE,FALSE,FALSE,FALSE,FALSE,FALSE
-73.97761511,40.76946816,4C-PM-1010-09,PM,Adult,Gray,Ground,FALSE,not,FALSE,FALSE,TRUE,FALSE,FALSE,TRUE,FALSE,FALSE,FALSE,FALSE,FALSE
-73.96889167,40.77670015,15F-AM-1007-06,AM,Adult,Gray,Ground,FALSE,not,TRUE,TRUE,FALSE,FALSE,FALSE,FALSE,FALSE,FALSE,FALSE,FALSE,FALSE
-73.9693719,40.77687102,14E-PM-1017-02,PM,Adult,Gray,Ground,FALSE,not,FALSE,FALSE,FALSE,FALSE,FALSE,TRUE,FALSE,FALSE,FALSE,FALSE,FALSE
-73.97754454,40.76970965,4C-PM-1010-13,PM,Adult,Gray,Ground,FALSE,not,FALSE,TRUE,FALSE,FALSE,FALSE,TRUE,FALSE,FALSE,FALSE,FALSE,FALSE
-73.96591561,40.78107098,20E-AM-1014-01,AM,Adult,Gray,Ground,FALSE,not,FALSE,TRUE,FALSE,FALSE,TRUE,TRUE,FALSE,FALSE,FALSE,FALSE,TRUE
-73.9723996,40.77887651,15B-PM-1017-04,PM,Adult,Gray,Ground,FALSE,not,FALSE,FALSE,FALSE,FALSE,FALSE,TRUE,FALSE,FALSE,FALSE,FALSE,FALSE
-73.96902122,40.78340994,21B-PM-1017-05,PM,Juvenile,Gray,Ground,FALSE,not,FALSE,TRUE,FALSE,FALSE,FALSE,FALSE,FALSE,FALSE,FALSE,FALSE,FALSE
-73.97086289,40.77256309,10F-PM-1019-08,PM,Adult,Gray,Ground,FALSE,not,TRUE,TRUE,FALSE,FALSE,FALSE,TRUE,FALSE,FALSE,FALSE,FALSE,FALSE
-73.95486485,40.79467309,38F-PM-1013-03,PM,Juvenile,Gray,Ground,FALSE,not,FALSE,FALSE,FALSE,FALSE,FALSE,TRUE,FALSE,FALSE,FALSE,FALSE,FALSE
-73.96159008,40.79454313,35A-PM-1013-07,PM,Adult,Gray,Ground,FALSE,not,FALSE,FALSE,FALSE,FALSE,FALSE,TRUE,FALSE,FALSE,FALSE,FALSE,FALSE
-73.9768868,40.7734804,8B-PM-1012-01,PM,Adult,Gray,Ground,FALSE,not,TRUE,TRUE,FALSE,FALSE,FALSE,TRUE,FALSE,FALSE,FALSE,FALSE,FALSE
-73.96928491,40.77087551,9H-PM-1018-06,PM,Adult,Gray,Ground,FALSE,not,FALSE,TRUE,TRUE,FALSE,FALSE,FALSE,FALSE,FALSE,FALSE,FALSE,FALSE
-73.95629469,40.7938593,36F-AM-1017-01,AM,Adult,Gray,Ground,FALSE,not,TRUE,TRUE,FALSE,FALSE,FALSE,FALSE,FALSE,FALSE,FALSE,FALSE,FALSE
-73.96880716,40.78120182,19C-PM-1018-02,PM,Adult,Gray,Ground,FALSE,not,FALSE,FALSE,FALSE,FALSE,FALSE,TRUE,FALSE,FALSE,FALSE,FALSE,FALSE
-73.97110013,40.77874661,15C-PM-1017-01,PM,Adult,Gray,Ground,FALSE,not,TRUE,TRUE,FALSE,FALSE,TRUE,TRUE,FALSE,FALSE,FALSE,FALSE,FALSE
-73.95502356,40.79513124,38F-AM-1018-03,AM,Adult,Gray,Ground,FALSE,not,TRUE,TRUE,FALSE,FALSE,FALSE,FALSE,FALSE,FALSE,FALSE,FALSE,FALSE
-73.97106749,40.77787575,15D-PM-1017-06,PM,Adult,Gray,Ground,FALSE,not,FALSE,FALSE,FALSE,FALSE,FALSE,FALSE,FALSE,FALSE,FALSE,FALSE,FALSE
-73.97912175,40.76765835,2C-AM-1010-05,AM,Adult,Gray,Ground,FALSE,not,FALSE,FALSE,FALSE,FALSE,TRUE,TRUE,FALSE,FALSE,FALSE,FALSE,FALSE
-73.96901744,40.78176177,19C-PM-1018-05,PM,Adult,Gray,Ground,TRUE,not,FALSE,TRUE,FALSE,FALSE,FALSE,FALSE,FALSE,FALSE,FALSE,FALSE,FALSE
-73.95779194,40.79608533,38C-PM-1014-08,PM,Adult,Gray,Ground,FALSE,not,TRUE,TRUE,FALSE,FALSE,FALSE,TRUE,TRUE,FALSE,FALSE,FALSE,FALSE
-73.9628843,40.79380486,34A-PM-1013-01,PM,Adult,Gray,Ground,FALSE,not,FALSE,FALSE,FALSE,FALSE,TRUE,TRUE,FALSE,FALSE,FALSE,FALSE,FALSE
-73.97102731,40.77665212,14D-PM-1019-16,PM,Adult,Gray,Ground,FALSE,not,FALSE,TRUE,FALSE,FALSE,FALSE,FALSE,FALSE,FALSE,FALSE,FALSE,FALSE
-73.96180941,40.79440974,35A-PM-1013-03,PM,Adult,Gray,Ground,FALSE,not,TRUE,TRUE,FALSE,FALSE,TRUE,TRUE,FALSE,FALSE,FALSE,FALSE,FALSE
-73.95305878,40.79190873,36I-PM-1007-03,PM,Adult,Gray,Ground,FALSE,not,FALSE,FALSE,FALSE,FALSE,FALSE,TRUE,FALSE,FALSE,FALSE,FALSE,FALSE
-73.9606426,40.79172654,32D-PM-1006-08,PM,Juvenile,Gray,Ground,FALSE,not,FALSE,FALSE,FALSE,FALSE,TRUE,FALSE,FALSE,FALSE,FALSE,FALSE,TRUE
-73.96900823,40.77389939,12G-AM-1012-05,AM,Adult,Gray,Ground,FALSE,not,TRUE,FALSE,TRUE,FALSE,FALSE,FALSE,TRUE,FALSE,FALSE,FALSE,FALSE
-73.96918018,40.77092724,9I-AM-1014-04,AM,Adult,Gray,Ground,FALSE,not,FALSE,FALSE,FALSE,FALSE,FALSE,TRUE,FALSE,FALSE,FALSE,FALSE,FALSE
-73.95458777,40.79000012,33I-PM-1006-01,PM,Adult,Gray,Ground,FALSE,not,FALSE,FALSE,FALSE,FALSE,FALSE,TRUE,FALSE,FALSE,FALSE,FALSE,FALSE
-73.95871796,40.79921196,41A-PM-1007-01,PM,Adult,Gray,Ground,FALSE,not,FALSE,TRUE,FALSE,FALSE,FALSE,FALSE,FALSE,FALSE,FALSE,FALSE,FALSE
-73.972967,40.77118484,7F-AM-1008-17,AM,Adult,Gray,Ground,FALSE,not,TRUE,FALSE,FALSE,FALSE,FALSE,TRUE,FALSE,FALSE,FALSE,FALSE,FALSE
-73.957776,40.79328809,35E-PM-1006-05,PM,Adult,Gray,Ground,TRUE,not,FALSE,FALSE,FALSE,FALSE,TRUE,TRUE,FALSE,FALSE,FALSE,FALSE,FALSE
-73.9787312,40.77010714,4B-PM-1018-04,PM,Adult,Gray,Ground,FALSE,not,FALSE,FALSE,FALSE,FALSE,TRUE,FALSE,FALSE,FALSE,FALSE,FALSE,FALSE
-73.95420748,40.79543222,39F-AM-1014-01,AM,Adult,Gray,Ground,FALSE,not,FALSE,TRUE,FALSE,FALSE,FALSE,TRUE,FALSE,FALSE,FALSE,FALSE,FALSE
-73.97152512,40.77036854,7G-PM-1018-06,PM,Adult,Gray,Ground,FALSE,not,FALSE,FALSE,FALSE,FALSE,FALSE,TRUE,FALSE,FALSE,FALSE,FALSE,FALSE
-73.97698852,40.77089362,5C-PM-1010-06,PM,Adult,Gray,Ground,FALSE,not,FALSE,FALSE,FALSE,FALSE,TRUE,TRUE,FALSE,FALSE,FALSE,FALSE,FALSE
-73.96773686,40.7821551,20C-PM-1018-06,PM,Juvenile,Gray,Ground,TRUE,not,FALSE,TRUE,FALSE,FALSE,FALSE,FALSE,FALSE,FALSE,FALSE,FALSE,FALSE
-73.97054094,40.77646081,14E-PM-1017-03,PM,Adult,Gray,Ground,FALSE,not,FALSE,FALSE,FALSE,FALSE,TRUE,FALSE,FALSE,FALSE,FALSE,FALSE,FALSE
-73.95634733,40.78937124,32H-PM-1006-03,PM,Adult,Gray,Ground,TRUE,not,TRUE,TRUE,FALSE,FALSE,FALSE,TRUE,FALSE,FALSE,FALSE,FALSE,TRUE
-73.95410561,40.79398639,37G-PM-1007-06,PM,Adult,Gray,Ground,FALSE,not,FALSE,FALSE,FALSE,FALSE,FALSE,FALSE,FALSE,FALSE,FALSE,FALSE,FALSE
-73.9631089,40.78919195,29C-PM-1006-02,PM,Adult,Gray,Ground,FALSE,not,FALSE,FALSE,TRUE,FALSE,FALSE,FALSE,FALSE,FALSE,FALSE,FALSE,FALSE
-73.96182136,40.79276488,33B-AM-1010-02,AM,Adult,Gray,Ground,FALSE,not,TRUE,TRUE,FALSE,FALSE,FALSE,FALSE,FALSE,FALSE,FALSE,FALSE,FALSE
-73.96867563,40.77774591,16E-AM-1014-04,AM,Adult,Gray,Ground,FALSE,not,TRUE,FALSE,TRUE,FALSE,FALSE,FALSE,FALSE,FALSE,FALSE,FALSE,FALSE
-73.96146599,40.79455629,35A-PM-1013-10,PM,Adult,Gray,Ground,FALSE,not,TRUE,TRUE,FALSE,FALSE,FALSE,FALSE,FALSE,FALSE,FALSE,FALSE,FALSE
-73.95516253,40.79119307,34H-PM-1006-06,PM,Adult,Gray,Ground,FALSE,not,FALSE,TRUE,FALSE,FALSE,FALSE,FALSE,FALSE,FALSE,FALSE,FALSE,FALSE
-73.95503501,40.79769422,41E-PM-1013-02,PM,Adult,Gray,Ground,FALSE,not,FALSE,FALSE,FALSE,FALSE,FALSE,TRUE,FALSE,FALSE,FALSE,FALSE,FALSE
-73.9615926,40.79442232,35B-PM-1013-05,PM,Adult,Gray,Ground,FALSE,not,TRUE,TRUE,FALSE,TRUE,FALSE,FALSE,TRUE,FALSE,FALSE,FALSE,FALSE
-73.97545366,40.76986049,5E-PM-1012-04,PM,Adult,Gray,Ground,FALSE,not,TRUE,TRUE,FALSE,FALSE,FALSE,FALSE,FALSE,FALSE,FALSE,TRUE,FALSE
-73.96435076,40.79043247,30B-PM-1019-07,PM,Adult,Gray,Ground,FALSE,not,TRUE,FALSE,FALSE,FALSE,TRUE,TRUE,FALSE,FALSE,FALSE,FALSE,FALSE
-73.97785788,40.77054327,5B-PM-1013-03,PM,Adult,Gray,Ground,FALSE,not,FALSE,FALSE,FALSE,FALSE,FALSE,TRUE,FALSE,FALSE,FALSE,FALSE,FALSE
-73.9565231,40.79855639,41C-PM-1007-02,PM,Adult,Gray,Ground,FALSE,not,FALSE,TRUE,FALSE,TRUE,FALSE,FALSE,FALSE,FALSE,FALSE,FALSE,FALSE
-73.95319536,40.79604135,40G-PM-1013-01,PM,Adult,Gray,Ground,TRUE,not,FALSE,TRUE,FALSE,FALSE,TRUE,FALSE,FALSE,FALSE,FALSE,FALSE,FALSE
-73.95683783,40.78803178,30I-PM-1006-04,PM,Adult,Gray,Ground,FALSE,not,TRUE,FALSE,FALSE,TRUE,FALSE,FALSE,FALSE,FALSE,FALSE,FALSE,FALSE
-73.97099126,40.77589656,13D-AM-1014-01,AM,Adult,Gray,Ground,FALSE,not,TRUE,TRUE,FALSE,FALSE,FALSE,TRUE,FALSE,FALSE,FALSE,FALSE,TRUE
-73.97281465,40.76529517,1I-PM-1012-03,PM,Adult,Gray,Ground,FALSE,not,TRUE,FALSE,FALSE,FALSE,TRUE,FALSE,FALSE,FALSE,FALSE,TRUE,FALSE
-73.96786132,40.78221709,20C-PM-1018-03,PM,Adult,Gray,Ground,FALSE,not,FALSE,FALSE,FALSE,FALSE,FALSE,TRUE,FALSE,FALSE,FALSE,FALSE,FALSE
-73.97516155,40.76701387,3F-AM-1006-03,AM,Adult,Gray,Ground,TRUE,not,FALSE,FALSE,FALSE,FALSE,FALSE,TRUE,FALSE,FALSE,FALSE,FALSE,FALSE
-73.97287239,40.76708162,4H-PM-1006-01,PM,Adult,Gray,Ground,FALSE,not,FALSE,FALSE,FALSE,FALSE,TRUE,TRUE,FALSE,FALSE,FALSE,FALSE,FALSE
-73.96937014,40.78407212,22A-PM-1017-03,PM,Juvenile,Gray,Ground,FALSE,not,FALSE,FALSE,FALSE,FALSE,TRUE,FALSE,FALSE,FALSE,FALSE,FALSE,FALSE
-73.95506847,40.79117882,34H-PM-1006-05,PM,Adult,Gray,Ground,FALSE,not,FALSE,TRUE,FALSE,FALSE,FALSE,TRUE,FALSE,FALSE,FALSE,FALSE,FALSE
-73.97265983,40.77078624,7F-PM-1012-03,PM,Adult,Gray,Ground,FALSE,not,TRUE,FALSE,FALSE,FALSE,FALSE,TRUE,FALSE,FALSE,FALSE,FALSE,FALSE
-73.95416291,40.79342593,37G-AM-1014-02,AM,Adult,Gray,Ground,FALSE,not,FALSE,TRUE,FALSE,FALSE,FALSE,FALSE,FALSE,FALSE,FALSE,FALSE,FALSE
-73.96985928,40.77430714,12F-AM-1020-03,AM,Adult,Gray,Ground,FALSE,not,FALSE,FALSE,FALSE,FALSE,FALSE,FALSE,FALSE,FALSE,FALSE,FALSE,TRUE
-73.95983785,40.7956843,37B-AM-1018-04,AM,Adult,Gray,Ground,FALSE,not,FALSE,FALSE,FALSE,FALSE,FALSE,TRUE,FALSE,FALSE,FALSE,FALSE,TRUE
-73.95525816,40.79581477,39E-AM-1018-01,AM,Adult,Gray,Ground,FALSE,not,TRUE,FALSE,FALSE,FALSE,FALSE,FALSE,FALSE,FALSE,FALSE,FALSE,FALSE
-73.97716468,40.76930492,4C-PM-1010-05,PM,Adult,Gray,Ground,FALSE,not,FALSE,TRUE,FALSE,FALSE,FALSE,FALSE,FALSE,FALSE,FALSE,FALSE,FALSE
-73.96880708,40.77796883,16E-AM-1014-06,AM,Adult,Gray,Ground,FALSE,not,TRUE,FALSE,FALSE,TRUE,FALSE,TRUE,FALSE,FALSE,FALSE,FALSE,FALSE
-73.97941182,40.76744955,1C-AM-1012-02,AM,Adult,Gray,Ground,FALSE,not,TRUE,FALSE,FALSE,TRUE,FALSE,FALSE,FALSE,FALSE,FALSE,FALSE,TRUE
-73.96863581,40.77780355,16E-AM-1014-05,AM,Adult,Gray,Ground,FALSE,not,FALSE,TRUE,TRUE,FALSE,FALSE,FALSE,FALSE,FALSE,FALSE,FALSE,FALSE
-73.97358331,40.7786318,14A-PM-1014-08,PM,Adult,Gray,Ground,FALSE,not,TRUE,FALSE,FALSE,FALSE,FALSE,TRUE,FALSE,FALSE,FALSE,FALSE,FALSE
-73.96732205,40.77702963,15G-PM-1019-04,PM,Adult,Gray,Ground,FALSE,not,FALSE,FALSE,FALSE,FALSE,FALSE,TRUE,FALSE,FALSE,FALSE,FALSE,FALSE
-73.97034214,40.77737066,14D-AM-1014-01,AM,Adult,Gray,Ground,TRUE,not,FALSE,FALSE,FALSE,FALSE,FALSE,TRUE,FALSE,FALSE,FALSE,FALSE,FALSE
-73.97272306,40.77953416,16A-PM-1019-01,PM,Adult,Gray,Ground,FALSE,not,TRUE,FALSE,FALSE,FALSE,FALSE,TRUE,FALSE,FALSE,FALSE,FALSE,TRUE
-73.96721527,40.78238746,21D-AM-1008-05,AM,Adult,Gray,Ground,FALSE,not,TRUE,FALSE,FALSE,FALSE,TRUE,FALSE,FALSE,FALSE,FALSE,FALSE,FALSE
-73.97146536,40.77174001,9F-AM-1013-03,AM,Adult,Gray,Ground,FALSE,not,FALSE,FALSE,FALSE,FALSE,TRUE,FALSE,FALSE,FALSE,FALSE,FALSE,FALSE
-73.97679535,40.7676377,3E-AM-1006-03,AM,Adult,Gray,Ground,TRUE,not,TRUE,FALSE,FALSE,FALSE,FALSE,TRUE,FALSE,FALSE,FALSE,TRUE,FALSE
-73.95312337,40.79411138,38H-PM-1012-01,PM,Adult,Gray,Ground,FALSE,not,TRUE,FALSE,FALSE,FALSE,FALSE,TRUE,FALSE,FALSE,FALSE,FALSE,FALSE
-73.96925636,40.770905,9H-PM-1018-05,PM,Adult,Gray,Ground,FALSE,not,FALSE,TRUE,TRUE,FALSE,FALSE,FALSE,FALSE,FALSE,FALSE,FALSE,FALSE
-73.9705838,40.77584948,13E-AM-1017-13,AM,Adult,Gray,Ground,TRUE,not,FALSE,FALSE,FALSE,FALSE,FALSE,TRUE,FALSE,FALSE,FALSE,FALSE,FALSE
-73.95616692,40.79947374,42C-PM-1013-04,PM,Adult,Gray,Ground,FALSE,not,TRUE,FALSE,FALSE,TRUE,FALSE,TRUE,FALSE,FALSE,FALSE,FALSE,FALSE
-73.98098765,40.76832232,1A-PM-1014-05,PM,Adult,Gray,Ground,FALSE,not,TRUE,FALSE,FALSE,FALSE,TRUE,FALSE,FALSE,FALSE,FALSE,FALSE,FALSE
-73.96834606,40.78054084,18D-AM-1018-03,AM,Adult,Gray,Ground,FALSE,not,FALSE,FALSE,FALSE,FALSE,FALSE,TRUE,FALSE,FALSE,FALSE,FALSE,FALSE
-73.96012152,40.79097698,32D-PM-1006-02,PM,Adult,Gray,Ground,FALSE,not,TRUE,TRUE,FALSE,FALSE,TRUE,FALSE,FALSE,FALSE,FALSE,FALSE,TRUE
-73.95452256,40.79560747,39F-AM-1014-03,AM,Adult,Gray,Ground,FALSE,not,TRUE,TRUE,FALSE,FALSE,FALSE,FALSE,FALSE,FALSE,FALSE,FALSE,FALSE
-73.97473132,40.76538884,1G-PM-1010-03,PM,Adult,Gray,Ground,TRUE,not,FALSE,FALSE,FALSE,FALSE,TRUE,TRUE,FALSE,FALSE,FALSE,FALSE,FALSE
-73.97479632,40.77450234,10B-PM-1014-04,PM,Adult,Gray,Ground,FALSE,not,FALSE,FALSE,FALSE,FALSE,TRUE,TRUE,FALSE,FALSE,FALSE,FALSE,FALSE
-73.96870208,40.77359034,11H-AM-1010-08,AM,Adult,Gray,Ground,FALSE,not,TRUE,FALSE,FALSE,FALSE,FALSE,TRUE,FALSE,FALSE,FALSE,FALSE,TRUE
-73.97036045,40.77626902,13E-AM-1017-04,AM,Adult,Gray,Ground,FALSE,not,FALSE,FALSE,FALSE,FALSE,FALSE,TRUE,FALSE,FALSE,FALSE,FALSE,FALSE
-73.95872366,40.79918502,40A-AM-1010-02,AM,Adult,Gray,Ground,FALSE,not,TRUE,TRUE,FALSE,TRUE,FALSE,FALSE,FALSE,FALSE,FALSE,TRUE,FALSE
-73.96544098,40.79013387,29A-AM-1013-01,AM,Adult,Gray,Ground,FALSE,not,TRUE,FALSE,FALSE,FALSE,FALSE,TRUE,FALSE,FALSE,FALSE,FALSE,TRUE
-73.95806816,40.799201,41B-AM-1010-01,AM,Adult,Gray,Ground,FALSE,not,FALSE,FALSE,FALSE,FALSE,FALSE,TRUE,FALSE,FALSE,FALSE,FALSE,FALSE
-73.95134778,40.79452596,39I-PM-1013-02,PM,Juvenile,Gray,Ground,FALSE,not,FALSE,FALSE,TRUE,TRUE,FALSE,FALSE,FALSE,FALSE,FALSE,FALSE,FALSE
-73.96895867,40.78396139,21B-PM-1017-04,PM,Adult,Gray,Ground,FALSE,not,TRUE,FALSE,FALSE,FALSE,TRUE,TRUE,FALSE,FALSE,FALSE,FALSE,FALSE
-73.96846327,40.78489095,23A-AM-1018-05,AM,Adult,Gray,Ground,FALSE,not,TRUE,TRUE,FALSE,FALSE,FALSE,FALSE,FALSE,FALSE,FALSE,FALSE,FALSE
-73.96197354,40.7944668,35A-PM-1013-01,PM,Adult,Gray,Ground,FALSE,not,TRUE,FALSE,FALSE,FALSE,FALSE,TRUE,FALSE,FALSE,FALSE,FALSE,FALSE
-73.96161412,40.79218033,33C-PM-1007-04,PM,Adult,Gray,Ground,FALSE,not,TRUE,FALSE,FALSE,FALSE,FALSE,TRUE,FALSE,FALSE,FALSE,FALSE,FALSE
-73.95809068,40.79484041,37D-PM-1014-01,PM,Adult,Gray,Ground,FALSE,not,TRUE,FALSE,FALSE,FALSE,FALSE,TRUE,FALSE,FALSE,FALSE,FALSE,FALSE
-73.9613702,40.79433632,35B-PM-1013-04,PM,Adult,Gray,Ground,FALSE,not,TRUE,TRUE,FALSE,TRUE,FALSE,TRUE,FALSE,FALSE,FALSE,FALSE,FALSE
-73.97591633,40.77361808,9B-AM-1010-08,AM,Adult,Gray,Ground,FALSE,not,FALSE,FALSE,FALSE,FALSE,TRUE,TRUE,FALSE,FALSE,FALSE,FALSE,TRUE
-73.97564576,40.77035598,6D-PM-1020-02,PM,Juvenile,Gray,Ground,FALSE,not,TRUE,FALSE,TRUE,FALSE,FALSE,FALSE,FALSE,FALSE,FALSE,FALSE,TRUE
-73.96394314,40.79086774,30B-AM-1007-04,AM,Adult,Gray,Ground,FALSE,not,TRUE,FALSE,FALSE,FALSE,TRUE,TRUE,FALSE,FALSE,FALSE,FALSE,FALSE
-73.96806351,40.77924987,17E-AM-1017-05,AM,Adult,Black,Above,FALSE,indifferent,FALSE,FALSE,FALSE,FALSE,FALSE,TRUE,FALSE,FALSE,FALSE,FALSE,FALSE
-73.97105414,40.77246916,10F-PM-1019-05,PM,Adult,Black,Above,FALSE,indifferent,FALSE,FALSE,FALSE,TRUE,FALSE,FALSE,FALSE,FALSE,FALSE,FALSE,FALSE
-73.97134876,40.7784353,15C-PM-1017-03,PM,Adult,Black,Above,FALSE,indifferent,FALSE,TRUE,FALSE,FALSE,FALSE,FALSE,FALSE,FALSE,FALSE,FALSE,FALSE
-73.9589676,40.79131192,33E-AM-1014-09,AM,Juvenile,Black,Above,FALSE,indifferent,FALSE,FALSE,TRUE,FALSE,FALSE,FALSE,FALSE,FALSE,FALSE,FALSE,FALSE
-73.95963759,40.79073477,32E-AM-1007-05,AM,Adult,Black,Above,FALSE,indifferent,FALSE,FALSE,FALSE,TRUE,FALSE,FALSE,FALSE,FALSE,FALSE,FALSE,FALSE
-73.97133993,40.7750678,12E-PM-1018-02,PM,Adult,Black,Above,FALSE,indifferent,FALSE,FALSE,FALSE,TRUE,FALSE,FALSE,FALSE,FALSE,FALSE,FALSE,TRUE
-73.96253838,40.78838623,28D-AM-1012-03,AM,Adult,Black,Above,FALSE,indifferent,FALSE,TRUE,FALSE,FALSE,FALSE,FALSE,FALSE,FALSE,FALSE,FALSE,FALSE
-73.95962513,40.79162548,33D-AM-1017-05,AM,Adult,Black,Above,FALSE,indifferent,FALSE,FALSE,FALSE,TRUE,FALSE,TRUE,FALSE,FALSE,FALSE,FALSE,TRUE
-73.97164025,40.76651338,3I-PM-1013-08,PM,Adult,Black,Above,FALSE,indifferent,FALSE,FALSE,FALSE,TRUE,FALSE,FALSE,FALSE,FALSE,FALSE,FALSE,FALSE
-73.97069499,40.77236205,10G-AM-1006-08,AM,Adult,Black,Above,FALSE,indifferent,FALSE,FALSE,FALSE,FALSE,TRUE,FALSE,FALSE,FALSE,FALSE,TRUE,TRUE
-73.95958861,40.79184052,33D-AM-1017-09,AM,Adult,Black,Above,FALSE,indifferent,TRUE,FALSE,FALSE,TRUE,FALSE,FALSE,TRUE,TRUE,FALSE,FALSE,FALSE
-73.97120221,40.76725044,4I-AM-1006-01,AM,Adult,Black,Above,FALSE,indifferent,FALSE,TRUE,FALSE,FALSE,FALSE,FALSE,FALSE,FALSE,FALSE,FALSE,FALSE
-73.96384634,40.78340517,23F-AM-1018-01,AM,Adult,Cinnamon,Above,FALSE,indifferent,FALSE,FALSE,FALSE,TRUE,FALSE,FALSE,FALSE,FALSE,FALSE,FALSE,FALSE
-73.97716147,40.7709678,5C-AM-1006-02,AM,Adult,Cinnamon,Above,FALSE,indifferent,FALSE,TRUE,FALSE,TRUE,TRUE,FALSE,FALSE,FALSE,FALSE,FALSE,FALSE
-73.98006691,40.76768251,1B-AM-1012-07,AM,Adult,Cinnamon,Above,FALSE,indifferent,FALSE,FALSE,TRUE,TRUE,FALSE,FALSE,FALSE,FALSE,FALSE,FALSE,FALSE
-73.95528612,40.78897393,32I-AM-1013-05,AM,Adult,Cinnamon,Above,FALSE,indifferent,FALSE,FALSE,FALSE,TRUE,FALSE,TRUE,FALSE,FALSE,FALSE,TRUE,FALSE
-73.96590344,40.77975167,19F-AM-1007-02,AM,Adult,Cinnamon,Above,FALSE,indifferent,FALSE,FALSE,FALSE,FALSE,TRUE,FALSE,FALSE,FALSE,FALSE,FALSE,FALSE
-73.97570019,40.76949979,5E-AM-1008-09,AM,Adult,Cinnamon,Above,FALSE,indifferent,FALSE,TRUE,FALSE,FALSE,FALSE,FALSE,FALSE,FALSE,FALSE,FALSE,FALSE
-73.97634332,40.77384735,9B-PM-1013-10,PM,Juvenile,Cinnamon,Above,FALSE,indifferent,FALSE,FALSE,FALSE,FALSE,TRUE,FALSE,FALSE,FALSE,FALSE,FALSE,FALSE
-73.95252616,40.79637592,40G-AM-1007-02,AM,Juvenile,Cinnamon,Above,FALSE,indifferent,FALSE,TRUE,FALSE,TRUE,FALSE,FALSE,FALSE,FALSE,FALSE,FALSE,FALSE
-73.96559053,40.77526146,14I-PM-1018-06,PM,Adult,Cinnamon,Above,FALSE,indifferent,FALSE,TRUE,FALSE,TRUE,FALSE,FALSE,FALSE,FALSE,FALSE,FALSE,TRUE
-73.96850806,40.77453098,13G-PM-1008-03,PM,Juvenile,Cinnamon,Above,FALSE,indifferent,FALSE,FALSE,FALSE,TRUE,FALSE,FALSE,FALSE,FALSE,FALSE,FALSE,FALSE
-73.96874767,40.77428567,12G-AM-1012-01,AM,Adult,Cinnamon,Above,FALSE,indifferent,FALSE,FALSE,FALSE,TRUE,FALSE,FALSE,FALSE,FALSE,FALSE,FALSE,FALSE
-73.97068515,40.7780777,15D-PM-1017-04,PM,Adult,Cinnamon,Above,FALSE,indifferent,FALSE,TRUE,FALSE,FALSE,FALSE,FALSE,FALSE,FALSE,FALSE,FALSE,FALSE
-73.97683118,40.76671781,2E-AM-1010-03,AM,Adult,Cinnamon,Above,FALSE,indifferent,FALSE,FALSE,FALSE,TRUE,FALSE,FALSE,FALSE,FALSE,FALSE,FALSE,FALSE
-73.96751982,40.77863109,17F-AM-1007-02,AM,Adult,Cinnamon,Above,FALSE,indifferent,FALSE,FALSE,FALSE,TRUE,FALSE,FALSE,FALSE,FALSE,FALSE,FALSE,FALSE
-73.9552035,40.78898519,32I-AM-1013-06,AM,Adult,Cinnamon,Above,FALSE,indifferent,FALSE,FALSE,FALSE,TRUE,FALSE,TRUE,FALSE,FALSE,FALSE,TRUE,FALSE
-73.95415009,40.792033,35H-AM-1013-02,AM,Juvenile,Cinnamon,Above,FALSE,indifferent,FALSE,FALSE,FALSE,FALSE,FALSE,FALSE,FALSE,FALSE,FALSE,FALSE,FALSE
-73.96114463,40.79110034,32D-AM-1013-03,AM,Adult,Cinnamon,Above,FALSE,indifferent,FALSE,FALSE,FALSE,TRUE,FALSE,FALSE,FALSE,FALSE,FALSE,FALSE,FALSE
-73.95272273,40.79350615,37I-AM-1010-03,AM,Adult,Cinnamon,Above,FALSE,indifferent,FALSE,FALSE,FALSE,TRUE,FALSE,FALSE,FALSE,FALSE,FALSE,FALSE,FALSE
-73.96109852,40.79138671,32D-AM-1013-01,AM,Adult,Cinnamon,Above,FALSE,indifferent,FALSE,FALSE,FALSE,TRUE,FALSE,FALSE,FALSE,FALSE,FALSE,FALSE,FALSE
-73.97876088,40.76860623,3C-PM-1008-01,PM,Adult,Cinnamon,Above,FALSE,indifferent,FALSE,FALSE,FALSE,FALSE,FALSE,FALSE,FALSE,FALSE,FALSE,FALSE,FALSE
-73.95488264,40.79594746,39F-AM-1014-05,AM,Juvenile,Cinnamon,Above,FALSE,indifferent,FALSE,TRUE,FALSE,TRUE,FALSE,TRUE,FALSE,FALSE,FALSE,FALSE,TRUE
-73.95646322,40.79048074,33G-AM-1013-01,AM,Adult,Cinnamon,Above,FALSE,indifferent,TRUE,FALSE,FALSE,TRUE,FALSE,FALSE,FALSE,FALSE,FALSE,FALSE,FALSE
-73.95243641,40.79284651,37I-PM-1006-01,PM,Adult,Cinnamon,Above,FALSE,indifferent,FALSE,FALSE,FALSE,FALSE,FALSE,TRUE,FALSE,FALSE,FALSE,FALSE,FALSE
-73.96395058,40.78957318,29B-PM-1010-01,PM,Adult,Cinnamon,Above,FALSE,indifferent,FALSE,FALSE,FALSE,TRUE,TRUE,TRUE,FALSE,FALSE,FALSE,FALSE,TRUE
-73.97665419,40.76740773,2E-AM-1010-06,AM,Adult,Cinnamon,Above,FALSE,indifferent,FALSE,FALSE,FALSE,FALSE,FALSE,FALSE,FALSE,FALSE,FALSE,FALSE,FALSE
-73.96227528,40.78149219,22H-PM-1007-02,PM,Adult,Cinnamon,Above,FALSE,indifferent,FALSE,FALSE,FALSE,FALSE,FALSE,FALSE,TRUE,FALSE,FALSE,TRUE,FALSE
-73.96757181,40.77860491,17F-AM-1007-06,AM,Juvenile,Cinnamon,Above,FALSE,indifferent,FALSE,FALSE,FALSE,TRUE,FALSE,FALSE,FALSE,FALSE,FALSE,FALSE,FALSE
-73.96863707,40.77803823,16E-PM-1018-09,PM,Juvenile,Cinnamon,Above,FALSE,indifferent,FALSE,FALSE,FALSE,TRUE,FALSE,FALSE,FALSE,FALSE,FALSE,FALSE,TRUE
-73.96570404,40.77555674,15I-AM-1008-06,AM,Adult,Cinnamon,Above,FALSE,indifferent,FALSE,FALSE,FALSE,FALSE,TRUE,FALSE,FALSE,FALSE,FALSE,FALSE,FALSE
-73.95377032,40.79159594,35I-AM-1013-01,AM,Adult,Cinnamon,Above,FALSE,indifferent,FALSE,FALSE,FALSE,TRUE,FALSE,FALSE,FALSE,FALSE,FALSE,FALSE,FALSE
-73.97671436,40.76847569,3D-AM-1006-02,AM,Adult,Cinnamon,Above,FALSE,indifferent,FALSE,TRUE,FALSE,TRUE,FALSE,FALSE,FALSE,FALSE,FALSE,FALSE,FALSE
-73.97892518,40.76995585,4B-AM-1010-02,AM,Juvenile,Cinnamon,Above,FALSE,indifferent,FALSE,FALSE,FALSE,TRUE,TRUE,TRUE,TRUE,FALSE,FALSE,FALSE,FALSE
-73.96749311,40.77836937,17F-AM-1007-04,AM,Adult,Cinnamon,Above,FALSE,indifferent,FALSE,FALSE,FALSE,FALSE,TRUE,FALSE,TRUE,FALSE,FALSE,FALSE,FALSE
-73.9595223,40.78332026,25I-AM-1012-02,AM,Adult,Cinnamon,Above,FALSE,indifferent,FALSE,TRUE,TRUE,FALSE,FALSE,FALSE,FALSE,FALSE,FALSE,TRUE,TRUE
-73.96498237,40.77633954,16I-AM-1008-02,AM,Adult,Cinnamon,Above,FALSE,indifferent,FALSE,FALSE,FALSE,TRUE,FALSE,FALSE,FALSE,FALSE,FALSE,FALSE,FALSE
-73.97686955,40.77069825,5C-AM-1006-04,AM,Adult,Cinnamon,Above,FALSE,indifferent,FALSE,FALSE,FALSE,FALSE,FALSE,FALSE,FALSE,FALSE,FALSE,TRUE,FALSE
-73.97225002,40.77428796,11D-AM-1010-03,AM,Adult,Gray,Above,FALSE,indifferent,FALSE,FALSE,FALSE,TRUE,FALSE,FALSE,FALSE,FALSE,FALSE,FALSE,FALSE
-73.97061059,40.76981248,7H-AM-1006-05,AM,Adult,Gray,Above,FALSE,indifferent,FALSE,FALSE,TRUE,FALSE,FALSE,FALSE,FALSE,FALSE,FALSE,FALSE,FALSE
-73.97037817,40.77875261,16C-PM-1018-03,PM,Adult,Gray,Above,FALSE,indifferent,FALSE,TRUE,FALSE,FALSE,TRUE,TRUE,FALSE,FALSE,FALSE,FALSE,FALSE
-73.96711307,40.77848597,17F-AM-1007-07,AM,Adult,Gray,Above,FALSE,indifferent,FALSE,TRUE,FALSE,FALSE,FALSE,FALSE,FALSE,FALSE,FALSE,TRUE,FALSE
-73.95746481,40.78925084,31H-PM-1008-02,PM,Juvenile,Gray,Above,FALSE,indifferent,FALSE,TRUE,FALSE,TRUE,FALSE,FALSE,FALSE,FALSE,FALSE,FALSE,TRUE
-73.97025268,40.77059996,8H-AM-1017-06,AM,Adult,Gray,Above,FALSE,indifferent,FALSE,FALSE,TRUE,FALSE,TRUE,FALSE,FALSE,FALSE,FALSE,FALSE,FALSE
-73.96732534,40.77495053,13H-PM-1010-02,PM,Adult,Gray,Above,FALSE,indifferent,FALSE,FALSE,FALSE,FALSE,FALSE,TRUE,FALSE,FALSE,FALSE,FALSE,FALSE
-73.9576246,40.78738625,29H-PM-1006-01,PM,Adult,Gray,Above,FALSE,indifferent,FALSE,FALSE,FALSE,TRUE,FALSE,FALSE,FALSE,FALSE,FALSE,FALSE,FALSE
-73.97085497,40.7699587,7H-PM-1006-04,PM,Adult,Gray,Above,FALSE,indifferent,FALSE,FALSE,FALSE,FALSE,FALSE,FALSE,FALSE,FALSE,FALSE,FALSE,FALSE
-73.95892496,40.79081933,32E-PM-1017-03,PM,Adult,Gray,Above,FALSE,indifferent,FALSE,FALSE,FALSE,FALSE,TRUE,FALSE,FALSE,FALSE,FALSE,FALSE,FALSE
-73.96517545,40.77551819,15I-AM-1008-01,AM,Adult,Gray,Above,FALSE,indifferent,FALSE,FALSE,FALSE,TRUE,TRUE,FALSE,FALSE,FALSE,FALSE,FALSE,FALSE
-73.96984738,40.77698846,14E-AM-1008-05,AM,Adult,Gray,Above,FALSE,indifferent,FALSE,FALSE,FALSE,TRUE,FALSE,FALSE,FALSE,FALSE,FALSE,FALSE,FALSE
-73.95640236,40.79054235,33G-AM-1013-02,AM,Adult,Gray,Above,FALSE,indifferent,TRUE,FALSE,FALSE,TRUE,FALSE,FALSE,FALSE,FALSE,FALSE,FALSE,FALSE
-73.97123089,40.77145348,9G-AM-1007-04,AM,Adult,Gray,Above,FALSE,indifferent,FALSE,FALSE,FALSE,FALSE,FALSE,FALSE,FALSE,FALSE,FALSE,FALSE,FALSE
-73.97487064,40.7744175,10B-AM-1006-02,AM,Juvenile,Gray,Above,FALSE,indifferent,FALSE,FALSE,FALSE,TRUE,FALSE,FALSE,FALSE,FALSE,FALSE,FALSE,FALSE
-73.96137805,40.7907862,31D-PM-1006-04,PM,Adult,Gray,Above,FALSE,indifferent,FALSE,FALSE,FALSE,FALSE,TRUE,FALSE,FALSE,FALSE,FALSE,FALSE,FALSE
-73.97871051,40.76937081,3B-AM-1010-08,AM,Juvenile,Gray,Above,FALSE,indifferent,FALSE,FALSE,FALSE,TRUE,FALSE,FALSE,FALSE,FALSE,FALSE,FALSE,FALSE
-73.95980158,40.79735227,38A-PM-1013-03,PM,Adult,Gray,Above,FALSE,indifferent,FALSE,FALSE,FALSE,TRUE,FALSE,FALSE,FALSE,FALSE,FALSE,FALSE,FALSE
-73.97708244,40.77099613,5C-AM-1006-03,AM,Adult,Gray,Above,FALSE,indifferent,FALSE,FALSE,FALSE,TRUE,FALSE,FALSE,FALSE,FALSE,FALSE,FALSE,FALSE
-73.97547788,40.7685619,4E-AM-1020-01,AM,Adult,Gray,Above,FALSE,indifferent,FALSE,FALSE,FALSE,TRUE,FALSE,FALSE,FALSE,FALSE,FALSE,FALSE,FALSE
-73.97269581,40.77060961,7F-AM-1008-09,AM,Adult,Gray,Above,FALSE,indifferent,FALSE,FALSE,FALSE,TRUE,FALSE,FALSE,FALSE,FALSE,FALSE,FALSE,FALSE
-73.97128762,40.76958855,7H-PM-1006-02,PM,Adult,Gray,Above,FALSE,indifferent,FALSE,TRUE,FALSE,TRUE,TRUE,TRUE,FALSE,FALSE,FALSE,FALSE,FALSE
-73.95500821,40.78945215,33I-AM-1008-03,AM,Adult,Gray,Above,FALSE,indifferent,FALSE,FALSE,FALSE,TRUE,FALSE,FALSE,FALSE,FALSE,FALSE,FALSE,FALSE
-73.97209074,40.77629878,13C-PM-1019-01,PM,Adult,Gray,Above,FALSE,indifferent,FALSE,FALSE,FALSE,TRUE,FALSE,FALSE,TRUE,FALSE,FALSE,FALSE,FALSE
-73.97311133,40.77866407,15A-PM-1017-01,PM,Adult,Gray,Above,FALSE,indifferent,FALSE,FALSE,FALSE,TRUE,TRUE,FALSE,FALSE,FALSE,FALSE,FALSE,FALSE
-73.97565736,40.76566441,1G-PM-1010-01,PM,Adult,Gray,Above,FALSE,indifferent,FALSE,FALSE,FALSE,TRUE,TRUE,FALSE,FALSE,FALSE,FALSE,TRUE,FALSE
-73.95862141,40.7937474,35D-PM-1013-03,PM,Juvenile,Gray,Above,FALSE,indifferent,FALSE,FALSE,FALSE,FALSE,TRUE,FALSE,FALSE,FALSE,FALSE,FALSE,FALSE
-73.95281498,40.79249848,36I-AM-1017-06,AM,Adult,Gray,Above,FALSE,indifferent,FALSE,TRUE,FALSE,TRUE,FALSE,FALSE,FALSE,FALSE,FALSE,FALSE,FALSE
-73.96998436,40.77294804,10G-AM-1006-01,AM,Adult,Gray,Above,FALSE,indifferent,FALSE,FALSE,FALSE,TRUE,FALSE,FALSE,FALSE,FALSE,FALSE,FALSE,TRUE
-73.966756,40.78823338,27A-PM-1006-01,PM,Juvenile,Gray,Above,FALSE,indifferent,FALSE,FALSE,FALSE,FALSE,TRUE,TRUE,FALSE,FALSE,FALSE,FALSE,FALSE
-73.97574132,40.76925828,4E-PM-1008-04,PM,Adult,Gray,Above,FALSE,indifferent,FALSE,TRUE,TRUE,TRUE,FALSE,FALSE,FALSE,FALSE,FALSE,FALSE,FALSE
-73.96550958,40.77524568,14I-PM-1018-05,PM,Adult,Gray,Above,FALSE,indifferent,FALSE,FALSE,FALSE,TRUE,TRUE,FALSE,FALSE,FALSE,FALSE,FALSE,TRUE
-73.97594322,40.77332406,8B-PM-1012-06,PM,Adult,Gray,Above,FALSE,indifferent,FALSE,FALSE,FALSE,FALSE,TRUE,TRUE,FALSE,FALSE,FALSE,FALSE,FALSE
-73.96116961,40.78166929,22I-AM-1007-03,AM,Adult,Gray,Above,FALSE,indifferent,FALSE,FALSE,FALSE,TRUE,FALSE,FALSE,FALSE,FALSE,FALSE,FALSE,FALSE
-73.97054099,40.76981031,7H-AM-1006-06,AM,Adult,Gray,Above,FALSE,indifferent,FALSE,FALSE,TRUE,FALSE,FALSE,FALSE,FALSE,FALSE,FALSE,FALSE,FALSE
-73.97164048,40.77531819,12D-PM-1014-02,PM,Adult,Gray,Above,FALSE,indifferent,FALSE,FALSE,FALSE,TRUE,FALSE,FALSE,FALSE,FALSE,FALSE,FALSE,FALSE
-73.95848354,40.79782134,39B-PM-1014-06,PM,Adult,Gray,Above,FALSE,indifferent,FALSE,FALSE,FALSE,TRUE,FALSE,FALSE,FALSE,FALSE,FALSE,FALSE,FALSE
-73.96495901,40.78221079,21F-AM-1018-01,AM,Adult,Gray,Above,FALSE,indifferent,FALSE,FALSE,FALSE,TRUE,FALSE,FALSE,FALSE,FALSE,FALSE,FALSE,TRUE
-73.97218998,40.7761519,13C-AM-1010-03,AM,Adult,Gray,Above,FALSE,indifferent,FALSE,FALSE,FALSE,TRUE,FALSE,FALSE,FALSE,FALSE,FALSE,FALSE,FALSE
-73.95701319,40.79917867,41B-PM-1014-05,PM,Adult,Gray,Above,FALSE,indifferent,TRUE,FALSE,FALSE,TRUE,FALSE,FALSE,TRUE,FALSE,FALSE,FALSE,FALSE
-73.97419444,40.776989,13B-PM-1008-01,PM,Adult,Gray,Above,FALSE,indifferent,FALSE,TRUE,FALSE,FALSE,FALSE,FALSE,FALSE,FALSE,FALSE,FALSE,FALSE
-73.96362828,40.78079946,21G-AM-1014-02,AM,Adult,Gray,Above,FALSE,indifferent,FALSE,FALSE,FALSE,TRUE,FALSE,FALSE,FALSE,FALSE,FALSE,FALSE,FALSE
-73.96427174,40.78208705,22F-AM-1007-05,AM,Adult,Gray,Above,FALSE,indifferent,FALSE,FALSE,FALSE,TRUE,FALSE,FALSE,FALSE,FALSE,FALSE,FALSE,FALSE
-73.96414624,40.7778316,18I-PM-1007-09,PM,Adult,Gray,Above,FALSE,indifferent,FALSE,FALSE,FALSE,TRUE,FALSE,FALSE,FALSE,FALSE,FALSE,FALSE,FALSE
-73.95491352,40.7985259,42D-PM-1013-03,PM,Adult,Gray,Above,FALSE,indifferent,FALSE,FALSE,FALSE,FALSE,TRUE,FALSE,FALSE,FALSE,FALSE,FALSE,FALSE
-73.96617859,40.77425699,13I-PM-1008-01,PM,Adult,Gray,Above,FALSE,indifferent,FALSE,TRUE,FALSE,TRUE,FALSE,FALSE,FALSE,FALSE,FALSE,FALSE,FALSE
-73.9789952,40.76977583,4B-AM-1010-03,AM,Juvenile,Gray,Above,FALSE,indifferent,FALSE,FALSE,FALSE,TRUE,FALSE,FALSE,FALSE,FALSE,FALSE,FALSE,FALSE
-73.96157511,40.79545512,36A-AM-1018-01,AM,Juvenile,Gray,Above,FALSE,indifferent,FALSE,FALSE,FALSE,FALSE,TRUE,FALSE,FALSE,FALSE,FALSE,FALSE,FALSE
-73.96694329,40.77913652,18F-AM-1014-01,AM,Adult,Gray,Above,FALSE,indifferent,FALSE,FALSE,FALSE,FALSE,TRUE,FALSE,FALSE,FALSE,FALSE,FALSE,FALSE
-73.96773873,40.77426959,12H-PM-1007-02,PM,Adult,Gray,Above,FALSE,indifferent,FALSE,FALSE,FALSE,TRUE,TRUE,FALSE,FALSE,FALSE,FALSE,FALSE,FALSE
-73.97469188,40.76552319,1G-AM-1006-02,AM,Juvenile,Gray,Above,FALSE,indifferent,FALSE,FALSE,FALSE,TRUE,FALSE,TRUE,FALSE,FALSE,FALSE,FALSE,TRUE
-73.96878474,40.7781857,16E-AM-1014-09,AM,Adult,Gray,Above,FALSE,indifferent,FALSE,FALSE,FALSE,TRUE,FALSE,FALSE,FALSE,FALSE,FALSE,FALSE,FALSE
-73.96963608,40.77865457,16D-PM-1010-03,PM,Adult,Gray,Above,FALSE,indifferent,FALSE,FALSE,FALSE,TRUE,TRUE,FALSE,FALSE,FALSE,FALSE,FALSE,FALSE
-73.96154026,40.79240823,33C-AM-1012-02,AM,Adult,Gray,Above,FALSE,indifferent,FALSE,FALSE,TRUE,TRUE,FALSE,FALSE,FALSE,FALSE,FALSE,FALSE,FALSE
-73.97569726,40.77362416,9B-PM-1013-04,PM,Juvenile,Gray,Above,FALSE,indifferent,FALSE,FALSE,FALSE,TRUE,FALSE,FALSE,FALSE,FALSE,FALSE,FALSE,TRUE
-73.97090406,40.77011639,7H-PM-1006-03,PM,Adult,Gray,Above,FALSE,indifferent,FALSE,TRUE,FALSE,TRUE,FALSE,FALSE,FALSE,FALSE,FALSE,TRUE,FALSE
-73.96715496,40.77513429,14H-AM-1007-01,AM,Adult,Gray,Above,FALSE,indifferent,FALSE,TRUE,FALSE,FALSE,FALSE,FALSE,FALSE,FALSE,FALSE,FALSE,FALSE
-73.95537267,40.79875785,41D-AM-1014-02,AM,Adult,Gray,Above,FALSE,indifferent,FALSE,FALSE,FALSE,FALSE,FALSE,FALSE,FALSE,FALSE,FALSE,FALSE,FALSE
-73.96023987,40.79101577,32D-PM-1006-04,PM,Adult,Gray,Above,FALSE,indifferent,FALSE,FALSE,FALSE,FALSE,TRUE,FALSE,FALSE,FALSE,FALSE,FALSE,TRUE
-73.95841781,40.79273012,34E-PM-1006-01,PM,Adult,Gray,Above,FALSE,indifferent,FALSE,FALSE,FALSE,FALSE,FALSE,FALSE,FALSE,FALSE,FALSE,FALSE,FALSE
-73.96912618,40.77029294,8I-AM-1006-12,AM,Adult,Gray,Above,FALSE,indifferent,FALSE,FALSE,FALSE,TRUE,FALSE,FALSE,FALSE,FALSE,FALSE,FALSE,FALSE
-73.96385855,40.78089996,21G-AM-1014-03,AM,Adult,Gray,Above,FALSE,indifferent,FALSE,FALSE,FALSE,FALSE,FALSE,TRUE,FALSE,FALSE,FALSE,FALSE,TRUE
-73.96029131,40.79106358,32D-PM-1006-03,PM,Adult,Gray,Above,FALSE,indifferent,FALSE,FALSE,FALSE,FALSE,TRUE,FALSE,FALSE,FALSE,FALSE,FALSE,TRUE
-73.97760446,40.76976073,4C-PM-1010-15,PM,Juvenile,Gray,Above,FALSE,indifferent,FALSE,FALSE,TRUE,FALSE,FALSE,FALSE,FALSE,FALSE,FALSE,FALSE,FALSE
-73.97643976,40.77370046,8B-AM-1007-01,AM,Adult,Gray,Above,FALSE,indifferent,FALSE,FALSE,FALSE,TRUE,FALSE,FALSE,FALSE,FALSE,FALSE,FALSE,TRUE
-73.9711177,40.77242785,10F-PM-1019-06,PM,Adult,Gray,Above,FALSE,indifferent,FALSE,FALSE,FALSE,TRUE,FALSE,FALSE,FALSE,FALSE,FALSE,FALSE,FALSE
-73.97714226,40.77236142,7B-AM-1008-02,AM,Adult,Gray,Above,FALSE,indifferent,FALSE,FALSE,TRUE,FALSE,FALSE,FALSE,FALSE,FALSE,FALSE,FALSE,FALSE
-73.96863046,40.77736313,15E-PM-1008-01,PM,Adult,Gray,Above,FALSE,indifferent,FALSE,TRUE,FALSE,FALSE,TRUE,TRUE,FALSE,FALSE,FALSE,FALSE,FALSE
-73.95632031,40.79062754,33G-PM-1006-01,PM,Juvenile,Gray,Above,FALSE,indifferent,FALSE,FALSE,FALSE,TRUE,FALSE,FALSE,FALSE,FALSE,FALSE,FALSE,FALSE
-73.97831853,40.77248617,7A-AM-1006-03,AM,Adult,Gray,Above,FALSE,indifferent,FALSE,TRUE,FALSE,TRUE,FALSE,FALSE,FALSE,FALSE,FALSE,FALSE,FALSE
-73.97036216,40.77503227,12E-AM-1017-08,AM,Adult,Gray,Above,FALSE,indifferent,FALSE,FALSE,FALSE,FALSE,TRUE,FALSE,FALSE,FALSE,FALSE,FALSE,FALSE
-73.97466088,40.77760921,13A-AM-1017-01,AM,Adult,Gray,Above,FALSE,indifferent,FALSE,FALSE,FALSE,TRUE,FALSE,FALSE,FALSE,FALSE,FALSE,FALSE,FALSE
-73.9679778,40.78476295,23B-PM-1012-05,PM,Adult,Gray,Above,FALSE,indifferent,FALSE,FALSE,TRUE,TRUE,FALSE,FALSE,FALSE,FALSE,FALSE,FALSE,FALSE
-73.95661891,40.7883418,31H-PM-1008-01,PM,Adult,Gray,Above,FALSE,indifferent,FALSE,FALSE,FALSE,TRUE,FALSE,FALSE,FALSE,FALSE,FALSE,FALSE,FALSE
-73.96868168,40.77577042,14F-PM-1012-02,PM,Adult,Gray,Above,FALSE,indifferent,FALSE,FALSE,FALSE,TRUE,TRUE,FALSE,FALSE,FALSE,FALSE,FALSE,FALSE
-73.95551603,40.79231882,35G-AM-1007-01,AM,Adult,Gray,Above,FALSE,indifferent,FALSE,FALSE,FALSE,TRUE,FALSE,FALSE,FALSE,FALSE,FALSE,FALSE,FALSE
-73.97716953,40.77242773,7B-AM-1008-03,AM,Adult,Gray,Above,FALSE,indifferent,FALSE,FALSE,TRUE,FALSE,FALSE,FALSE,FALSE,FALSE,FALSE,FALSE,FALSE
-73.95765591,40.79925986,41B-AM-1010-09,AM,Adult,Gray,Above,FALSE,indifferent,FALSE,FALSE,TRUE,FALSE,FALSE,FALSE,FALSE,FALSE,FALSE,FALSE,FALSE
-73.97079006,40.77716706,14D-AM-1014-09,AM,Adult,Gray,Above,FALSE,indifferent,FALSE,FALSE,FALSE,TRUE,FALSE,FALSE,FALSE,FALSE,FALSE,FALSE,FALSE
-73.95916672,40.79376021,35D-PM-1013-07,PM,Juvenile,Gray,Above,FALSE,indifferent,FALSE,FALSE,FALSE,TRUE,FALSE,FALSE,FALSE,FALSE,FALSE,FALSE,TRUE
-73.97022281,40.77421316,12F-PM-1007-12,PM,Adult,Gray,Above,FALSE,indifferent,FALSE,FALSE,FALSE,FALSE,FALSE,TRUE,FALSE,FALSE,FALSE,FALSE,FALSE
-73.95941206,40.78419458,26I-PM-1010-05,PM,Adult,Gray,Above,FALSE,indifferent,FALSE,FALSE,FALSE,TRUE,FALSE,TRUE,FALSE,FALSE,FALSE,FALSE,FALSE
-73.95339239,40.79617019,40G-AM-1007-01,AM,Adult,Gray,Above,FALSE,indifferent,FALSE,FALSE,FALSE,TRUE,TRUE,FALSE,FALSE,FALSE,FALSE,FALSE,FALSE
-73.95479593,40.79251629,36H-PM-1008-01,PM,Adult,Gray,Above,FALSE,indifferent,FALSE,TRUE,FALSE,TRUE,FALSE,TRUE,TRUE,TRUE,FALSE,FALSE,FALSE
-73.98094829,40.76856889,2A-PM-1019-04,PM,Juvenile,Gray,Above,FALSE,indifferent,FALSE,TRUE,FALSE,FALSE,FALSE,FALSE,FALSE,FALSE,FALSE,FALSE,FALSE
-73.96897236,40.7756861,13F-AM-1007-01,AM,Adult,Gray,Above,FALSE,indifferent,FALSE,FALSE,FALSE,TRUE,FALSE,FALSE,FALSE,FALSE,FALSE,FALSE,FALSE
-73.96912935,40.77032191,8I-AM-1006-11,AM,Adult,Gray,Above,FALSE,indifferent,FALSE,FALSE,TRUE,FALSE,FALSE,FALSE,FALSE,FALSE,FALSE,FALSE,FALSE
-73.96953056,40.7757542,13F-PM-1008-03,PM,Adult,Gray,Above,FALSE,indifferent,FALSE,FALSE,FALSE,FALSE,TRUE,TRUE,FALSE,FALSE,FALSE,FALSE,FALSE
-73.97016934,40.77054525,8H-AM-1017-05,AM,Adult,Gray,Above,FALSE,indifferent,FALSE,TRUE,FALSE,FALSE,TRUE,TRUE,FALSE,FALSE,FALSE,FALSE,FALSE
-73.97070123,40.7758939,13E-PM-1008-03,PM,Juvenile,Gray,Above,FALSE,indifferent,FALSE,FALSE,FALSE,FALSE,FALSE,TRUE,FALSE,FALSE,FALSE,FALSE,FALSE
-73.96432365,40.78878548,28C-AM-1014-02,AM,Adult,Gray,Above,FALSE,indifferent,FALSE,FALSE,FALSE,TRUE,FALSE,FALSE,FALSE,FALSE,FALSE,FALSE,FALSE
-73.96932541,40.77616003,14F-AM-1007-01,AM,Adult,Gray,Above,FALSE,indifferent,FALSE,FALSE,FALSE,TRUE,FALSE,FALSE,FALSE,FALSE,FALSE,FALSE,FALSE
-73.95326577,40.79490468,39G-AM-1018-02,AM,Juvenile,Gray,Above,FALSE,indifferent,FALSE,FALSE,FALSE,FALSE,FALSE,FALSE,FALSE,FALSE,FALSE,FALSE,FALSE
-73.97697008,40.77284896,7B-AM-1008-08,AM,Adult,Gray,Above,FALSE,indifferent,FALSE,TRUE,FALSE,FALSE,FALSE,FALSE,FALSE,FALSE,FALSE,FALSE,FALSE
-73.97355479,40.77234201,8D-AM-1007-02,AM,Adult,Gray,Above,FALSE,indifferent,FALSE,FALSE,FALSE,TRUE,FALSE,FALSE,FALSE,FALSE,FALSE,FALSE,FALSE
-73.9589853,40.791272,33E-AM-1014-07,AM,Adult,Gray,Above,FALSE,indifferent,FALSE,FALSE,FALSE,TRUE,FALSE,FALSE,FALSE,FALSE,FALSE,FALSE,FALSE
-73.96708589,40.7753505,14H-PM-1012-02,PM,Adult,Gray,Above,FALSE,indifferent,FALSE,TRUE,FALSE,FALSE,TRUE,TRUE,FALSE,FALSE,FALSE,FALSE,FALSE
-73.97125506,40.77642735,13D-PM-1018-06,PM,Adult,Gray,Above,FALSE,indifferent,FALSE,FALSE,FALSE,TRUE,FALSE,FALSE,FALSE,FALSE,FALSE,FALSE,FALSE
-73.96318185,40.79253322,32A-AM-1018-01,AM,Adult,Gray,Above,FALSE,indifferent,FALSE,TRUE,TRUE,FALSE,FALSE,FALSE,FALSE,FALSE,FALSE,FALSE,FALSE
-73.96940666,40.78056622,18C-PM-1018-06,PM,Juvenile,Gray,Above,FALSE,indifferent,FALSE,FALSE,FALSE,TRUE,TRUE,TRUE,FALSE,FALSE,FALSE,FALSE,FALSE
-73.97902264,40.76989977,4B-AM-1010-01,AM,Adult,Gray,Above,FALSE,indifferent,FALSE,FALSE,FALSE,TRUE,FALSE,FALSE,FALSE,FALSE,FALSE,FALSE,TRUE
-73.9507773,40.7949189,40I-PM-1013-01,PM,Adult,Gray,Above,FALSE,indifferent,FALSE,FALSE,FALSE,FALSE,TRUE,FALSE,FALSE,FALSE,FALSE,FALSE,FALSE
-73.9696762,40.77048835,8H-AM-1017-02,AM,Adult,Gray,Above,FALSE,indifferent,FALSE,TRUE,FALSE,FALSE,FALSE,TRUE,FALSE,FALSE,FALSE,FALSE,FALSE
-73.9667206,40.77799936,17G-PM-1017-04,PM,Adult,Gray,Above,FALSE,indifferent,FALSE,TRUE,TRUE,TRUE,FALSE,FALSE,FALSE,FALSE,FALSE,FALSE,FALSE
-73.96169997,40.79541269,36A-AM-1018-02,AM,Juvenile,Gray,Above,FALSE,indifferent,FALSE,FALSE,FALSE,FALSE,TRUE,FALSE,FALSE,FALSE,FALSE,FALSE,FALSE
-73.95947083,40.79119298,32E-AM-1007-07,AM,Adult,Gray,Above,FALSE,indifferent,FALSE,FALSE,FALSE,TRUE,FALSE,FALSE,FALSE,FALSE,FALSE,FALSE,FALSE
-73.97648501,40.77373407,8B-AM-1007-07,AM,Juvenile,Gray,Above,FALSE,indifferent,FALSE,FALSE,FALSE,FALSE,TRUE,FALSE,FALSE,FALSE,FALSE,FALSE,FALSE
-73.95848035,40.79338021,35D-PM-1013-01,PM,Adult,Gray,Above,FALSE,indifferent,FALSE,FALSE,FALSE,TRUE,FALSE,FALSE,FALSE,FALSE,FALSE,FALSE,FALSE
-73.95279248,40.79343663,37I-AM-1010-04,AM,Adult,Gray,Above,FALSE,indifferent,FALSE,FALSE,FALSE,TRUE,FALSE,FALSE,FALSE,FALSE,FALSE,FALSE,FALSE
-73.96796868,40.78259939,21C-AM-1014-01,AM,Adult,Gray,Above,FALSE,indifferent,FALSE,TRUE,FALSE,FALSE,FALSE,FALSE,FALSE,FALSE,FALSE,TRUE,TRUE
-73.97258972,40.76913421,6G-AM-1008-01,AM,Adult,Gray,Above,FALSE,indifferent,FALSE,FALSE,FALSE,FALSE,FALSE,FALSE,FALSE,FALSE,FALSE,FALSE,FALSE
-73.96833454,40.77790163,16E-PM-1018-07,PM,Juvenile,Gray,Above,FALSE,indifferent,FALSE,FALSE,FALSE,TRUE,FALSE,FALSE,TRUE,FALSE,FALSE,FALSE,FALSE
-73.96428057,40.77783091,18I-PM-1007-08,PM,Adult,Gray,Above,FALSE,indifferent,FALSE,FALSE,TRUE,TRUE,FALSE,FALSE,FALSE,FALSE,FALSE,FALSE,FALSE
-73.95521467,40.78929091,32I-PM-1007-03,PM,Adult,Gray,Above,FALSE,indifferent,FALSE,FALSE,FALSE,TRUE,FALSE,FALSE,FALSE,FALSE,FALSE,FALSE,FALSE
-73.95888092,40.78472316,26I-PM-1010-01,PM,Adult,Gray,Above,FALSE,indifferent,FALSE,FALSE,FALSE,TRUE,FALSE,TRUE,FALSE,FALSE,FALSE,FALSE,FALSE
-73.97166246,40.77620371,13D-PM-1018-07,PM,Adult,Gray,Above,FALSE,indifferent,FALSE,TRUE,FALSE,TRUE,FALSE,FALSE,FALSE,FALSE,FALSE,FALSE,FALSE
-73.95786586,40.79337122,35E-AM-1020-04,AM,Adult,Gray,Above,FALSE,indifferent,FALSE,FALSE,FALSE,FALSE,FALSE,FALSE,FALSE,FALSE,FALSE,FALSE,FALSE
-73.9704677,40.77868601,16C-PM-1018-02,PM,Adult,Gray,Above,FALSE,indifferent,FALSE,FALSE,TRUE,FALSE,TRUE,TRUE,FALSE,FALSE,FALSE,FALSE,TRUE
-73.96552337,40.77927373,18G-AM-1014-01,AM,Juvenile,Gray,Above,FALSE,indifferent,FALSE,FALSE,FALSE,TRUE,FALSE,FALSE,TRUE,FALSE,FALSE,FALSE,FALSE
-73.97734958,40.76645599,1E-AM-1006-05,AM,Adult,Gray,Above,FALSE,indifferent,FALSE,FALSE,FALSE,TRUE,FALSE,FALSE,FALSE,FALSE,FALSE,FALSE,FALSE
-73.97450099,40.77415741,10C-AM-1018-01,AM,Adult,Gray,Above,FALSE,indifferent,FALSE,FALSE,FALSE,TRUE,FALSE,FALSE,FALSE,FALSE,FALSE,FALSE,FALSE
-73.98100322,40.76816256,1A-AM-1007-01,AM,Adult,Gray,Above,FALSE,indifferent,FALSE,FALSE,FALSE,TRUE,FALSE,FALSE,FALSE,FALSE,FALSE,FALSE,TRUE
-73.95373561,40.79172738,35I-PM-1006-02,PM,Adult,Gray,Above,FALSE,indifferent,FALSE,FALSE,FALSE,TRUE,TRUE,FALSE,FALSE,FALSE,FALSE,FALSE,FALSE
-73.95862529,40.78520276,27I-AM-1007-03,AM,Adult,Gray,Above,FALSE,indifferent,FALSE,FALSE,FALSE,TRUE,FALSE,TRUE,FALSE,FALSE,FALSE,FALSE,FALSE
-73.95740775,40.80011852,42B-AM-1014-01,AM,Adult,Gray,Above,FALSE,indifferent,FALSE,FALSE,FALSE,TRUE,FALSE,FALSE,FALSE,FALSE,FALSE,FALSE,FALSE
-73.97321933,40.77487914,11D-PM-1006-01,PM,Adult,Gray,Above,FALSE,indifferent,FALSE,FALSE,FALSE,TRUE,FALSE,FALSE,FALSE,FALSE,FALSE,FALSE,FALSE
-73.97065861,40.77963574,17C-PM-1013-02,PM,Adult,Gray,Above,FALSE,indifferent,FALSE,FALSE,FALSE,FALSE,TRUE,FALSE,FALSE,FALSE,FALSE,FALSE,FALSE
-73.97004109,40.78344276,21A-AM-1019-07,AM,Adult,Gray,Above,FALSE,indifferent,FALSE,TRUE,FALSE,TRUE,FALSE,FALSE,FALSE,FALSE,FALSE,FALSE,FALSE
-73.97021661,40.77029607,8H-PM-1014-08,PM,Adult,Gray,Above,FALSE,indifferent,FALSE,FALSE,TRUE,FALSE,FALSE,FALSE,FALSE,FALSE,FALSE,FALSE,FALSE
-73.9689306,40.78181525,19C-PM-1018-06,PM,Adult,Gray,Above,FALSE,indifferent,FALSE,TRUE,FALSE,TRUE,FALSE,FALSE,FALSE,FALSE,FALSE,FALSE,FALSE
-73.97039213,40.77002761,7H-PM-1006-06,PM,Adult,Gray,Above,FALSE,indifferent,FALSE,FALSE,TRUE,TRUE,FALSE,FALSE,FALSE,FALSE,FALSE,FALSE,FALSE
-73.97672202,40.77532621,10A-PM-1014-03,PM,Adult,Gray,Above,FALSE,indifferent,FALSE,FALSE,FALSE,FALSE,TRUE,FALSE,FALSE,FALSE,FALSE,FALSE,FALSE
-73.97642262,40.77358184,8B-AM-1007-08,AM,Adult,Gray,Above,FALSE,indifferent,FALSE,FALSE,FALSE,FALSE,TRUE,FALSE,FALSE,FALSE,FALSE,FALSE,FALSE
-73.97038161,40.77738461,15D-PM-1017-02,PM,Adult,Gray,Above,FALSE,indifferent,FALSE,FALSE,FALSE,TRUE,FALSE,TRUE,FALSE,FALSE,FALSE,FALSE,FALSE
-73.96951334,40.77650098,14E-AM-1008-16,AM,Adult,Gray,Above,FALSE,indifferent,FALSE,FALSE,FALSE,TRUE,TRUE,TRUE,FALSE,FALSE,FALSE,FALSE,FALSE
-73.97304782,40.77008738,7F-AM-1008-03,AM,Adult,Gray,Above,FALSE,indifferent,FALSE,FALSE,FALSE,TRUE,FALSE,FALSE,FALSE,FALSE,FALSE,FALSE,FALSE
-73.95618409,40.79920378,42C-PM-1013-05,PM,Adult,Gray,Above,FALSE,indifferent,FALSE,FALSE,FALSE,FALSE,TRUE,FALSE,TRUE,FALSE,FALSE,FALSE,FALSE
-73.97031694,40.77006588,7H-AM-1006-13,AM,Adult,Gray,Above,FALSE,indifferent,FALSE,TRUE,FALSE,FALSE,FALSE,FALSE,FALSE,FALSE,FALSE,FALSE,FALSE
-73.96199852,40.79432777,34A-AM-1012-02,AM,Adult,Gray,Above,FALSE,indifferent,FALSE,TRUE,TRUE,TRUE,FALSE,FALSE,FALSE,FALSE,FALSE,FALSE,FALSE
-73.97546963,40.76819165,4E-AM-1020-02,AM,Adult,Gray,Above,FALSE,indifferent,FALSE,FALSE,FALSE,TRUE,FALSE,TRUE,FALSE,FALSE,FALSE,FALSE,FALSE
-73.97268285,40.77057077,7F-AM-1008-08,AM,Adult,Gray,Above,FALSE,indifferent,FALSE,FALSE,FALSE,TRUE,FALSE,FALSE,FALSE,FALSE,FALSE,FALSE,FALSE
-73.9639025,40.77769531,18I-PM-1007-01,PM,Adult,Gray,Above,FALSE,indifferent,FALSE,FALSE,FALSE,TRUE,TRUE,TRUE,FALSE,FALSE,FALSE,FALSE,FALSE
-73.96070566,40.78897861,30E-AM-1008-03,AM,Adult,Gray,Above,FALSE,indifferent,FALSE,FALSE,FALSE,TRUE,FALSE,FALSE,FALSE,FALSE,FALSE,FALSE,FALSE
-73.96552385,40.78156339,21E-AM-1017-03,AM,Adult,Gray,Above,FALSE,indifferent,FALSE,FALSE,TRUE,FALSE,FALSE,FALSE,FALSE,FALSE,FALSE,FALSE,FALSE
-73.95992022,40.79725999,38A-AM-1019-02,AM,Adult,Gray,Above,FALSE,indifferent,FALSE,TRUE,TRUE,TRUE,FALSE,FALSE,FALSE,FALSE,FALSE,FALSE,FALSE
-73.95943918,40.7841157,26I-PM-1010-03,PM,Adult,Gray,Above,FALSE,indifferent,FALSE,FALSE,FALSE,TRUE,TRUE,TRUE,FALSE,FALSE,FALSE,FALSE,TRUE
-73.97100255,40.77925295,16C-AM-1014-01,AM,Juvenile,Gray,Above,FALSE,indifferent,FALSE,FALSE,FALSE,TRUE,FALSE,FALSE,FALSE,FALSE,FALSE,FALSE,FALSE
-73.96904989,40.77000118,8I-AM-1006-07,AM,Adult,Gray,Above,FALSE,indifferent,FALSE,FALSE,FALSE,TRUE,FALSE,TRUE,FALSE,FALSE,FALSE,FALSE,FALSE
-73.95839444,40.79796898,39B-PM-1014-04,PM,Adult,Gray,Above,FALSE,indifferent,TRUE,FALSE,FALSE,TRUE,FALSE,FALSE,FALSE,FALSE,FALSE,FALSE,FALSE
-73.95933731,40.79824285,39A-PM-1014-03,PM,Adult,Gray,Above,FALSE,indifferent,FALSE,FALSE,FALSE,FALSE,FALSE,TRUE,FALSE,FALSE,FALSE,FALSE,TRUE
-73.96040839,40.79102841,32D-AM-1013-05,AM,Adult,Gray,Above,FALSE,indifferent,FALSE,TRUE,FALSE,FALSE,TRUE,FALSE,FALSE,FALSE,FALSE,FALSE,FALSE
-73.96945917,40.77665182,14E-AM-1008-12,AM,Adult,Gray,Above,FALSE,indifferent,FALSE,FALSE,FALSE,TRUE,TRUE,TRUE,FALSE,FALSE,FALSE,FALSE,FALSE
-73.95686109,40.79359596,36E-PM-1012-02,PM,Adult,Gray,Above,FALSE,indifferent,FALSE,FALSE,FALSE,TRUE,FALSE,TRUE,FALSE,FALSE,FALSE,FALSE,FALSE
-73.97016348,40.77786914,15D-AM-1007-03,AM,Adult,Gray,Above,FALSE,indifferent,FALSE,FALSE,FALSE,TRUE,TRUE,FALSE,FALSE,FALSE,FALSE,FALSE,FALSE
-73.97457091,40.76722257,3G-AM-1008-03,AM,Adult,Gray,Above,FALSE,indifferent,FALSE,TRUE,FALSE,TRUE,FALSE,FALSE,FALSE,FALSE,FALSE,FALSE,FALSE
-73.97479591,40.77680782,12A-AM-1008-01,AM,Adult,Gray,Above,FALSE,indifferent,FALSE,FALSE,FALSE,TRUE,FALSE,FALSE,FALSE,FALSE,FALSE,FALSE,FALSE
-73.96924723,40.77225922,10H-PM-1007-01,PM,Adult,Gray,Above,FALSE,indifferent,FALSE,FALSE,FALSE,TRUE,FALSE,FALSE,FALSE,FALSE,FALSE,FALSE,FALSE
-73.97650461,40.77366741,8B-AM-1007-04,AM,Adult,Gray,Above,FALSE,indifferent,FALSE,FALSE,FALSE,TRUE,FALSE,TRUE,FALSE,FALSE,FALSE,FALSE,FALSE
-73.96407416,40.78072746,20G-AM-1018-01,AM,Juvenile,Gray,Above,FALSE,indifferent,FALSE,FALSE,FALSE,FALSE,FALSE,FALSE,FALSE,FALSE,FALSE,FALSE,FALSE
-73.96884381,40.77030143,8I-AM-1006-05,AM,Adult,Gray,Above,FALSE,indifferent,FALSE,FALSE,FALSE,TRUE,FALSE,FALSE,FALSE,FALSE,FALSE,FALSE,FALSE
-73.96657638,40.77613164,15H-AM-1013-03,AM,Adult,Gray,Above,FALSE,indifferent,FALSE,FALSE,FALSE,TRUE,FALSE,FALSE,FALSE,FALSE,FALSE,FALSE,FALSE
-73.97691068,40.76744149,2E-AM-1010-05,AM,Juvenile,Gray,Above,FALSE,indifferent,FALSE,FALSE,FALSE,TRUE,FALSE,FALSE,FALSE,FALSE,FALSE,FALSE,FALSE
-73.9728171,40.77035578,7F-AM-1008-06,AM,Adult,Gray,Above,FALSE,indifferent,FALSE,FALSE,FALSE,FALSE,FALSE,FALSE,FALSE,FALSE,FALSE,FALSE,FALSE
-73.97117514,40.77524228,12E-AM-1017-06,AM,Juvenile,Gray,Above,FALSE,indifferent,FALSE,FALSE,FALSE,FALSE,TRUE,TRUE,FALSE,FALSE,FALSE,FALSE,FALSE
-73.97300011,40.76787192,4G-AM-1006-05,AM,Juvenile,Gray,Above,FALSE,indifferent,FALSE,FALSE,FALSE,TRUE,FALSE,FALSE,FALSE,FALSE,FALSE,FALSE,FALSE
-73.97203653,40.77623297,13D-PM-1018-11,PM,Adult,Gray,Above,FALSE,indifferent,FALSE,FALSE,FALSE,TRUE,TRUE,FALSE,FALSE,FALSE,FALSE,FALSE,TRUE
-73.97653554,40.77356532,8B-AM-1007-03,AM,Adult,Gray,Above,FALSE,indifferent,FALSE,FALSE,FALSE,TRUE,FALSE,FALSE,FALSE,FALSE,FALSE,FALSE,FALSE
-73.98077711,40.76816357,1A-AM-1007-02,AM,Adult,Gray,Above,FALSE,indifferent,FALSE,FALSE,FALSE,TRUE,FALSE,FALSE,FALSE,FALSE,FALSE,FALSE,TRUE
-73.97030765,40.77015842,8H-PM-1014-07,PM,Adult,Gray,Above,FALSE,indifferent,FALSE,FALSE,TRUE,FALSE,FALSE,FALSE,FALSE,FALSE,FALSE,FALSE,FALSE
-73.95463374,40.78987726,33I-PM-1006-08,PM,Adult,Gray,Above,FALSE,indifferent,FALSE,FALSE,FALSE,TRUE,FALSE,FALSE,FALSE,FALSE,FALSE,FALSE,TRUE
-73.9806378,40.76810972,1B-AM-1012-15,AM,Adult,Gray,Above,FALSE,indifferent,FALSE,FALSE,FALSE,TRUE,TRUE,FALSE,FALSE,FALSE,FALSE,FALSE,FALSE
-73.96236214,40.78146736,22H-PM-1007-03,PM,Adult,Gray,Above,FALSE,indifferent,FALSE,FALSE,FALSE,TRUE,FALSE,TRUE,FALSE,FALSE,FALSE,FALSE,FALSE
-73.96828305,40.78101511,19D-PM-1008-03,PM,Adult,Gray,Above,FALSE,indifferent,FALSE,FALSE,FALSE,FALSE,TRUE,FALSE,FALSE,FALSE,FALSE,FALSE,FALSE
-73.96573273,40.77475546,14I-PM-1018-03,PM,Juvenile,Gray,Above,FALSE,indifferent,FALSE,FALSE,FALSE,TRUE,FALSE,FALSE,FALSE,FALSE,FALSE,FALSE,FALSE
-73.95680691,40.79877369,41C-AM-1017-06,AM,Adult,Gray,Above,FALSE,indifferent,FALSE,FALSE,FALSE,TRUE,FALSE,FALSE,TRUE,FALSE,FALSE,FALSE,FALSE
-73.9710739,40.77232658,10F-PM-1019-07,PM,Adult,Gray,Above,FALSE,indifferent,FALSE,FALSE,FALSE,TRUE,FALSE,FALSE,FALSE,FALSE,FALSE,FALSE,FALSE
-73.97643141,40.77364581,8B-AM-1007-02,AM,Adult,Gray,Above,FALSE,indifferent,FALSE,FALSE,FALSE,TRUE,FALSE,FALSE,FALSE,FALSE,FALSE,FALSE,FALSE
-73.96840585,40.77539598,13G-PM-1008-02,PM,Juvenile,Gray,Above,FALSE,indifferent,FALSE,FALSE,FALSE,TRUE,FALSE,TRUE,FALSE,FALSE,FALSE,FALSE,FALSE
-73.97562782,40.76695237,2F-AM-1006-02,AM,Adult,Gray,Above,FALSE,indifferent,FALSE,FALSE,FALSE,TRUE,FALSE,FALSE,FALSE,FALSE,FALSE,FALSE,FALSE
-73.97437952,40.76920304,5E-AM-1008-05,AM,Adult,Gray,Above,FALSE,indifferent,FALSE,FALSE,FALSE,FALSE,FALSE,TRUE,FALSE,FALSE,FALSE,FALSE,FALSE
-73.95423325,40.79334752,37G-AM-1014-01,AM,Adult,Gray,Above,FALSE,indifferent,FALSE,FALSE,FALSE,TRUE,FALSE,FALSE,FALSE,FALSE,FALSE,FALSE,FALSE
-73.95848244,40.79342476,35D-PM-1013-02,PM,Adult,Gray,Above,FALSE,indifferent,FALSE,FALSE,FALSE,TRUE,FALSE,FALSE,FALSE,FALSE,FALSE,FALSE,FALSE
-73.96752689,40.77504097,13H-AM-1013-01,AM,Adult,Gray,Above,FALSE,indifferent,FALSE,FALSE,FALSE,TRUE,FALSE,FALSE,FALSE,FALSE,FALSE,FALSE,FALSE
-73.96964456,40.77914862,17D-AM-1008-05,AM,Juvenile,Gray,Above,FALSE,indifferent,FALSE,FALSE,FALSE,TRUE,FALSE,FALSE,FALSE,FALSE,FALSE,FALSE,FALSE
-73.96904475,40.7839133,21B-AM-1019-06,AM,Juvenile,Gray,Above,FALSE,indifferent,FALSE,FALSE,FALSE,TRUE,TRUE,FALSE,FALSE,FALSE,FALSE,FALSE,FALSE
-73.96065593,40.78895276,30E-AM-1008-02,AM,Adult,Gray,Above,FALSE,indifferent,FALSE,FALSE,TRUE,FALSE,FALSE,FALSE,TRUE,FALSE,FALSE,FALSE,FALSE
-73.95583703,40.79219772,35G-AM-1007-02,AM,Adult,Gray,Above,FALSE,indifferent,FALSE,FALSE,FALSE,TRUE,FALSE,FALSE,FALSE,FALSE,FALSE,FALSE,FALSE
-73.97709209,40.7694698,4C-PM-1010-01,PM,Adult,Gray,Above,FALSE,indifferent,FALSE,FALSE,FALSE,TRUE,FALSE,FALSE,FALSE,TRUE,FALSE,FALSE,FALSE
-73.96316468,40.79257168,32A-AM-1018-02,AM,Adult,Gray,Above,FALSE,indifferent,FALSE,TRUE,TRUE,FALSE,FALSE,FALSE,FALSE,FALSE,FALSE,FALSE,FALSE
-73.95956865,40.79068597,32E-AM-1007-06,AM,Adult,Gray,Above,FALSE,indifferent,FALSE,FALSE,FALSE,TRUE,FALSE,FALSE,FALSE,FALSE,FALSE,FALSE,FALSE
-73.95894922,40.79890112,40A-PM-1014-01,PM,Adult,Gray,Above,FALSE,indifferent,FALSE,FALSE,FALSE,TRUE,FALSE,FALSE,FALSE,FALSE,FALSE,FALSE,TRUE
-73.97750674,40.77265661,7B-AM-1008-14,AM,Adult,Gray,Above,FALSE,indifferent,FALSE,FALSE,FALSE,TRUE,FALSE,FALSE,FALSE,FALSE,FALSE,FALSE,FALSE
-73.97464934,40.77504787,11B-PM-1014-06,PM,Adult,Gray,Above,FALSE,indifferent,FALSE,FALSE,FALSE,FALSE,FALSE,FALSE,FALSE,FALSE,FALSE,FALSE,FALSE
-73.97263812,40.77526948,12D-PM-1014-01,PM,Adult,Gray,Above,FALSE,indifferent,FALSE,FALSE,FALSE,TRUE,FALSE,FALSE,FALSE,FALSE,FALSE,FALSE,FALSE
-73.95896006,40.79136903,33E-AM-1014-08,AM,Adult,Gray,Above,FALSE,indifferent,FALSE,FALSE,FALSE,TRUE,FALSE,FALSE,TRUE,FALSE,FALSE,FALSE,FALSE
-73.9702609,40.78365172,21A-AM-1019-05,AM,Adult,Gray,Above,FALSE,indifferent,FALSE,FALSE,FALSE,TRUE,FALSE,FALSE,FALSE,FALSE,FALSE,FALSE,FALSE
-73.9538377,40.79806053,42E-PM-1012-03,PM,Adult,Gray,Above,FALSE,indifferent,FALSE,FALSE,FALSE,TRUE,FALSE,TRUE,TRUE,FALSE,FALSE,FALSE,FALSE
-73.96676944,40.77795018,17G-PM-1017-03,PM,Adult,Gray,Above,FALSE,indifferent,FALSE,TRUE,TRUE,TRUE,FALSE,FALSE,FALSE,FALSE,FALSE,FALSE,FALSE
-73.9747763,40.77685791,12A-AM-1008-02,AM,Adult,Gray,Above,FALSE,indifferent,FALSE,FALSE,FALSE,TRUE,FALSE,FALSE,FALSE,FALSE,FALSE,FALSE,FALSE
-73.96929469,40.77673898,14E-AM-1008-13,AM,Adult,Gray,Above,FALSE,indifferent,FALSE,FALSE,FALSE,TRUE,TRUE,TRUE,FALSE,FALSE,FALSE,FALSE,FALSE
-73.97576732,40.76696143,2F-PM-1014-04,PM,Adult,Gray,Above,FALSE,indifferent,FALSE,FALSE,FALSE,FALSE,TRUE,FALSE,FALSE,FALSE,FALSE,FALSE,FALSE
-73.97218979,40.76604342,3I-AM-1010-02,AM,Adult,Gray,Above,FALSE,indifferent,FALSE,TRUE,FALSE,FALSE,FALSE,FALSE,FALSE,FALSE,FALSE,FALSE,FALSE
-73.95988755,40.79734156,38A-AM-1019-04,AM,Adult,Gray,Above,FALSE,indifferent,FALSE,FALSE,FALSE,FALSE,FALSE,FALSE,FALSE,FALSE,FALSE,FALSE,FALSE
-73.97519828,40.77403438,9B-AM-1010-06,AM,Juvenile,Gray,Above,FALSE,indifferent,FALSE,FALSE,FALSE,TRUE,FALSE,FALSE,FALSE,FALSE,FALSE,FALSE,FALSE
-73.96571714,40.77732775,16H-PM-1014-05,PM,Adult,Gray,Above,FALSE,indifferent,FALSE,TRUE,FALSE,TRUE,FALSE,TRUE,FALSE,FALSE,FALSE,FALSE,TRUE
-73.97582116,40.76934229,5E-AM-1008-10,AM,Adult,Gray,Above,FALSE,indifferent,FALSE,TRUE,FALSE,FALSE,FALSE,TRUE,FALSE,FALSE,FALSE,FALSE,FALSE
-73.96086433,40.79021226,31D-PM-1006-02,PM,Adult,Gray,Above,FALSE,indifferent,FALSE,FALSE,FALSE,TRUE,FALSE,FALSE,FALSE,FALSE,FALSE,FALSE,FALSE
-73.97075714,40.77588598,13E-PM-1008-02,PM,Adult,Gray,Above,FALSE,indifferent,FALSE,FALSE,FALSE,FALSE,FALSE,TRUE,FALSE,FALSE,FALSE,TRUE,FALSE
-73.95535215,40.79885495,42D-AM-1014-01,AM,Adult,Gray,Above,FALSE,indifferent,FALSE,FALSE,FALSE,TRUE,TRUE,FALSE,TRUE,FALSE,FALSE,FALSE,FALSE
-73.97074872,40.78008228,17B-PM-1012-03,PM,Adult,Gray,Above,FALSE,indifferent,FALSE,TRUE,TRUE,FALSE,FALSE,FALSE,FALSE,FALSE,FALSE,FALSE,TRUE
-73.96390482,40.77773733,18I-PM-1007-02,PM,Adult,Gray,Above,FALSE,indifferent,FALSE,FALSE,FALSE,TRUE,TRUE,TRUE,FALSE,FALSE,FALSE,FALSE,FALSE
-73.96623106,40.77477582,14I-AM-1013-01,AM,Adult,Gray,Above,FALSE,indifferent,FALSE,TRUE,FALSE,TRUE,FALSE,FALSE,FALSE,FALSE,FALSE,FALSE,FALSE
-73.96242964,40.79132081,31C-PM-1010-02,PM,Adult,Gray,Above,FALSE,indifferent,FALSE,FALSE,FALSE,TRUE,FALSE,FALSE,FALSE,FALSE,FALSE,FALSE,FALSE
-73.95662777,40.79666746,39D-PM-1012-04,PM,Juvenile,Gray,Above,FALSE,indifferent,FALSE,FALSE,FALSE,TRUE,FALSE,FALSE,FALSE,FALSE,FALSE,FALSE,FALSE
-73.95595201,40.79505363,38E-AM-1010-06,AM,Adult,Gray,Above,FALSE,indifferent,FALSE,TRUE,TRUE,FALSE,FALSE,FALSE,FALSE,FALSE,FALSE,FALSE,TRUE
-73.9766477,40.77127374,6C-AM-1007-04,AM,Adult,Gray,Above,FALSE,indifferent,FALSE,FALSE,TRUE,TRUE,FALSE,FALSE,FALSE,FALSE,FALSE,FALSE,FALSE
-73.95477851,40.78961218,33I-AM-1008-02,AM,Adult,Gray,Above,FALSE,indifferent,FALSE,FALSE,FALSE,TRUE,FALSE,FALSE,FALSE,FALSE,FALSE,FALSE,TRUE
-73.9755656,40.77384625,9B-AM-1010-03,AM,Adult,Gray,Above,FALSE,indifferent,FALSE,TRUE,FALSE,TRUE,FALSE,TRUE,FALSE,FALSE,FALSE,FALSE,FALSE
-73.97052601,40.78263337,19A-PM-1013-04,PM,Adult,Gray,Above,FALSE,indifferent,FALSE,FALSE,FALSE,FALSE,TRUE,TRUE,FALSE,FALSE,FALSE,FALSE,FALSE
-73.97279263,40.77037056,7F-AM-1008-07,AM,Adult,Gray,Above,FALSE,indifferent,FALSE,FALSE,FALSE,FALSE,FALSE,FALSE,FALSE,FALSE,FALSE,FALSE,FALSE
-73.97220565,40.78051118,17A-PM-1013-03,PM,Adult,Gray,Above,FALSE,indifferent,FALSE,FALSE,FALSE,FALSE,FALSE,FALSE,FALSE,FALSE,FALSE,FALSE,FALSE
-73.95906321,40.79631466,38B-AM-1019-04,AM,Adult,Gray,Above,FALSE,indifferent,FALSE,FALSE,FALSE,FALSE,FALSE,FALSE,TRUE,TRUE,FALSE,TRUE,FALSE
-73.97877711,40.76935621,3B-AM-1010-07,AM,Adult,Gray,Above,FALSE,indifferent,FALSE,FALSE,FALSE,TRUE,FALSE,FALSE,FALSE,FALSE,FALSE,TRUE,FALSE
-73.97553718,40.77335612,9C-PM-1006-02,PM,Adult,Gray,Above,FALSE,indifferent,FALSE,FALSE,TRUE,FALSE,FALSE,FALSE,FALSE,FALSE,FALSE,FALSE,FALSE
-73.95894705,40.79128176,33E-AM-1014-10,AM,Juvenile,Gray,Above,FALSE,indifferent,FALSE,FALSE,TRUE,FALSE,FALSE,FALSE,FALSE,FALSE,FALSE,FALSE,FALSE
-73.9715922,40.77461531,11E-PM-1012-06,PM,Adult,Gray,Above,FALSE,indifferent,FALSE,FALSE,FALSE,TRUE,TRUE,FALSE,FALSE,FALSE,FALSE,FALSE,FALSE
-73.96946818,40.7705858,8I-AM-1006-06,AM,Adult,Gray,Above,FALSE,indifferent,FALSE,FALSE,FALSE,FALSE,FALSE,TRUE,FALSE,FALSE,FALSE,FALSE,FALSE
-73.96113553,40.79306935,34C-AM-1007-02,AM,Adult,Gray,Above,FALSE,indifferent,FALSE,FALSE,FALSE,TRUE,FALSE,FALSE,FALSE,FALSE,FALSE,FALSE,FALSE
-73.97080323,40.77842657,15C-AM-1010-02,AM,Adult,Gray,Above,FALSE,indifferent,FALSE,FALSE,FALSE,TRUE,FALSE,FALSE,FALSE,FALSE,FALSE,FALSE,FALSE
-73.97002639,40.76993351,7H-PM-1006-07,PM,Adult,Gray,Above,FALSE,indifferent,FALSE,FALSE,TRUE,TRUE,FALSE,FALSE,FALSE,FALSE,FALSE,FALSE,FALSE
-73.97319252,40.77489627,11D-PM-1006-02,PM,Juvenile,Gray,Above,FALSE,indifferent,FALSE,FALSE,FALSE,TRUE,FALSE,FALSE,FALSE,FALSE,FALSE,FALSE,FALSE
-73.97118651,40.778504,15C-AM-1010-03,AM,Adult,Gray,Above,FALSE,indifferent,FALSE,FALSE,FALSE,FALSE,TRUE,FALSE,FALSE,FALSE,FALSE,FALSE,FALSE
-73.97875529,40.76907796,3B-AM-1010-06,AM,Adult,Gray,Above,FALSE,indifferent,FALSE,TRUE,FALSE,FALSE,FALSE,FALSE,FALSE,FALSE,FALSE,FALSE,FALSE
-73.97043394,40.77401495,11F-PM-1006-03,PM,Adult,Gray,Above,FALSE,indifferent,FALSE,FALSE,FALSE,TRUE,FALSE,FALSE,FALSE,FALSE,FALSE,FALSE,TRUE
-73.95969493,40.79000795,31E-PM-1006-04,PM,Adult,Gray,Above,FALSE,indifferent,FALSE,FALSE,FALSE,TRUE,FALSE,FALSE,FALSE,FALSE,FALSE,FALSE,FALSE
-73.98094465,40.76850322,2A-PM-1019-03,PM,Juvenile,Gray,Above,FALSE,indifferent,FALSE,TRUE,FALSE,FALSE,FALSE,FALSE,FALSE,FALSE,FALSE,FALSE,FALSE
-73.96822789,40.77330275,11H-PM-1013-02,PM,Adult,Gray,Above,FALSE,indifferent,FALSE,FALSE,FALSE,FALSE,FALSE,FALSE,FALSE,FALSE,FALSE,FALSE,FALSE
-73.95827701,40.78566102,28I-PM-1007-01,PM,Adult,Gray,Above,FALSE,indifferent,FALSE,TRUE,FALSE,TRUE,FALSE,FALSE,FALSE,FALSE,FALSE,FALSE,FALSE
-73.96738035,40.7785245,17F-AM-1007-01,AM,Adult,Gray,Above,FALSE,indifferent,FALSE,FALSE,FALSE,TRUE,TRUE,FALSE,FALSE,FALSE,FALSE,TRUE,FALSE
-73.97273238,40.76690355,3H-AM-1008-03,AM,Adult,Gray,Above,FALSE,indifferent,FALSE,FALSE,FALSE,TRUE,FALSE,FALSE,FALSE,FALSE,FALSE,FALSE,FALSE
-73.95994199,40.79727747,38A-AM-1019-01,AM,Adult,Gray,Above,FALSE,indifferent,FALSE,TRUE,TRUE,TRUE,FALSE,FALSE,FALSE,FALSE,FALSE,FALSE,FALSE
-73.97214489,40.77621128,13C-AM-1010-02,AM,Adult,Gray,Above,FALSE,indifferent,FALSE,FALSE,FALSE,TRUE,FALSE,FALSE,FALSE,FALSE,FALSE,FALSE,FALSE
-73.97108434,40.76797396,5I-AM-1010-03,AM,Adult,Gray,Above,FALSE,indifferent,FALSE,FALSE,FALSE,FALSE,FALSE,FALSE,FALSE,FALSE,FALSE,FALSE,FALSE
-73.97190685,40.77890623,15B-AM-1014-02,AM,Adult,Gray,Above,FALSE,indifferent,FALSE,FALSE,FALSE,FALSE,FALSE,FALSE,FALSE,FALSE,FALSE,FALSE,FALSE
-73.96220508,40.78863738,29D-PM-1010-01,PM,Juvenile,Gray,Above,FALSE,indifferent,FALSE,FALSE,FALSE,TRUE,TRUE,FALSE,FALSE,FALSE,FALSE,FALSE,FALSE
-73.97102214,40.77249397,10F-PM-1019-01,PM,Adult,Gray,Above,FALSE,indifferent,FALSE,FALSE,FALSE,TRUE,FALSE,FALSE,FALSE,FALSE,FALSE,FALSE,FALSE
-73.97548021,40.7733008,9C-PM-1006-03,PM,Adult,Gray,Above,FALSE,indifferent,FALSE,FALSE,TRUE,FALSE,FALSE,FALSE,FALSE,FALSE,FALSE,FALSE,FALSE
-73.97249477,40.76966193,6G-AM-1008-05,AM,Adult,Gray,Above,FALSE,indifferent,FALSE,FALSE,FALSE,TRUE,FALSE,FALSE,FALSE,FALSE,FALSE,FALSE,FALSE
-73.95723835,40.78768574,30H-PM-1006-01,PM,Adult,Gray,Above,FALSE,indifferent,FALSE,FALSE,FALSE,TRUE,FALSE,FALSE,FALSE,FALSE,FALSE,FALSE,TRUE
-73.95596637,40.79458283,37F-AM-1010-01,AM,Adult,Gray,Above,FALSE,indifferent,FALSE,FALSE,FALSE,TRUE,FALSE,FALSE,FALSE,FALSE,FALSE,TRUE,FALSE
-73.98101491,40.76839254,2A-AM-1010-03,AM,Adult,Gray,Above,FALSE,indifferent,FALSE,FALSE,FALSE,FALSE,TRUE,FALSE,FALSE,FALSE,FALSE,FALSE,FALSE
-73.97271875,40.76695957,3H-AM-1008-02,AM,Adult,Gray,Above,FALSE,indifferent,FALSE,FALSE,FALSE,TRUE,FALSE,FALSE,FALSE,FALSE,FALSE,FALSE,FALSE
-73.95810074,40.79594031,38C-AM-1019-06,AM,Adult,Gray,Above,FALSE,indifferent,FALSE,FALSE,FALSE,TRUE,FALSE,FALSE,TRUE,FALSE,FALSE,TRUE,FALSE
-73.96898934,40.78530874,23A-AM-1018-03,AM,Juvenile,Gray,Above,FALSE,indifferent,FALSE,FALSE,FALSE,TRUE,FALSE,FALSE,FALSE,FALSE,FALSE,FALSE,FALSE
-73.96393253,40.78082898,21G-AM-1014-04,AM,Adult,Gray,Above,FALSE,indifferent,FALSE,FALSE,FALSE,FALSE,TRUE,FALSE,FALSE,FALSE,FALSE,FALSE,FALSE
-73.96759177,40.77899223,17E-AM-1017-02,AM,Adult,Gray,Above,FALSE,indifferent,FALSE,FALSE,FALSE,TRUE,FALSE,TRUE,FALSE,FALSE,FALSE,FALSE,FALSE
-73.95082756,40.79757907,42H-PM-1014-02,PM,Adult,Gray,Above,FALSE,indifferent,FALSE,TRUE,FALSE,FALSE,FALSE,FALSE,FALSE,FALSE,FALSE,FALSE,FALSE
-73.97294105,40.7709485,7F-AM-1008-13,AM,Adult,Gray,Above,FALSE,indifferent,FALSE,TRUE,FALSE,FALSE,TRUE,TRUE,FALSE,FALSE,FALSE,FALSE,FALSE
-73.96205425,40.79437317,34A-AM-1012-01,AM,Adult,Gray,Above,FALSE,indifferent,FALSE,TRUE,TRUE,TRUE,FALSE,FALSE,FALSE,FALSE,FALSE,FALSE,FALSE
-73.95893254,40.79134455,33E-AM-1014-11,AM,Juvenile,Gray,Above,FALSE,indifferent,FALSE,FALSE,TRUE,FALSE,FALSE,FALSE,FALSE,FALSE,FALSE,FALSE,FALSE
-73.95492612,40.7944702,37G-AM-1014-04,AM,Adult,Gray,Above,FALSE,indifferent,FALSE,FALSE,TRUE,FALSE,FALSE,FALSE,FALSE,FALSE,FALSE,FALSE,FALSE
-73.97213481,40.766692,3H-AM-1008-01,AM,Adult,Gray,Above,FALSE,indifferent,FALSE,FALSE,FALSE,FALSE,FALSE,FALSE,FALSE,FALSE,FALSE,FALSE,FALSE
-73.97217995,40.78100428,17A-PM-1013-02,PM,Adult,Gray,Above,FALSE,indifferent,FALSE,FALSE,FALSE,FALSE,TRUE,FALSE,FALSE,FALSE,FALSE,FALSE,TRUE
-73.96962858,40.77040678,8H-AM-1017-03,AM,Adult,Gray,Above,FALSE,indifferent,FALSE,TRUE,FALSE,FALSE,FALSE,TRUE,FALSE,FALSE,FALSE,FALSE,FALSE
-73.95883399,40.78480849,26I-PM-1010-06,PM,Adult,Gray,Above,FALSE,indifferent,FALSE,FALSE,FALSE,TRUE,FALSE,TRUE,FALSE,FALSE,FALSE,FALSE,TRUE
-73.97451412,40.76914798,5E-AM-1008-01,AM,Adult,Gray,Above,FALSE,indifferent,FALSE,FALSE,FALSE,FALSE,TRUE,FALSE,FALSE,FALSE,FALSE,FALSE,FALSE
-73.96922711,40.77752851,15E-PM-1008-04,PM,Adult,Gray,Above,FALSE,indifferent,FALSE,FALSE,FALSE,TRUE,FALSE,FALSE,FALSE,FALSE,FALSE,FALSE,FALSE
-73.97131484,40.77495129,12E-AM-1017-03,AM,Adult,Gray,Above,FALSE,indifferent,FALSE,FALSE,FALSE,TRUE,FALSE,TRUE,FALSE,FALSE,FALSE,FALSE,FALSE
-73.96009471,40.79160661,33D-AM-1017-01,AM,Adult,Gray,Above,FALSE,indifferent,FALSE,FALSE,FALSE,TRUE,FALSE,FALSE,FALSE,FALSE,FALSE,FALSE,FALSE
-73.96260657,40.78872265,29D-AM-1014-03,AM,Juvenile,Gray,Above,FALSE,indifferent,FALSE,FALSE,FALSE,FALSE,FALSE,TRUE,FALSE,FALSE,FALSE,FALSE,FALSE
-73.97896879,40.76926931,3B-PM-1007-04,PM,Juvenile,Gray,Above,FALSE,indifferent,TRUE,TRUE,FALSE,TRUE,TRUE,FALSE,FALSE,FALSE,FALSE,FALSE,TRUE
-73.97917672,40.77144453,5A-AM-1006-02,AM,Juvenile,Gray,Above,FALSE,indifferent,FALSE,FALSE,FALSE,TRUE,TRUE,FALSE,FALSE,FALSE,FALSE,FALSE,FALSE
-73.96838838,40.77543444,13G-PM-1008-01,PM,Juvenile,Gray,Above,FALSE,indifferent,FALSE,FALSE,FALSE,FALSE,FALSE,TRUE,FALSE,FALSE,FALSE,FALSE,FALSE
-73.95936243,40.79055224,32E-AM-1007-02,AM,Adult,Gray,Above,FALSE,indifferent,FALSE,FALSE,FALSE,TRUE,FALSE,TRUE,FALSE,FALSE,FALSE,FALSE,FALSE
-73.96591182,40.77657399,15H-AM-1013-02,AM,Adult,Gray,Above,FALSE,indifferent,FALSE,FALSE,FALSE,TRUE,FALSE,FALSE,FALSE,FALSE,FALSE,FALSE,FALSE
-73.97535852,40.76983986,5E-AM-1008-07,AM,Adult,Gray,Above,FALSE,indifferent,FALSE,FALSE,FALSE,FALSE,FALSE,TRUE,FALSE,FALSE,FALSE,FALSE,FALSE
-73.97729087,40.76972074,4C-AM-1006-05,AM,Juvenile,Gray,Above,FALSE,indifferent,FALSE,FALSE,FALSE,TRUE,TRUE,TRUE,FALSE,FALSE,FALSE,FALSE,FALSE
-73.97869409,40.76908203,3B-PM-1007-05,PM,Juvenile,Gray,Above,FALSE,indifferent,FALSE,FALSE,FALSE,TRUE,TRUE,FALSE,FALSE,FALSE,FALSE,FALSE,FALSE
-73.97618793,40.7683919,3E-PM-1008-01,PM,Adult,Gray,Above,FALSE,indifferent,FALSE,FALSE,FALSE,TRUE,FALSE,TRUE,FALSE,FALSE,FALSE,FALSE,FALSE
-73.95384757,40.79647942,40F-PM-1006-02,PM,Adult,Gray,Above,FALSE,indifferent,FALSE,FALSE,FALSE,FALSE,FALSE,TRUE,FALSE,FALSE,FALSE,FALSE,FALSE
-73.96153965,40.79235944,33C-AM-1012-01,AM,Adult,Gray,Above,FALSE,indifferent,FALSE,FALSE,TRUE,TRUE,FALSE,FALSE,FALSE,FALSE,FALSE,FALSE,FALSE
-73.97059586,40.78320608,20A-AM-1010-01,AM,Adult,Gray,Above,FALSE,indifferent,FALSE,FALSE,FALSE,TRUE,FALSE,FALSE,FALSE,FALSE,FALSE,FALSE,TRUE
-73.96704321,40.7753462,14H-PM-1012-03,PM,Adult,Gray,Above,FALSE,indifferent,FALSE,TRUE,FALSE,FALSE,TRUE,TRUE,FALSE,FALSE,FALSE,FALSE,FALSE
-73.96542882,40.7815954,21E-AM-1017-02,AM,Adult,Gray,Above,FALSE,indifferent,FALSE,FALSE,TRUE,FALSE,FALSE,FALSE,FALSE,FALSE,FALSE,FALSE,FALSE
-73.9793924,40.77084755,5A-AM-1006-01,AM,Adult,Gray,Above,FALSE,indifferent,FALSE,FALSE,FALSE,TRUE,FALSE,FALSE,FALSE,FALSE,FALSE,FALSE,FALSE
-73.97220534,40.7662095,3I-AM-1010-03,AM,Adult,Gray,Above,FALSE,indifferent,FALSE,TRUE,FALSE,FALSE,FALSE,FALSE,FALSE,FALSE,FALSE,FALSE,FALSE
-73.95175251,40.79744076,42G-PM-1014-02,PM,Adult,Gray,Above,FALSE,indifferent,FALSE,FALSE,FALSE,TRUE,TRUE,FALSE,FALSE,FALSE,FALSE,FALSE,FALSE
-73.97703139,40.77248693,7B-AM-1008-05,AM,Adult,Gray,Above,FALSE,indifferent,FALSE,FALSE,TRUE,FALSE,FALSE,FALSE,FALSE,FALSE,FALSE,FALSE,FALSE
-73.96491033,40.78239139,22F-PM-1014-08,PM,Adult,Gray,Above,FALSE,indifferent,FALSE,FALSE,FALSE,TRUE,FALSE,FALSE,FALSE,FALSE,FALSE,FALSE,FALSE
-73.96252481,40.78100229,21H-PM-1018-03,PM,Adult,Gray,Above,FALSE,indifferent,FALSE,FALSE,FALSE,TRUE,FALSE,FALSE,TRUE,FALSE,FALSE,FALSE,FALSE
-73.97666932,40.77088792,6C-PM-1020-01,PM,Adult,Gray,Above,FALSE,indifferent,FALSE,FALSE,FALSE,TRUE,FALSE,FALSE,FALSE,FALSE,FALSE,FALSE,FALSE
-73.95718088,40.79344439,35E-AM-1020-02,AM,Adult,Gray,Above,FALSE,indifferent,FALSE,FALSE,FALSE,FALSE,FALSE,FALSE,FALSE,FALSE,FALSE,FALSE,FALSE
-73.97663428,40.76875184,4D-AM-1012-04,AM,Adult,Gray,Above,FALSE,indifferent,FALSE,FALSE,TRUE,TRUE,FALSE,FALSE,FALSE,FALSE,FALSE,FALSE,TRUE
-73.97660121,40.77123107,6C-AM-1007-05,AM,Adult,Gray,Above,FALSE,indifferent,FALSE,FALSE,TRUE,TRUE,FALSE,FALSE,FALSE,FALSE,FALSE,FALSE,FALSE
-73.96466134,40.77697855,17I-AM-1014-03,AM,Adult,Gray,Above,FALSE,indifferent,FALSE,FALSE,FALSE,TRUE,FALSE,FALSE,FALSE,FALSE,FALSE,FALSE,FALSE
-73.96628951,40.78433008,23C-AM-1019-01,AM,Adult,Gray,Above,FALSE,indifferent,FALSE,FALSE,FALSE,TRUE,TRUE,FALSE,TRUE,FALSE,FALSE,FALSE,FALSE
-73.957013,40.79960274,42B-AM-1014-02,AM,Adult,Black,Ground,FALSE,indifferent,FALSE,FALSE,FALSE,FALSE,FALSE,TRUE,FALSE,FALSE,FALSE,FALSE,FALSE
-73.97143033,40.77459349,11E-AM-1013-04,AM,Adult,Black,Ground,FALSE,indifferent,FALSE,FALSE,FALSE,FALSE,FALSE,TRUE,FALSE,FALSE,FALSE,FALSE,FALSE
-73.95474233,40.78997026,33I-PM-1006-09,PM,Adult,Black,Ground,FALSE,indifferent,FALSE,FALSE,FALSE,FALSE,FALSE,TRUE,FALSE,FALSE,FALSE,FALSE,TRUE
-73.97335458,40.7675056,4G-AM-1006-04,AM,Adult,Black,Ground,FALSE,indifferent,FALSE,FALSE,FALSE,FALSE,TRUE,FALSE,FALSE,FALSE,FALSE,FALSE,FALSE
-73.95914077,40.79608469,37B-AM-1018-01,AM,Adult,Black,Ground,FALSE,indifferent,FALSE,TRUE,FALSE,FALSE,FALSE,FALSE,FALSE,FALSE,FALSE,FALSE,TRUE
-73.95977828,40.79207734,33D-AM-1017-07,AM,Adult,Black,Ground,FALSE,indifferent,FALSE,FALSE,FALSE,FALSE,FALSE,TRUE,FALSE,TRUE,FALSE,TRUE,FALSE
-73.95907767,40.79260458,34D-AM-1008-02,AM,Adult,Black,Ground,FALSE,indifferent,FALSE,FALSE,FALSE,FALSE,FALSE,TRUE,FALSE,FALSE,FALSE,FALSE,FALSE
-73.9577113,40.79043325,32G-PM-1013-02,PM,Juvenile,Black,Ground,FALSE,indifferent,FALSE,FALSE,FALSE,FALSE,FALSE,TRUE,FALSE,FALSE,FALSE,FALSE,FALSE
-73.97109511,40.77250125,10F-PM-1019-04,PM,Adult,Black,Ground,FALSE,indifferent,FALSE,FALSE,FALSE,FALSE,FALSE,TRUE,FALSE,FALSE,FALSE,FALSE,FALSE
-73.9720175,40.77488943,11D-AM-1010-07,AM,Adult,Black,Ground,FALSE,indifferent,FALSE,FALSE,FALSE,FALSE,TRUE,TRUE,FALSE,FALSE,FALSE,FALSE,FALSE
-73.97318807,40.76600262,2H-AM-1006-01,AM,Adult,Black,Ground,FALSE,indifferent,FALSE,TRUE,FALSE,TRUE,FALSE,FALSE,FALSE,FALSE,FALSE,FALSE,FALSE
-73.97079375,40.77252827,10G-PM-1017-07,PM,Adult,Black,Ground,FALSE,indifferent,FALSE,FALSE,FALSE,FALSE,FALSE,FALSE,FALSE,FALSE,FALSE,FALSE,FALSE
-73.95912986,40.79196124,33E-AM-1014-04,AM,Adult,Black,Ground,FALSE,indifferent,FALSE,TRUE,FALSE,FALSE,TRUE,FALSE,FALSE,FALSE,FALSE,FALSE,FALSE
-73.95840642,40.79129929,33F-PM-1012-03,PM,Adult,Black,Ground,FALSE,indifferent,FALSE,FALSE,FALSE,FALSE,TRUE,TRUE,FALSE,FALSE,FALSE,FALSE,TRUE
-73.96901042,40.78533582,23A-AM-1018-02,AM,Juvenile,Black,Ground,FALSE,indifferent,FALSE,FALSE,FALSE,FALSE,TRUE,FALSE,FALSE,FALSE,FALSE,FALSE,FALSE
-73.97077371,40.78003735,17B-PM-1012-02,PM,Adult,Black,Ground,FALSE,indifferent,FALSE,TRUE,TRUE,FALSE,FALSE,TRUE,TRUE,TRUE,FALSE,TRUE,TRUE
-73.96127593,40.79304683,33B-AM-1010-03,AM,Adult,Black,Ground,FALSE,indifferent,FALSE,FALSE,FALSE,FALSE,FALSE,TRUE,FALSE,FALSE,FALSE,FALSE,FALSE
-73.97339055,40.76563371,2H-PM-1006-03,PM,Adult,Black,Ground,FALSE,indifferent,FALSE,FALSE,FALSE,FALSE,TRUE,FALSE,FALSE,FALSE,FALSE,FALSE,FALSE
-73.9593411,40.7923134,33D-AM-1017-08,AM,Adult,Black,Ground,FALSE,indifferent,FALSE,FALSE,FALSE,FALSE,FALSE,TRUE,FALSE,FALSE,FALSE,FALSE,FALSE
-73.97037326,40.77019794,8H-PM-1014-04,PM,Adult,Black,Ground,FALSE,indifferent,FALSE,FALSE,FALSE,FALSE,TRUE,FALSE,FALSE,FALSE,FALSE,FALSE,FALSE
-73.97283609,40.76606373,3H-PM-1014-04,PM,Adult,Black,Ground,FALSE,indifferent,FALSE,FALSE,FALSE,FALSE,TRUE,FALSE,FALSE,FALSE,FALSE,FALSE,FALSE
-73.97458185,40.76544989,1G-AM-1006-01,AM,Adult,Black,Ground,FALSE,indifferent,FALSE,FALSE,TRUE,FALSE,FALSE,TRUE,FALSE,FALSE,FALSE,FALSE,TRUE
-73.97296036,40.76602157,3H-AM-1008-06,AM,Adult,Black,Ground,FALSE,indifferent,TRUE,FALSE,FALSE,FALSE,FALSE,TRUE,FALSE,FALSE,FALSE,FALSE,FALSE
-73.97292975,40.76732785,4H-AM-1006-03,AM,Adult,Black,Ground,FALSE,indifferent,FALSE,FALSE,FALSE,FALSE,FALSE,TRUE,FALSE,FALSE,FALSE,FALSE,FALSE
-73.95912791,40.79211971,33E-AM-1014-13,AM,Adult,Black,Ground,FALSE,indifferent,FALSE,FALSE,FALSE,FALSE,FALSE,FALSE,FALSE,FALSE,FALSE,FALSE,FALSE
-73.97224851,40.76590437,3I-PM-1013-01,PM,Adult,Black,Ground,FALSE,indifferent,FALSE,FALSE,FALSE,FALSE,TRUE,TRUE,FALSE,FALSE,FALSE,FALSE,FALSE
-73.97199018,40.7720526,9F-PM-1014-07,PM,Adult,Black,Ground,FALSE,indifferent,FALSE,FALSE,FALSE,FALSE,FALSE,TRUE,FALSE,FALSE,FALSE,FALSE,FALSE
-73.95989733,40.79333464,34C-PM-1012-01,PM,Adult,Black,Ground,FALSE,indifferent,FALSE,FALSE,FALSE,FALSE,FALSE,TRUE,FALSE,FALSE,FALSE,FALSE,FALSE
-73.96410882,40.78865552,28C-AM-1014-01,AM,Adult,Black,Ground,FALSE,indifferent,FALSE,TRUE,FALSE,FALSE,FALSE,FALSE,FALSE,FALSE,FALSE,FALSE,FALSE
-73.96259327,40.78853795,29D-AM-1014-01,AM,Adult,Black,Ground,FALSE,indifferent,FALSE,FALSE,FALSE,FALSE,FALSE,TRUE,FALSE,FALSE,FALSE,FALSE,FALSE
-73.97241518,40.77308046,10E-AM-1010-02,AM,Adult,Black,Ground,FALSE,indifferent,FALSE,TRUE,FALSE,FALSE,FALSE,TRUE,FALSE,FALSE,FALSE,FALSE,TRUE
-73.9649866,40.77649297,16I-AM-1008-01,AM,Adult,Cinnamon,Ground,FALSE,indifferent,FALSE,FALSE,FALSE,FALSE,FALSE,TRUE,FALSE,FALSE,FALSE,FALSE,TRUE
-73.96838133,40.77801434,16E-PM-1018-06,PM,Adult,Cinnamon,Ground,FALSE,indifferent,FALSE,FALSE,FALSE,FALSE,FALSE,TRUE,FALSE,FALSE,FALSE,FALSE,TRUE
-73.96905886,40.77663562,14F-PM-1012-06,PM,Adult,Cinnamon,Ground,FALSE,indifferent,FALSE,FALSE,FALSE,FALSE,TRUE,TRUE,FALSE,FALSE,FALSE,FALSE,TRUE
-73.976484,40.76917253,4D-PM-1008-06,PM,Adult,Cinnamon,Ground,FALSE,indifferent,FALSE,FALSE,FALSE,FALSE,FALSE,TRUE,FALSE,FALSE,FALSE,TRUE,FALSE
-73.97123273,40.77487029,12E-PM-1018-06,PM,Juvenile,Cinnamon,Ground,FALSE,indifferent,FALSE,FALSE,FALSE,FALSE,FALSE,TRUE,FALSE,FALSE,FALSE,FALSE,TRUE
-73.97331177,40.76945846,6F-PM-1008-05,PM,Adult,Cinnamon,Ground,FALSE,indifferent,FALSE,FALSE,FALSE,FALSE,FALSE,TRUE,FALSE,FALSE,FALSE,FALSE,FALSE
-73.97863393,40.76849186,3C-PM-1008-02,PM,Adult,Cinnamon,Ground,FALSE,indifferent,FALSE,FALSE,FALSE,FALSE,FALSE,TRUE,FALSE,FALSE,FALSE,FALSE,FALSE
-73.97710692,40.76705382,2E-PM-1014-05,PM,Adult,Cinnamon,Ground,FALSE,indifferent,FALSE,FALSE,FALSE,FALSE,FALSE,TRUE,FALSE,FALSE,FALSE,FALSE,FALSE
-73.97547423,40.76969983,5E-PM-1012-02,PM,Adult,Cinnamon,Ground,FALSE,indifferent,FALSE,FALSE,FALSE,FALSE,TRUE,TRUE,FALSE,FALSE,FALSE,FALSE,FALSE
-73.95606799,40.79478871,37E-PM-1006-06,PM,Adult,Cinnamon,Ground,FALSE,indifferent,FALSE,FALSE,FALSE,FALSE,TRUE,TRUE,FALSE,FALSE,FALSE,FALSE,FALSE
-73.96356588,40.77772918,18I-AM-1017-03,AM,Adult,Cinnamon,Ground,FALSE,indifferent,FALSE,FALSE,FALSE,FALSE,FALSE,TRUE,FALSE,FALSE,FALSE,FALSE,FALSE
-73.97520001,40.77329181,8C-PM-1013-04,PM,Juvenile,Cinnamon,Ground,FALSE,indifferent,FALSE,TRUE,FALSE,FALSE,FALSE,FALSE,FALSE,FALSE,FALSE,FALSE,FALSE
-73.98023761,40.76807075,1B-AM-1012-12,AM,Adult,Cinnamon,Ground,FALSE,indifferent,FALSE,TRUE,FALSE,FALSE,FALSE,FALSE,FALSE,FALSE,FALSE,FALSE,FALSE
-73.97866031,40.76719378,1D-AM-1006-09,AM,Adult,Cinnamon,Ground,FALSE,indifferent,FALSE,TRUE,FALSE,FALSE,FALSE,TRUE,FALSE,FALSE,FALSE,FALSE,TRUE
-73.97567543,40.77385188,9B-PM-1013-02,PM,Juvenile,Cinnamon,Ground,FALSE,indifferent,FALSE,FALSE,FALSE,FALSE,FALSE,TRUE,FALSE,FALSE,FALSE,FALSE,TRUE
-73.97565571,40.77329629,8B-PM-1012-08,PM,Adult,Cinnamon,Ground,FALSE,indifferent,FALSE,FALSE,FALSE,FALSE,FALSE,TRUE,FALSE,FALSE,FALSE,FALSE,FALSE
-73.97577871,40.77372314,9B-PM-1013-03,PM,Juvenile,Cinnamon,Ground,FALSE,indifferent,FALSE,FALSE,FALSE,FALSE,FALSE,TRUE,FALSE,FALSE,FALSE,FALSE,TRUE
-73.97527932,40.77339601,9C-AM-1006-03,AM,Adult,Cinnamon,Ground,FALSE,indifferent,FALSE,TRUE,FALSE,FALSE,FALSE,FALSE,FALSE,FALSE,FALSE,FALSE,FALSE
-73.96774232,40.77288134,11I-AM-1012-02,AM,Adult,Cinnamon,Ground,FALSE,indifferent,FALSE,FALSE,FALSE,FALSE,FALSE,TRUE,FALSE,FALSE,FALSE,FALSE,TRUE
-73.98010073,40.76774556,1B-PM-1019-06,PM,Juvenile,Cinnamon,Ground,FALSE,indifferent,FALSE,FALSE,FALSE,FALSE,TRUE,FALSE,FALSE,FALSE,FALSE,FALSE,FALSE
-73.97568105,40.77562575,11A-PM-1013-01,PM,Adult,Cinnamon,Ground,FALSE,indifferent,FALSE,FALSE,FALSE,FALSE,TRUE,FALSE,FALSE,FALSE,FALSE,FALSE,FALSE
-73.97921539,40.76882725,3B-AM-1010-01,AM,Adult,Cinnamon,Ground,FALSE,indifferent,FALSE,FALSE,FALSE,FALSE,FALSE,TRUE,FALSE,FALSE,FALSE,FALSE,FALSE
-73.97575362,40.77551198,11A-PM-1013-03,PM,Adult,Cinnamon,Ground,FALSE,indifferent,FALSE,FALSE,FALSE,FALSE,TRUE,TRUE,FALSE,FALSE,FALSE,FALSE,FALSE
-73.97855365,40.77161845,6A-PM-1012-07,PM,Adult,Cinnamon,Ground,FALSE,indifferent,FALSE,FALSE,TRUE,FALSE,FALSE,TRUE,FALSE,FALSE,FALSE,FALSE,FALSE
-73.9638299,40.78259663,22F-AM-1007-03,AM,Adult,Cinnamon,Ground,FALSE,indifferent,FALSE,FALSE,FALSE,FALSE,TRUE,FALSE,FALSE,FALSE,FALSE,FALSE,FALSE
-73.96910573,40.77659735,14F-PM-1012-07,PM,Adult,Cinnamon,Ground,FALSE,indifferent,FALSE,TRUE,TRUE,FALSE,TRUE,TRUE,FALSE,FALSE,FALSE,FALSE,FALSE
-73.96581818,40.77981606,19F-AM-1007-01,AM,Adult,Cinnamon,Ground,FALSE,indifferent,FALSE,FALSE,FALSE,FALSE,FALSE,TRUE,FALSE,FALSE,FALSE,FALSE,FALSE
-73.97720266,40.76915988,4D-PM-1008-14,PM,Adult,Cinnamon,Ground,FALSE,indifferent,FALSE,FALSE,FALSE,FALSE,FALSE,TRUE,FALSE,FALSE,FALSE,FALSE,FALSE
-73.96716405,40.77722368,16G-AM-1010-02,AM,Adult,Cinnamon,Ground,FALSE,indifferent,FALSE,FALSE,FALSE,FALSE,FALSE,TRUE,FALSE,FALSE,FALSE,FALSE,FALSE
-73.97566038,40.76725313,3F-PM-1013-03,PM,Adult,Cinnamon,Ground,FALSE,indifferent,FALSE,FALSE,FALSE,FALSE,FALSE,TRUE,FALSE,FALSE,FALSE,FALSE,TRUE
-73.95294132,40.79209634,36I-PM-1007-06,PM,Adult,Cinnamon,Ground,FALSE,indifferent,FALSE,FALSE,FALSE,FALSE,TRUE,FALSE,FALSE,FALSE,FALSE,FALSE,FALSE
-73.9682144,40.77730707,15F-AM-1007-08,AM,Adult,Cinnamon,Ground,FALSE,indifferent,FALSE,FALSE,FALSE,FALSE,FALSE,TRUE,FALSE,FALSE,FALSE,FALSE,FALSE
-73.9764016,40.76898943,4D-PM-1008-05,PM,Adult,Cinnamon,Ground,FALSE,indifferent,FALSE,FALSE,FALSE,FALSE,FALSE,TRUE,FALSE,FALSE,FALSE,FALSE,FALSE
-73.97993112,40.7685577,2B-AM-1010-03,AM,Adult,Cinnamon,Ground,FALSE,indifferent,FALSE,FALSE,FALSE,FALSE,FALSE,TRUE,FALSE,FALSE,FALSE,FALSE,FALSE
-73.96704296,40.77843707,17F-AM-1007-05,AM,Juvenile,Cinnamon,Ground,FALSE,indifferent,FALSE,TRUE,FALSE,FALSE,TRUE,FALSE,FALSE,FALSE,FALSE,TRUE,FALSE
-73.97063235,40.7713196,9G-PM-1007-03,PM,Adult,Cinnamon,Ground,FALSE,indifferent,FALSE,TRUE,FALSE,TRUE,FALSE,FALSE,FALSE,FALSE,FALSE,FALSE,FALSE
-73.97614478,40.76901479,4D-PM-1008-02,PM,Adult,Cinnamon,Ground,FALSE,indifferent,FALSE,FALSE,FALSE,FALSE,TRUE,FALSE,FALSE,FALSE,FALSE,FALSE,FALSE
-73.96839941,40.77107655,9I-AM-1014-06,AM,Adult,Cinnamon,Ground,FALSE,indifferent,FALSE,FALSE,FALSE,TRUE,FALSE,TRUE,FALSE,FALSE,FALSE,FALSE,FALSE
-73.97839259,40.76689934,1D-PM-1007-04,PM,Adult,Cinnamon,Ground,FALSE,indifferent,FALSE,FALSE,FALSE,FALSE,FALSE,TRUE,FALSE,FALSE,FALSE,FALSE,FALSE
-73.97908968,40.76880486,3B-AM-1010-10,AM,Adult,Cinnamon,Ground,FALSE,indifferent,FALSE,FALSE,FALSE,FALSE,TRUE,TRUE,FALSE,FALSE,FALSE,FALSE,FALSE
-73.9801986,40.76801595,1B-AM-1012-11,AM,Adult,Cinnamon,Ground,FALSE,indifferent,FALSE,FALSE,FALSE,FALSE,TRUE,FALSE,FALSE,FALSE,FALSE,FALSE,FALSE
-73.95531638,40.79886109,42D-PM-1013-04,PM,Adult,Cinnamon,Ground,FALSE,indifferent,FALSE,FALSE,FALSE,FALSE,FALSE,FALSE,FALSE,FALSE,FALSE,FALSE,FALSE
-73.98110784,40.76751594,1A-AM-1007-04,AM,Adult,Cinnamon,Ground,FALSE,indifferent,FALSE,FALSE,FALSE,FALSE,FALSE,TRUE,FALSE,FALSE,FALSE,FALSE,FALSE
-73.9695306,40.77453869,12F-PM-1007-02,PM,Adult,Cinnamon,Ground,FALSE,indifferent,FALSE,FALSE,FALSE,TRUE,TRUE,TRUE,FALSE,FALSE,FALSE,FALSE,FALSE
-73.96450604,40.77683221,16I-AM-1008-03,AM,Adult,Cinnamon,Ground,FALSE,indifferent,FALSE,FALSE,FALSE,FALSE,FALSE,TRUE,FALSE,FALSE,FALSE,FALSE,TRUE
-73.97449068,40.76999487,6E-PM-1010-05,PM,Adult,Cinnamon,Ground,FALSE,indifferent,FALSE,FALSE,FALSE,FALSE,TRUE,FALSE,FALSE,FALSE,FALSE,FALSE,FALSE
-73.96158179,40.79458397,35A-AM-1014-08,AM,Adult,Cinnamon,Ground,FALSE,indifferent,FALSE,FALSE,FALSE,TRUE,FALSE,FALSE,FALSE,FALSE,FALSE,FALSE,FALSE
-73.97658056,40.76928078,4D-PM-1008-07,PM,Adult,Cinnamon,Ground,FALSE,indifferent,FALSE,TRUE,TRUE,FALSE,FALSE,FALSE,FALSE,FALSE,FALSE,FALSE,FALSE
-73.98078982,40.76821582,1A-PM-1014-04,PM,Adult,Cinnamon,Ground,FALSE,indifferent,FALSE,FALSE,FALSE,FALSE,FALSE,TRUE,FALSE,FALSE,FALSE,FALSE,FALSE
-73.97621877,40.7739283,9B-PM-1013-08,PM,Juvenile,Cinnamon,Ground,FALSE,indifferent,FALSE,FALSE,FALSE,FALSE,FALSE,TRUE,FALSE,FALSE,FALSE,TRUE,FALSE
-73.97569932,40.76819566,3E-PM-1008-08,PM,Adult,Cinnamon,Ground,FALSE,indifferent,FALSE,TRUE,FALSE,FALSE,FALSE,TRUE,FALSE,FALSE,FALSE,FALSE,FALSE
-73.97617922,40.77457455,9A-AM-1013-09,AM,Juvenile,Cinnamon,Ground,FALSE,indifferent,FALSE,TRUE,FALSE,FALSE,FALSE,FALSE,FALSE,FALSE,FALSE,FALSE,FALSE
-73.97222813,40.77040833,7G-AM-1010-06,AM,Adult,Cinnamon,Ground,FALSE,indifferent,FALSE,FALSE,FALSE,FALSE,TRUE,FALSE,FALSE,FALSE,FALSE,FALSE,FALSE
-73.95430444,40.79844986,41E-AM-1007-04,AM,Adult,Cinnamon,Ground,FALSE,indifferent,FALSE,FALSE,FALSE,FALSE,FALSE,TRUE,FALSE,FALSE,FALSE,FALSE,FALSE
-73.97098978,40.76862796,6H-AM-1008-02,AM,Adult,Cinnamon,Ground,FALSE,indifferent,FALSE,TRUE,FALSE,FALSE,FALSE,TRUE,FALSE,FALSE,FALSE,FALSE,FALSE
-73.97025415,40.76985842,7H-AM-1006-12,AM,Adult,Cinnamon,Ground,FALSE,indifferent,FALSE,FALSE,FALSE,FALSE,FALSE,TRUE,FALSE,FALSE,FALSE,FALSE,FALSE
-73.97445118,40.77012946,6E-PM-1010-04,PM,Adult,Cinnamon,Ground,FALSE,indifferent,FALSE,FALSE,TRUE,FALSE,TRUE,FALSE,FALSE,FALSE,FALSE,FALSE,FALSE
-73.96364765,40.7775557,18I-AM-1017-01,AM,Adult,Cinnamon,Ground,FALSE,indifferent,FALSE,FALSE,FALSE,FALSE,TRUE,FALSE,FALSE,FALSE,FALSE,FALSE,FALSE
-73.9721125,40.7702759,7G-AM-1010-08,AM,Adult,Cinnamon,Ground,FALSE,indifferent,FALSE,FALSE,FALSE,FALSE,FALSE,TRUE,FALSE,FALSE,FALSE,FALSE,FALSE
-73.96112749,40.79152501,32C-AM-1014-05,AM,Adult,Cinnamon,Ground,FALSE,indifferent,FALSE,FALSE,FALSE,FALSE,TRUE,TRUE,FALSE,FALSE,FALSE,FALSE,FALSE
-73.96739241,40.77887819,17F-AM-1007-03,AM,Adult,Cinnamon,Ground,FALSE,indifferent,FALSE,TRUE,FALSE,FALSE,FALSE,FALSE,FALSE,FALSE,FALSE,FALSE,FALSE
-73.97212798,40.76611587,3I-PM-1013-02,PM,Adult,Cinnamon,Ground,FALSE,indifferent,FALSE,FALSE,FALSE,FALSE,FALSE,TRUE,FALSE,FALSE,FALSE,FALSE,FALSE
-73.97728101,40.76935775,4C-PM-1010-03,PM,Adult,Cinnamon,Ground,FALSE,indifferent,FALSE,FALSE,TRUE,FALSE,FALSE,TRUE,FALSE,FALSE,FALSE,FALSE,FALSE
-73.96977447,40.77559504,13F-AM-1007-04,AM,Adult,Cinnamon,Ground,FALSE,indifferent,FALSE,FALSE,FALSE,FALSE,TRUE,TRUE,FALSE,FALSE,FALSE,FALSE,FALSE
-73.98070785,40.76833353,2A-AM-1010-04,AM,Adult,Cinnamon,Ground,FALSE,indifferent,FALSE,FALSE,FALSE,FALSE,TRUE,TRUE,FALSE,FALSE,FALSE,FALSE,TRUE
-73.97334613,40.76843143,5G-PM-1010-01,PM,Adult,Cinnamon,Ground,FALSE,indifferent,FALSE,FALSE,FALSE,FALSE,TRUE,TRUE,FALSE,FALSE,FALSE,FALSE,FALSE
-73.966241,40.78910429,28A-PM-1007-03,PM,Adult,Cinnamon,Ground,FALSE,indifferent,FALSE,FALSE,TRUE,FALSE,TRUE,TRUE,FALSE,FALSE,FALSE,FALSE,FALSE
-73.97461285,40.7700957,6E-PM-1010-02,PM,Adult,Cinnamon,Ground,FALSE,indifferent,FALSE,FALSE,FALSE,FALSE,FALSE,TRUE,FALSE,FALSE,FALSE,FALSE,FALSE
-73.96820039,40.78370958,22B-AM-1013-02,AM,Adult,Cinnamon,Ground,FALSE,indifferent,FALSE,FALSE,FALSE,FALSE,FALSE,TRUE,FALSE,FALSE,FALSE,FALSE,FALSE
-73.95442783,40.79878273,42D-PM-1013-02,PM,Adult,Cinnamon,Ground,FALSE,indifferent,FALSE,FALSE,TRUE,FALSE,FALSE,TRUE,FALSE,FALSE,FALSE,FALSE,FALSE
-73.96903624,40.77671628,14F-PM-1012-09,PM,Adult,Cinnamon,Ground,FALSE,indifferent,FALSE,FALSE,FALSE,FALSE,TRUE,TRUE,FALSE,FALSE,FALSE,FALSE,FALSE
-73.97974253,40.76791202,1B-AM-1012-02,AM,Adult,Cinnamon,Ground,FALSE,indifferent,FALSE,TRUE,FALSE,FALSE,FALSE,TRUE,FALSE,FALSE,FALSE,FALSE,FALSE
-73.96397004,40.77750031,17I-AM-1014-01,AM,Adult,Cinnamon,Ground,FALSE,indifferent,FALSE,TRUE,FALSE,TRUE,TRUE,FALSE,FALSE,FALSE,FALSE,FALSE,FALSE
-73.97568253,40.77555425,11A-PM-1013-02,PM,Adult,Cinnamon,Ground,FALSE,indifferent,FALSE,TRUE,FALSE,FALSE,FALSE,TRUE,FALSE,FALSE,FALSE,FALSE,FALSE
-73.96905407,40.77660141,14F-PM-1012-08,PM,Adult,Cinnamon,Ground,FALSE,indifferent,FALSE,TRUE,TRUE,FALSE,TRUE,TRUE,FALSE,FALSE,FALSE,FALSE,FALSE
-73.95196525,40.79381676,38I-PM-1014-03,PM,Adult,Cinnamon,Ground,FALSE,indifferent,TRUE,FALSE,FALSE,FALSE,TRUE,FALSE,FALSE,FALSE,FALSE,FALSE,FALSE
-73.97101875,40.77972657,17B-AM-1010-02,AM,Adult,Cinnamon,Ground,FALSE,indifferent,FALSE,FALSE,FALSE,FALSE,FALSE,TRUE,FALSE,FALSE,FALSE,FALSE,TRUE
-73.96859403,40.7769321,15F-AM-1007-07,AM,Adult,Cinnamon,Ground,FALSE,indifferent,FALSE,FALSE,FALSE,FALSE,FALSE,TRUE,FALSE,FALSE,FALSE,FALSE,FALSE
-73.96533111,40.78019349,19F-PM-1017-07,PM,Adult,Cinnamon,Ground,FALSE,indifferent,FALSE,FALSE,FALSE,FALSE,TRUE,FALSE,FALSE,FALSE,FALSE,FALSE,FALSE
-73.97918262,40.76857784,2B-AM-1010-08,AM,Juvenile,Cinnamon,Ground,FALSE,indifferent,FALSE,FALSE,FALSE,FALSE,TRUE,TRUE,FALSE,FALSE,FALSE,FALSE,FALSE
-73.97720701,40.76943434,4C-PM-1010-02,PM,Adult,Cinnamon,Ground,FALSE,indifferent,FALSE,TRUE,FALSE,FALSE,FALSE,TRUE,FALSE,FALSE,FALSE,FALSE,FALSE
-73.95366472,40.79812564,41E-PM-1013-04,PM,Adult,Cinnamon,Ground,FALSE,indifferent,FALSE,TRUE,FALSE,FALSE,FALSE,TRUE,FALSE,FALSE,FALSE,FALSE,TRUE
-73.97299792,40.77429044,10D-PM-1008-01,PM,Adult,Cinnamon,Ground,FALSE,indifferent,FALSE,FALSE,FALSE,FALSE,FALSE,TRUE,FALSE,FALSE,FALSE,TRUE,FALSE
-73.96848341,40.77242891,11H-AM-1010-06,AM,Adult,Cinnamon,Ground,FALSE,indifferent,FALSE,FALSE,TRUE,FALSE,FALSE,FALSE,FALSE,FALSE,FALSE,FALSE,TRUE
-73.9636235,40.77751385,18I-PM-1007-06,PM,Adult,Cinnamon,Ground,FALSE,indifferent,FALSE,FALSE,FALSE,FALSE,FALSE,TRUE,FALSE,FALSE,FALSE,FALSE,FALSE
-73.96856123,40.77784888,16E-PM-1018-08,PM,Adult,Cinnamon,Ground,FALSE,indifferent,FALSE,FALSE,FALSE,FALSE,FALSE,TRUE,FALSE,FALSE,FALSE,FALSE,TRUE
-73.96840928,40.77114458,9I-AM-1014-07,AM,Adult,Cinnamon,Ground,FALSE,indifferent,FALSE,FALSE,FALSE,TRUE,TRUE,TRUE,FALSE,FALSE,FALSE,FALSE,FALSE
-73.96949386,40.77457001,12F-PM-1007-03,PM,Adult,Cinnamon,Ground,FALSE,indifferent,FALSE,FALSE,FALSE,FALSE,TRUE,TRUE,FALSE,FALSE,FALSE,FALSE,FALSE
-73.95752586,40.78771555,30H-AM-1007-03,AM,Adult,Cinnamon,Ground,FALSE,indifferent,FALSE,FALSE,FALSE,FALSE,FALSE,TRUE,FALSE,FALSE,FALSE,FALSE,TRUE
-73.96429679,40.78156524,21F-AM-1018-08,AM,Adult,Cinnamon,Ground,FALSE,indifferent,FALSE,FALSE,FALSE,FALSE,TRUE,TRUE,FALSE,FALSE,FALSE,FALSE,TRUE
-73.95901917,40.79261394,34D-AM-1008-03,AM,Adult,Cinnamon,Ground,FALSE,indifferent,FALSE,TRUE,FALSE,FALSE,FALSE,FALSE,FALSE,FALSE,FALSE,FALSE,FALSE
-73.97568948,40.76816382,4E-AM-1020-03,AM,Adult,Cinnamon,Ground,FALSE,indifferent,FALSE,FALSE,FALSE,FALSE,FALSE,TRUE,FALSE,FALSE,FALSE,FALSE,FALSE
-73.96682426,40.77534054,14H-PM-1012-04,PM,Adult,Cinnamon,Ground,FALSE,indifferent,FALSE,FALSE,FALSE,FALSE,TRUE,FALSE,FALSE,FALSE,FALSE,FALSE,FALSE
-73.97673697,40.77350744,8B-PM-1012-05,PM,Adult,Cinnamon,Ground,FALSE,indifferent,FALSE,FALSE,FALSE,TRUE,TRUE,TRUE,FALSE,FALSE,FALSE,FALSE,FALSE
-73.96816719,40.77537705,14G-AM-1012-04,AM,Adult,Cinnamon,Ground,FALSE,indifferent,FALSE,FALSE,FALSE,FALSE,FALSE,TRUE,FALSE,FALSE,FALSE,FALSE,TRUE
-73.97201092,40.77016269,7G-AM-1010-09,AM,Adult,Cinnamon,Ground,FALSE,indifferent,FALSE,FALSE,FALSE,FALSE,FALSE,TRUE,FALSE,FALSE,FALSE,FALSE,FALSE
-73.96653097,40.7775271,16G-AM-1010-04,AM,Adult,Cinnamon,Ground,FALSE,indifferent,FALSE,FALSE,FALSE,TRUE,FALSE,FALSE,FALSE,FALSE,FALSE,FALSE,FALSE
-73.96869079,40.78394623,22B-AM-1013-03,AM,Adult,Cinnamon,Ground,FALSE,indifferent,FALSE,FALSE,FALSE,FALSE,FALSE,TRUE,FALSE,FALSE,FALSE,FALSE,FALSE
-73.97758652,40.77049283,5C-PM-1010-01,PM,Adult,Cinnamon,Ground,FALSE,indifferent,FALSE,FALSE,FALSE,FALSE,TRUE,TRUE,FALSE,FALSE,FALSE,FALSE,FALSE
-73.96053475,40.79420754,35B-AM-1010-04,AM,Adult,Cinnamon,Ground,FALSE,indifferent,FALSE,FALSE,FALSE,FALSE,FALSE,TRUE,FALSE,FALSE,FALSE,FALSE,FALSE
-73.97685445,40.76800695,3D-AM-1006-07,AM,Adult,Cinnamon,Ground,FALSE,indifferent,FALSE,TRUE,FALSE,FALSE,FALSE,FALSE,FALSE,FALSE,FALSE,FALSE,FALSE
-73.95960834,40.79495267,36C-PM-1013-05,PM,Adult,Cinnamon,Ground,FALSE,indifferent,TRUE,TRUE,FALSE,FALSE,TRUE,TRUE,FALSE,FALSE,FALSE,FALSE,TRUE
-73.980162,40.76785767,1B-AM-1012-09,AM,Adult,Cinnamon,Ground,FALSE,indifferent,FALSE,FALSE,FALSE,FALSE,FALSE,TRUE,FALSE,FALSE,FALSE,FALSE,FALSE
-73.95476727,40.79732436,40E-PM-1017-03,PM,Adult,Cinnamon,Ground,FALSE,indifferent,FALSE,FALSE,FALSE,FALSE,FALSE,TRUE,FALSE,FALSE,FALSE,FALSE,FALSE
-73.95501318,40.79586173,39E-PM-1013-02,PM,Adult,Cinnamon,Ground,TRUE,indifferent,FALSE,FALSE,FALSE,FALSE,FALSE,TRUE,FALSE,FALSE,FALSE,FALSE,FALSE
-73.97629747,40.77400761,9B-PM-1013-06,PM,Adult,Cinnamon,Ground,FALSE,indifferent,FALSE,FALSE,FALSE,FALSE,FALSE,TRUE,FALSE,FALSE,FALSE,TRUE,FALSE
-73.97810334,40.76667241,1D-AM-1006-03,AM,Adult,Cinnamon,Ground,FALSE,indifferent,FALSE,FALSE,FALSE,FALSE,FALSE,TRUE,FALSE,FALSE,FALSE,FALSE,TRUE
-73.97433937,40.76763468,3F-AM-1006-12,AM,Juvenile,Cinnamon,Ground,FALSE,indifferent,FALSE,FALSE,FALSE,FALSE,FALSE,TRUE,FALSE,FALSE,FALSE,TRUE,FALSE
-73.97963695,40.76779998,1C-PM-1013-10,PM,Adult,Cinnamon,Ground,FALSE,indifferent,FALSE,FALSE,FALSE,FALSE,FALSE,TRUE,FALSE,FALSE,FALSE,FALSE,FALSE
-73.9711673,40.77479796,12E-PM-1018-05,PM,Adult,Cinnamon,Ground,FALSE,indifferent,FALSE,FALSE,FALSE,FALSE,FALSE,TRUE,FALSE,FALSE,FALSE,FALSE,TRUE
-73.95014572,40.79709436,42I-PM-1014-01,PM,Adult,Cinnamon,Ground,FALSE,indifferent,FALSE,FALSE,FALSE,TRUE,FALSE,FALSE,FALSE,FALSE,FALSE,FALSE,TRUE
-73.96588677,40.77565236,15H-PM-1008-06,PM,Juvenile,Cinnamon,Ground,FALSE,indifferent,FALSE,FALSE,FALSE,FALSE,TRUE,FALSE,FALSE,FALSE,FALSE,FALSE,FALSE
-73.96941858,40.778719,16D-AM-1007-06,AM,Adult,Cinnamon,Ground,FALSE,indifferent,FALSE,TRUE,FALSE,FALSE,FALSE,TRUE,FALSE,FALSE,FALSE,FALSE,FALSE
-73.95614328,40.79826653,41C-AM-1017-07,AM,Adult,Cinnamon,Ground,FALSE,indifferent,FALSE,FALSE,FALSE,FALSE,FALSE,TRUE,FALSE,FALSE,FALSE,FALSE,TRUE
-73.97206994,40.76594026,3I-PM-1013-04,PM,Adult,Cinnamon,Ground,FALSE,indifferent,FALSE,FALSE,FALSE,FALSE,FALSE,TRUE,FALSE,FALSE,FALSE,FALSE,FALSE
-73.96810908,40.78382758,22B-PM-1014-04,PM,Adult,Cinnamon,Ground,FALSE,indifferent,FALSE,FALSE,FALSE,FALSE,FALSE,TRUE,FALSE,FALSE,FALSE,FALSE,FALSE
-73.96892043,40.77125406,9I-AM-1014-01,AM,Adult,Cinnamon,Ground,FALSE,indifferent,FALSE,FALSE,FALSE,FALSE,FALSE,TRUE,FALSE,FALSE,FALSE,FALSE,FALSE
-73.96976658,40.77590949,13E-PM-1008-08,PM,Juvenile,Cinnamon,Ground,FALSE,indifferent,FALSE,FALSE,FALSE,FALSE,TRUE,FALSE,FALSE,FALSE,FALSE,FALSE,TRUE
-73.95331015,40.79386343,38H-AM-1019-01,AM,Adult,Cinnamon,Ground,FALSE,indifferent,FALSE,FALSE,FALSE,FALSE,TRUE,TRUE,FALSE,FALSE,FALSE,FALSE,FALSE
-73.97111201,40.77608019,13D-PM-1018-14,PM,Adult,Cinnamon,Ground,FALSE,indifferent,FALSE,TRUE,FALSE,TRUE,FALSE,FALSE,FALSE,FALSE,FALSE,FALSE,FALSE
-73.97726912,40.76909607,4D-PM-1008-13,PM,Adult,Cinnamon,Ground,FALSE,indifferent,FALSE,FALSE,FALSE,FALSE,FALSE,TRUE,FALSE,FALSE,FALSE,FALSE,FALSE
-73.95076997,40.7955166,40I-AM-1018-02,AM,Adult,Cinnamon,Ground,FALSE,indifferent,FALSE,TRUE,FALSE,FALSE,FALSE,TRUE,FALSE,FALSE,FALSE,FALSE,FALSE
-73.96364826,40.77758316,18I-PM-1007-05,PM,Juvenile,Cinnamon,Ground,FALSE,indifferent,FALSE,FALSE,FALSE,FALSE,FALSE,TRUE,FALSE,FALSE,FALSE,FALSE,FALSE
-73.96895545,40.77785934,16E-PM-1018-10,PM,Adult,Cinnamon,Ground,FALSE,indifferent,FALSE,TRUE,FALSE,FALSE,FALSE,FALSE,FALSE,FALSE,FALSE,FALSE,FALSE
-73.97346304,40.76530971,1H-PM-1013-02,PM,Adult,Cinnamon,Ground,FALSE,indifferent,FALSE,FALSE,FALSE,FALSE,TRUE,TRUE,FALSE,FALSE,FALSE,FALSE,FALSE
-73.97685634,40.77444873,9A-AM-1013-12,AM,Juvenile,Cinnamon,Ground,FALSE,indifferent,FALSE,TRUE,TRUE,FALSE,FALSE,FALSE,FALSE,FALSE,FALSE,FALSE,FALSE
-73.9703329,40.77010797,7H-AM-1006-14,AM,Adult,Cinnamon,Ground,FALSE,indifferent,FALSE,FALSE,FALSE,FALSE,FALSE,TRUE,FALSE,FALSE,FALSE,FALSE,TRUE
-73.96902667,40.78531348,23A-AM-1018-01,AM,Juvenile,Cinnamon,Ground,FALSE,indifferent,FALSE,FALSE,FALSE,FALSE,TRUE,FALSE,FALSE,FALSE,FALSE,FALSE,FALSE
-73.96253486,40.78121345,22H-PM-1007-01,PM,Adult,Cinnamon,Ground,FALSE,indifferent,FALSE,FALSE,FALSE,FALSE,FALSE,TRUE,FALSE,FALSE,FALSE,FALSE,FALSE
-73.9745151,40.77006508,6E-PM-1010-03,PM,Adult,Cinnamon,Ground,FALSE,indifferent,FALSE,FALSE,TRUE,FALSE,TRUE,FALSE,FALSE,FALSE,FALSE,FALSE,FALSE
-73.97637194,40.76895514,4D-PM-1008-04,PM,Adult,Cinnamon,Ground,FALSE,indifferent,FALSE,FALSE,FALSE,FALSE,FALSE,TRUE,FALSE,FALSE,FALSE,FALSE,FALSE
-73.97116665,40.77615131,13D-AM-1014-02,AM,Adult,Cinnamon,Ground,FALSE,indifferent,FALSE,FALSE,TRUE,FALSE,FALSE,TRUE,FALSE,FALSE,FALSE,FALSE,FALSE
-73.97565338,40.77335379,8B-PM-1012-07,PM,Adult,Cinnamon,Ground,FALSE,indifferent,FALSE,FALSE,FALSE,FALSE,TRUE,TRUE,FALSE,FALSE,FALSE,FALSE,FALSE
-73.96986639,40.77399971,12F-PM-1007-09,PM,Adult,Cinnamon,Ground,FALSE,indifferent,FALSE,TRUE,FALSE,FALSE,FALSE,TRUE,FALSE,FALSE,FALSE,FALSE,FALSE
-73.95284829,40.79220562,36I-PM-1007-08,PM,Juvenile,Cinnamon,Ground,FALSE,indifferent,FALSE,FALSE,FALSE,FALSE,TRUE,FALSE,FALSE,FALSE,FALSE,FALSE,TRUE
-73.95826943,40.79173678,33F-AM-1008-02,AM,Adult,Gray,Ground,FALSE,indifferent,FALSE,FALSE,FALSE,FALSE,FALSE,TRUE,FALSE,FALSE,FALSE,FALSE,FALSE
-73.96950635,40.78235077,20B-PM-1013-05,PM,Adult,Gray,Ground,FALSE,indifferent,FALSE,FALSE,FALSE,FALSE,FALSE,TRUE,FALSE,FALSE,FALSE,FALSE,FALSE
-73.96400328,40.78203098,22F-PM-1014-06,PM,Adult,Gray,Ground,FALSE,indifferent,FALSE,TRUE,FALSE,FALSE,FALSE,FALSE,FALSE,FALSE,FALSE,FALSE,TRUE
-73.95321705,40.79196697,36I-PM-1007-01,PM,Adult,Gray,Ground,FALSE,indifferent,FALSE,FALSE,FALSE,FALSE,FALSE,TRUE,FALSE,FALSE,FALSE,FALSE,FALSE
-73.97039252,40.7765032,14E-AM-1008-23,AM,Adult,Gray,Ground,FALSE,indifferent,FALSE,FALSE,FALSE,FALSE,FALSE,TRUE,FALSE,FALSE,FALSE,FALSE,FALSE
-73.96381794,40.79241733,32A-PM-1013-03,PM,Juvenile,Gray,Ground,FALSE,indifferent,FALSE,FALSE,FALSE,FALSE,TRUE,FALSE,FALSE,FALSE,FALSE,FALSE,FALSE
-73.9584071,40.79138125,33F-AM-1008-01,AM,Adult,Gray,Ground,FALSE,indifferent,FALSE,FALSE,FALSE,FALSE,FALSE,FALSE,FALSE,FALSE,FALSE,FALSE,FALSE
-73.95873659,40.79085244,32F-PM-1008-07,PM,Adult,Gray,Ground,FALSE,indifferent,FALSE,TRUE,TRUE,FALSE,FALSE,TRUE,FALSE,FALSE,FALSE,FALSE,FALSE
-73.97044027,40.77989656,17C-PM-1013-05,PM,Adult,Gray,Ground,FALSE,indifferent,FALSE,FALSE,FALSE,FALSE,TRUE,FALSE,FALSE,FALSE,FALSE,FALSE,FALSE
-73.97569761,40.77538973,10A-PM-1014-01,PM,Adult,Gray,Ground,FALSE,indifferent,FALSE,FALSE,FALSE,FALSE,FALSE,TRUE,FALSE,FALSE,FALSE,FALSE,TRUE
-73.97420735,40.77579574,12B-AM-1007-01,AM,Adult,Gray,Ground,FALSE,indifferent,FALSE,FALSE,TRUE,FALSE,FALSE,FALSE,FALSE,FALSE,FALSE,TRUE,FALSE
-73.95354107,40.79287118,36H-PM-1008-02,PM,Adult,Gray,Ground,FALSE,indifferent,FALSE,FALSE,FALSE,FALSE,FALSE,TRUE,FALSE,FALSE,FALSE,FALSE,FALSE
-73.97602982,40.76819544,3E-PM-1008-07,PM,Adult,Gray,Ground,FALSE,indifferent,FALSE,FALSE,FALSE,FALSE,TRUE,TRUE,FALSE,FALSE,FALSE,FALSE,FALSE
-73.95688021,40.79723991,39C-PM-1006-01,PM,Adult,Gray,Ground,FALSE,indifferent,FALSE,TRUE,FALSE,FALSE,FALSE,TRUE,FALSE,FALSE,FALSE,FALSE,FALSE
-73.97246424,40.76905264,6G-AM-1008-02,AM,Juvenile,Gray,Ground,FALSE,indifferent,FALSE,FALSE,FALSE,FALSE,FALSE,TRUE,FALSE,FALSE,FALSE,FALSE,FALSE
-73.96901758,40.77604327,14F-AM-1007-05,AM,Juvenile,Gray,Ground,FALSE,indifferent,FALSE,FALSE,FALSE,FALSE,TRUE,FALSE,FALSE,FALSE,FALSE,FALSE,FALSE
-73.96849107,40.77688116,15F-PM-1010-05,PM,Adult,Gray,Ground,FALSE,indifferent,FALSE,FALSE,FALSE,FALSE,FALSE,TRUE,FALSE,FALSE,FALSE,FALSE,FALSE
-73.95281927,40.79231304,36I-AM-1017-02,AM,Adult,Gray,Ground,FALSE,indifferent,FALSE,FALSE,FALSE,FALSE,FALSE,TRUE,FALSE,FALSE,FALSE,FALSE,FALSE
-73.9741825,40.76894867,5F-PM-1007-03,PM,Adult,Gray,Ground,FALSE,indifferent,FALSE,FALSE,FALSE,FALSE,FALSE,FALSE,FALSE,FALSE,FALSE,FALSE,TRUE
-73.97492439,40.77613936,11B-PM-1014-05,PM,Adult,Gray,Ground,FALSE,indifferent,FALSE,FALSE,FALSE,FALSE,FALSE,TRUE,FALSE,FALSE,FALSE,FALSE,FALSE
-73.9689001,40.78283647,20B-PM-1013-10,PM,Adult,Gray,Ground,FALSE,indifferent,FALSE,FALSE,FALSE,FALSE,FALSE,TRUE,FALSE,FALSE,FALSE,FALSE,FALSE
-73.96148484,40.79226455,33C-PM-1007-03,PM,Adult,Gray,Ground,FALSE,indifferent,FALSE,FALSE,FALSE,FALSE,FALSE,TRUE,FALSE,FALSE,FALSE,FALSE,TRUE
-73.95466542,40.79476392,38G-PM-1020-09,PM,Adult,Gray,Ground,FALSE,indifferent,FALSE,FALSE,FALSE,FALSE,TRUE,TRUE,FALSE,FALSE,FALSE,TRUE,FALSE
-73.9667114,40.77688047,16G-PM-1017-01,PM,Adult,Gray,Ground,FALSE,indifferent,FALSE,FALSE,FALSE,FALSE,FALSE,TRUE,FALSE,FALSE,FALSE,FALSE,FALSE
-73.95300356,40.79218225,36I-PM-1007-07,PM,Adult,Gray,Ground,FALSE,indifferent,FALSE,FALSE,FALSE,FALSE,FALSE,TRUE,FALSE,FALSE,FALSE,FALSE,FALSE
-73.96156966,40.79512786,35A-AM-1014-03,AM,Adult,Gray,Ground,FALSE,indifferent,FALSE,FALSE,FALSE,FALSE,FALSE,TRUE,FALSE,FALSE,FALSE,FALSE,FALSE
-73.95782372,40.79809595,40B-PM-1014-06,PM,Adult,Gray,Ground,FALSE,indifferent,FALSE,TRUE,FALSE,FALSE,FALSE,FALSE,FALSE,FALSE,FALSE,FALSE,FALSE
-73.96882712,40.78097194,19C-PM-1018-01,PM,Adult,Gray,Ground,FALSE,indifferent,FALSE,TRUE,TRUE,FALSE,TRUE,FALSE,FALSE,FALSE,FALSE,FALSE,TRUE
-73.96805206,40.77733867,15F-PM-1010-06,PM,Adult,Gray,Ground,FALSE,indifferent,FALSE,FALSE,FALSE,FALSE,FALSE,TRUE,FALSE,FALSE,FALSE,FALSE,FALSE
-73.95515395,40.79873847,41D-AM-1014-01,AM,Adult,Gray,Ground,FALSE,indifferent,FALSE,FALSE,FALSE,FALSE,FALSE,TRUE,FALSE,FALSE,FALSE,FALSE,FALSE
-73.96419718,40.7813538,21G-PM-1007-01,PM,Adult,Gray,Ground,FALSE,indifferent,FALSE,FALSE,FALSE,FALSE,TRUE,FALSE,FALSE,FALSE,FALSE,TRUE,FALSE
-73.9639744,40.7825112,22F-AM-1007-01,AM,Adult,Gray,Ground,FALSE,indifferent,FALSE,FALSE,FALSE,TRUE,FALSE,TRUE,FALSE,FALSE,FALSE,FALSE,FALSE
-73.97640365,40.77058462,5C-AM-1006-05,AM,Adult,Gray,Ground,FALSE,indifferent,FALSE,FALSE,FALSE,FALSE,FALSE,TRUE,FALSE,FALSE,FALSE,FALSE,FALSE
-73.97190562,40.77623855,13D-PM-1018-10,PM,Adult,Gray,Ground,FALSE,indifferent,FALSE,FALSE,FALSE,FALSE,FALSE,TRUE,FALSE,FALSE,FALSE,FALSE,TRUE
-73.95300409,40.79228962,36I-PM-1007-10,PM,Juvenile,Gray,Ground,FALSE,indifferent,FALSE,FALSE,FALSE,FALSE,TRUE,FALSE,FALSE,FALSE,FALSE,FALSE,FALSE
-73.96077463,40.79395811,35B-AM-1010-01,AM,Adult,Gray,Ground,FALSE,indifferent,FALSE,FALSE,FALSE,FALSE,FALSE,FALSE,FALSE,FALSE,FALSE,FALSE,FALSE
-73.97699398,40.77295376,7B-AM-1008-10,AM,Adult,Gray,Ground,FALSE,indifferent,FALSE,FALSE,FALSE,FALSE,FALSE,TRUE,FALSE,FALSE,FALSE,FALSE,FALSE
-73.95886603,40.79825979,40A-AM-1010-03,AM,Adult,Gray,Ground,FALSE,indifferent,TRUE,FALSE,FALSE,FALSE,TRUE,TRUE,FALSE,FALSE,FALSE,TRUE,FALSE
-73.96641005,40.78287789,21D-AM-1008-02,AM,Adult,Gray,Ground,FALSE,indifferent,FALSE,FALSE,FALSE,FALSE,FALSE,TRUE,FALSE,FALSE,FALSE,FALSE,TRUE
-73.9705093,40.7761093,13E-PM-1008-07,PM,Adult,Gray,Ground,FALSE,indifferent,FALSE,FALSE,FALSE,FALSE,TRUE,TRUE,FALSE,FALSE,FALSE,FALSE,FALSE
-73.96964335,40.78282081,20B-AM-1007-01,AM,Adult,Gray,Ground,FALSE,indifferent,FALSE,FALSE,FALSE,FALSE,FALSE,TRUE,FALSE,FALSE,FALSE,FALSE,FALSE
-73.95759438,40.79337553,35E-PM-1006-07,PM,Adult,Gray,Ground,FALSE,indifferent,TRUE,FALSE,FALSE,FALSE,FALSE,TRUE,FALSE,FALSE,FALSE,FALSE,FALSE
-73.95909928,40.7937581,35D-PM-1013-09,PM,Adult,Gray,Ground,FALSE,indifferent,FALSE,FALSE,FALSE,FALSE,FALSE,TRUE,FALSE,FALSE,FALSE,FALSE,FALSE
-73.9724064,40.77057119,7F-PM-1012-01,PM,Adult,Gray,Ground,FALSE,indifferent,FALSE,TRUE,FALSE,FALSE,FALSE,FALSE,FALSE,FALSE,FALSE,FALSE,FALSE
-73.95621175,40.79510444,38E-AM-1010-09,AM,Adult,Gray,Ground,FALSE,indifferent,FALSE,FALSE,FALSE,FALSE,FALSE,TRUE,FALSE,FALSE,FALSE,FALSE,FALSE
-73.95763493,40.79044099,32G-PM-1013-03,PM,Juvenile,Gray,Ground,FALSE,indifferent,FALSE,FALSE,FALSE,FALSE,FALSE,TRUE,FALSE,FALSE,FALSE,FALSE,FALSE
-73.97551337,40.76978834,5E-AM-1008-08,AM,Adult,Gray,Ground,FALSE,indifferent,FALSE,TRUE,FALSE,FALSE,FALSE,FALSE,FALSE,FALSE,FALSE,FALSE,FALSE
-73.9702349,40.77732954,15D-PM-1017-01,PM,Adult,Gray,Ground,FALSE,indifferent,FALSE,FALSE,FALSE,FALSE,FALSE,TRUE,FALSE,FALSE,FALSE,FALSE,FALSE
-73.95221424,40.79495985,39H-PM-1013-02,PM,Juvenile,Gray,Ground,FALSE,indifferent,FALSE,FALSE,FALSE,FALSE,FALSE,TRUE,FALSE,FALSE,FALSE,FALSE,TRUE
-73.97109911,40.77238897,9F-PM-1014-02,PM,Adult,Gray,Ground,FALSE,indifferent,FALSE,FALSE,FALSE,FALSE,TRUE,FALSE,FALSE,FALSE,FALSE,FALSE,FALSE
-73.9756015,40.76700903,2F-AM-1006-01,AM,Adult,Gray,Ground,FALSE,indifferent,FALSE,FALSE,FALSE,FALSE,FALSE,TRUE,FALSE,FALSE,FALSE,FALSE,TRUE
-73.96496326,40.78091878,20F-PM-1007-01,PM,Adult,Gray,Ground,FALSE,indifferent,FALSE,FALSE,FALSE,FALSE,TRUE,TRUE,FALSE,FALSE,FALSE,FALSE,TRUE
-73.97586761,40.77016716,5D-PM-1018-03,PM,Adult,Gray,Ground,FALSE,indifferent,FALSE,FALSE,FALSE,FALSE,FALSE,TRUE,FALSE,FALSE,FALSE,FALSE,FALSE
-73.97072741,40.77238891,10G-PM-1017-10,PM,Adult,Gray,Ground,FALSE,indifferent,FALSE,FALSE,TRUE,FALSE,FALSE,FALSE,FALSE,FALSE,FALSE,FALSE,FALSE
-73.97200651,40.77640438,13C-AM-1010-04,AM,Adult,Gray,Ground,FALSE,indifferent,FALSE,FALSE,FALSE,FALSE,FALSE,TRUE,FALSE,FALSE,FALSE,FALSE,TRUE
-73.97684346,40.7728494,7B-AM-1008-11,AM,Adult,Gray,Ground,FALSE,indifferent,FALSE,FALSE,FALSE,FALSE,FALSE,TRUE,FALSE,FALSE,FALSE,FALSE,FALSE
-73.95538118,40.7970895,40E-AM-1014-02,AM,Adult,Gray,Ground,FALSE,indifferent,FALSE,TRUE,FALSE,FALSE,FALSE,TRUE,FALSE,FALSE,FALSE,FALSE,TRUE
-73.9700162,40.78152775,19B-AM-1019-02,AM,Juvenile,Gray,Ground,FALSE,indifferent,TRUE,TRUE,FALSE,FALSE,TRUE,FALSE,FALSE,FALSE,FALSE,FALSE,FALSE
-73.9695508,40.77430704,12F-PM-1007-04,PM,Adult,Gray,Ground,FALSE,indifferent,FALSE,FALSE,FALSE,FALSE,FALSE,TRUE,FALSE,FALSE,FALSE,FALSE,FALSE
-73.96516549,40.7777806,17H-PM-1007-02,PM,Adult,Gray,Ground,FALSE,indifferent,FALSE,FALSE,FALSE,FALSE,FALSE,TRUE,FALSE,FALSE,FALSE,TRUE,FALSE
-73.96579698,40.77604028,15H-PM-1008-03,PM,Adult,Gray,Ground,FALSE,indifferent,FALSE,FALSE,FALSE,FALSE,FALSE,FALSE,FALSE,FALSE,FALSE,FALSE,FALSE
-73.95107476,40.79731068,42H-AM-1019-02,AM,Adult,Gray,Ground,FALSE,indifferent,FALSE,FALSE,FALSE,FALSE,FALSE,TRUE,FALSE,FALSE,FALSE,FALSE,FALSE
-73.96387746,40.79135321,31A-AM-1010-05,AM,Adult,Gray,Ground,FALSE,indifferent,FALSE,FALSE,FALSE,FALSE,TRUE,TRUE,FALSE,FALSE,FALSE,TRUE,TRUE
-73.96776462,40.77464928,13H-PM-1010-05,PM,Adult,Gray,Ground,FALSE,indifferent,FALSE,FALSE,FALSE,FALSE,FALSE,TRUE,FALSE,FALSE,FALSE,FALSE,FALSE
-73.97027558,40.77835478,16D-PM-1010-13,PM,Adult,Gray,Ground,FALSE,indifferent,FALSE,FALSE,FALSE,FALSE,FALSE,TRUE,FALSE,FALSE,FALSE,FALSE,FALSE
-73.95196399,40.79499117,39H-AM-1007-01,AM,Adult,Gray,Ground,FALSE,indifferent,FALSE,FALSE,FALSE,FALSE,FALSE,TRUE,FALSE,FALSE,FALSE,FALSE,FALSE
-73.97542704,40.77024115,6D-PM-1020-01,PM,Adult,Gray,Ground,FALSE,indifferent,FALSE,FALSE,FALSE,FALSE,FALSE,TRUE,FALSE,FALSE,FALSE,FALSE,FALSE
-73.96657091,40.78393843,22D-PM-1012-04,PM,Adult,Gray,Ground,FALSE,indifferent,FALSE,FALSE,FALSE,FALSE,FALSE,TRUE,FALSE,FALSE,FALSE,FALSE,FALSE
-73.97286608,40.77532945,12C-AM-1013-03,AM,Adult,Gray,Ground,FALSE,indifferent,FALSE,FALSE,FALSE,FALSE,FALSE,TRUE,FALSE,FALSE,FALSE,FALSE,FALSE
-73.96241846,40.79215249,32B-AM-1017-03,AM,Adult,Gray,Ground,TRUE,indifferent,TRUE,FALSE,FALSE,FALSE,FALSE,TRUE,FALSE,FALSE,FALSE,FALSE,TRUE
-73.97414014,40.77581343,12B-AM-1007-02,AM,Adult,Gray,Ground,FALSE,indifferent,FALSE,FALSE,TRUE,FALSE,FALSE,FALSE,FALSE,FALSE,FALSE,TRUE,FALSE
-73.97609423,40.77420357,9B-PM-1013-07,PM,Juvenile,Gray,Ground,FALSE,indifferent,FALSE,FALSE,FALSE,FALSE,FALSE,TRUE,FALSE,FALSE,FALSE,FALSE,TRUE
-73.97584649,40.77259574,8C-PM-1013-05,PM,Adult,Gray,Ground,FALSE,indifferent,FALSE,FALSE,FALSE,FALSE,FALSE,TRUE,FALSE,FALSE,FALSE,TRUE,FALSE
-73.95902366,40.79826325,40A-AM-1010-04,AM,Adult,Gray,Ground,FALSE,indifferent,TRUE,FALSE,FALSE,FALSE,FALSE,TRUE,FALSE,FALSE,FALSE,TRUE,FALSE
-73.97707186,40.77297524,7B-AM-1008-09,AM,Adult,Gray,Ground,FALSE,indifferent,FALSE,FALSE,FALSE,FALSE,FALSE,TRUE,FALSE,FALSE,FALSE,FALSE,FALSE
-73.95708176,40.79642211,38D-AM-1017-02,AM,Adult,Gray,Ground,FALSE,indifferent,FALSE,FALSE,FALSE,FALSE,FALSE,FALSE,FALSE,FALSE,FALSE,FALSE,FALSE
-73.97197356,40.76930451,6G-PM-1020-02,PM,Adult,Gray,Ground,FALSE,indifferent,FALSE,TRUE,TRUE,FALSE,FALSE,FALSE,FALSE,FALSE,FALSE,FALSE,FALSE
-73.95896271,40.78475916,26I-PM-1010-02,PM,Adult,Gray,Ground,FALSE,indifferent,FALSE,FALSE,FALSE,FALSE,FALSE,TRUE,FALSE,FALSE,FALSE,FALSE,TRUE
-73.95914004,40.78917086,31F-PM-1007-01,PM,Adult,Gray,Ground,FALSE,indifferent,FALSE,FALSE,FALSE,FALSE,FALSE,FALSE,FALSE,FALSE,FALSE,FALSE,FALSE
-73.95219501,40.79493734,39H-PM-1013-01,PM,Adult,Gray,Ground,FALSE,indifferent,FALSE,FALSE,FALSE,FALSE,TRUE,FALSE,FALSE,FALSE,FALSE,FALSE,FALSE
-73.95792186,40.7960605,38C-AM-1019-04,AM,Adult,Gray,Ground,FALSE,indifferent,FALSE,FALSE,FALSE,FALSE,FALSE,TRUE,TRUE,TRUE,FALSE,FALSE,FALSE
-73.9744679,40.76865204,4F-PM-1013-04,PM,Adult,Gray,Ground,FALSE,indifferent,FALSE,FALSE,FALSE,FALSE,TRUE,TRUE,FALSE,FALSE,FALSE,FALSE,FALSE
-73.97585797,40.76793265,3E-PM-1008-05,PM,Adult,Gray,Ground,FALSE,indifferent,FALSE,FALSE,FALSE,FALSE,TRUE,FALSE,FALSE,FALSE,FALSE,FALSE,FALSE
-73.97015759,40.77309733,10G-PM-1017-06,PM,Adult,Gray,Ground,FALSE,indifferent,FALSE,FALSE,FALSE,FALSE,FALSE,TRUE,FALSE,FALSE,FALSE,FALSE,FALSE
-73.96914334,40.77317083,11G-AM-1012-01,AM,Adult,Gray,Ground,FALSE,indifferent,FALSE,TRUE,FALSE,FALSE,FALSE,FALSE,FALSE,FALSE,FALSE,FALSE,FALSE
-73.97092815,40.78280979,20A-AM-1010-02,AM,Adult,Gray,Ground,FALSE,indifferent,FALSE,FALSE,FALSE,FALSE,FALSE,TRUE,FALSE,FALSE,FALSE,FALSE,FALSE
-73.96961737,40.77052028,8H-AM-1017-04,AM,Adult,Gray,Ground,FALSE,indifferent,FALSE,FALSE,FALSE,FALSE,TRUE,FALSE,FALSE,FALSE,FALSE,FALSE,FALSE
-73.97006916,40.78288936,20A-PM-1017-01,PM,Adult,Gray,Ground,FALSE,indifferent,FALSE,FALSE,FALSE,FALSE,FALSE,TRUE,FALSE,FALSE,FALSE,FALSE,FALSE
-73.9685604,40.77734399,15F-PM-1010-03,PM,Adult,Gray,Ground,FALSE,indifferent,FALSE,FALSE,FALSE,FALSE,FALSE,TRUE,FALSE,FALSE,FALSE,FALSE,FALSE
-73.97174255,40.76642277,3I-PM-1013-07,PM,Adult,Gray,Ground,FALSE,indifferent,FALSE,FALSE,FALSE,FALSE,FALSE,TRUE,FALSE,FALSE,FALSE,FALSE,FALSE
-73.95230018,40.7949231,39H-AM-1007-02,AM,Adult,Gray,Ground,FALSE,indifferent,FALSE,FALSE,FALSE,FALSE,TRUE,TRUE,FALSE,FALSE,FALSE,FALSE,TRUE
-73.96839658,40.77186798,10I-AM-1010-03,AM,Adult,Gray,Ground,FALSE,indifferent,FALSE,FALSE,FALSE,FALSE,FALSE,TRUE,FALSE,FALSE,FALSE,FALSE,FALSE
-73.95540958,40.78873058,32I-AM-1013-01,AM,Adult,Gray,Ground,FALSE,indifferent,FALSE,FALSE,FALSE,FALSE,FALSE,TRUE,FALSE,FALSE,FALSE,TRUE,FALSE
-73.96960012,40.78208107,19B-PM-1018-05,PM,Juvenile,Gray,Ground,FALSE,indifferent,FALSE,FALSE,FALSE,FALSE,TRUE,FALSE,FALSE,FALSE,FALSE,FALSE,FALSE
-73.95734698,40.79440446,36E-AM-1013-03,AM,Adult,Gray,Ground,FALSE,indifferent,FALSE,FALSE,FALSE,FALSE,FALSE,TRUE,FALSE,FALSE,FALSE,FALSE,FALSE
-73.95343063,40.79590521,39G-PM-1013-07,PM,Adult,Gray,Ground,FALSE,indifferent,FALSE,FALSE,FALSE,FALSE,FALSE,TRUE,FALSE,FALSE,FALSE,FALSE,FALSE
-73.96523573,40.78192969,21E-PM-1012-02,PM,Adult,Gray,Ground,FALSE,indifferent,FALSE,FALSE,FALSE,FALSE,TRUE,FALSE,FALSE,FALSE,FALSE,FALSE,FALSE
-73.96783299,40.77836699,17E-PM-1018-03,PM,Adult,Gray,Ground,FALSE,indifferent,FALSE,TRUE,FALSE,FALSE,FALSE,FALSE,FALSE,FALSE,FALSE,FALSE,FALSE
-73.97089692,40.77676955,14D-AM-1014-03,AM,Adult,Gray,Ground,FALSE,indifferent,FALSE,FALSE,FALSE,FALSE,TRUE,TRUE,FALSE,FALSE,FALSE,FALSE,FALSE
-73.97302246,40.77968334,16A-PM-1019-04,PM,Adult,Gray,Ground,FALSE,indifferent,FALSE,FALSE,FALSE,FALSE,FALSE,TRUE,FALSE,FALSE,FALSE,FALSE,TRUE
-73.97244523,40.77157921,8F-PM-1012-03,PM,Adult,Gray,Ground,FALSE,indifferent,FALSE,FALSE,FALSE,FALSE,FALSE,TRUE,FALSE,FALSE,FALSE,FALSE,FALSE
-73.97129716,40.77455207,11E-AM-1013-02,AM,Adult,Gray,Ground,FALSE,indifferent,FALSE,FALSE,FALSE,FALSE,TRUE,TRUE,FALSE,FALSE,FALSE,FALSE,FALSE
-73.97133306,40.77719242,14D-AM-1014-10,AM,Adult,Gray,Ground,FALSE,indifferent,FALSE,FALSE,FALSE,FALSE,FALSE,TRUE,FALSE,FALSE,FALSE,FALSE,FALSE
-73.97400078,40.76500771,1H-PM-1013-01,PM,Adult,Gray,Ground,FALSE,indifferent,FALSE,FALSE,FALSE,FALSE,TRUE,TRUE,FALSE,FALSE,FALSE,FALSE,FALSE
-73.96396351,40.79003376,29B-PM-1010-05,PM,Adult,Gray,Ground,FALSE,indifferent,FALSE,FALSE,FALSE,FALSE,TRUE,TRUE,FALSE,FALSE,FALSE,FALSE,FALSE
-73.97248018,40.7790132,15B-PM-1017-05,PM,Adult,Gray,Ground,FALSE,indifferent,FALSE,FALSE,FALSE,FALSE,TRUE,TRUE,FALSE,FALSE,FALSE,FALSE,FALSE
-73.97048629,40.77395831,11F-PM-1006-02,PM,Adult,Gray,Ground,FALSE,indifferent,FALSE,FALSE,FALSE,FALSE,FALSE,TRUE,FALSE,FALSE,FALSE,FALSE,FALSE
-73.97031567,40.77209054,10G-PM-1017-02,PM,Adult,Gray,Ground,FALSE,indifferent,FALSE,FALSE,FALSE,FALSE,TRUE,FALSE,FALSE,FALSE,FALSE,FALSE,FALSE
-73.95489579,40.79448445,37G-AM-1014-05,AM,Adult,Gray,Ground,FALSE,indifferent,FALSE,FALSE,FALSE,FALSE,FALSE,TRUE,FALSE,FALSE,FALSE,FALSE,FALSE
-73.96068171,40.79173205,32D-PM-1006-07,PM,Adult,Gray,Ground,FALSE,indifferent,FALSE,FALSE,FALSE,FALSE,TRUE,FALSE,FALSE,FALSE,FALSE,TRUE,FALSE
-73.95772126,40.79655253,38C-PM-1014-06,PM,Adult,Gray,Ground,FALSE,indifferent,FALSE,FALSE,FALSE,FALSE,TRUE,TRUE,FALSE,FALSE,FALSE,FALSE,FALSE
-73.96692066,40.77481557,13H-PM-1010-03,PM,Adult,Gray,Ground,FALSE,indifferent,FALSE,FALSE,FALSE,FALSE,TRUE,FALSE,FALSE,FALSE,FALSE,FALSE,FALSE
-73.96136434,40.78924319,30D-AM-1017-02,AM,Adult,Gray,Ground,FALSE,indifferent,FALSE,FALSE,FALSE,FALSE,FALSE,TRUE,FALSE,FALSE,FALSE,FALSE,FALSE
-73.96807745,40.77624919,14F-PM-1012-01,PM,Adult,Gray,Ground,FALSE,indifferent,FALSE,TRUE,FALSE,FALSE,TRUE,TRUE,FALSE,FALSE,FALSE,FALSE,FALSE
-73.9766355,40.77345752,8B-AM-1007-09,AM,Adult,Gray,Ground,FALSE,indifferent,FALSE,TRUE,FALSE,FALSE,TRUE,FALSE,FALSE,FALSE,FALSE,FALSE,FALSE
-73.97876584,40.76894198,3B-PM-1007-07,PM,Adult,Gray,Ground,FALSE,indifferent,FALSE,FALSE,FALSE,FALSE,TRUE,FALSE,FALSE,FALSE,FALSE,FALSE,FALSE
-73.96337602,40.78184224,22G-PM-1018-03,PM,Juvenile,Gray,Ground,FALSE,indifferent,FALSE,TRUE,FALSE,FALSE,FALSE,FALSE,FALSE,FALSE,FALSE,FALSE,FALSE
-73.95840249,40.78514917,27I-PM-1020-01,PM,Adult,Gray,Ground,FALSE,indifferent,TRUE,FALSE,FALSE,FALSE,FALSE,TRUE,FALSE,FALSE,FALSE,FALSE,FALSE
-73.95736049,40.79308442,35E-PM-1006-03,PM,Adult,Gray,Ground,FALSE,indifferent,FALSE,FALSE,FALSE,FALSE,TRUE,TRUE,FALSE,FALSE,FALSE,FALSE,FALSE
-73.96946304,40.76973766,8I-PM-1013-01,PM,Adult,Gray,Ground,FALSE,indifferent,FALSE,FALSE,FALSE,FALSE,FALSE,TRUE,FALSE,FALSE,FALSE,FALSE,FALSE
-73.97939521,40.77078377,4A-PM-1007-03,PM,Adult,Gray,Ground,FALSE,indifferent,FALSE,FALSE,FALSE,FALSE,TRUE,TRUE,FALSE,FALSE,FALSE,FALSE,FALSE
-73.95257475,40.79772574,42F-PM-1017-02,PM,Adult,Gray,Ground,FALSE,indifferent,FALSE,TRUE,FALSE,FALSE,FALSE,FALSE,FALSE,FALSE,FALSE,FALSE,FALSE
-73.95897702,40.79124054,33E-AM-1014-05,AM,Adult,Gray,Ground,FALSE,indifferent,FALSE,FALSE,FALSE,FALSE,FALSE,TRUE,FALSE,FALSE,FALSE,FALSE,FALSE
-73.97208873,40.77607995,13D-PM-1018-08,PM,Adult,Gray,Ground,FALSE,indifferent,FALSE,FALSE,FALSE,FALSE,FALSE,TRUE,FALSE,FALSE,FALSE,FALSE,FALSE
-73.97140573,40.77203751,9F-PM-1014-04,PM,Adult,Gray,Ground,FALSE,indifferent,FALSE,FALSE,FALSE,FALSE,FALSE,TRUE,FALSE,FALSE,FALSE,FALSE,FALSE
-73.97069293,40.77604739,13E-PM-1008-06,PM,Adult,Gray,Ground,FALSE,indifferent,FALSE,FALSE,FALSE,FALSE,FALSE,TRUE,FALSE,FALSE,FALSE,FALSE,FALSE
-73.96442932,40.78138292,21F-AM-1018-02,AM,Adult,Gray,Ground,FALSE,indifferent,FALSE,FALSE,FALSE,FALSE,TRUE,FALSE,FALSE,FALSE,FALSE,FALSE,TRUE
-73.97531406,40.77340378,9C-AM-1006-02,AM,Adult,Gray,Ground,FALSE,indifferent,FALSE,TRUE,FALSE,FALSE,FALSE,FALSE,FALSE,FALSE,FALSE,FALSE,FALSE
-73.95951403,40.78991179,31E-PM-1006-02,PM,Adult,Gray,Ground,FALSE,indifferent,FALSE,FALSE,FALSE,FALSE,TRUE,TRUE,FALSE,TRUE,FALSE,FALSE,FALSE
-73.9547878,40.78991519,33I-PM-1006-05,PM,Adult,Gray,Ground,FALSE,indifferent,FALSE,FALSE,FALSE,FALSE,TRUE,TRUE,FALSE,FALSE,FALSE,FALSE,FALSE
-73.96584828,40.7797243,19F-PM-1017-01,PM,Adult,Gray,Ground,FALSE,indifferent,FALSE,FALSE,FALSE,TRUE,FALSE,FALSE,FALSE,FALSE,FALSE,FALSE,FALSE
-73.96245469,40.7888235,29D-AM-1014-04,AM,Juvenile,Gray,Ground,FALSE,indifferent,FALSE,FALSE,FALSE,FALSE,FALSE,TRUE,FALSE,FALSE,FALSE,FALSE,FALSE
-73.97030872,40.77639857,14E-AM-1008-20,AM,Adult,Gray,Ground,FALSE,indifferent,FALSE,FALSE,FALSE,FALSE,FALSE,TRUE,FALSE,FALSE,FALSE,FALSE,FALSE
-73.95797241,40.79487099,37D-AM-1018-01,AM,Juvenile,Gray,Ground,FALSE,indifferent,FALSE,FALSE,FALSE,FALSE,FALSE,TRUE,FALSE,FALSE,FALSE,FALSE,FALSE
-73.97806597,40.76723823,1D-PM-1007-06,PM,Adult,Gray,Ground,FALSE,indifferent,FALSE,FALSE,FALSE,FALSE,FALSE,TRUE,FALSE,FALSE,FALSE,FALSE,FALSE
-73.97172014,40.77612028,13D-PM-1018-02,PM,Adult,Gray,Ground,FALSE,indifferent,FALSE,TRUE,FALSE,FALSE,FALSE,FALSE,FALSE,FALSE,FALSE,FALSE,FALSE
-73.97027212,40.77010118,7H-AM-1006-15,AM,Adult,Gray,Ground,FALSE,indifferent,FALSE,FALSE,FALSE,FALSE,FALSE,TRUE,FALSE,FALSE,FALSE,FALSE,FALSE
-73.96978556,40.77421864,12F-PM-1007-05,PM,Adult,Gray,Ground,FALSE,indifferent,FALSE,FALSE,FALSE,FALSE,TRUE,TRUE,FALSE,FALSE,FALSE,FALSE,FALSE
-73.95448281,40.79870318,42D-PM-1013-01,PM,Adult,Gray,Ground,TRUE,indifferent,FALSE,FALSE,FALSE,FALSE,FALSE,TRUE,FALSE,FALSE,FALSE,FALSE,FALSE
-73.96665266,40.77561117,14H-AM-1007-02,AM,Juvenile,Gray,Ground,FALSE,indifferent,FALSE,FALSE,FALSE,FALSE,FALSE,FALSE,FALSE,FALSE,FALSE,FALSE,FALSE
-73.97121339,40.76987209,7H-AM-1006-04,AM,Adult,Gray,Ground,FALSE,indifferent,FALSE,FALSE,FALSE,FALSE,FALSE,TRUE,FALSE,FALSE,FALSE,FALSE,FALSE
-73.97780297,40.76763211,2D-AM-1007-06,AM,Adult,Gray,Ground,FALSE,indifferent,FALSE,FALSE,FALSE,FALSE,TRUE,TRUE,FALSE,FALSE,FALSE,FALSE,FALSE
-73.97030109,40.77019836,8H-PM-1014-06,PM,Adult,Gray,Ground,FALSE,indifferent,FALSE,FALSE,FALSE,FALSE,FALSE,TRUE,FALSE,FALSE,FALSE,FALSE,FALSE
-73.96572881,40.776458,16H-PM-1014-04,PM,Adult,Gray,Ground,FALSE,indifferent,FALSE,TRUE,FALSE,FALSE,FALSE,FALSE,FALSE,FALSE,FALSE,FALSE,FALSE
-73.95974184,40.79644171,37B-PM-1013-05,PM,Adult,Gray,Ground,FALSE,indifferent,FALSE,FALSE,FALSE,FALSE,TRUE,TRUE,FALSE,FALSE,FALSE,FALSE,FALSE
-73.97132288,40.77141451,8G-PM-1017-01,PM,Adult,Gray,Ground,FALSE,indifferent,FALSE,FALSE,FALSE,FALSE,FALSE,TRUE,FALSE,FALSE,FALSE,FALSE,FALSE
-73.97017314,40.77623499,14E-AM-1008-19,AM,Adult,Gray,Ground,FALSE,indifferent,FALSE,FALSE,FALSE,FALSE,TRUE,FALSE,FALSE,FALSE,FALSE,FALSE,FALSE
-73.97963837,40.76824777,2B-AM-1010-07,AM,Adult,Gray,Ground,FALSE,indifferent,FALSE,FALSE,FALSE,FALSE,FALSE,TRUE,FALSE,FALSE,FALSE,FALSE,FALSE
-73.9632646,40.78174013,22G-AM-1018-05,AM,Adult,Gray,Ground,FALSE,indifferent,FALSE,FALSE,FALSE,FALSE,FALSE,TRUE,FALSE,FALSE,FALSE,FALSE,FALSE
-73.97091044,40.7769097,14D-AM-1014-16,AM,Adult,Gray,Ground,FALSE,indifferent,FALSE,FALSE,FALSE,TRUE,FALSE,FALSE,FALSE,FALSE,FALSE,FALSE,FALSE
-73.96854291,40.7724787,11H-AM-1010-05,AM,Adult,Gray,Ground,FALSE,indifferent,FALSE,FALSE,TRUE,FALSE,FALSE,FALSE,FALSE,FALSE,FALSE,FALSE,FALSE
-73.97723967,40.76686964,2E-AM-1010-02,AM,Adult,Gray,Ground,FALSE,indifferent,FALSE,TRUE,FALSE,FALSE,TRUE,FALSE,FALSE,FALSE,FALSE,FALSE,FALSE
-73.95531138,40.7978432,41D-AM-1014-05,AM,Adult,Gray,Ground,FALSE,indifferent,FALSE,FALSE,FALSE,FALSE,FALSE,TRUE,FALSE,FALSE,FALSE,FALSE,FALSE
-73.96176124,40.7952876,35A-AM-1014-04,AM,Adult,Gray,Ground,FALSE,indifferent,FALSE,FALSE,FALSE,FALSE,FALSE,TRUE,FALSE,FALSE,FALSE,FALSE,FALSE
-73.97013108,40.7768001,14E-AM-1008-06,AM,Adult,Gray,Ground,FALSE,indifferent,FALSE,FALSE,FALSE,FALSE,FALSE,TRUE,FALSE,FALSE,FALSE,FALSE,FALSE
-73.95846961,40.79801212,39B-PM-1014-03,PM,Adult,Gray,Ground,FALSE,indifferent,FALSE,FALSE,FALSE,FALSE,TRUE,TRUE,FALSE,FALSE,FALSE,FALSE,FALSE
-73.96385261,40.78269385,22F-AM-1007-02,AM,Adult,Gray,Ground,FALSE,indifferent,FALSE,FALSE,FALSE,FALSE,FALSE,FALSE,FALSE,FALSE,FALSE,FALSE,FALSE
-73.972167,40.77608591,13D-PM-1018-09,PM,Adult,Gray,Ground,FALSE,indifferent,FALSE,TRUE,FALSE,FALSE,FALSE,TRUE,FALSE,FALSE,FALSE,FALSE,FALSE
-73.97041662,40.77667203,14E-AM-1008-07,AM,Adult,Gray,Ground,FALSE,indifferent,FALSE,FALSE,FALSE,FALSE,FALSE,TRUE,FALSE,FALSE,FALSE,FALSE,FALSE
-73.95730577,40.79857341,40B-PM-1014-01,PM,Adult,Gray,Ground,FALSE,indifferent,FALSE,FALSE,FALSE,FALSE,FALSE,TRUE,FALSE,FALSE,FALSE,FALSE,FALSE
-73.97246752,40.76591319,3I-PM-1013-05,PM,Adult,Gray,Ground,FALSE,indifferent,FALSE,TRUE,FALSE,FALSE,FALSE,FALSE,FALSE,FALSE,FALSE,FALSE,FALSE
-73.95700862,40.79466798,37E-PM-1006-08,PM,Adult,Gray,Ground,FALSE,indifferent,FALSE,FALSE,FALSE,FALSE,FALSE,TRUE,FALSE,FALSE,FALSE,FALSE,FALSE
-73.97452278,40.76736183,3F-AM-1006-09,AM,Juvenile,Gray,Ground,FALSE,indifferent,FALSE,FALSE,FALSE,FALSE,FALSE,TRUE,FALSE,FALSE,FALSE,FALSE,FALSE
-73.96746884,40.77897284,17E-AM-1017-06,AM,Adult,Gray,Ground,FALSE,indifferent,FALSE,TRUE,FALSE,FALSE,FALSE,FALSE,FALSE,FALSE,FALSE,FALSE,FALSE
-73.97833669,40.76683001,1D-PM-1007-03,PM,Adult,Gray,Ground,FALSE,indifferent,FALSE,FALSE,TRUE,FALSE,FALSE,FALSE,FALSE,FALSE,FALSE,FALSE,FALSE
-73.96220477,40.79451264,35A-AM-1014-06,AM,Adult,Gray,Ground,FALSE,indifferent,FALSE,FALSE,TRUE,FALSE,FALSE,FALSE,FALSE,FALSE,FALSE,FALSE,FALSE
-73.97205538,40.76644882,3I-AM-1010-04,AM,Adult,Gray,Ground,FALSE,indifferent,FALSE,FALSE,FALSE,FALSE,FALSE,TRUE,FALSE,FALSE,FALSE,FALSE,FALSE
-73.97001482,40.77877802,16D-PM-1010-04,PM,Adult,Gray,Ground,FALSE,indifferent,FALSE,FALSE,FALSE,FALSE,TRUE,FALSE,FALSE,FALSE,FALSE,FALSE,FALSE
-73.97718439,40.77236664,7B-AM-1008-01,AM,Adult,Gray,Ground,FALSE,indifferent,FALSE,FALSE,FALSE,FALSE,TRUE,FALSE,FALSE,FALSE,FALSE,FALSE,FALSE
-73.97122568,40.77609429,13D-PM-1018-13,PM,Adult,Gray,Ground,FALSE,indifferent,FALSE,FALSE,FALSE,FALSE,FALSE,TRUE,FALSE,FALSE,FALSE,FALSE,FALSE
-73.97428046,40.77071677,7E-PM-1013-05,PM,Adult,Gray,Ground,FALSE,indifferent,FALSE,FALSE,FALSE,FALSE,TRUE,TRUE,FALSE,FALSE,FALSE,FALSE,TRUE
-73.97693195,40.77438836,9A-AM-1013-11,AM,Juvenile,Gray,Ground,FALSE,indifferent,FALSE,TRUE,TRUE,FALSE,FALSE,FALSE,FALSE,FALSE,FALSE,FALSE,FALSE
-73.97182708,40.7748301,11D-AM-1010-06,AM,Adult,Gray,Ground,FALSE,indifferent,FALSE,FALSE,FALSE,FALSE,TRUE,TRUE,FALSE,FALSE,FALSE,FALSE,FALSE
-73.95302636,40.79209498,36I-PM-1007-05,PM,Adult,Gray,Ground,FALSE,indifferent,FALSE,FALSE,FALSE,FALSE,FALSE,TRUE,FALSE,FALSE,FALSE,FALSE,TRUE
-73.97215924,40.77603458,12C-AM-1013-02,AM,Adult,Gray,Ground,FALSE,indifferent,FALSE,FALSE,TRUE,FALSE,FALSE,FALSE,TRUE,FALSE,FALSE,FALSE,FALSE
-73.95739301,40.79345703,35E-AM-1020-03,AM,Adult,Gray,Ground,FALSE,indifferent,FALSE,FALSE,FALSE,FALSE,FALSE,TRUE,FALSE,FALSE,FALSE,FALSE,FALSE
-73.9698762,40.77820557,16D-PM-1010-09,PM,Adult,Gray,Ground,FALSE,indifferent,FALSE,FALSE,TRUE,FALSE,FALSE,FALSE,TRUE,FALSE,FALSE,FALSE,FALSE
-73.96793991,40.77428131,13H-PM-1010-09,PM,Adult,Gray,Ground,FALSE,indifferent,FALSE,FALSE,FALSE,FALSE,FALSE,TRUE,FALSE,FALSE,FALSE,FALSE,FALSE
-73.9642412,40.77796928,18H-PM-1014-03,PM,Adult,Gray,Ground,FALSE,indifferent,FALSE,FALSE,FALSE,FALSE,FALSE,TRUE,FALSE,FALSE,FALSE,TRUE,FALSE
-73.95569372,40.79909281,42C-AM-1007-04,AM,Adult,Gray,Ground,FALSE,indifferent,FALSE,FALSE,FALSE,FALSE,FALSE,FALSE,FALSE,FALSE,FALSE,FALSE,FALSE
-73.97698875,40.77075615,5C-PM-1010-04,PM,Adult,Gray,Ground,FALSE,indifferent,FALSE,TRUE,FALSE,FALSE,TRUE,FALSE,FALSE,FALSE,FALSE,FALSE,FALSE
-73.97548368,40.77388795,9B-PM-1013-01,PM,Juvenile,Gray,Ground,FALSE,indifferent,FALSE,FALSE,FALSE,FALSE,FALSE,FALSE,FALSE,FALSE,FALSE,FALSE,TRUE
-73.97050538,40.77875032,16C-AM-1014-04,AM,Adult,Gray,Ground,FALSE,indifferent,FALSE,FALSE,FALSE,FALSE,FALSE,TRUE,FALSE,FALSE,FALSE,FALSE,FALSE
-73.97673144,40.76611999,1F-AM-1010-01,AM,Adult,Gray,Ground,FALSE,indifferent,FALSE,FALSE,FALSE,FALSE,TRUE,FALSE,FALSE,FALSE,FALSE,FALSE,FALSE
-73.96750475,40.77892344,17E-AM-1017-01,AM,Adult,Gray,Ground,FALSE,indifferent,FALSE,FALSE,FALSE,FALSE,FALSE,TRUE,FALSE,FALSE,FALSE,FALSE,FALSE
-73.95627653,40.7880618,31I-PM-1019-02,PM,Adult,Gray,Ground,FALSE,indifferent,FALSE,FALSE,FALSE,FALSE,FALSE,TRUE,FALSE,FALSE,FALSE,FALSE,FALSE
-73.95683823,40.79756855,40C-AM-1017-07,AM,Adult,Gray,Ground,FALSE,indifferent,FALSE,FALSE,FALSE,FALSE,FALSE,TRUE,FALSE,FALSE,FALSE,FALSE,FALSE
-73.97221256,40.77613115,13C-PM-1019-05,PM,Adult,Gray,Ground,TRUE,indifferent,FALSE,FALSE,FALSE,FALSE,TRUE,TRUE,FALSE,FALSE,FALSE,FALSE,TRUE
-73.9554891,40.79687746,40E-AM-1014-03,AM,Adult,Gray,Ground,FALSE,indifferent,FALSE,FALSE,FALSE,TRUE,FALSE,TRUE,FALSE,FALSE,FALSE,FALSE,FALSE
-73.97287838,40.7731671,9E-PM-1014-02,PM,Juvenile,Gray,Ground,FALSE,indifferent,FALSE,FALSE,FALSE,FALSE,FALSE,TRUE,FALSE,FALSE,FALSE,FALSE,TRUE
-73.97007591,40.76805609,5I-AM-1010-01,AM,Adult,Gray,Ground,FALSE,indifferent,FALSE,TRUE,FALSE,FALSE,FALSE,FALSE,FALSE,FALSE,FALSE,FALSE,FALSE
-73.97218548,40.77610864,12C-AM-1013-01,AM,Adult,Gray,Ground,FALSE,indifferent,FALSE,FALSE,FALSE,FALSE,FALSE,TRUE,FALSE,FALSE,FALSE,FALSE,FALSE
-73.97251749,40.76642483,3H-PM-1014-07,PM,Adult,Gray,Ground,FALSE,indifferent,FALSE,FALSE,FALSE,FALSE,FALSE,TRUE,FALSE,FALSE,FALSE,FALSE,FALSE
-73.97069037,40.77268738,10G-AM-1006-07,AM,Adult,Gray,Ground,FALSE,indifferent,FALSE,FALSE,FALSE,FALSE,TRUE,FALSE,FALSE,FALSE,FALSE,FALSE,TRUE
-73.95887081,40.79057941,32F-PM-1008-05,PM,Adult,Gray,Ground,FALSE,indifferent,FALSE,FALSE,FALSE,FALSE,FALSE,TRUE,FALSE,FALSE,FALSE,FALSE,FALSE
-73.97102074,40.76821871,5I-AM-1010-05,AM,Adult,Gray,Ground,FALSE,indifferent,FALSE,FALSE,FALSE,FALSE,TRUE,FALSE,FALSE,FALSE,FALSE,FALSE,TRUE
-73.95501849,40.79712353,40E-PM-1017-02,PM,Adult,Gray,Ground,FALSE,indifferent,FALSE,FALSE,FALSE,FALSE,TRUE,FALSE,FALSE,FALSE,FALSE,FALSE,FALSE
-73.95528809,40.78890405,32I-AM-1013-04,AM,Adult,Gray,Ground,FALSE,indifferent,FALSE,FALSE,FALSE,FALSE,FALSE,TRUE,FALSE,FALSE,FALSE,TRUE,FALSE
-73.95807856,40.79579813,37C-PM-1013-01,PM,Adult,Gray,Ground,FALSE,indifferent,FALSE,FALSE,FALSE,FALSE,TRUE,TRUE,FALSE,FALSE,FALSE,FALSE,FALSE
-73.97059538,40.77629121,13E-PM-1008-05,PM,Adult,Gray,Ground,FALSE,indifferent,FALSE,FALSE,FALSE,FALSE,FALSE,TRUE,FALSE,FALSE,FALSE,FALSE,FALSE
-73.96935337,40.78382474,21A-AM-1019-06,AM,Juvenile,Gray,Ground,FALSE,indifferent,FALSE,FALSE,FALSE,FALSE,FALSE,TRUE,FALSE,FALSE,FALSE,FALSE,FALSE
-73.96980327,40.77823439,16D-AM-1007-02,AM,Adult,Gray,Ground,FALSE,indifferent,FALSE,FALSE,FALSE,FALSE,FALSE,TRUE,FALSE,FALSE,FALSE,FALSE,FALSE
-73.95701326,40.79320142,35F-PM-1012-01,PM,Juvenile,Gray,Ground,FALSE,indifferent,TRUE,TRUE,FALSE,FALSE,TRUE,TRUE,FALSE,FALSE,FALSE,TRUE,FALSE
-73.9615475,40.79315607,33B-AM-1010-06,AM,Adult,Gray,Ground,FALSE,indifferent,FALSE,FALSE,FALSE,FALSE,FALSE,TRUE,FALSE,FALSE,FALSE,FALSE,FALSE
-73.96955699,40.77120621,9H-PM-1018-01,PM,Adult,Gray,Ground,FALSE,indifferent,FALSE,FALSE,FALSE,FALSE,FALSE,FALSE,FALSE,FALSE,FALSE,FALSE,FALSE
-73.96915858,40.77634047,14F-AM-1007-03,AM,Adult,Gray,Ground,FALSE,indifferent,FALSE,FALSE,FALSE,FALSE,FALSE,TRUE,FALSE,FALSE,FALSE,FALSE,FALSE
-73.96616945,40.77575306,15H-PM-1008-07,PM,Adult,Gray,Ground,FALSE,indifferent,FALSE,FALSE,FALSE,FALSE,TRUE,TRUE,FALSE,FALSE,FALSE,FALSE,FALSE
-73.96268812,40.79052083,30C-AM-1014-01,AM,Adult,Gray,Ground,FALSE,indifferent,FALSE,FALSE,FALSE,FALSE,TRUE,TRUE,FALSE,FALSE,FALSE,FALSE,TRUE
-73.96896278,40.776062,14F-AM-1007-06,AM,Juvenile,Gray,Ground,FALSE,indifferent,FALSE,FALSE,TRUE,FALSE,FALSE,FALSE,FALSE,FALSE,FALSE,FALSE,FALSE
-73.97149212,40.77675837,14D-AM-1014-11,AM,Adult,Gray,Ground,FALSE,indifferent,FALSE,FALSE,FALSE,FALSE,FALSE,TRUE,FALSE,FALSE,FALSE,FALSE,FALSE
-73.97137994,40.77214349,9F-PM-1014-05,PM,Adult,Gray,Ground,FALSE,indifferent,FALSE,FALSE,FALSE,FALSE,FALSE,TRUE,FALSE,FALSE,FALSE,FALSE,FALSE
-73.96601101,40.78099901,20F-AM-1014-01,AM,Adult,Gray,Ground,FALSE,indifferent,FALSE,FALSE,FALSE,FALSE,TRUE,TRUE,FALSE,FALSE,FALSE,FALSE,FALSE
-73.97902143,40.76867912,3B-PM-1007-10,PM,Adult,Gray,Ground,FALSE,indifferent,FALSE,FALSE,FALSE,FALSE,TRUE,FALSE,FALSE,FALSE,FALSE,FALSE,FALSE
-73.9767017,40.76740128,2E-PM-1014-02,PM,Adult,Gray,Ground,FALSE,indifferent,FALSE,FALSE,FALSE,FALSE,FALSE,FALSE,FALSE,FALSE,FALSE,FALSE,FALSE
-73.96996721,40.77743893,15D-AM-1007-07,AM,Adult,Gray,Ground,FALSE,indifferent,FALSE,FALSE,TRUE,FALSE,FALSE,TRUE,FALSE,FALSE,FALSE,FALSE,FALSE
-73.97293787,40.76724076,4H-AM-1006-04,AM,Adult,Gray,Ground,FALSE,indifferent,FALSE,FALSE,FALSE,FALSE,FALSE,TRUE,FALSE,FALSE,FALSE,FALSE,FALSE
-73.97730792,40.76965067,4C-AM-1006-02,AM,Juvenile,Gray,Ground,FALSE,indifferent,FALSE,TRUE,FALSE,FALSE,TRUE,TRUE,FALSE,FALSE,FALSE,FALSE,TRUE
-73.96995112,40.77627566,14E-AM-1008-17,AM,Adult,Gray,Ground,FALSE,indifferent,FALSE,FALSE,FALSE,FALSE,TRUE,TRUE,FALSE,FALSE,FALSE,FALSE,FALSE
-73.96844632,40.78348133,21B-AM-1019-02,AM,Adult,Gray,Ground,FALSE,indifferent,FALSE,FALSE,FALSE,FALSE,FALSE,FALSE,FALSE,FALSE,FALSE,FALSE,FALSE
-73.95957578,40.78992426,31E-PM-1006-01,PM,Adult,Gray,Ground,FALSE,indifferent,FALSE,FALSE,FALSE,FALSE,FALSE,TRUE,FALSE,TRUE,FALSE,FALSE,FALSE
-73.97453055,40.77420432,10C-PM-1013-02,PM,Adult,Gray,Ground,FALSE,indifferent,TRUE,FALSE,FALSE,FALSE,TRUE,TRUE,FALSE,FALSE,FALSE,FALSE,TRUE
-73.96947841,40.77877353,16D-PM-1010-01,PM,Adult,Gray,Ground,FALSE,indifferent,FALSE,TRUE,FALSE,FALSE,TRUE,TRUE,FALSE,FALSE,FALSE,FALSE,FALSE
-73.96496581,40.78232624,22F-PM-1014-03,PM,Juvenile,Gray,Ground,FALSE,indifferent,FALSE,FALSE,FALSE,FALSE,FALSE,TRUE,FALSE,FALSE,FALSE,TRUE,FALSE
-73.9532966,40.79276446,36I-AM-1017-03,AM,Adult,Gray,Ground,FALSE,indifferent,FALSE,TRUE,FALSE,FALSE,TRUE,TRUE,FALSE,FALSE,FALSE,FALSE,FALSE
-73.97251575,40.76583767,2I-PM-1006-02,PM,Adult,Gray,Ground,FALSE,indifferent,FALSE,TRUE,FALSE,FALSE,TRUE,TRUE,FALSE,FALSE,FALSE,FALSE,FALSE
-73.97450405,40.77333039,9C-PM-1006-06,PM,Adult,Gray,Ground,FALSE,indifferent,FALSE,FALSE,FALSE,FALSE,FALSE,TRUE,FALSE,FALSE,FALSE,FALSE,FALSE
-73.97066418,40.77592292,13E-AM-1017-12,AM,Adult,Gray,Ground,FALSE,indifferent,FALSE,FALSE,FALSE,FALSE,TRUE,FALSE,FALSE,FALSE,FALSE,FALSE,FALSE
-73.98085423,40.76787022,1B-AM-1012-17,AM,Adult,Gray,Ground,FALSE,indifferent,FALSE,FALSE,FALSE,TRUE,TRUE,TRUE,FALSE,FALSE,FALSE,FALSE,FALSE
-73.95849421,40.79950086,41A-AM-1013-01,AM,Adult,Gray,Ground,FALSE,indifferent,FALSE,TRUE,FALSE,FALSE,FALSE,FALSE,FALSE,FALSE,FALSE,FALSE,FALSE
-73.96979837,40.7700677,8I-PM-1013-09,PM,Adult,Gray,Ground,FALSE,indifferent,FALSE,FALSE,FALSE,FALSE,FALSE,TRUE,FALSE,FALSE,FALSE,FALSE,FALSE
-73.96971966,40.78140685,19B-AM-1019-01,AM,Juvenile,Gray,Ground,FALSE,indifferent,TRUE,TRUE,FALSE,FALSE,TRUE,FALSE,FALSE,FALSE,FALSE,FALSE,FALSE
-73.96332506,40.79221551,32A-PM-1013-09,PM,Adult,Gray,Ground,FALSE,indifferent,FALSE,FALSE,FALSE,FALSE,FALSE,TRUE,FALSE,FALSE,FALSE,FALSE,FALSE
-73.96741811,40.77645954,15G-AM-1008-05,AM,Adult,Gray,Ground,FALSE,indifferent,FALSE,FALSE,FALSE,FALSE,FALSE,TRUE,FALSE,FALSE,FALSE,FALSE,FALSE
-73.96996752,40.77730126,15E-PM-1008-07,PM,Adult,Gray,Ground,FALSE,indifferent,FALSE,FALSE,FALSE,FALSE,TRUE,FALSE,FALSE,FALSE,FALSE,FALSE,FALSE
-73.97532838,40.77330439,8C-PM-1013-02,PM,Adult,Gray,Ground,FALSE,indifferent,FALSE,FALSE,FALSE,FALSE,FALSE,TRUE,FALSE,FALSE,FALSE,TRUE,FALSE
-73.97853005,40.77211277,6A-AM-1006-07,AM,Adult,Gray,Ground,FALSE,indifferent,FALSE,FALSE,FALSE,FALSE,TRUE,TRUE,FALSE,FALSE,FALSE,FALSE,TRUE
-73.95400224,40.79794099,41E-AM-1007-01,AM,Adult,Gray,Ground,FALSE,indifferent,FALSE,FALSE,FALSE,FALSE,FALSE,TRUE,FALSE,FALSE,FALSE,FALSE,FALSE
-73.96087574,40.79066865,31D-AM-1014-06,AM,Adult,Gray,Ground,FALSE,indifferent,FALSE,FALSE,FALSE,FALSE,TRUE,FALSE,FALSE,FALSE,FALSE,FALSE,FALSE
-73.95459506,40.79565679,39F-AM-1014-04,AM,Juvenile,Gray,Ground,FALSE,indifferent,FALSE,FALSE,FALSE,FALSE,FALSE,TRUE,FALSE,FALSE,FALSE,FALSE,FALSE
-73.95572635,40.79395058,37F-PM-1014-02,PM,Juvenile,Gray,Ground,FALSE,indifferent,FALSE,FALSE,FALSE,FALSE,TRUE,TRUE,FALSE,FALSE,FALSE,FALSE,FALSE
-73.97002474,40.7836929,21A-AM-1019-08,AM,Adult,Gray,Ground,FALSE,indifferent,FALSE,FALSE,FALSE,FALSE,TRUE,TRUE,FALSE,FALSE,FALSE,FALSE,FALSE
-73.9595646,40.78995994,31E-PM-1006-03,PM,Adult,Gray,Ground,FALSE,indifferent,FALSE,FALSE,FALSE,FALSE,TRUE,TRUE,FALSE,FALSE,FALSE,FALSE,FALSE
-73.95877127,40.79445025,36D-PM-1007-02,PM,Adult,Gray,Ground,TRUE,indifferent,FALSE,FALSE,FALSE,FALSE,FALSE,TRUE,FALSE,FALSE,FALSE,FALSE,FALSE
-73.9676206,40.78459423,23B-PM-1012-01,PM,Adult,Gray,Ground,FALSE,indifferent,FALSE,FALSE,FALSE,FALSE,FALSE,TRUE,FALSE,FALSE,FALSE,FALSE,TRUE
-73.97039141,40.7722458,10G-PM-1017-01,PM,Adult,Gray,Ground,FALSE,indifferent,FALSE,FALSE,FALSE,FALSE,FALSE,FALSE,FALSE,FALSE,FALSE,FALSE,FALSE
-73.97508642,40.76719901,3F-AM-1006-01,AM,Adult,Gray,Ground,FALSE,indifferent,FALSE,FALSE,FALSE,FALSE,FALSE,TRUE,FALSE,FALSE,FALSE,FALSE,FALSE
-73.95980848,40.79761654,39A-PM-1014-01,PM,Adult,Gray,Ground,FALSE,indifferent,FALSE,FALSE,TRUE,FALSE,FALSE,FALSE,FALSE,FALSE,FALSE,FALSE,FALSE
-73.9645147,40.77725668,17I-AM-1014-04,AM,Adult,Gray,Ground,TRUE,indifferent,FALSE,FALSE,FALSE,FALSE,TRUE,TRUE,FALSE,FALSE,FALSE,FALSE,FALSE
-73.95686909,40.79888588,41C-AM-1017-05,AM,Adult,Gray,Ground,FALSE,indifferent,FALSE,FALSE,FALSE,FALSE,FALSE,TRUE,FALSE,FALSE,FALSE,FALSE,FALSE
-73.95828502,40.79789759,39B-PM-1014-01,PM,Adult,Gray,Ground,FALSE,indifferent,FALSE,FALSE,FALSE,FALSE,TRUE,TRUE,FALSE,FALSE,FALSE,FALSE,FALSE
-73.9582644,40.80004601,42A-AM-1019-01,AM,Juvenile,Gray,Ground,FALSE,indifferent,FALSE,FALSE,FALSE,FALSE,FALSE,TRUE,FALSE,FALSE,FALSE,FALSE,TRUE
-73.97713354,40.76684315,2E-AM-1010-01,AM,Adult,Gray,Ground,FALSE,indifferent,FALSE,FALSE,FALSE,FALSE,FALSE,TRUE,FALSE,FALSE,FALSE,FALSE,TRUE
-73.96921903,40.77633663,14F-AM-1007-02,AM,Adult,Gray,Ground,FALSE,indifferent,FALSE,FALSE,FALSE,FALSE,FALSE,TRUE,FALSE,FALSE,FALSE,FALSE,FALSE
-73.95284628,40.7923843,36I-AM-1017-04,AM,Adult,Gray,Ground,FALSE,indifferent,FALSE,FALSE,FALSE,FALSE,FALSE,TRUE,FALSE,FALSE,FALSE,FALSE,FALSE
-73.95345096,40.79210842,36I-AM-1017-07,AM,Adult,Gray,Ground,FALSE,indifferent,FALSE,FALSE,TRUE,FALSE,FALSE,TRUE,TRUE,FALSE,FALSE,FALSE,TRUE
-73.97142435,40.7713974,8G-PM-1017-02,PM,Adult,Gray,Ground,FALSE,indifferent,FALSE,FALSE,FALSE,FALSE,FALSE,TRUE,FALSE,FALSE,FALSE,FALSE,FALSE
-73.97135192,40.77984701,17B-AM-1010-01,AM,Adult,Gray,Ground,FALSE,indifferent,FALSE,FALSE,FALSE,FALSE,TRUE,FALSE,FALSE,FALSE,FALSE,FALSE,TRUE
-73.96261204,40.79051264,30C-AM-1014-02,AM,Adult,Gray,Ground,FALSE,indifferent,FALSE,TRUE,FALSE,FALSE,FALSE,TRUE,FALSE,FALSE,FALSE,FALSE,TRUE
-73.96948564,40.78051916,18C-PM-1018-05,PM,Adult,Gray,Ground,FALSE,indifferent,FALSE,FALSE,FALSE,FALSE,TRUE,TRUE,FALSE,FALSE,FALSE,FALSE,FALSE
-73.95837388,40.79793028,39B-PM-1014-02,PM,Juvenile,Gray,Ground,FALSE,indifferent,FALSE,FALSE,FALSE,FALSE,FALSE,TRUE,FALSE,FALSE,FALSE,FALSE,FALSE
-73.97709486,40.77240635,7B-AM-1008-04,AM,Adult,Gray,Ground,FALSE,indifferent,FALSE,FALSE,TRUE,FALSE,FALSE,FALSE,FALSE,FALSE,FALSE,FALSE,FALSE
-73.95919578,40.79495689,36C-PM-1013-01,PM,Adult,Gray,Ground,FALSE,indifferent,FALSE,FALSE,TRUE,FALSE,TRUE,TRUE,FALSE,FALSE,FALSE,FALSE,TRUE
-73.97105475,40.77235898,9F-PM-1014-03,PM,Adult,Gray,Ground,FALSE,indifferent,FALSE,FALSE,FALSE,FALSE,FALSE,TRUE,FALSE,FALSE,FALSE,FALSE,FALSE
-73.97572154,40.7668206,2F-PM-1014-03,PM,Adult,Gray,Ground,FALSE,indifferent,FALSE,FALSE,FALSE,FALSE,TRUE,FALSE,FALSE,FALSE,FALSE,FALSE,FALSE
-73.95656846,40.79360039,36F-PM-1012-02,PM,Juvenile,Gray,Ground,FALSE,indifferent,FALSE,FALSE,FALSE,FALSE,FALSE,TRUE,FALSE,FALSE,FALSE,FALSE,FALSE
-73.96789373,40.77828084,16E-PM-1018-01,PM,Juvenile,Gray,Ground,FALSE,indifferent,FALSE,TRUE,FALSE,FALSE,FALSE,FALSE,FALSE,FALSE,FALSE,FALSE,TRUE
-73.97504638,40.76668717,2F-PM-1014-08,PM,Adult,Gray,Ground,FALSE,indifferent,FALSE,TRUE,FALSE,FALSE,FALSE,FALSE,FALSE,FALSE,FALSE,FALSE,FALSE
-73.96965178,40.77696583,14E-AM-1008-04,AM,Adult,Gray,Ground,FALSE,indifferent,FALSE,FALSE,FALSE,FALSE,FALSE,TRUE,FALSE,FALSE,FALSE,FALSE,FALSE
-73.96113684,40.78156191,22I-AM-1007-02,AM,Adult,Gray,Ground,FALSE,indifferent,FALSE,TRUE,FALSE,FALSE,FALSE,TRUE,FALSE,FALSE,FALSE,FALSE,FALSE
-73.97868987,40.77208331,6A-AM-1006-08,AM,Adult,Gray,Ground,FALSE,indifferent,FALSE,TRUE,FALSE,FALSE,TRUE,TRUE,FALSE,FALSE,FALSE,FALSE,TRUE
-73.96265279,40.79124724,31B-AM-1017-03,AM,Adult,Gray,Ground,FALSE,indifferent,FALSE,FALSE,FALSE,FALSE,TRUE,FALSE,FALSE,FALSE,FALSE,FALSE,FALSE
-73.9697278,40.77051987,8H-AM-1017-01,AM,Adult,Gray,Ground,FALSE,indifferent,FALSE,FALSE,TRUE,FALSE,TRUE,TRUE,FALSE,FALSE,FALSE,FALSE,FALSE
-73.95802471,40.79387243,36D-PM-1007-01,PM,Adult,Gray,Ground,FALSE,indifferent,FALSE,FALSE,FALSE,FALSE,TRUE,TRUE,FALSE,FALSE,FALSE,FALSE,FALSE
-73.97702351,40.77413521,9A-AM-1013-02,AM,Adult,Gray,Ground,FALSE,indifferent,FALSE,FALSE,FALSE,FALSE,FALSE,TRUE,FALSE,FALSE,FALSE,FALSE,FALSE
-73.96810931,40.77317539,11H-PM-1013-01,PM,Adult,Gray,Ground,FALSE,indifferent,FALSE,FALSE,FALSE,FALSE,FALSE,FALSE,FALSE,FALSE,FALSE,FALSE,FALSE
-73.96989591,40.77167638,9H-AM-1006-05,AM,Adult,Gray,Ground,FALSE,indifferent,FALSE,FALSE,FALSE,FALSE,TRUE,TRUE,FALSE,FALSE,FALSE,FALSE,FALSE
-73.97080025,40.77266853,10F-PM-1019-10,PM,Adult,Gray,Ground,FALSE,indifferent,FALSE,TRUE,FALSE,FALSE,TRUE,TRUE,FALSE,FALSE,FALSE,FALSE,TRUE
-73.95916955,40.79381164,35D-PM-1013-08,PM,Adult,Gray,Ground,FALSE,indifferent,FALSE,FALSE,FALSE,FALSE,FALSE,TRUE,FALSE,FALSE,FALSE,FALSE,FALSE
-73.96162046,40.79261886,33B-PM-1010-01,PM,Adult,Gray,Ground,FALSE,indifferent,FALSE,FALSE,FALSE,FALSE,FALSE,TRUE,FALSE,FALSE,FALSE,FALSE,FALSE
-73.96847582,40.78585316,24A-PM-1007-02,PM,Adult,Gray,Ground,FALSE,indifferent,FALSE,TRUE,FALSE,FALSE,FALSE,FALSE,FALSE,FALSE,FALSE,FALSE,FALSE
-73.96994512,40.771041,9H-PM-1018-02,PM,Adult,Gray,Ground,FALSE,indifferent,FALSE,FALSE,FALSE,FALSE,FALSE,TRUE,FALSE,FALSE,FALSE,FALSE,FALSE
-73.95328383,40.79311127,37H-AM-1018-01,AM,Adult,Gray,Ground,FALSE,indifferent,FALSE,FALSE,FALSE,FALSE,FALSE,TRUE,FALSE,FALSE,FALSE,FALSE,FALSE
-73.95681439,40.78990017,32G-AM-1010-01,AM,Adult,Gray,Ground,FALSE,indifferent,FALSE,FALSE,FALSE,FALSE,FALSE,TRUE,FALSE,FALSE,FALSE,FALSE,FALSE
-73.97015963,40.77021066,8H-PM-1014-09,PM,Adult,Gray,Ground,FALSE,indifferent,FALSE,FALSE,FALSE,FALSE,FALSE,TRUE,FALSE,FALSE,FALSE,FALSE,FALSE
-73.96997637,40.77570607,13E-PM-1008-11,PM,Adult,Gray,Ground,FALSE,indifferent,FALSE,FALSE,FALSE,FALSE,TRUE,TRUE,FALSE,FALSE,FALSE,FALSE,FALSE
-73.95865277,40.79088311,32F-PM-1008-08,PM,Adult,Gray,Ground,FALSE,indifferent,FALSE,TRUE,TRUE,FALSE,FALSE,TRUE,FALSE,FALSE,FALSE,FALSE,FALSE
-73.97314571,40.76602554,2H-AM-1006-03,AM,Adult,Gray,Ground,FALSE,indifferent,FALSE,TRUE,FALSE,FALSE,FALSE,FALSE,FALSE,FALSE,FALSE,FALSE,FALSE
-73.97083011,40.78202009,19A-PM-1013-01,PM,Adult,Gray,Ground,FALSE,indifferent,FALSE,FALSE,FALSE,FALSE,FALSE,TRUE,FALSE,FALSE,FALSE,FALSE,FALSE
-73.97735294,40.77287507,7B-AM-1008-12,AM,Adult,Gray,Ground,FALSE,indifferent,FALSE,TRUE,FALSE,FALSE,FALSE,FALSE,FALSE,FALSE,FALSE,FALSE,FALSE
-73.97403812,40.76759126,4G-PM-1007-01,PM,Adult,Gray,Ground,FALSE,indifferent,FALSE,FALSE,FALSE,FALSE,FALSE,TRUE,FALSE,FALSE,FALSE,FALSE,FALSE
-73.97646019,40.76607045,1F-AM-1010-05,AM,Adult,Gray,Ground,FALSE,indifferent,FALSE,FALSE,FALSE,FALSE,TRUE,FALSE,FALSE,FALSE,FALSE,FALSE,FALSE
-73.96817222,40.78355983,22B-PM-1014-07,PM,Adult,Gray,Ground,FALSE,indifferent,FALSE,FALSE,FALSE,FALSE,FALSE,FALSE,FALSE,FALSE,FALSE,FALSE,TRUE
-73.97870402,40.76790102,2C-AM-1010-06,AM,Adult,Gray,Ground,FALSE,indifferent,TRUE,FALSE,FALSE,FALSE,FALSE,FALSE,FALSE,FALSE,FALSE,FALSE,FALSE
-73.96296156,40.79241764,32B-PM-1010-06,PM,Adult,Gray,Ground,FALSE,indifferent,FALSE,FALSE,FALSE,FALSE,FALSE,TRUE,FALSE,FALSE,FALSE,FALSE,FALSE
-73.97080836,40.78254294,19A-PM-1013-03,PM,Adult,Gray,Ground,FALSE,indifferent,FALSE,FALSE,FALSE,FALSE,TRUE,TRUE,FALSE,FALSE,FALSE,FALSE,FALSE
-73.97185534,40.77485848,11D-AM-1010-05,AM,Adult,Gray,Ground,FALSE,indifferent,FALSE,FALSE,FALSE,FALSE,TRUE,TRUE,FALSE,FALSE,FALSE,FALSE,FALSE
-73.96005463,40.79149692,33D-AM-1017-03,AM,Adult,Gray,Ground,TRUE,indifferent,FALSE,FALSE,FALSE,FALSE,FALSE,TRUE,FALSE,FALSE,FALSE,FALSE,FALSE
-73.96353178,40.78213521,22G-AM-1018-01,AM,Adult,Gray,Ground,FALSE,indifferent,FALSE,FALSE,TRUE,FALSE,FALSE,FALSE,TRUE,FALSE,FALSE,TRUE,FALSE
-73.9694468,40.77036089,8I-PM-1013-05,PM,Adult,Gray,Ground,FALSE,indifferent,FALSE,FALSE,FALSE,FALSE,FALSE,TRUE,FALSE,FALSE,FALSE,FALSE,FALSE
-73.97203471,40.77277503,9E-PM-1014-01,PM,Adult,Gray,Ground,FALSE,indifferent,FALSE,FALSE,FALSE,FALSE,FALSE,TRUE,FALSE,FALSE,FALSE,FALSE,TRUE
-73.97186968,40.77892699,15B-AM-1014-03,AM,Juvenile,Gray,Ground,FALSE,indifferent,FALSE,TRUE,FALSE,FALSE,TRUE,TRUE,FALSE,FALSE,FALSE,FALSE,FALSE
-73.97608801,40.77110578,6C-PM-1020-04,PM,Adult,Gray,Ground,FALSE,indifferent,FALSE,FALSE,FALSE,FALSE,TRUE,FALSE,FALSE,FALSE,FALSE,FALSE,FALSE
-73.95215147,40.79495152,39H-PM-1013-03,PM,Juvenile,Gray,Ground,TRUE,indifferent,TRUE,FALSE,FALSE,FALSE,FALSE,TRUE,FALSE,FALSE,FALSE,FALSE,FALSE
-73.97665936,40.77357082,8B-PM-1012-04,PM,Adult,Gray,Ground,FALSE,indifferent,FALSE,FALSE,FALSE,FALSE,FALSE,TRUE,FALSE,FALSE,FALSE,FALSE,FALSE
-73.97725699,40.76648048,1E-AM-1006-02,AM,Adult,Gray,Ground,FALSE,indifferent,FALSE,FALSE,FALSE,TRUE,FALSE,TRUE,FALSE,FALSE,FALSE,FALSE,TRUE
-73.9584646,40.79839847,40B-PM-1014-07,PM,Adult,Gray,Ground,FALSE,indifferent,FALSE,FALSE,FALSE,FALSE,FALSE,TRUE,FALSE,FALSE,FALSE,FALSE,FALSE
-73.95646064,40.78805466,30I-PM-1006-06,PM,Adult,Gray,Ground,FALSE,indifferent,TRUE,TRUE,FALSE,FALSE,FALSE,FALSE,FALSE,FALSE,FALSE,FALSE,FALSE
-73.97371007,40.77083601,7E-PM-1013-03,PM,Adult,Gray,Ground,FALSE,indifferent,FALSE,FALSE,FALSE,FALSE,FALSE,TRUE,FALSE,FALSE,FALSE,TRUE,TRUE
-73.95725967,40.79744429,39C-AM-1017-02,AM,Adult,Gray,Ground,FALSE,indifferent,FALSE,FALSE,FALSE,FALSE,TRUE,FALSE,FALSE,FALSE,FALSE,FALSE,TRUE
-73.97503468,40.76654044,2G-PM-1007-01,PM,Adult,Gray,Ground,FALSE,indifferent,FALSE,FALSE,FALSE,FALSE,FALSE,TRUE,FALSE,FALSE,FALSE,FALSE,FALSE
-73.9666064,40.7756655,14H-AM-1007-03,AM,Juvenile,Gray,Ground,FALSE,indifferent,FALSE,FALSE,TRUE,FALSE,FALSE,FALSE,FALSE,FALSE,FALSE,FALSE,FALSE
-73.97697422,40.77274845,7B-AM-1008-07,AM,Adult,Gray,Ground,FALSE,indifferent,FALSE,FALSE,FALSE,FALSE,FALSE,TRUE,FALSE,FALSE,FALSE,FALSE,FALSE
-73.97246576,40.76580155,3I-PM-1013-06,PM,Adult,Gray,Ground,FALSE,indifferent,FALSE,TRUE,FALSE,FALSE,FALSE,FALSE,FALSE,FALSE,FALSE,FALSE,FALSE
-73.95865915,40.79062439,32F-PM-1008-06,PM,Adult,Gray,Ground,FALSE,indifferent,FALSE,FALSE,FALSE,FALSE,FALSE,TRUE,FALSE,FALSE,FALSE,FALSE,FALSE
-73.96988398,40.77814331,16D-PM-1010-08,PM,Adult,Gray,Ground,FALSE,indifferent,FALSE,TRUE,FALSE,FALSE,FALSE,FALSE,TRUE,FALSE,FALSE,FALSE,FALSE
-73.9722265,40.77009169,7G-PM-1018-02,PM,Adult,Gray,Ground,FALSE,indifferent,FALSE,FALSE,FALSE,FALSE,TRUE,FALSE,FALSE,FALSE,FALSE,FALSE,FALSE
-73.97113193,40.77603249,13D-PM-1018-12,PM,Adult,Gray,Ground,FALSE,indifferent,FALSE,FALSE,FALSE,FALSE,FALSE,TRUE,FALSE,FALSE,FALSE,FALSE,FALSE
-73.95841068,40.79027776,32F-PM-1008-02,PM,Adult,Gray,Ground,FALSE,indifferent,FALSE,FALSE,FALSE,TRUE,TRUE,TRUE,FALSE,FALSE,FALSE,FALSE,FALSE
-73.97738983,40.77085816,5B-AM-1008-01,AM,Adult,Gray,Ground,FALSE,indifferent,FALSE,TRUE,FALSE,FALSE,TRUE,TRUE,FALSE,FALSE,FALSE,FALSE,FALSE
-73.97615795,40.77558773,10A-PM-1014-02,PM,Adult,Gray,Ground,FALSE,indifferent,FALSE,FALSE,FALSE,FALSE,TRUE,TRUE,FALSE,FALSE,FALSE,FALSE,TRUE
-73.98112188,40.76844062,1A-PM-1014-07,PM,Adult,Gray,Ground,FALSE,indifferent,FALSE,FALSE,FALSE,FALSE,FALSE,TRUE,FALSE,FALSE,FALSE,FALSE,FALSE
-73.96383978,40.78289503,23F-PM-1013-02,PM,Adult,Gray,Ground,FALSE,indifferent,FALSE,TRUE,FALSE,FALSE,TRUE,TRUE,FALSE,TRUE,FALSE,FALSE,TRUE
-73.95640793,40.79393401,36F-AM-1017-02,AM,Adult,Gray,Ground,FALSE,indifferent,FALSE,FALSE,FALSE,FALSE,TRUE,TRUE,FALSE,FALSE,FALSE,FALSE,FALSE
-73.97287004,40.76598427,3H-PM-1014-05,PM,Adult,Gray,Ground,FALSE,indifferent,FALSE,FALSE,FALSE,FALSE,TRUE,FALSE,FALSE,FALSE,FALSE,FALSE,FALSE
-73.95190816,40.79731487,41G-AM-1013-02,AM,Adult,Gray,Ground,FALSE,indifferent,FALSE,FALSE,FALSE,FALSE,FALSE,TRUE,FALSE,FALSE,FALSE,FALSE,FALSE
-73.95159078,40.79526842,40H-AM-1017-02,AM,Adult,Gray,Ground,FALSE,indifferent,FALSE,FALSE,FALSE,FALSE,FALSE,TRUE,FALSE,FALSE,FALSE,FALSE,FALSE
-73.97162715,40.77964626,16B-PM-1017-02,PM,Adult,Gray,Ground,FALSE,indifferent,FALSE,TRUE,TRUE,FALSE,TRUE,FALSE,FALSE,FALSE,FALSE,FALSE,FALSE
-73.96646694,40.77740854,16G-AM-1010-05,AM,Adult,Gray,Ground,FALSE,indifferent,FALSE,TRUE,FALSE,FALSE,FALSE,FALSE,FALSE,FALSE,FALSE,FALSE,FALSE
-73.95576025,40.79564524,38E-PM-1014-01,PM,Adult,Gray,Ground,FALSE,indifferent,FALSE,FALSE,FALSE,FALSE,FALSE,TRUE,FALSE,FALSE,FALSE,FALSE,FALSE
-73.96889293,40.77688995,15F-PM-1010-01,PM,Adult,Gray,Ground,FALSE,indifferent,FALSE,FALSE,FALSE,FALSE,FALSE,TRUE,FALSE,FALSE,FALSE,FALSE,FALSE
-73.98004812,40.76766387,1B-AM-1012-06,AM,Adult,Gray,Ground,FALSE,indifferent,FALSE,FALSE,TRUE,TRUE,FALSE,FALSE,FALSE,FALSE,FALSE,FALSE,FALSE
-73.95932444,40.79496473,36C-PM-1013-03,PM,Adult,Gray,Ground,FALSE,indifferent,FALSE,FALSE,TRUE,FALSE,TRUE,TRUE,FALSE,FALSE,FALSE,FALSE,TRUE
-73.95703919,40.79306972,35F-AM-1007-01,AM,Adult,Gray,Ground,FALSE,indifferent,FALSE,FALSE,FALSE,FALSE,TRUE,TRUE,FALSE,FALSE,FALSE,FALSE,TRUE
-73.95734776,40.79717341,39C-AM-1017-01,AM,Adult,Gray,Ground,FALSE,indifferent,FALSE,TRUE,FALSE,FALSE,FALSE,FALSE,FALSE,FALSE,FALSE,FALSE,FALSE
-73.98032827,40.76808099,1B-PM-1019-09,PM,Adult,Gray,Ground,FALSE,indifferent,FALSE,FALSE,FALSE,FALSE,FALSE,TRUE,FALSE,FALSE,FALSE,TRUE,FALSE
-73.96903954,40.77112821,9I-PM-1010-01,PM,Adult,Gray,Ground,FALSE,indifferent,FALSE,FALSE,FALSE,FALSE,FALSE,TRUE,FALSE,FALSE,FALSE,FALSE,FALSE
-73.98079827,40.7678796,1B-PM-1019-01,PM,Adult,Gray,Ground,FALSE,indifferent,FALSE,FALSE,FALSE,FALSE,FALSE,TRUE,FALSE,FALSE,FALSE,FALSE,FALSE
-73.95823067,40.79892684,40B-AM-1019-08,AM,Adult,Gray,Ground,FALSE,indifferent,TRUE,FALSE,FALSE,TRUE,FALSE,TRUE,FALSE,FALSE,FALSE,FALSE,FALSE
-73.95776297,40.78974608,32G-PM-1013-01,PM,Juvenile,Gray,Ground,FALSE,indifferent,FALSE,FALSE,FALSE,FALSE,FALSE,TRUE,FALSE,FALSE,FALSE,FALSE,FALSE
-73.97280694,40.77944581,15A-AM-1007-01,AM,Adult,Gray,Ground,FALSE,indifferent,FALSE,FALSE,FALSE,FALSE,FALSE,TRUE,FALSE,FALSE,FALSE,FALSE,FALSE
-73.98016989,40.76837216,2B-AM-1010-04,AM,Adult,Gray,Ground,FALSE,indifferent,FALSE,FALSE,FALSE,FALSE,FALSE,TRUE,FALSE,FALSE,FALSE,FALSE,FALSE
-73.95801115,40.7985366,40B-AM-1019-05,AM,Adult,Gray,Ground,TRUE,indifferent,FALSE,FALSE,FALSE,FALSE,FALSE,TRUE,FALSE,FALSE,FALSE,FALSE,TRUE
-73.96628049,40.78902846,28A-PM-1007-01,PM,Adult,Gray,Ground,FALSE,indifferent,FALSE,FALSE,FALSE,FALSE,TRUE,FALSE,FALSE,FALSE,FALSE,FALSE,FALSE
-73.97631592,40.77057853,5C-AM-1006-07,AM,Adult,Gray,Ground,FALSE,indifferent,FALSE,FALSE,FALSE,FALSE,FALSE,TRUE,FALSE,FALSE,FALSE,FALSE,FALSE
-73.96932021,40.77104347,9H-AM-1006-01,AM,Adult,Gray,Ground,FALSE,indifferent,FALSE,FALSE,FALSE,FALSE,FALSE,TRUE,FALSE,FALSE,FALSE,FALSE,TRUE
-73.9707245,40.77806566,15D-AM-1007-06,AM,Adult,Gray,Ground,FALSE,indifferent,FALSE,FALSE,FALSE,FALSE,TRUE,TRUE,FALSE,FALSE,FALSE,FALSE,FALSE
-73.95337564,40.79471445,38G-PM-1020-02,PM,Adult,Gray,Ground,FALSE,indifferent,FALSE,FALSE,FALSE,FALSE,FALSE,TRUE,FALSE,FALSE,FALSE,TRUE,FALSE
-73.96914204,40.77734926,15E-PM-1008-03,PM,Adult,Gray,Ground,FALSE,indifferent,FALSE,FALSE,FALSE,FALSE,FALSE,TRUE,FALSE,FALSE,FALSE,FALSE,FALSE
-73.97290903,40.77943401,15A-AM-1007-02,AM,Adult,Gray,Ground,FALSE,indifferent,FALSE,FALSE,FALSE,FALSE,FALSE,TRUE,FALSE,FALSE,FALSE,FALSE,FALSE
-73.96777515,40.77909901,17E-AM-1017-11,AM,Adult,Gray,Ground,FALSE,indifferent,FALSE,TRUE,FALSE,FALSE,FALSE,FALSE,FALSE,FALSE,FALSE,FALSE,FALSE
-73.97145121,40.77602753,13D-PM-1018-03,PM,Adult,Gray,Ground,FALSE,indifferent,FALSE,TRUE,FALSE,FALSE,TRUE,TRUE,FALSE,FALSE,FALSE,FALSE,FALSE
-73.97455562,40.7672921,3F-AM-1006-07,AM,Juvenile,Gray,Ground,FALSE,indifferent,FALSE,FALSE,FALSE,FALSE,FALSE,TRUE,FALSE,FALSE,FALSE,FALSE,FALSE
-73.97393264,40.77791054,14A-PM-1014-07,PM,Adult,Gray,Ground,FALSE,indifferent,FALSE,FALSE,FALSE,FALSE,FALSE,TRUE,FALSE,FALSE,FALSE,FALSE,FALSE
-73.95901327,40.79522483,37C-AM-1012-03,AM,Adult,Gray,Ground,FALSE,indifferent,FALSE,FALSE,FALSE,FALSE,FALSE,TRUE,FALSE,FALSE,FALSE,FALSE,FALSE
-73.97482477,40.76678939,2G-AM-1010-01,AM,Adult,Gray,Ground,FALSE,indifferent,FALSE,FALSE,FALSE,FALSE,FALSE,TRUE,FALSE,FALSE,FALSE,FALSE,FALSE
-73.97174698,40.77537319,12D-PM-1014-03,PM,Adult,Gray,Ground,FALSE,indifferent,FALSE,TRUE,FALSE,FALSE,TRUE,FALSE,FALSE,FALSE,FALSE,FALSE,TRUE
-73.96529212,40.79044057,29A-PM-1019-01,PM,Adult,Gray,Ground,FALSE,indifferent,FALSE,FALSE,FALSE,FALSE,FALSE,TRUE,FALSE,FALSE,FALSE,FALSE,FALSE
-73.974586,40.76716349,3G-AM-1008-02,AM,Adult,Gray,Ground,FALSE,indifferent,FALSE,FALSE,FALSE,TRUE,FALSE,FALSE,FALSE,FALSE,FALSE,FALSE,FALSE
-73.9729849,40.77071433,7F-AM-1008-11,AM,Adult,Gray,Ground,FALSE,indifferent,FALSE,TRUE,FALSE,FALSE,FALSE,FALSE,FALSE,FALSE,FALSE,FALSE,FALSE
-73.95708917,40.79354488,36E-PM-1012-01,PM,Adult,Gray,Ground,FALSE,indifferent,FALSE,TRUE,FALSE,FALSE,FALSE,TRUE,FALSE,FALSE,FALSE,FALSE,FALSE
-73.97304543,40.77029095,7F-AM-1008-05,AM,Adult,Gray,Ground,FALSE,indifferent,FALSE,FALSE,TRUE,FALSE,FALSE,FALSE,FALSE,FALSE,FALSE,FALSE,FALSE
-73.96859352,40.77355371,11H-PM-1013-03,PM,Adult,Gray,Ground,FALSE,indifferent,FALSE,FALSE,FALSE,FALSE,FALSE,FALSE,FALSE,FALSE,FALSE,FALSE,FALSE
-73.97666537,40.76887677,4D-AM-1012-01,AM,Adult,Gray,Ground,FALSE,indifferent,FALSE,TRUE,FALSE,TRUE,FALSE,TRUE,FALSE,FALSE,FALSE,FALSE,FALSE
-73.97559746,40.76734358,3F-PM-1013-01,PM,Adult,Gray,Ground,FALSE,indifferent,FALSE,FALSE,FALSE,FALSE,FALSE,TRUE,FALSE,FALSE,FALSE,FALSE,TRUE
-73.95603964,40.79450804,37E-AM-1013-01,AM,Adult,Gray,Ground,FALSE,indifferent,FALSE,TRUE,FALSE,FALSE,FALSE,TRUE,FALSE,FALSE,FALSE,FALSE,FALSE
-73.95458418,40.79269243,36H-AM-1010-01,AM,Adult,Gray,Ground,FALSE,indifferent,FALSE,FALSE,FALSE,FALSE,FALSE,TRUE,FALSE,FALSE,FALSE,FALSE,FALSE
-73.95462014,40.79894238,42D-AM-1014-03,AM,Adult,Gray,Ground,FALSE,indifferent,FALSE,FALSE,FALSE,FALSE,FALSE,TRUE,FALSE,FALSE,FALSE,FALSE,TRUE
-73.97120343,40.77644155,13D-PM-1018-05,PM,Adult,Gray,Ground,TRUE,indifferent,FALSE,FALSE,FALSE,FALSE,FALSE,TRUE,FALSE,FALSE,FALSE,FALSE,TRUE
-73.96747248,40.77687713,15G-PM-1019-01,PM,Adult,Gray,Ground,FALSE,indifferent,FALSE,FALSE,FALSE,FALSE,TRUE,FALSE,FALSE,FALSE,FALSE,FALSE,TRUE
-73.97149072,40.77405839,11E-PM-1012-01,PM,Adult,Gray,Ground,FALSE,indifferent,FALSE,FALSE,FALSE,FALSE,FALSE,TRUE,FALSE,FALSE,FALSE,FALSE,FALSE
-73.95543277,40.79538464,38E-AM-1010-05,AM,Adult,Gray,Ground,FALSE,indifferent,FALSE,FALSE,FALSE,FALSE,FALSE,TRUE,FALSE,FALSE,FALSE,FALSE,FALSE
-73.96992857,40.7774474,15D-AM-1007-08,AM,Adult,Gray,Ground,FALSE,indifferent,FALSE,FALSE,TRUE,FALSE,FALSE,TRUE,FALSE,FALSE,FALSE,FALSE,FALSE
-73.97752788,40.76878811,3C-AM-1007-02,AM,Adult,Gray,Ground,FALSE,indifferent,FALSE,TRUE,FALSE,FALSE,FALSE,FALSE,FALSE,FALSE,FALSE,FALSE,FALSE
-73.97472881,40.76599187,2G-PM-1007-03,PM,Adult,Gray,Ground,FALSE,indifferent,FALSE,FALSE,FALSE,FALSE,FALSE,TRUE,FALSE,FALSE,FALSE,FALSE,FALSE
-73.97509866,40.77406712,10C-AM-1018-03,AM,Adult,Gray,Ground,FALSE,indifferent,FALSE,FALSE,FALSE,FALSE,FALSE,TRUE,FALSE,FALSE,FALSE,FALSE,FALSE
-73.96113009,40.79187437,32C-PM-1013-07,PM,Adult,Gray,Ground,FALSE,indifferent,FALSE,FALSE,FALSE,FALSE,TRUE,TRUE,FALSE,FALSE,FALSE,FALSE,FALSE
-73.9563663,40.79919521,42C-PM-1013-01,PM,Adult,Gray,Ground,FALSE,indifferent,FALSE,FALSE,FALSE,FALSE,FALSE,TRUE,FALSE,FALSE,FALSE,FALSE,FALSE
-73.98068056,40.7681538,1B-AM-1012-16,AM,Adult,Gray,Ground,FALSE,indifferent,FALSE,FALSE,FALSE,FALSE,TRUE,FALSE,FALSE,FALSE,FALSE,FALSE,TRUE
-73.97276987,40.77143353,8F-PM-1012-06,PM,Adult,Gray,Ground,FALSE,indifferent,FALSE,FALSE,FALSE,FALSE,FALSE,TRUE,FALSE,FALSE,FALSE,FALSE,FALSE
-73.96937725,40.77068759,8I-AM-1006-03,AM,Adult,Gray,Ground,FALSE,indifferent,FALSE,FALSE,FALSE,FALSE,FALSE,TRUE,FALSE,FALSE,FALSE,FALSE,FALSE
-73.9708783,40.77694687,14D-AM-1014-08,AM,Adult,Gray,Ground,FALSE,indifferent,FALSE,FALSE,FALSE,FALSE,FALSE,TRUE,FALSE,FALSE,FALSE,FALSE,FALSE
-73.96291847,40.79214105,32B-PM-1010-04,PM,Adult,Gray,Ground,FALSE,indifferent,FALSE,FALSE,FALSE,FALSE,FALSE,TRUE,FALSE,FALSE,FALSE,FALSE,FALSE
-73.97260909,40.77101991,7F-AM-1008-14,AM,Adult,Gray,Ground,FALSE,indifferent,FALSE,FALSE,FALSE,FALSE,FALSE,FALSE,FALSE,FALSE,FALSE,FALSE,FALSE
-73.95426842,40.79442372,38G-PM-1020-05,PM,Adult,Gray,Ground,FALSE,indifferent,FALSE,FALSE,TRUE,FALSE,FALSE,FALSE,FALSE,TRUE,FALSE,TRUE,FALSE
-73.95427709,40.79436104,38G-PM-1020-04,PM,Adult,Gray,Ground,FALSE,indifferent,FALSE,FALSE,TRUE,FALSE,FALSE,FALSE,FALSE,TRUE,FALSE,TRUE,FALSE
-73.96816273,40.77850997,17E-PM-1018-02,PM,Adult,Gray,Ground,FALSE,indifferent,FALSE,TRUE,FALSE,FALSE,FALSE,FALSE,FALSE,FALSE,FALSE,FALSE,FALSE
-73.97733616,40.77294782,7B-AM-1008-13,AM,Adult,Gray,Ground,FALSE,indifferent,FALSE,TRUE,FALSE,FALSE,FALSE,FALSE,FALSE,FALSE,FALSE,FALSE,FALSE
-73.98069592,40.76848207,2A-AM-1010-01,AM,Adult,Gray,Ground,FALSE,indifferent,FALSE,FALSE,FALSE,FALSE,TRUE,TRUE,FALSE,FALSE,FALSE,FALSE,FALSE
-73.97300857,40.77089336,7F-AM-1008-12,AM,Adult,Gray,Ground,FALSE,indifferent,FALSE,FALSE,FALSE,FALSE,FALSE,TRUE,FALSE,FALSE,FALSE,FALSE,FALSE
-73.96971606,40.77114456,9H-AM-1006-02,AM,Adult,Gray,Ground,FALSE,indifferent,FALSE,FALSE,FALSE,FALSE,FALSE,TRUE,FALSE,FALSE,FALSE,FALSE,TRUE
-73.96771467,40.77882313,17E-AM-1017-07,AM,Adult,Gray,Ground,FALSE,indifferent,FALSE,FALSE,TRUE,FALSE,FALSE,FALSE,FALSE,FALSE,FALSE,FALSE,FALSE
-73.96871341,40.78122079,19C-PM-1018-03,PM,Adult,Gray,Ground,FALSE,indifferent,FALSE,FALSE,TRUE,FALSE,FALSE,FALSE,FALSE,FALSE,FALSE,FALSE,FALSE
-73.97044288,40.77637556,14E-AM-1008-22,AM,Adult,Gray,Ground,FALSE,indifferent,FALSE,FALSE,FALSE,FALSE,TRUE,TRUE,FALSE,FALSE,FALSE,FALSE,FALSE
-73.96812021,40.77439794,13G-PM-1008-04,PM,Adult,Gray,Ground,FALSE,indifferent,FALSE,FALSE,FALSE,FALSE,FALSE,TRUE,FALSE,FALSE,FALSE,FALSE,FALSE
-73.97616326,40.77410856,9B-PM-1013-05,PM,Juvenile,Gray,Ground,FALSE,indifferent,FALSE,TRUE,FALSE,FALSE,FALSE,FALSE,FALSE,FALSE,FALSE,TRUE,FALSE
-73.95815447,40.79580813,37C-PM-1013-02,PM,Adult,Gray,Ground,FALSE,indifferent,FALSE,FALSE,FALSE,FALSE,FALSE,TRUE,FALSE,FALSE,FALSE,FALSE,FALSE
-73.97482894,40.76688861,2F-PM-1014-11,PM,Adult,Gray,Ground,FALSE,indifferent,FALSE,FALSE,TRUE,FALSE,FALSE,FALSE,FALSE,FALSE,FALSE,FALSE,FALSE
-73.97097222,40.77673296,14D-AM-1014-06,AM,Adult,Gray,Ground,FALSE,indifferent,FALSE,FALSE,FALSE,FALSE,FALSE,TRUE,FALSE,FALSE,FALSE,FALSE,FALSE
-73.9755322,40.76683116,2F-PM-1014-01,PM,Adult,Gray,Ground,FALSE,indifferent,FALSE,TRUE,FALSE,FALSE,FALSE,FALSE,FALSE,FALSE,FALSE,FALSE,FALSE
-73.97080471,40.77586111,13E-PM-1008-01,PM,Adult,Gray,Ground,FALSE,indifferent,FALSE,FALSE,FALSE,FALSE,TRUE,FALSE,FALSE,FALSE,FALSE,FALSE,TRUE
-73.95825344,40.79177723,34F-PM-1012-01,PM,Adult,Gray,Ground,FALSE,indifferent,FALSE,FALSE,FALSE,FALSE,FALSE,TRUE,FALSE,FALSE,FALSE,FALSE,FALSE
-73.97667796,40.76696738,2E-AM-1010-04,AM,Juvenile,Gray,Ground,FALSE,indifferent,FALSE,FALSE,FALSE,FALSE,TRUE,FALSE,TRUE,FALSE,FALSE,FALSE,FALSE
-73.97168548,40.77066685,7G-PM-1018-07,PM,Adult,Gray,Ground,FALSE,indifferent,FALSE,FALSE,FALSE,FALSE,FALSE,TRUE,FALSE,FALSE,FALSE,FALSE,FALSE
-73.97296452,40.77233102,9E-AM-1008-02,AM,Adult,Gray,Ground,FALSE,indifferent,FALSE,FALSE,FALSE,FALSE,TRUE,FALSE,FALSE,FALSE,FALSE,FALSE,FALSE
-73.96124195,40.79416771,35B-PM-1013-07,PM,Adult,Gray,Ground,TRUE,indifferent,TRUE,TRUE,FALSE,TRUE,TRUE,FALSE,FALSE,FALSE,FALSE,FALSE,FALSE
-73.97638524,40.76887625,4D-AM-1012-02,AM,Adult,Gray,Ground,FALSE,indifferent,FALSE,FALSE,FALSE,TRUE,TRUE,FALSE,FALSE,FALSE,FALSE,FALSE,FALSE
-73.96961968,40.78364311,21A-AM-1019-09,AM,Adult,Gray,Ground,FALSE,indifferent,FALSE,FALSE,FALSE,FALSE,FALSE,TRUE,FALSE,FALSE,FALSE,FALSE,FALSE
-73.96019681,40.79358318,34C-PM-1012-03,PM,Adult,Gray,Ground,FALSE,indifferent,FALSE,TRUE,FALSE,FALSE,FALSE,TRUE,FALSE,FALSE,FALSE,FALSE,FALSE
-73.95558561,40.79694577,40E-AM-1014-04,AM,Adult,Gray,Ground,FALSE,indifferent,FALSE,TRUE,FALSE,FALSE,FALSE,FALSE,FALSE,TRUE,FALSE,FALSE,TRUE
-73.97538188,40.7697841,5D-PM-1018-06,PM,Adult,Gray,Ground,FALSE,indifferent,FALSE,FALSE,FALSE,FALSE,FALSE,TRUE,FALSE,FALSE,FALSE,FALSE,FALSE
-73.97156211,40.76959187,7H-AM-1006-02,AM,Adult,Gray,Ground,FALSE,indifferent,FALSE,TRUE,FALSE,FALSE,FALSE,TRUE,FALSE,FALSE,FALSE,FALSE,FALSE
-73.97142424,40.77445358,11E-PM-1012-05,PM,Adult,Gray,Ground,FALSE,indifferent,FALSE,TRUE,FALSE,FALSE,TRUE,TRUE,FALSE,FALSE,FALSE,FALSE,FALSE
-73.95450372,40.79002251,33I-PM-1006-04,PM,Adult,Gray,Ground,FALSE,indifferent,FALSE,TRUE,FALSE,FALSE,FALSE,FALSE,FALSE,FALSE,FALSE,FALSE,FALSE
-73.971433,40.77418734,11E-PM-1012-04,PM,Adult,Gray,Ground,FALSE,indifferent,FALSE,FALSE,FALSE,FALSE,FALSE,TRUE,FALSE,FALSE,FALSE,FALSE,FALSE
-73.96300973,40.79366584,33A-PM-1018-04,PM,Adult,Gray,Ground,FALSE,indifferent,FALSE,FALSE,FALSE,FALSE,FALSE,TRUE,FALSE,FALSE,FALSE,FALSE,FALSE
-73.96405889,40.7900441,29B-PM-1010-04,PM,Adult,Gray,Ground,FALSE,indifferent,FALSE,FALSE,FALSE,FALSE,TRUE,TRUE,FALSE,FALSE,FALSE,FALSE,FALSE
-73.97048312,40.7699879,7H-AM-1006-10,AM,Adult,Gray,Ground,FALSE,indifferent,FALSE,TRUE,FALSE,FALSE,FALSE,FALSE,FALSE,FALSE,FALSE,FALSE,FALSE
-73.97248066,40.77100772,7F-AM-1008-15,AM,Juvenile,Gray,Ground,FALSE,indifferent,FALSE,TRUE,FALSE,FALSE,FALSE,FALSE,FALSE,FALSE,FALSE,FALSE,FALSE
-73.96149024,40.7891282,30D-AM-1017-01,AM,Adult,Gray,Ground,FALSE,indifferent,FALSE,FALSE,FALSE,FALSE,FALSE,TRUE,FALSE,FALSE,FALSE,FALSE,FALSE
-73.95896353,40.79517487,37C-AM-1012-02,AM,Adult,Gray,Ground,FALSE,indifferent,FALSE,FALSE,FALSE,FALSE,FALSE,TRUE,FALSE,FALSE,FALSE,FALSE,FALSE
-73.97074984,40.77237245,10G-PM-1017-09,PM,Adult,Gray,Ground,FALSE,indifferent,FALSE,FALSE,TRUE,FALSE,FALSE,FALSE,FALSE,FALSE,FALSE,FALSE,FALSE
-73.95388672,40.79414094,38G-PM-1020-03,PM,Adult,Gray,Ground,FALSE,indifferent,FALSE,TRUE,FALSE,FALSE,FALSE,FALSE,FALSE,FALSE,FALSE,TRUE,FALSE
-73.95886102,40.79452699,36C-AM-1014-02,AM,Juvenile,Gray,Ground,FALSE,indifferent,FALSE,FALSE,FALSE,FALSE,TRUE,TRUE,FALSE,FALSE,FALSE,FALSE,FALSE
-73.96900726,40.77377123,12G-AM-1012-02,AM,Adult,Gray,Ground,FALSE,indifferent,FALSE,FALSE,FALSE,FALSE,FALSE,TRUE,FALSE,FALSE,FALSE,FALSE,TRUE
-73.97130702,40.7753795,12E-AM-1017-05,AM,Adult,Gray,Ground,FALSE,indifferent,FALSE,FALSE,FALSE,FALSE,TRUE,FALSE,FALSE,FALSE,FALSE,FALSE,FALSE
-73.97222615,40.76905421,6G-PM-1020-03,PM,Adult,Gray,Ground,FALSE,indifferent,FALSE,FALSE,FALSE,FALSE,FALSE,TRUE,FALSE,FALSE,FALSE,FALSE,FALSE
-73.97650642,40.77372114,8B-AM-1007-06,AM,Adult,Gray,Ground,FALSE,indifferent,FALSE,FALSE,FALSE,FALSE,FALSE,TRUE,FALSE,FALSE,FALSE,FALSE,TRUE
-73.955645,40.79671881,39E-AM-1018-04,AM,Adult,Gray,Ground,FALSE,indifferent,FALSE,FALSE,TRUE,FALSE,FALSE,FALSE,FALSE,FALSE,FALSE,TRUE,FALSE
-73.97216425,40.77011794,7G-AM-1010-01,AM,Adult,Gray,Ground,FALSE,indifferent,FALSE,TRUE,FALSE,FALSE,FALSE,FALSE,FALSE,FALSE,FALSE,FALSE,TRUE
-73.95480062,40.79455033,38G-PM-1020-08,PM,Adult,Gray,Ground,FALSE,indifferent,FALSE,FALSE,FALSE,FALSE,TRUE,TRUE,TRUE,FALSE,FALSE,TRUE,FALSE
-73.97173028,40.77488054,11D-PM-1006-05,PM,Adult,Gray,Ground,FALSE,indifferent,FALSE,FALSE,FALSE,FALSE,TRUE,TRUE,FALSE,FALSE,FALSE,FALSE,TRUE
-73.96924014,40.77071289,8I-AM-1006-04,AM,Adult,Gray,Ground,FALSE,indifferent,FALSE,TRUE,FALSE,FALSE,FALSE,TRUE,FALSE,FALSE,FALSE,TRUE,FALSE
-73.96303814,40.78075718,21H-PM-1018-02,PM,Juvenile,Gray,Ground,FALSE,indifferent,FALSE,FALSE,TRUE,FALSE,FALSE,FALSE,FALSE,FALSE,FALSE,TRUE,FALSE
-73.9711618,40.77612129,13D-PM-1018-04,PM,Adult,Gray,Ground,FALSE,indifferent,FALSE,FALSE,FALSE,FALSE,FALSE,TRUE,FALSE,FALSE,FALSE,FALSE,FALSE
-73.96087673,40.79035725,31D-PM-1006-03,PM,Adult,Gray,Ground,FALSE,indifferent,FALSE,FALSE,FALSE,FALSE,FALSE,TRUE,FALSE,FALSE,FALSE,FALSE,FALSE
-73.96421113,40.7777714,18I-PM-1007-07,PM,Adult,Gray,Ground,FALSE,indifferent,FALSE,FALSE,FALSE,FALSE,FALSE,TRUE,FALSE,FALSE,FALSE,FALSE,FALSE
-73.96692078,40.77927679,18F-PM-1008-01,PM,Adult,Gray,Ground,FALSE,indifferent,FALSE,FALSE,FALSE,FALSE,TRUE,FALSE,FALSE,FALSE,FALSE,FALSE,TRUE
-73.96986427,40.77846693,16D-PM-1010-10,PM,Adult,Gray,Ground,FALSE,indifferent,FALSE,FALSE,FALSE,FALSE,TRUE,TRUE,FALSE,FALSE,FALSE,FALSE,FALSE
-73.96956552,40.76983247,8I-PM-1013-02,PM,Adult,Gray,Ground,FALSE,indifferent,FALSE,FALSE,FALSE,FALSE,TRUE,TRUE,FALSE,FALSE,FALSE,FALSE,FALSE
-73.97462383,40.7671492,3F-AM-1006-06,AM,Adult,Gray,Ground,FALSE,indifferent,FALSE,FALSE,FALSE,FALSE,FALSE,TRUE,FALSE,FALSE,FALSE,FALSE,FALSE
-73.96316487,40.79265296,32A-PM-1013-08,PM,Adult,Gray,Ground,FALSE,indifferent,FALSE,FALSE,FALSE,FALSE,FALSE,TRUE,FALSE,FALSE,FALSE,FALSE,FALSE
-73.98038953,40.76807308,1B-AM-1012-13,AM,Adult,Gray,Ground,FALSE,indifferent,FALSE,TRUE,FALSE,FALSE,FALSE,TRUE,FALSE,FALSE,FALSE,FALSE,FALSE
-73.96628649,40.78910623,28A-PM-1007-02,PM,Adult,Gray,Ground,FALSE,indifferent,FALSE,TRUE,FALSE,FALSE,FALSE,FALSE,FALSE,FALSE,FALSE,FALSE,FALSE
-73.97352989,40.771494,8E-AM-1013-02,AM,Adult,Gray,Ground,FALSE,indifferent,FALSE,FALSE,FALSE,FALSE,FALSE,TRUE,FALSE,FALSE,FALSE,FALSE,TRUE
-73.97683096,40.77178037,6B-AM-1012-01,AM,Adult,Gray,Ground,FALSE,indifferent,FALSE,TRUE,FALSE,FALSE,FALSE,TRUE,FALSE,FALSE,FALSE,FALSE,FALSE
-73.97750797,40.76915004,4C-PM-1010-07,PM,Adult,Gray,Ground,FALSE,indifferent,FALSE,FALSE,FALSE,FALSE,FALSE,TRUE,FALSE,FALSE,FALSE,FALSE,FALSE
-73.98040653,40.76814812,1B-PM-1019-08,PM,Adult,Gray,Ground,FALSE,indifferent,FALSE,FALSE,FALSE,FALSE,TRUE,FALSE,FALSE,FALSE,FALSE,FALSE,FALSE
-73.97010304,40.78389531,21A-AM-1019-04,AM,Juvenile,Gray,Ground,FALSE,indifferent,FALSE,FALSE,FALSE,FALSE,FALSE,TRUE,FALSE,FALSE,FALSE,FALSE,FALSE
-73.97141501,40.77749764,14C-PM-1006-03,PM,Adult,Gray,Ground,FALSE,indifferent,FALSE,FALSE,FALSE,FALSE,TRUE,FALSE,FALSE,FALSE,FALSE,FALSE,TRUE
-73.96932099,40.770745,8I-AM-1006-01,AM,Adult,Gray,Ground,FALSE,indifferent,FALSE,TRUE,TRUE,FALSE,FALSE,FALSE,TRUE,FALSE,FALSE,FALSE,FALSE
-73.96103881,40.79395294,34B-PM-1007-01,PM,Adult,Gray,Ground,FALSE,indifferent,FALSE,TRUE,FALSE,FALSE,FALSE,FALSE,FALSE,FALSE,FALSE,FALSE,FALSE
-73.95762234,40.79797466,40B-AM-1019-04,AM,Juvenile,Gray,Ground,TRUE,indifferent,FALSE,FALSE,FALSE,TRUE,FALSE,TRUE,FALSE,FALSE,FALSE,FALSE,FALSE
-73.97530938,40.76666739,2F-AM-1006-04,AM,Adult,Gray,Ground,FALSE,indifferent,FALSE,TRUE,FALSE,FALSE,FALSE,FALSE,FALSE,FALSE,FALSE,FALSE,TRUE
-73.97288367,40.77081585,7F-AM-1008-10,AM,Adult,Gray,Ground,FALSE,indifferent,FALSE,TRUE,FALSE,FALSE,FALSE,FALSE,FALSE,FALSE,FALSE,FALSE,FALSE
-73.95459292,40.79869402,42D-AM-1014-02,AM,Adult,Gray,Ground,FALSE,indifferent,FALSE,FALSE,FALSE,FALSE,TRUE,TRUE,FALSE,FALSE,FALSE,FALSE,FALSE
-73.97346445,40.77827665,14A-PM-1014-05,PM,Adult,Gray,Ground,FALSE,indifferent,FALSE,TRUE,FALSE,FALSE,FALSE,FALSE,FALSE,FALSE,FALSE,FALSE,FALSE
-73.97460491,40.77287769,8C-AM-1007-01,AM,Adult,Gray,Ground,FALSE,indifferent,FALSE,TRUE,FALSE,FALSE,FALSE,TRUE,FALSE,FALSE,FALSE,FALSE,FALSE
-73.95642157,40.79575394,38E-AM-1010-01,AM,Adult,Gray,Ground,FALSE,indifferent,FALSE,FALSE,FALSE,FALSE,FALSE,TRUE,FALSE,FALSE,FALSE,FALSE,FALSE
-73.9642666,40.78103849,21G-PM-1007-03,PM,Adult,Gray,Ground,FALSE,indifferent,FALSE,FALSE,FALSE,FALSE,FALSE,TRUE,FALSE,FALSE,FALSE,TRUE,FALSE
-73.97558368,40.76702393,2F-PM-1014-02,PM,Adult,Gray,Ground,FALSE,indifferent,FALSE,FALSE,FALSE,FALSE,FALSE,TRUE,FALSE,FALSE,FALSE,FALSE,FALSE
-73.97136652,40.76971786,7H-AM-1006-01,AM,Adult,Gray,Ground,FALSE,indifferent,FALSE,TRUE,FALSE,FALSE,FALSE,FALSE,FALSE,FALSE,FALSE,FALSE,FALSE
-73.97264598,40.76563574,2I-AM-1006-02,AM,Adult,Gray,Ground,FALSE,indifferent,FALSE,FALSE,FALSE,FALSE,FALSE,TRUE,FALSE,FALSE,FALSE,FALSE,FALSE
-73.96995132,40.7722063,10G-PM-1017-05,PM,Juvenile,Gray,Ground,FALSE,indifferent,FALSE,FALSE,FALSE,FALSE,TRUE,TRUE,FALSE,FALSE,FALSE,FALSE,FALSE
-73.97706283,40.77285674,7B-AM-1008-06,AM,Adult,Gray,Ground,FALSE,indifferent,FALSE,FALSE,FALSE,FALSE,FALSE,TRUE,FALSE,FALSE,FALSE,FALSE,FALSE
-73.97368006,40.77830697,14A-PM-1014-04,PM,Adult,Gray,Ground,FALSE,indifferent,FALSE,FALSE,TRUE,FALSE,FALSE,FALSE,FALSE,FALSE,FALSE,FALSE,TRUE
-73.97955853,40.76889589,3B-PM-1007-08,PM,Juvenile,Gray,Ground,FALSE,indifferent,FALSE,FALSE,FALSE,FALSE,TRUE,TRUE,FALSE,FALSE,FALSE,FALSE,FALSE
-73.98004995,40.77021811,4A-PM-1007-05,PM,Adult,Gray,Ground,FALSE,indifferent,FALSE,FALSE,FALSE,FALSE,FALSE,TRUE,FALSE,FALSE,FALSE,TRUE,TRUE
-73.96967204,40.77918516,17D-AM-1008-04,AM,Adult,Gray,Ground,FALSE,indifferent,FALSE,FALSE,FALSE,FALSE,FALSE,FALSE,FALSE,FALSE,FALSE,FALSE,TRUE
-73.97291429,40.77240911,9E-AM-1008-03,AM,Adult,Gray,Ground,FALSE,indifferent,FALSE,FALSE,FALSE,FALSE,TRUE,FALSE,FALSE,FALSE,FALSE,FALSE,FALSE
-73.96494655,40.78227084,22F-PM-1014-07,PM,Adult,Gray,Ground,FALSE,indifferent,FALSE,FALSE,TRUE,FALSE,FALSE,FALSE,FALSE,FALSE,FALSE,FALSE,FALSE
-73.9645989,40.77821575,18H-PM-1014-01,PM,Adult,Gray,Ground,FALSE,indifferent,FALSE,FALSE,FALSE,TRUE,TRUE,FALSE,FALSE,FALSE,FALSE,FALSE,FALSE
-73.97469348,40.76594319,2G-PM-1007-02,PM,Adult,Gray,Ground,FALSE,indifferent,FALSE,FALSE,FALSE,FALSE,FALSE,FALSE,FALSE,FALSE,FALSE,FALSE,TRUE
-73.96826888,40.77119348,9I-PM-1010-06,PM,Adult,Gray,Ground,FALSE,indifferent,FALSE,FALSE,FALSE,FALSE,FALSE,TRUE,FALSE,FALSE,FALSE,FALSE,FALSE
-73.96113996,40.78113071,22I-AM-1007-01,AM,Adult,Gray,Ground,FALSE,indifferent,FALSE,FALSE,FALSE,FALSE,FALSE,TRUE,FALSE,FALSE,FALSE,FALSE,FALSE
-73.95666869,40.7949244,37E-PM-1006-05,PM,Adult,Gray,Ground,FALSE,indifferent,FALSE,FALSE,FALSE,FALSE,FALSE,TRUE,FALSE,FALSE,FALSE,FALSE,FALSE
-73.95943326,40.79606224,37B-PM-1013-02,PM,Adult,Gray,Ground,FALSE,indifferent,FALSE,FALSE,FALSE,FALSE,TRUE,TRUE,FALSE,FALSE,FALSE,FALSE,FALSE
-73.96381419,40.78292253,23F-PM-1013-03,PM,Adult,Gray,Ground,FALSE,indifferent,FALSE,FALSE,FALSE,FALSE,TRUE,TRUE,FALSE,FALSE,FALSE,FALSE,TRUE
-73.97592584,40.76676227,2F-PM-1014-05,PM,Adult,Gray,Ground,FALSE,indifferent,FALSE,TRUE,FALSE,FALSE,FALSE,FALSE,FALSE,FALSE,FALSE,FALSE,FALSE
-73.9754791,40.76833639,4E-PM-1008-07,PM,Adult,Gray,Ground,FALSE,indifferent,FALSE,FALSE,FALSE,FALSE,TRUE,FALSE,FALSE,FALSE,FALSE,FALSE,FALSE
-73.95470315,40.79788675,41E-PM-1013-01,PM,Adult,Gray,Ground,FALSE,indifferent,FALSE,TRUE,FALSE,FALSE,FALSE,FALSE,FALSE,FALSE,FALSE,FALSE,FALSE
-73.96052295,40.79343594,34C-PM-1012-04,PM,Adult,Gray,Ground,FALSE,indifferent,FALSE,TRUE,FALSE,FALSE,TRUE,TRUE,FALSE,FALSE,FALSE,FALSE,FALSE
-73.9703705,40.78185862,19B-PM-1018-02,PM,Adult,Gray,Ground,FALSE,indifferent,FALSE,FALSE,FALSE,FALSE,TRUE,FALSE,FALSE,FALSE,FALSE,FALSE,FALSE
-73.97301963,40.76602244,3H-PM-1014-06,PM,Adult,Gray,Ground,FALSE,indifferent,FALSE,FALSE,FALSE,FALSE,FALSE,TRUE,FALSE,FALSE,FALSE,FALSE,FALSE
-73.97526995,40.76880692,4E-PM-1008-02,PM,Adult,Gray,Ground,FALSE,indifferent,FALSE,FALSE,FALSE,FALSE,FALSE,TRUE,FALSE,FALSE,FALSE,FALSE,FALSE
-73.9569985,40.79481174,37E-PM-1006-01,PM,Adult,Gray,Ground,FALSE,indifferent,FALSE,FALSE,FALSE,FALSE,TRUE,TRUE,FALSE,FALSE,FALSE,FALSE,TRUE
-73.97654173,40.77409947,9A-AM-1013-05,AM,Juvenile,Gray,Ground,FALSE,indifferent,FALSE,FALSE,TRUE,FALSE,TRUE,FALSE,FALSE,FALSE,FALSE,FALSE,FALSE
-73.96184865,40.79463658,35A-AM-1014-02,AM,Adult,Gray,Ground,FALSE,indifferent,FALSE,FALSE,FALSE,FALSE,TRUE,FALSE,FALSE,FALSE,FALSE,FALSE,FALSE
-73.97716968,40.76970111,4C-AM-1006-04,AM,Juvenile,Gray,Ground,FALSE,indifferent,FALSE,FALSE,FALSE,FALSE,TRUE,TRUE,FALSE,FALSE,FALSE,FALSE,TRUE
-73.95454387,40.79021686,34I-AM-1012-04,AM,Adult,Gray,Ground,FALSE,indifferent,FALSE,FALSE,FALSE,FALSE,FALSE,TRUE,FALSE,FALSE,FALSE,FALSE,FALSE
-73.9758368,40.76915934,4E-PM-1008-05,PM,Adult,Gray,Ground,FALSE,indifferent,FALSE,FALSE,FALSE,FALSE,FALSE,TRUE,FALSE,FALSE,FALSE,FALSE,FALSE
-73.97977158,40.77062732,4A-AM-1007-01,AM,Adult,Gray,Ground,FALSE,indifferent,FALSE,FALSE,FALSE,FALSE,FALSE,TRUE,FALSE,FALSE,FALSE,FALSE,TRUE
-73.97149521,40.77480633,12E-AM-1017-02,AM,Adult,Gray,Ground,FALSE,indifferent,FALSE,TRUE,FALSE,FALSE,FALSE,TRUE,FALSE,FALSE,FALSE,FALSE,FALSE
-73.96826762,40.77726536,15F-PM-1010-04,PM,Adult,Gray,Ground,FALSE,indifferent,FALSE,FALSE,FALSE,FALSE,FALSE,TRUE,FALSE,FALSE,FALSE,FALSE,FALSE
-73.95542997,40.79781686,40D-AM-1013-02,AM,Adult,Gray,Ground,FALSE,indifferent,FALSE,TRUE,FALSE,FALSE,FALSE,TRUE,FALSE,FALSE,FALSE,FALSE,FALSE
-73.98025647,40.76817591,2B-AM-1010-05,AM,Adult,Gray,Ground,FALSE,indifferent,FALSE,FALSE,FALSE,FALSE,FALSE,TRUE,FALSE,FALSE,FALSE,TRUE,FALSE
-73.97954927,40.77094975,4A-AM-1007-02,AM,Adult,Gray,Ground,FALSE,indifferent,FALSE,FALSE,FALSE,FALSE,FALSE,TRUE,FALSE,FALSE,FALSE,FALSE,FALSE
-73.97961428,40.77021179,4A-PM-1007-04,PM,Adult,Gray,Ground,FALSE,indifferent,FALSE,FALSE,FALSE,FALSE,FALSE,TRUE,FALSE,FALSE,FALSE,FALSE,TRUE
-73.95636523,40.79551279,38E-PM-1014-05,PM,Adult,Gray,Ground,FALSE,indifferent,FALSE,FALSE,FALSE,FALSE,FALSE,FALSE,FALSE,FALSE,FALSE,FALSE,FALSE
-73.97438735,40.77454261,10C-AM-1018-04,AM,Adult,Gray,Ground,FALSE,indifferent,FALSE,TRUE,FALSE,FALSE,FALSE,FALSE,FALSE,FALSE,FALSE,FALSE,FALSE
-73.96111268,40.7943113,35B-AM-1010-03,AM,Adult,Gray,Ground,FALSE,indifferent,FALSE,TRUE,FALSE,FALSE,FALSE,FALSE,FALSE,FALSE,FALSE,FALSE,FALSE
-73.97010235,40.78035271,17C-PM-1013-04,PM,Adult,Gray,Ground,FALSE,indifferent,FALSE,FALSE,FALSE,FALSE,TRUE,FALSE,FALSE,FALSE,FALSE,FALSE,FALSE
-73.95846616,40.79120684,33F-PM-1012-01,PM,Adult,Gray,Ground,FALSE,indifferent,FALSE,FALSE,FALSE,FALSE,TRUE,TRUE,FALSE,FALSE,FALSE,FALSE,TRUE
-73.95571033,40.79745108,40D-AM-1013-03,AM,Adult,Gray,Ground,FALSE,indifferent,FALSE,TRUE,FALSE,FALSE,FALSE,TRUE,FALSE,FALSE,FALSE,FALSE,FALSE
-73.96848063,40.78587762,24A-PM-1007-03,PM,Adult,Gray,Ground,FALSE,indifferent,FALSE,TRUE,FALSE,FALSE,FALSE,FALSE,FALSE,FALSE,FALSE,FALSE,FALSE
-73.95610917,40.7981463,41D-AM-1014-04,AM,Adult,Gray,Ground,FALSE,indifferent,FALSE,TRUE,FALSE,FALSE,FALSE,FALSE,FALSE,FALSE,FALSE,FALSE,FALSE
-73.96015611,40.79005139,31E-PM-1006-08,PM,Adult,Gray,Ground,FALSE,indifferent,FALSE,FALSE,FALSE,FALSE,FALSE,TRUE,FALSE,FALSE,FALSE,FALSE,FALSE
-73.9575308,40.79831764,40B-PM-1014-08,PM,Adult,Gray,Ground,FALSE,indifferent,FALSE,FALSE,FALSE,FALSE,FALSE,TRUE,FALSE,FALSE,FALSE,FALSE,FALSE
-73.97275777,40.76542855,2I-AM-1006-01,AM,Adult,Gray,Ground,FALSE,indifferent,FALSE,TRUE,FALSE,FALSE,TRUE,FALSE,FALSE,FALSE,FALSE,FALSE,FALSE
-73.97210861,40.76981722,6G-AM-1008-06,AM,Adult,Gray,Ground,FALSE,indifferent,FALSE,FALSE,FALSE,FALSE,FALSE,TRUE,FALSE,FALSE,FALSE,FALSE,TRUE
-73.97506881,40.76655847,2F-PM-1014-07,PM,Adult,Gray,Ground,FALSE,indifferent,FALSE,FALSE,FALSE,FALSE,TRUE,FALSE,FALSE,FALSE,FALSE,FALSE,FALSE
-73.96955604,40.77088351,9H-AM-1006-03,AM,Adult,Gray,Ground,FALSE,indifferent,FALSE,FALSE,FALSE,FALSE,FALSE,TRUE,FALSE,FALSE,FALSE,FALSE,FALSE
-73.9600565,40.79340485,34C-PM-1012-02,PM,Adult,Gray,Ground,FALSE,indifferent,FALSE,TRUE,FALSE,FALSE,FALSE,TRUE,FALSE,FALSE,FALSE,FALSE,FALSE
-73.97483188,40.77718214,13A-AM-1017-05,AM,Adult,Gray,Ground,FALSE,indifferent,FALSE,FALSE,FALSE,FALSE,FALSE,TRUE,FALSE,FALSE,FALSE,FALSE,FALSE
-73.97109072,40.77637391,13D-AM-1014-07,AM,Adult,Gray,Ground,FALSE,indifferent,FALSE,FALSE,FALSE,FALSE,FALSE,TRUE,FALSE,FALSE,FALSE,FALSE,FALSE
-73.97715752,40.76738737,2E-AM-1010-07,AM,Adult,Gray,Ground,FALSE,indifferent,FALSE,FALSE,FALSE,FALSE,FALSE,TRUE,FALSE,FALSE,FALSE,FALSE,TRUE
-73.9709625,40.7766899,14D-AM-1014-05,AM,Adult,Gray,Ground,FALSE,indifferent,FALSE,FALSE,FALSE,FALSE,FALSE,TRUE,FALSE,FALSE,FALSE,FALSE,FALSE
-73.95870724,40.79852096,40B-AM-1019-01,AM,Adult,Gray,Ground,FALSE,indifferent,FALSE,FALSE,FALSE,FALSE,FALSE,TRUE,FALSE,FALSE,FALSE,FALSE,TRUE
-73.97364181,40.77169311,8E-PM-1008-04,PM,Adult,Gray,Ground,FALSE,indifferent,FALSE,FALSE,FALSE,FALSE,TRUE,TRUE,FALSE,FALSE,FALSE,FALSE,FALSE
-73.9686622,40.77672944,15F-PM-1010-02,PM,Adult,Gray,Ground,FALSE,indifferent,FALSE,FALSE,FALSE,FALSE,FALSE,TRUE,FALSE,FALSE,FALSE,FALSE,FALSE
-73.96575046,40.78312108,22D-PM-1012-02,PM,Adult,Gray,Ground,FALSE,indifferent,FALSE,FALSE,FALSE,FALSE,FALSE,TRUE,FALSE,FALSE,FALSE,FALSE,FALSE
-73.95795063,40.79369736,35E-AM-1020-01,AM,Adult,Gray,Ground,FALSE,indifferent,FALSE,FALSE,FALSE,FALSE,FALSE,TRUE,FALSE,FALSE,FALSE,FALSE,FALSE
-73.97880882,40.7690153,3B-AM-1010-04,AM,Juvenile,Gray,Ground,FALSE,indifferent,FALSE,FALSE,FALSE,FALSE,FALSE,TRUE,FALSE,FALSE,FALSE,FALSE,FALSE
-73.97069882,40.76966846,7H-AM-1006-16,AM,Adult,Gray,Ground,FALSE,indifferent,FALSE,FALSE,FALSE,FALSE,FALSE,TRUE,FALSE,FALSE,FALSE,FALSE,FALSE
-73.96032683,40.79001545,31E-PM-1006-06,PM,Adult,Gray,Ground,FALSE,indifferent,FALSE,FALSE,TRUE,FALSE,FALSE,FALSE,FALSE,FALSE,FALSE,TRUE,FALSE
-73.95686356,40.79864189,41C-AM-1017-01,AM,Adult,Gray,Ground,FALSE,indifferent,FALSE,FALSE,FALSE,FALSE,FALSE,TRUE,FALSE,FALSE,FALSE,TRUE,FALSE
-73.97113789,40.76962183,7H-AM-1006-03,AM,Adult,Gray,Ground,FALSE,indifferent,FALSE,FALSE,FALSE,FALSE,FALSE,TRUE,FALSE,FALSE,FALSE,FALSE,TRUE
-73.96763141,40.77880304,17E-AM-1017-08,AM,Adult,Gray,Ground,FALSE,indifferent,FALSE,FALSE,TRUE,FALSE,FALSE,FALSE,FALSE,FALSE,FALSE,FALSE,FALSE
-73.97797609,40.76982309,4C-PM-1010-16,PM,Adult,Gray,Ground,FALSE,indifferent,FALSE,FALSE,FALSE,FALSE,TRUE,TRUE,FALSE,FALSE,FALSE,FALSE,FALSE
-73.97469659,40.76643517,2G-AM-1010-03,AM,Adult,Gray,Ground,FALSE,indifferent,FALSE,FALSE,FALSE,FALSE,TRUE,FALSE,FALSE,FALSE,FALSE,FALSE,FALSE
-73.97390388,40.77303549,9D-AM-1008-03,AM,Adult,Gray,Ground,FALSE,indifferent,FALSE,FALSE,FALSE,FALSE,FALSE,TRUE,FALSE,FALSE,FALSE,FALSE,FALSE
-73.97510567,40.773206,8C-PM-1013-03,PM,Juvenile,Gray,Ground,FALSE,indifferent,FALSE,FALSE,FALSE,FALSE,TRUE,FALSE,FALSE,FALSE,FALSE,TRUE,FALSE
-73.96559255,40.77600492,15H-PM-1008-05,PM,Adult,Gray,Ground,FALSE,indifferent,FALSE,FALSE,FALSE,FALSE,FALSE,TRUE,FALSE,FALSE,FALSE,FALSE,FALSE
-73.96354126,40.79025294,30B-AM-1007-11,AM,Adult,Gray,Ground,FALSE,indifferent,FALSE,FALSE,FALSE,FALSE,TRUE,FALSE,FALSE,FALSE,FALSE,FALSE,FALSE
-73.97822839,40.76679326,1D-PM-1007-02,PM,Adult,Gray,Ground,FALSE,indifferent,FALSE,FALSE,TRUE,FALSE,FALSE,FALSE,FALSE,FALSE,FALSE,FALSE,FALSE
-73.96040945,40.79514515,36B-PM-1013-01,PM,Adult,Gray,Ground,FALSE,indifferent,FALSE,FALSE,FALSE,FALSE,FALSE,TRUE,FALSE,FALSE,FALSE,FALSE,TRUE
-73.97884364,40.7691105,3B-AM-1010-05,AM,Adult,Gray,Ground,FALSE,indifferent,FALSE,FALSE,FALSE,FALSE,FALSE,TRUE,FALSE,FALSE,FALSE,FALSE,FALSE
-73.97212104,40.76679715,4I-AM-1006-02,AM,Adult,Gray,Ground,FALSE,indifferent,FALSE,FALSE,FALSE,FALSE,TRUE,TRUE,FALSE,FALSE,FALSE,FALSE,FALSE
-73.97829402,40.76942361,4B-PM-1018-05,PM,Adult,Gray,Ground,FALSE,indifferent,FALSE,FALSE,FALSE,FALSE,TRUE,FALSE,FALSE,FALSE,FALSE,FALSE,FALSE
-73.97671001,40.767578,2E-PM-1014-03,PM,Adult,Gray,Ground,FALSE,indifferent,FALSE,FALSE,FALSE,FALSE,FALSE,FALSE,FALSE,FALSE,FALSE,FALSE,FALSE
-73.97182483,40.7801999,17A-PM-1013-01,PM,Adult,Gray,Ground,FALSE,indifferent,FALSE,FALSE,FALSE,FALSE,FALSE,TRUE,FALSE,FALSE,FALSE,FALSE,FALSE
-73.95421186,40.79391714,37G-AM-1014-06,AM,Adult,Gray,Ground,FALSE,indifferent,FALSE,FALSE,FALSE,FALSE,FALSE,TRUE,FALSE,FALSE,FALSE,FALSE,FALSE
-73.9557543,40.7956814,38E-PM-1014-02,PM,Adult,Gray,Ground,FALSE,indifferent,FALSE,FALSE,FALSE,FALSE,FALSE,TRUE,FALSE,FALSE,FALSE,FALSE,FALSE
-73.97359899,40.778302,14A-PM-1014-03,PM,Adult,Gray,Ground,FALSE,indifferent,FALSE,FALSE,TRUE,FALSE,FALSE,FALSE,FALSE,FALSE,FALSE,FALSE,FALSE
-73.95244908,40.79360032,38I-AM-1019-01,AM,Adult,Gray,Ground,FALSE,indifferent,FALSE,TRUE,FALSE,FALSE,FALSE,FALSE,FALSE,FALSE,FALSE,FALSE,FALSE
-73.95623628,40.79504572,38E-AM-1010-08,AM,Adult,Gray,Ground,FALSE,indifferent,FALSE,FALSE,FALSE,FALSE,FALSE,TRUE,FALSE,FALSE,FALSE,FALSE,FALSE
-73.96749846,40.77459383,13H-PM-1010-04,PM,Adult,Gray,Ground,FALSE,indifferent,FALSE,FALSE,FALSE,FALSE,TRUE,FALSE,FALSE,FALSE,FALSE,FALSE,FALSE
-73.95941746,40.79731287,38B-AM-1019-02,AM,Juvenile,Gray,Ground,FALSE,indifferent,FALSE,FALSE,FALSE,FALSE,TRUE,TRUE,FALSE,FALSE,FALSE,FALSE,TRUE
-73.96997809,40.7688706,6I-PM-1013-01,PM,Adult,Gray,Ground,FALSE,indifferent,FALSE,TRUE,FALSE,FALSE,FALSE,FALSE,FALSE,FALSE,FALSE,FALSE,TRUE
-73.95469966,40.79513089,38F-AM-1018-02,AM,Adult,Gray,Ground,FALSE,indifferent,FALSE,TRUE,FALSE,FALSE,FALSE,FALSE,FALSE,FALSE,FALSE,FALSE,FALSE
-73.97212631,40.76987638,7G-PM-1018-01,PM,Adult,Gray,Ground,FALSE,indifferent,FALSE,FALSE,FALSE,FALSE,TRUE,FALSE,FALSE,FALSE,FALSE,FALSE,FALSE
-73.96802372,40.77170222,10I-AM-1010-04,AM,Adult,Gray,Ground,FALSE,indifferent,FALSE,FALSE,FALSE,FALSE,FALSE,TRUE,FALSE,FALSE,FALSE,FALSE,FALSE
-73.97033142,40.77858478,16D-PM-1010-12,PM,Adult,Gray,Ground,FALSE,indifferent,FALSE,FALSE,FALSE,FALSE,TRUE,TRUE,FALSE,FALSE,FALSE,FALSE,FALSE
-73.97013798,40.77852348,16D-PM-1010-11,PM,Adult,Gray,Ground,FALSE,indifferent,FALSE,FALSE,FALSE,FALSE,FALSE,TRUE,FALSE,FALSE,FALSE,FALSE,FALSE
-73.96919687,40.7765863,14E-AM-1008-14,AM,Adult,Gray,Ground,FALSE,indifferent,FALSE,TRUE,FALSE,FALSE,FALSE,FALSE,FALSE,FALSE,FALSE,FALSE,FALSE
-73.97000667,40.77440288,12F-PM-1007-13,PM,Adult,Gray,Ground,FALSE,indifferent,FALSE,FALSE,FALSE,FALSE,TRUE,TRUE,FALSE,FALSE,FALSE,FALSE,FALSE
-73.96892275,40.78375416,21B-AM-1019-03,AM,Juvenile,Gray,Ground,FALSE,indifferent,FALSE,FALSE,FALSE,FALSE,FALSE,TRUE,FALSE,FALSE,FALSE,FALSE,FALSE
-73.96998765,40.77424827,12F-PM-1007-06,PM,Adult,Gray,Ground,FALSE,indifferent,FALSE,TRUE,TRUE,FALSE,FALSE,TRUE,FALSE,FALSE,FALSE,TRUE,FALSE
-73.96980649,40.78425381,21A-AM-1019-03,AM,Adult,Gray,Ground,FALSE,indifferent,FALSE,FALSE,TRUE,FALSE,FALSE,FALSE,FALSE,FALSE,FALSE,FALSE,FALSE
-73.96278191,40.78868774,29D-AM-1014-02,AM,Adult,Gray,Ground,FALSE,indifferent,FALSE,FALSE,FALSE,FALSE,FALSE,TRUE,FALSE,FALSE,FALSE,FALSE,FALSE
-73.96460231,40.781068,20F-PM-1007-14,PM,Adult,Gray,Ground,FALSE,indifferent,FALSE,FALSE,FALSE,FALSE,TRUE,FALSE,FALSE,FALSE,FALSE,FALSE,FALSE
-73.97442796,40.77777606,13A-PM-1014-01,PM,Adult,Gray,Ground,FALSE,indifferent,FALSE,FALSE,FALSE,FALSE,FALSE,FALSE,FALSE,FALSE,FALSE,FALSE,FALSE
-73.96975697,40.77864551,16D-PM-1010-02,PM,Adult,Gray,Ground,FALSE,indifferent,FALSE,FALSE,FALSE,FALSE,TRUE,TRUE,FALSE,FALSE,FALSE,FALSE,FALSE
-73.96679116,40.7793219,18F-AM-1014-02,AM,Adult,Gray,Ground,FALSE,indifferent,FALSE,FALSE,FALSE,FALSE,TRUE,TRUE,FALSE,TRUE,FALSE,FALSE,FALSE
-73.95655495,40.79898237,41C-AM-1017-03,AM,Adult,Gray,Ground,FALSE,indifferent,FALSE,FALSE,FALSE,FALSE,FALSE,TRUE,FALSE,FALSE,FALSE,FALSE,FALSE
-73.97047903,40.77622706,13E-AM-1017-01,AM,Adult,Gray,Ground,FALSE,indifferent,FALSE,FALSE,FALSE,FALSE,FALSE,TRUE,FALSE,FALSE,FALSE,FALSE,FALSE
-73.96249054,40.7935389,33A-PM-1018-01,PM,Adult,Gray,Ground,FALSE,indifferent,FALSE,FALSE,FALSE,FALSE,FALSE,TRUE,FALSE,FALSE,FALSE,FALSE,FALSE
-73.96929258,40.77745061,15E-PM-1008-11,PM,Adult,Gray,Ground,FALSE,indifferent,FALSE,FALSE,FALSE,FALSE,TRUE,TRUE,FALSE,FALSE,FALSE,FALSE,FALSE
-73.97384101,40.76916862,5F-PM-1007-06,PM,Adult,Gray,Ground,FALSE,indifferent,FALSE,FALSE,FALSE,FALSE,FALSE,FALSE,FALSE,FALSE,FALSE,FALSE,TRUE
-73.97948405,40.77095954,4A-PM-1007-02,PM,Adult,Gray,Ground,FALSE,indifferent,FALSE,TRUE,FALSE,FALSE,FALSE,FALSE,FALSE,FALSE,FALSE,FALSE,FALSE
-73.96515919,40.78118383,20F-PM-1007-06,PM,Juvenile,Gray,Ground,FALSE,indifferent,FALSE,FALSE,FALSE,FALSE,TRUE,FALSE,FALSE,FALSE,FALSE,FALSE,FALSE
-73.96228591,40.78861692,29D-AM-1014-06,AM,Adult,Gray,Ground,FALSE,indifferent,FALSE,FALSE,FALSE,FALSE,FALSE,TRUE,FALSE,FALSE,FALSE,FALSE,FALSE
-73.96890515,40.77645113,14F-AM-1007-04,AM,Adult,Gray,Ground,FALSE,indifferent,FALSE,TRUE,FALSE,FALSE,FALSE,FALSE,FALSE,FALSE,FALSE,FALSE,FALSE
-73.95918804,40.79500713,36C-PM-1013-02,PM,Adult,Gray,Ground,FALSE,indifferent,FALSE,FALSE,TRUE,FALSE,TRUE,TRUE,TRUE,TRUE,FALSE,FALSE,TRUE
-73.95713876,40.7955926,38D-PM-1006-02,PM,Adult,Gray,Ground,FALSE,indifferent,FALSE,FALSE,FALSE,FALSE,FALSE,TRUE,FALSE,FALSE,FALSE,FALSE,TRUE
-73.97532916,40.7687376,4E-PM-1008-01,PM,Adult,Gray,Ground,FALSE,indifferent,FALSE,TRUE,FALSE,FALSE,TRUE,TRUE,FALSE,FALSE,FALSE,FALSE,TRUE
-73.957969,40.79493385,37D-AM-1018-02,AM,Juvenile,Gray,Ground,FALSE,indifferent,FALSE,FALSE,FALSE,FALSE,FALSE,TRUE,FALSE,FALSE,FALSE,FALSE,FALSE
-73.97215407,40.7690128,6G-AM-1008-03,AM,Adult,Gray,Ground,FALSE,indifferent,FALSE,FALSE,FALSE,FALSE,TRUE,TRUE,FALSE,FALSE,FALSE,TRUE,FALSE
-73.97392492,40.77685284,13B-PM-1008-02,PM,Adult,Gray,Ground,FALSE,indifferent,FALSE,TRUE,FALSE,TRUE,FALSE,FALSE,FALSE,FALSE,FALSE,FALSE,FALSE
-73.95307916,40.79598856,40G-PM-1013-03,PM,Juvenile,Gray,Ground,FALSE,indifferent,FALSE,TRUE,FALSE,FALSE,FALSE,FALSE,FALSE,FALSE,FALSE,FALSE,FALSE
-73.95824771,40.79890791,40B-AM-1019-07,AM,Adult,Gray,Ground,FALSE,indifferent,TRUE,FALSE,FALSE,FALSE,FALSE,TRUE,FALSE,FALSE,FALSE,FALSE,FALSE
-73.97745843,40.7708134,5B-AM-1008-02,AM,Adult,Gray,Ground,FALSE,indifferent,FALSE,TRUE,FALSE,FALSE,TRUE,FALSE,FALSE,FALSE,FALSE,FALSE,FALSE
-73.9603367,40.78996129,31E-PM-1006-05,PM,Adult,Gray,Ground,FALSE,indifferent,FALSE,FALSE,TRUE,FALSE,FALSE,FALSE,FALSE,FALSE,FALSE,TRUE,FALSE
-73.96956411,40.77695629,14E-AM-1008-03,AM,Adult,Gray,Ground,FALSE,indifferent,FALSE,FALSE,FALSE,FALSE,FALSE,TRUE,FALSE,FALSE,FALSE,FALSE,FALSE
-73.95874649,40.79349635,35D-PM-1013-05,PM,Adult,Gray,Ground,FALSE,indifferent,FALSE,FALSE,FALSE,FALSE,FALSE,TRUE,FALSE,FALSE,FALSE,FALSE,FALSE
-73.96953484,40.77036574,8I-PM-1013-07,PM,Adult,Gray,Ground,FALSE,indifferent,FALSE,FALSE,FALSE,FALSE,FALSE,TRUE,FALSE,FALSE,FALSE,FALSE,FALSE
-73.96914539,40.77705241,15E-PM-1008-02,PM,Adult,Gray,Ground,FALSE,indifferent,FALSE,FALSE,FALSE,FALSE,FALSE,TRUE,FALSE,FALSE,FALSE,FALSE,FALSE
-73.95828003,40.79894737,40B-PM-1014-03,PM,Adult,Gray,Ground,FALSE,indifferent,FALSE,FALSE,FALSE,FALSE,FALSE,TRUE,FALSE,FALSE,FALSE,FALSE,FALSE
-73.97195835,40.7763435,13D-AM-1014-11,AM,Adult,Gray,Ground,FALSE,indifferent,FALSE,FALSE,FALSE,FALSE,FALSE,TRUE,FALSE,FALSE,FALSE,FALSE,FALSE
-73.96639773,40.77564513,14H-PM-1012-08,PM,Adult,Gray,Ground,FALSE,indifferent,FALSE,FALSE,FALSE,FALSE,TRUE,TRUE,FALSE,FALSE,FALSE,FALSE,FALSE
-73.96444999,40.78300232,22F-PM-1014-04,PM,Adult,Gray,Ground,FALSE,indifferent,FALSE,FALSE,FALSE,FALSE,FALSE,TRUE,FALSE,FALSE,FALSE,FALSE,FALSE
-73.95901571,40.79568845,37C-PM-1013-05,PM,Adult,Gray,Ground,FALSE,indifferent,FALSE,TRUE,FALSE,FALSE,FALSE,FALSE,FALSE,FALSE,FALSE,FALSE,FALSE
-73.95271849,40.79267859,37I-PM-1006-02,PM,Adult,Gray,Ground,FALSE,indifferent,FALSE,FALSE,FALSE,FALSE,FALSE,TRUE,FALSE,FALSE,FALSE,FALSE,FALSE
-73.96517967,40.77855783,18G-AM-1014-03,AM,Adult,Gray,Ground,FALSE,indifferent,FALSE,TRUE,FALSE,FALSE,FALSE,FALSE,FALSE,FALSE,FALSE,FALSE,FALSE
-73.95641731,40.79915585,42C-PM-1013-02,PM,Adult,Gray,Ground,FALSE,indifferent,FALSE,FALSE,FALSE,FALSE,FALSE,TRUE,FALSE,FALSE,FALSE,FALSE,FALSE
-73.97064149,40.77327548,11F-PM-1006-01,PM,Adult,Gray,Ground,FALSE,indifferent,FALSE,FALSE,FALSE,FALSE,FALSE,FALSE,FALSE,FALSE,FALSE,FALSE,FALSE
-73.96276615,40.78193568,22G-PM-1018-02,PM,Adult,Gray,Ground,FALSE,indifferent,FALSE,FALSE,FALSE,FALSE,TRUE,TRUE,FALSE,FALSE,FALSE,FALSE,FALSE
-73.9555256,40.79777208,40D-AM-1013-04,AM,Adult,Gray,Ground,FALSE,indifferent,FALSE,FALSE,FALSE,FALSE,TRUE,TRUE,FALSE,FALSE,FALSE,FALSE,FALSE
-73.96690173,40.7766929,15G-AM-1008-01,AM,Adult,Gray,Ground,FALSE,indifferent,FALSE,TRUE,FALSE,FALSE,FALSE,TRUE,FALSE,FALSE,FALSE,FALSE,FALSE
-73.97100267,40.77610528,13D-AM-1014-04,AM,Adult,Gray,Ground,FALSE,indifferent,FALSE,FALSE,TRUE,FALSE,FALSE,FALSE,FALSE,FALSE,FALSE,FALSE,FALSE
-73.96181731,40.79258002,33B-PM-1010-04,PM,Adult,Gray,Ground,FALSE,indifferent,FALSE,FALSE,FALSE,FALSE,TRUE,FALSE,FALSE,FALSE,FALSE,FALSE,FALSE
-73.95447633,40.79696455,40F-PM-1006-03,PM,Adult,Gray,Ground,FALSE,indifferent,FALSE,FALSE,FALSE,FALSE,TRUE,FALSE,FALSE,FALSE,FALSE,FALSE,FALSE
-73.97684115,40.7741377,9A-AM-1013-03,AM,Juvenile,Gray,Ground,FALSE,indifferent,FALSE,FALSE,FALSE,FALSE,FALSE,TRUE,FALSE,FALSE,FALSE,FALSE,FALSE
-73.95627335,40.79931421,42C-PM-1013-03,PM,Adult,Gray,Ground,FALSE,indifferent,FALSE,FALSE,FALSE,FALSE,FALSE,TRUE,FALSE,FALSE,FALSE,FALSE,FALSE
-73.97060412,40.77801528,15D-PM-1017-05,PM,Adult,Gray,Ground,FALSE,indifferent,FALSE,FALSE,FALSE,FALSE,FALSE,TRUE,FALSE,FALSE,FALSE,FALSE,FALSE
-73.97023823,40.77217548,10G-PM-1017-03,PM,Adult,Gray,Ground,FALSE,indifferent,FALSE,FALSE,FALSE,FALSE,TRUE,FALSE,FALSE,FALSE,FALSE,FALSE,FALSE
-73.96905515,40.78236857,20B-PM-1013-07,PM,Adult,Gray,Ground,FALSE,indifferent,FALSE,FALSE,TRUE,FALSE,FALSE,FALSE,FALSE,FALSE,FALSE,FALSE,FALSE
-73.96761129,40.77727921,16F-AM-1008-03,AM,Adult,Gray,Ground,FALSE,indifferent,FALSE,TRUE,FALSE,FALSE,FALSE,FALSE,FALSE,FALSE,FALSE,FALSE,TRUE
-73.96982315,40.77020483,8I-PM-1013-04,PM,Adult,Gray,Ground,FALSE,indifferent,FALSE,FALSE,FALSE,FALSE,FALSE,TRUE,FALSE,FALSE,FALSE,FALSE,FALSE
-73.95979947,40.79729884,38A-PM-1013-02,PM,Adult,Gray,Ground,FALSE,indifferent,FALSE,FALSE,FALSE,FALSE,TRUE,FALSE,FALSE,FALSE,FALSE,FALSE,FALSE
-73.97089039,40.77873707,16C-AM-1014-03,AM,Adult,Gray,Ground,FALSE,indifferent,FALSE,FALSE,FALSE,FALSE,FALSE,TRUE,FALSE,FALSE,FALSE,FALSE,FALSE
-73.96224199,40.7945798,35A-AM-1014-07,AM,Adult,Gray,Ground,FALSE,indifferent,FALSE,FALSE,TRUE,FALSE,FALSE,FALSE,FALSE,FALSE,FALSE,FALSE,FALSE
-73.97387231,40.77868456,14A-AM-1014-01,AM,Adult,Gray,Ground,FALSE,indifferent,TRUE,FALSE,FALSE,FALSE,FALSE,TRUE,FALSE,FALSE,FALSE,FALSE,FALSE
-73.98016515,40.76776987,1B-AM-1012-05,AM,Adult,Gray,Ground,FALSE,indifferent,FALSE,FALSE,TRUE,FALSE,TRUE,TRUE,FALSE,FALSE,FALSE,FALSE,FALSE
-73.97024201,40.77727209,14D-AM-1014-02,AM,Adult,Gray,Ground,FALSE,indifferent,FALSE,FALSE,FALSE,FALSE,FALSE,TRUE,FALSE,FALSE,FALSE,FALSE,FALSE
-73.97444886,40.77416272,10C-PM-1013-03,PM,Adult,Gray,Ground,FALSE,indifferent,FALSE,FALSE,FALSE,FALSE,TRUE,TRUE,FALSE,FALSE,FALSE,FALSE,TRUE
-73.96844606,40.78582482,24A-PM-1007-01,PM,Adult,Gray,Ground,FALSE,indifferent,FALSE,TRUE,FALSE,FALSE,FALSE,FALSE,FALSE,FALSE,FALSE,FALSE,FALSE
-73.96552066,40.77648516,16H-PM-1014-02,PM,Adult,Gray,Ground,FALSE,indifferent,FALSE,TRUE,FALSE,FALSE,FALSE,FALSE,FALSE,FALSE,FALSE,FALSE,FALSE
-73.9658204,40.7775874,17G-PM-1017-01,PM,Adult,Gray,Ground,FALSE,indifferent,FALSE,FALSE,FALSE,FALSE,FALSE,TRUE,FALSE,FALSE,FALSE,FALSE,FALSE
-73.98015625,40.76872673,2B-AM-1010-01,AM,Juvenile,Gray,Ground,FALSE,indifferent,FALSE,FALSE,FALSE,FALSE,TRUE,TRUE,FALSE,FALSE,FALSE,FALSE,FALSE
-73.95971925,40.79733162,38A-AM-1019-03,AM,Adult,Gray,Ground,TRUE,indifferent,TRUE,FALSE,FALSE,FALSE,FALSE,TRUE,FALSE,FALSE,FALSE,FALSE,FALSE
-73.9583697,40.79024567,32F-PM-1008-01,PM,Adult,Gray,Ground,FALSE,indifferent,FALSE,TRUE,TRUE,TRUE,TRUE,TRUE,FALSE,FALSE,FALSE,FALSE,FALSE
-73.96415844,40.78165716,21G-AM-1014-01,AM,Adult,Gray,Ground,FALSE,indifferent,FALSE,FALSE,FALSE,FALSE,FALSE,TRUE,FALSE,FALSE,FALSE,FALSE,FALSE
-73.96934624,40.77644444,14E-PM-1017-01,PM,Juvenile,Gray,Ground,FALSE,indifferent,FALSE,FALSE,FALSE,FALSE,TRUE,TRUE,FALSE,FALSE,FALSE,FALSE,FALSE
-73.96879332,40.77886002,17E-PM-1018-01,PM,Adult,Gray,Ground,FALSE,indifferent,FALSE,FALSE,FALSE,FALSE,TRUE,TRUE,FALSE,FALSE,FALSE,FALSE,FALSE
-73.96126236,40.79115587,32D-AM-1013-02,AM,Adult,Gray,Ground,FALSE,indifferent,FALSE,FALSE,FALSE,FALSE,FALSE,TRUE,FALSE,FALSE,FALSE,FALSE,FALSE
-73.97011825,40.77728055,15D-PM-1017-03,PM,Adult,Gray,Ground,FALSE,indifferent,FALSE,FALSE,FALSE,FALSE,FALSE,TRUE,FALSE,FALSE,FALSE,FALSE,FALSE
-73.96143736,40.7945052,35B-PM-1013-01,PM,Juvenile,Gray,Ground,FALSE,indifferent,FALSE,FALSE,FALSE,FALSE,TRUE,FALSE,FALSE,FALSE,FALSE,TRUE,FALSE
-73.96974711,40.77731634,15E-PM-1008-10,PM,Adult,Gray,Ground,FALSE,indifferent,FALSE,FALSE,FALSE,FALSE,TRUE,TRUE,FALSE,FALSE,FALSE,FALSE,FALSE
-73.95473987,40.78964838,33I-AM-1008-01,AM,Adult,Gray,Ground,FALSE,indifferent,FALSE,FALSE,FALSE,FALSE,FALSE,TRUE,FALSE,FALSE,FALSE,FALSE,FALSE
-73.96971788,40.77915441,17D-AM-1008-03,AM,Adult,Gray,Ground,FALSE,indifferent,FALSE,FALSE,FALSE,FALSE,TRUE,FALSE,FALSE,FALSE,FALSE,FALSE,TRUE
-73.95389387,40.79811501,42E-PM-1012-05,PM,Adult,Gray,Ground,FALSE,indifferent,FALSE,TRUE,FALSE,FALSE,FALSE,TRUE,FALSE,FALSE,FALSE,FALSE,FALSE
-73.97502856,40.76673073,2F-PM-1014-09,PM,Adult,Gray,Ground,FALSE,indifferent,FALSE,TRUE,FALSE,FALSE,FALSE,FALSE,FALSE,FALSE,FALSE,FALSE,FALSE
-73.97995943,40.77019781,4A-AM-1007-05,AM,Adult,Gray,Ground,FALSE,indifferent,FALSE,FALSE,FALSE,FALSE,TRUE,FALSE,FALSE,FALSE,FALSE,FALSE,FALSE
-73.96429009,40.79170172,31A-AM-1010-03,AM,Adult,Gray,Ground,FALSE,indifferent,FALSE,TRUE,FALSE,FALSE,FALSE,FALSE,FALSE,FALSE,FALSE,FALSE,FALSE
-73.9557918,40.79792289,40D-PM-1013-03,PM,Adult,Gray,Ground,FALSE,indifferent,FALSE,FALSE,FALSE,FALSE,FALSE,TRUE,FALSE,FALSE,FALSE,FALSE,FALSE
-73.97025302,40.77362412,11F-AM-1013-01,AM,Adult,Gray,Ground,FALSE,indifferent,FALSE,TRUE,FALSE,FALSE,FALSE,FALSE,FALSE,FALSE,FALSE,FALSE,FALSE
-73.95611037,40.79491409,37E-AM-1013-03,AM,Adult,Gray,Ground,FALSE,indifferent,FALSE,FALSE,FALSE,FALSE,FALSE,TRUE,FALSE,FALSE,FALSE,FALSE,FALSE
-73.96991341,40.77444659,12F-PM-1007-14,PM,Adult,Gray,Ground,TRUE,indifferent,FALSE,FALSE,FALSE,TRUE,TRUE,TRUE,FALSE,FALSE,FALSE,FALSE,FALSE
-73.97617764,40.76959418,5D-PM-1018-07,PM,Adult,Gray,Ground,FALSE,indifferent,FALSE,FALSE,FALSE,FALSE,TRUE,FALSE,FALSE,FALSE,FALSE,FALSE,FALSE
-73.96980803,40.78422529,21A-AM-1019-02,AM,Adult,Gray,Ground,FALSE,indifferent,FALSE,FALSE,TRUE,FALSE,FALSE,FALSE,FALSE,FALSE,FALSE,FALSE,FALSE
-73.97171355,40.77617807,13D-PM-1018-01,PM,Adult,Gray,Ground,FALSE,indifferent,FALSE,FALSE,FALSE,FALSE,FALSE,TRUE,FALSE,FALSE,FALSE,FALSE,TRUE
-73.955604,40.79775492,40D-AM-1013-05,AM,Adult,Gray,Ground,FALSE,indifferent,FALSE,FALSE,FALSE,FALSE,TRUE,TRUE,FALSE,FALSE,FALSE,FALSE,TRUE
-73.97105315,40.77737571,14D-PM-1019-06,PM,Adult,Gray,Ground,FALSE,indifferent,FALSE,FALSE,FALSE,FALSE,TRUE,FALSE,FALSE,FALSE,FALSE,TRUE,FALSE
-73.95324277,40.79626438,40G-PM-1013-04,PM,Adult,Gray,Ground,FALSE,indifferent,FALSE,TRUE,FALSE,FALSE,FALSE,FALSE,FALSE,FALSE,FALSE,FALSE,FALSE
-73.96149728,40.7921405,33C-PM-1007-02,PM,Adult,Gray,Ground,FALSE,indifferent,FALSE,FALSE,FALSE,FALSE,TRUE,FALSE,FALSE,FALSE,FALSE,FALSE,FALSE
-73.96991248,40.7743017,12F-PM-1007-07,PM,Adult,Gray,Ground,FALSE,indifferent,FALSE,TRUE,TRUE,TRUE,FALSE,TRUE,FALSE,FALSE,FALSE,TRUE,FALSE
-73.97992508,40.76761066,1B-AM-1012-03,AM,Adult,Gray,Ground,FALSE,indifferent,FALSE,FALSE,FALSE,FALSE,FALSE,TRUE,FALSE,FALSE,FALSE,FALSE,FALSE
-73.97092424,40.76842172,5I-AM-1010-04,AM,Adult,Gray,Ground,FALSE,indifferent,FALSE,FALSE,FALSE,FALSE,TRUE,FALSE,FALSE,FALSE,FALSE,FALSE,TRUE
-73.96371675,40.78921601,29C-AM-1007-01,AM,Adult,Gray,Ground,FALSE,indifferent,FALSE,FALSE,FALSE,FALSE,FALSE,TRUE,FALSE,FALSE,FALSE,FALSE,FALSE
-73.97718477,40.76959712,4C-AM-1006-01,AM,Juvenile,Gray,Ground,FALSE,indifferent,FALSE,FALSE,FALSE,FALSE,TRUE,TRUE,FALSE,FALSE,FALSE,FALSE,TRUE
-73.97928142,40.77050319,4A-AM-1007-04,AM,Adult,Gray,Ground,FALSE,indifferent,FALSE,FALSE,FALSE,FALSE,FALSE,FALSE,FALSE,FALSE,FALSE,FALSE,FALSE
-73.97308132,40.77793157,14B-AM-1007-02,AM,Adult,Gray,Ground,FALSE,indifferent,FALSE,FALSE,FALSE,FALSE,FALSE,TRUE,FALSE,FALSE,FALSE,FALSE,FALSE
-73.95361987,40.79801351,41E-AM-1007-03,AM,Adult,Gray,Ground,FALSE,indifferent,FALSE,FALSE,FALSE,FALSE,FALSE,TRUE,FALSE,FALSE,FALSE,FALSE,FALSE
-73.97116075,40.77498825,12E-AM-1017-04,AM,Adult,Gray,Ground,FALSE,indifferent,FALSE,TRUE,FALSE,FALSE,FALSE,FALSE,FALSE,FALSE,FALSE,FALSE,FALSE
-73.97200502,40.76994191,7G-AM-1010-03,AM,Adult,Gray,Ground,FALSE,indifferent,FALSE,TRUE,FALSE,FALSE,FALSE,FALSE,FALSE,FALSE,FALSE,FALSE,FALSE
-73.97846859,40.7669924,1D-PM-1007-05,PM,Adult,Gray,Ground,FALSE,indifferent,FALSE,FALSE,FALSE,FALSE,FALSE,TRUE,FALSE,FALSE,FALSE,FALSE,FALSE
-73.97735206,40.77081985,5B-AM-1008-04,AM,Adult,Gray,Ground,FALSE,indifferent,FALSE,FALSE,FALSE,FALSE,FALSE,FALSE,FALSE,FALSE,FALSE,FALSE,FALSE
-73.96955183,40.7762146,14E-AM-1008-15,AM,Adult,Gray,Ground,FALSE,indifferent,FALSE,FALSE,FALSE,FALSE,TRUE,TRUE,FALSE,FALSE,FALSE,FALSE,FALSE
-73.95385121,40.79812577,42E-PM-1012-04,PM,Adult,Gray,Ground,FALSE,indifferent,FALSE,FALSE,FALSE,FALSE,TRUE,TRUE,FALSE,FALSE,FALSE,FALSE,FALSE
-73.96289828,40.78843048,28D-PM-1019-01,PM,Adult,Gray,Ground,FALSE,indifferent,FALSE,FALSE,FALSE,FALSE,FALSE,TRUE,FALSE,FALSE,FALSE,FALSE,FALSE
-73.95544157,40.79842014,41D-AM-1014-03,AM,Adult,Gray,Ground,FALSE,indifferent,FALSE,FALSE,FALSE,FALSE,FALSE,TRUE,FALSE,FALSE,FALSE,FALSE,FALSE
-73.97458006,40.76735654,3F-AM-1006-08,AM,Juvenile,Gray,Ground,FALSE,indifferent,FALSE,TRUE,FALSE,FALSE,FALSE,TRUE,FALSE,FALSE,FALSE,FALSE,FALSE
-73.95656457,40.79590399,38D-PM-1006-03,PM,Adult,Gray,Ground,FALSE,indifferent,FALSE,FALSE,FALSE,FALSE,TRUE,TRUE,FALSE,FALSE,FALSE,FALSE,FALSE
-73.96308206,40.78216323,22G-PM-1018-01,PM,Adult,Gray,Ground,FALSE,indifferent,FALSE,TRUE,FALSE,FALSE,TRUE,FALSE,FALSE,FALSE,FALSE,TRUE,FALSE
-73.96559698,40.77977388,19F-PM-1017-02,PM,Adult,Gray,Ground,FALSE,indifferent,FALSE,FALSE,FALSE,FALSE,FALSE,TRUE,FALSE,FALSE,FALSE,FALSE,FALSE
-73.96055548,40.79014737,31E-PM-1006-09,PM,Adult,Gray,Ground,FALSE,indifferent,FALSE,FALSE,FALSE,FALSE,TRUE,FALSE,FALSE,FALSE,FALSE,FALSE,FALSE
-73.97543339,40.77323909,8C-PM-1013-01,PM,Adult,Gray,Ground,FALSE,indifferent,FALSE,FALSE,FALSE,FALSE,FALSE,TRUE,FALSE,FALSE,FALSE,FALSE,TRUE
-73.97152512,40.77462178,11E-PM-1012-07,PM,Adult,Gray,Ground,FALSE,indifferent,FALSE,FALSE,FALSE,FALSE,TRUE,FALSE,FALSE,FALSE,FALSE,FALSE,FALSE
-73.9564539,40.79365844,36F-PM-1012-05,PM,Adult,Gray,Ground,FALSE,indifferent,FALSE,FALSE,FALSE,FALSE,FALSE,TRUE,FALSE,FALSE,FALSE,FALSE,FALSE
-73.97128632,40.77469876,12E-AM-1017-01,AM,Adult,Gray,Ground,FALSE,indifferent,FALSE,FALSE,FALSE,FALSE,FALSE,TRUE,FALSE,FALSE,FALSE,FALSE,FALSE
-73.96639614,40.77506911,14H-PM-1012-06,PM,Adult,Gray,Ground,FALSE,indifferent,FALSE,FALSE,FALSE,FALSE,TRUE,TRUE,FALSE,FALSE,FALSE,FALSE,TRUE
-73.95768975,40.79646953,38C-AM-1019-02,AM,Adult,Gray,Ground,FALSE,indifferent,FALSE,TRUE,FALSE,FALSE,FALSE,FALSE,FALSE,FALSE,FALSE,FALSE,TRUE
-73.97430604,40.76879018,5F-PM-1007-02,PM,Adult,Gray,Ground,FALSE,indifferent,FALSE,FALSE,FALSE,FALSE,FALSE,TRUE,FALSE,FALSE,FALSE,FALSE,TRUE
-73.97286544,40.77248531,9E-AM-1008-04,AM,Adult,Gray,Ground,FALSE,indifferent,FALSE,FALSE,FALSE,FALSE,TRUE,FALSE,FALSE,FALSE,FALSE,FALSE,FALSE
-73.97372476,40.77594693,12C-PM-1017-01,PM,Juvenile,Gray,Ground,FALSE,indifferent,FALSE,TRUE,FALSE,FALSE,TRUE,FALSE,FALSE,FALSE,FALSE,FALSE,TRUE
-73.95312632,40.79656751,40F-PM-1006-01,PM,Adult,Gray,Ground,FALSE,indifferent,FALSE,FALSE,FALSE,FALSE,FALSE,TRUE,FALSE,FALSE,FALSE,FALSE,FALSE
-73.97302848,40.77024625,7F-AM-1008-04,AM,Adult,Gray,Ground,FALSE,indifferent,FALSE,FALSE,TRUE,FALSE,FALSE,FALSE,FALSE,FALSE,FALSE,FALSE,FALSE
-73.95319655,40.7947438,38G-PM-1020-11,PM,Adult,Gray,Ground,TRUE,indifferent,FALSE,FALSE,FALSE,FALSE,TRUE,FALSE,FALSE,FALSE,FALSE,TRUE,FALSE
-73.96362318,40.79274511,32A-PM-1013-04,PM,Adult,Gray,Ground,FALSE,indifferent,FALSE,FALSE,FALSE,FALSE,FALSE,TRUE,FALSE,FALSE,FALSE,FALSE,TRUE
-73.96753092,40.77886499,17E-AM-1017-09,AM,Adult,Gray,Ground,FALSE,indifferent,FALSE,TRUE,FALSE,FALSE,FALSE,FALSE,FALSE,FALSE,FALSE,FALSE,FALSE
-73.97007853,40.77771411,15D-AM-1007-01,AM,Adult,Gray,Ground,FALSE,indifferent,FALSE,FALSE,FALSE,FALSE,FALSE,TRUE,FALSE,FALSE,FALSE,FALSE,FALSE
-73.9573325,40.78746621,30H-AM-1007-01,AM,Adult,Gray,Ground,FALSE,indifferent,FALSE,FALSE,FALSE,FALSE,FALSE,TRUE,FALSE,FALSE,FALSE,FALSE,FALSE
-73.96906384,40.77138693,9H-AM-1006-06,AM,Adult,Gray,Ground,FALSE,indifferent,FALSE,FALSE,FALSE,FALSE,FALSE,TRUE,FALSE,FALSE,FALSE,TRUE,TRUE
-73.9587183,40.79092091,32E-PM-1017-02,PM,Adult,Gray,Ground,FALSE,indifferent,FALSE,FALSE,FALSE,FALSE,FALSE,TRUE,FALSE,FALSE,FALSE,FALSE,FALSE
-73.98019561,40.76783644,1B-AM-1012-08,AM,Adult,Gray,Ground,FALSE,indifferent,FALSE,FALSE,TRUE,FALSE,TRUE,FALSE,FALSE,FALSE,FALSE,FALSE,FALSE
-73.95637206,40.78794533,31I-PM-1019-01,PM,Adult,Gray,Ground,FALSE,indifferent,FALSE,FALSE,FALSE,FALSE,FALSE,TRUE,FALSE,FALSE,FALSE,FALSE,FALSE
-73.97475929,40.77637629,12A-PM-1013-01,PM,Adult,Gray,Ground,FALSE,indifferent,FALSE,FALSE,FALSE,FALSE,FALSE,TRUE,FALSE,FALSE,FALSE,FALSE,TRUE
-73.97439705,40.76878802,5F-PM-1007-01,PM,Adult,Gray,Ground,FALSE,indifferent,FALSE,FALSE,FALSE,FALSE,TRUE,FALSE,FALSE,FALSE,FALSE,FALSE,TRUE
-73.96865512,40.77286178,11H-PM-1013-04,PM,Adult,Gray,Ground,TRUE,indifferent,FALSE,FALSE,FALSE,FALSE,TRUE,FALSE,FALSE,FALSE,FALSE,FALSE,FALSE
-73.95657389,40.7900161,32H-AM-1010-01,AM,Juvenile,Gray,Ground,FALSE,indifferent,FALSE,FALSE,FALSE,FALSE,FALSE,FALSE,FALSE,FALSE,FALSE,FALSE,FALSE
-73.97772067,40.76685956,1D-PM-1007-07,PM,Adult,Gray,Ground,FALSE,indifferent,FALSE,FALSE,FALSE,FALSE,FALSE,FALSE,FALSE,FALSE,FALSE,FALSE,FALSE
-73.95557244,40.79676025,39E-AM-1018-03,AM,Adult,Gray,Ground,FALSE,indifferent,FALSE,TRUE,FALSE,FALSE,FALSE,FALSE,FALSE,FALSE,FALSE,FALSE,FALSE
-73.97259472,40.77944816,16A-AM-1013-01,AM,Adult,Gray,Ground,FALSE,indifferent,FALSE,FALSE,FALSE,FALSE,FALSE,TRUE,FALSE,FALSE,FALSE,FALSE,FALSE
-73.97551921,40.76644136,2F-PM-1014-06,PM,Adult,Gray,Ground,FALSE,indifferent,FALSE,TRUE,FALSE,FALSE,FALSE,FALSE,FALSE,FALSE,FALSE,FALSE,FALSE
-73.96835981,40.78111505,19D-PM-1008-01,PM,Adult,Gray,Ground,FALSE,indifferent,FALSE,FALSE,FALSE,FALSE,FALSE,TRUE,FALSE,FALSE,FALSE,FALSE,FALSE
-73.96836534,40.77196616,10I-AM-1010-01,AM,Adult,Gray,Ground,FALSE,indifferent,FALSE,FALSE,FALSE,FALSE,FALSE,TRUE,FALSE,FALSE,FALSE,FALSE,FALSE
-73.96847528,40.77658163,15F-AM-1007-01,AM,Adult,Gray,Ground,FALSE,indifferent,TRUE,TRUE,FALSE,FALSE,TRUE,TRUE,FALSE,FALSE,FALSE,FALSE,FALSE
-73.97911415,40.77148888,5A-AM-1006-04,AM,Juvenile,Gray,Ground,FALSE,indifferent,FALSE,FALSE,FALSE,FALSE,FALSE,TRUE,FALSE,FALSE,FALSE,TRUE,FALSE
-73.97266997,40.77011238,7F-AM-1008-01,AM,Adult,Gray,Ground,FALSE,indifferent,FALSE,FALSE,FALSE,FALSE,FALSE,TRUE,FALSE,FALSE,FALSE,TRUE,FALSE
-73.95698113,40.79309123,35F-PM-1012-02,PM,Adult,Gray,Ground,FALSE,indifferent,FALSE,FALSE,FALSE,FALSE,TRUE,TRUE,FALSE,FALSE,FALSE,FALSE,TRUE
-73.96993698,40.77203502,10G-PM-1017-04,PM,Adult,Gray,Ground,FALSE,indifferent,FALSE,TRUE,FALSE,FALSE,TRUE,FALSE,FALSE,FALSE,FALSE,FALSE,FALSE
-73.9589671,40.7952127,37C-AM-1012-04,AM,Adult,Gray,Ground,FALSE,indifferent,FALSE,FALSE,FALSE,FALSE,FALSE,TRUE,FALSE,FALSE,FALSE,FALSE,FALSE
-73.96682306,40.78706372,25B-PM-1007-02,PM,Adult,Gray,Ground,FALSE,indifferent,FALSE,FALSE,FALSE,TRUE,FALSE,TRUE,FALSE,FALSE,FALSE,FALSE,FALSE
-73.96791563,40.77452694,13H-PM-1010-06,PM,Adult,Gray,Ground,FALSE,indifferent,FALSE,FALSE,FALSE,FALSE,FALSE,TRUE,FALSE,FALSE,FALSE,FALSE,FALSE
-73.95266811,40.7977012,42F-PM-1017-01,PM,Adult,Gray,Ground,FALSE,indifferent,FALSE,TRUE,FALSE,FALSE,FALSE,FALSE,FALSE,FALSE,FALSE,FALSE,FALSE
-73.96746038,40.77494938,13H-PM-1010-01,PM,Adult,Gray,Ground,FALSE,indifferent,FALSE,FALSE,FALSE,FALSE,FALSE,TRUE,FALSE,FALSE,FALSE,FALSE,FALSE
-73.96388776,40.79154773,31A-AM-1010-02,AM,Adult,Gray,Ground,FALSE,indifferent,FALSE,FALSE,FALSE,FALSE,TRUE,TRUE,FALSE,FALSE,FALSE,FALSE,FALSE
-73.96427429,40.77953196,19H-AM-1010-03,AM,Juvenile,Gray,Ground,FALSE,indifferent,FALSE,FALSE,FALSE,TRUE,TRUE,TRUE,FALSE,FALSE,FALSE,FALSE,FALSE
-73.96133473,40.7938901,34B-AM-1013-02,AM,Adult,Gray,Ground,FALSE,indifferent,FALSE,FALSE,FALSE,FALSE,FALSE,TRUE,FALSE,FALSE,FALSE,FALSE,FALSE
-73.96632971,40.7837932,22D-PM-1012-03,PM,Adult,Gray,Ground,FALSE,indifferent,FALSE,FALSE,FALSE,FALSE,FALSE,TRUE,FALSE,FALSE,FALSE,FALSE,FALSE
-73.9546781,40.79032165,34I-AM-1012-03,AM,Adult,Gray,Ground,FALSE,indifferent,FALSE,FALSE,FALSE,FALSE,FALSE,FALSE,FALSE,FALSE,FALSE,FALSE,FALSE
-73.98059277,40.76799891,1B-PM-1019-07,PM,Adult,Gray,Ground,FALSE,indifferent,FALSE,FALSE,FALSE,FALSE,TRUE,FALSE,FALSE,FALSE,FALSE,FALSE,FALSE
-73.95849506,40.79027707,32F-PM-1008-03,PM,Adult,Gray,Ground,FALSE,indifferent,FALSE,TRUE,TRUE,TRUE,TRUE,TRUE,FALSE,FALSE,FALSE,FALSE,FALSE
-73.97663171,40.77342305,8B-AM-1007-05,AM,Adult,Gray,Ground,FALSE,indifferent,FALSE,FALSE,FALSE,FALSE,FALSE,TRUE,FALSE,FALSE,FALSE,FALSE,TRUE
-73.96631685,40.78250837,21D-AM-1008-01,AM,Adult,Gray,Ground,FALSE,indifferent,FALSE,FALSE,FALSE,FALSE,TRUE,TRUE,FALSE,FALSE,FALSE,TRUE,TRUE
-73.96938766,40.77072327,8I-AM-1006-02,AM,Adult,Gray,Ground,FALSE,indifferent,FALSE,TRUE,TRUE,FALSE,FALSE,FALSE,FALSE,FALSE,FALSE,FALSE,TRUE
-73.98069053,40.76811522,1A-AM-1007-03,AM,Adult,Gray,Ground,FALSE,indifferent,FALSE,FALSE,FALSE,FALSE,FALSE,FALSE,FALSE,FALSE,FALSE,FALSE,FALSE
-73.96897039,40.77120256,9I-PM-1010-02,PM,Adult,Gray,Ground,FALSE,indifferent,FALSE,FALSE,FALSE,FALSE,FALSE,TRUE,FALSE,FALSE,FALSE,FALSE,FALSE
-73.97190389,40.77035335,7G-AM-1010-05,AM,Adult,Gray,Ground,FALSE,indifferent,FALSE,FALSE,FALSE,FALSE,FALSE,TRUE,FALSE,FALSE,FALSE,FALSE,FALSE
-73.96486852,40.78210642,22F-PM-1014-01,PM,Adult,Gray,Ground,FALSE,indifferent,FALSE,FALSE,FALSE,FALSE,TRUE,FALSE,FALSE,FALSE,FALSE,FALSE,FALSE
-73.97938145,40.77090337,4A-PM-1007-01,PM,Adult,Gray,Ground,FALSE,indifferent,FALSE,TRUE,FALSE,TRUE,TRUE,TRUE,FALSE,FALSE,FALSE,FALSE,TRUE
-73.97486355,40.7742591,10C-AM-1018-02,AM,Adult,Gray,Ground,FALSE,indifferent,FALSE,FALSE,FALSE,FALSE,TRUE,FALSE,FALSE,FALSE,FALSE,FALSE,FALSE
-73.96123526,40.79448136,35B-AM-1010-02,AM,Adult,Gray,Ground,FALSE,indifferent,FALSE,FALSE,FALSE,FALSE,FALSE,TRUE,FALSE,FALSE,FALSE,FALSE,FALSE
-73.96464955,40.77912037,19H-PM-1008-01,PM,Adult,Gray,Ground,FALSE,indifferent,FALSE,FALSE,FALSE,FALSE,TRUE,FALSE,FALSE,FALSE,FALSE,FALSE,FALSE
-73.95610768,40.79811458,40D-AM-1013-01,AM,Adult,Gray,Ground,FALSE,indifferent,FALSE,TRUE,FALSE,FALSE,FALSE,FALSE,FALSE,FALSE,FALSE,FALSE,FALSE
-73.95994241,40.79574726,37B-AM-1018-05,AM,Adult,Gray,Ground,FALSE,indifferent,FALSE,FALSE,FALSE,FALSE,FALSE,TRUE,FALSE,FALSE,FALSE,FALSE,FALSE
-73.97661957,40.76619073,1F-AM-1010-04,AM,Adult,Gray,Ground,FALSE,indifferent,FALSE,FALSE,FALSE,FALSE,TRUE,FALSE,FALSE,FALSE,FALSE,FALSE,FALSE
-73.97355337,40.76906056,5F-PM-1007-05,PM,Adult,Gray,Ground,FALSE,indifferent,FALSE,FALSE,FALSE,FALSE,FALSE,TRUE,FALSE,FALSE,FALSE,FALSE,FALSE
-73.97969854,40.76786128,1B-AM-1012-01,AM,Adult,Gray,Ground,FALSE,indifferent,FALSE,FALSE,FALSE,FALSE,FALSE,TRUE,FALSE,FALSE,FALSE,FALSE,FALSE
-73.9691425,40.78054285,18C-AM-1018-02,AM,Adult,Gray,Ground,FALSE,indifferent,FALSE,TRUE,FALSE,FALSE,FALSE,FALSE,FALSE,FALSE,FALSE,FALSE,FALSE
-73.96175943,40.79468037,35A-AM-1014-01,AM,Adult,Gray,Ground,FALSE,indifferent,FALSE,TRUE,FALSE,FALSE,TRUE,FALSE,FALSE,FALSE,FALSE,FALSE,FALSE
-73.97035715,40.76785156,5I-AM-1010-06,AM,Adult,Gray,Ground,FALSE,indifferent,FALSE,FALSE,FALSE,FALSE,FALSE,TRUE,FALSE,FALSE,FALSE,FALSE,FALSE
-73.97147446,40.77362662,10E-AM-1010-01,AM,Adult,Gray,Ground,FALSE,indifferent,FALSE,FALSE,FALSE,FALSE,FALSE,TRUE,FALSE,FALSE,FALSE,FALSE,TRUE
-73.9613128,40.79293215,33B-AM-1010-04,AM,Adult,Gray,Ground,FALSE,indifferent,FALSE,FALSE,FALSE,FALSE,FALSE,TRUE,FALSE,FALSE,FALSE,FALSE,FALSE
-73.97494696,40.76678054,2F-PM-1014-10,PM,Adult,Gray,Ground,FALSE,indifferent,FALSE,TRUE,FALSE,FALSE,FALSE,FALSE,FALSE,FALSE,FALSE,FALSE,FALSE
-73.96645366,40.78276941,21D-AM-1008-03,AM,Adult,Gray,Ground,FALSE,indifferent,FALSE,FALSE,FALSE,FALSE,FALSE,TRUE,FALSE,FALSE,FALSE,FALSE,FALSE
-73.96902418,40.78379676,21B-AM-1019-07,AM,Adult,Gray,Ground,FALSE,indifferent,FALSE,FALSE,FALSE,FALSE,FALSE,TRUE,FALSE,FALSE,FALSE,FALSE,FALSE
-73.97790391,40.76753131,2D-PM-1012-01,PM,Adult,Gray,Ground,FALSE,indifferent,FALSE,FALSE,FALSE,FALSE,FALSE,TRUE,FALSE,FALSE,FALSE,FALSE,FALSE
-73.97210642,40.76670538,3I-AM-1010-01,AM,Adult,Gray,Ground,FALSE,indifferent,FALSE,TRUE,FALSE,FALSE,FALSE,FALSE,FALSE,FALSE,FALSE,FALSE,FALSE
-73.97516259,40.76710234,3F-AM-1006-02,AM,Adult,Gray,Ground,FALSE,indifferent,FALSE,FALSE,FALSE,FALSE,FALSE,TRUE,FALSE,FALSE,FALSE,FALSE,TRUE
-73.9765387,40.76637197,1F-AM-1010-02,AM,Adult,Gray,Ground,FALSE,indifferent,FALSE,FALSE,FALSE,FALSE,TRUE,FALSE,FALSE,FALSE,FALSE,FALSE,FALSE
-73.96981305,40.77450006,12F-PM-1007-15,PM,Adult,Gray,Ground,FALSE,indifferent,FALSE,FALSE,FALSE,FALSE,TRUE,TRUE,FALSE,FALSE,FALSE,FALSE,FALSE
-73.97079575,40.77047272,8H-PM-1014-01,PM,Adult,Gray,Ground,FALSE,indifferent,FALSE,FALSE,FALSE,FALSE,TRUE,FALSE,FALSE,FALSE,FALSE,FALSE,FALSE
-73.96359812,40.79281695,32A-AM-1018-05,AM,Adult,Gray,Ground,FALSE,indifferent,FALSE,TRUE,FALSE,FALSE,FALSE,FALSE,FALSE,FALSE,FALSE,FALSE,FALSE
-73.96941666,40.76977886,8I-PM-1013-03,PM,Adult,Gray,Ground,FALSE,indifferent,FALSE,FALSE,FALSE,FALSE,TRUE,TRUE,FALSE,FALSE,FALSE,FALSE,FALSE
-73.9786351,40.77161142,6A-PM-1012-06,PM,Adult,Gray,Ground,FALSE,indifferent,FALSE,FALSE,TRUE,FALSE,FALSE,TRUE,FALSE,FALSE,FALSE,TRUE,FALSE
-73.9766585,40.76868685,4D-AM-1012-03,AM,Adult,Gray,Ground,FALSE,indifferent,FALSE,FALSE,TRUE,TRUE,FALSE,FALSE,FALSE,FALSE,FALSE,FALSE,TRUE
-73.97368964,40.76776309,4G-AM-1006-01,AM,Adult,Gray,Ground,FALSE,indifferent,FALSE,FALSE,FALSE,FALSE,FALSE,TRUE,FALSE,FALSE,FALSE,FALSE,FALSE
-73.96429887,40.77955913,19H-AM-1010-04,AM,Adult,Gray,Ground,FALSE,indifferent,TRUE,FALSE,FALSE,TRUE,TRUE,TRUE,FALSE,FALSE,FALSE,FALSE,FALSE
-73.95144805,40.79739516,42G-AM-1018-02,AM,Adult,Gray,Ground,FALSE,indifferent,FALSE,TRUE,FALSE,FALSE,FALSE,FALSE,FALSE,FALSE,FALSE,FALSE,FALSE
-73.97658779,40.76609461,1F-AM-1010-04,AM,Adult,Gray,Ground,FALSE,indifferent,FALSE,FALSE,FALSE,FALSE,TRUE,FALSE,FALSE,FALSE,FALSE,FALSE,FALSE
-73.97397376,40.77271305,9D-AM-1008-04,AM,Adult,Gray,Ground,FALSE,indifferent,FALSE,TRUE,FALSE,FALSE,FALSE,FALSE,FALSE,FALSE,FALSE,FALSE,FALSE
-73.96971596,40.77306714,11G-PM-1013-02,PM,Adult,Gray,Ground,FALSE,indifferent,FALSE,FALSE,FALSE,FALSE,FALSE,TRUE,FALSE,FALSE,FALSE,FALSE,FALSE
-73.96044829,40.78986463,31E-PM-1006-07,PM,Adult,Gray,Ground,FALSE,indifferent,FALSE,FALSE,FALSE,FALSE,FALSE,TRUE,FALSE,FALSE,FALSE,FALSE,FALSE
-73.96991885,40.77721804,15E-PM-1008-09,PM,Adult,Gray,Ground,FALSE,indifferent,FALSE,FALSE,FALSE,FALSE,TRUE,TRUE,FALSE,FALSE,FALSE,FALSE,FALSE
-73.97373297,40.77264244,8D-PM-1007-02,PM,Adult,Gray,Ground,FALSE,indifferent,FALSE,FALSE,FALSE,FALSE,TRUE,FALSE,FALSE,FALSE,FALSE,FALSE,FALSE
-73.97663481,40.77177156,7C-AM-1012-01,AM,Adult,Gray,Ground,FALSE,indifferent,FALSE,TRUE,FALSE,FALSE,FALSE,TRUE,FALSE,FALSE,FALSE,FALSE,FALSE
-73.96501983,40.77598643,15I-AM-1008-03,AM,Adult,Gray,Ground,FALSE,indifferent,FALSE,TRUE,FALSE,FALSE,FALSE,FALSE,FALSE,FALSE,FALSE,FALSE,FALSE
-73.97638367,40.77061212,5C-AM-1006-06,AM,Adult,Gray,Ground,FALSE,indifferent,FALSE,FALSE,FALSE,FALSE,TRUE,FALSE,FALSE,FALSE,FALSE,FALSE,FALSE
-73.96155167,40.79052194,31D-AM-1014-04,AM,Juvenile,Gray,Ground,FALSE,indifferent,FALSE,TRUE,FALSE,FALSE,TRUE,TRUE,FALSE,FALSE,FALSE,FALSE,TRUE
-73.97514547,40.77029136,6D-PM-1020-06,PM,Adult,Gray,Ground,FALSE,indifferent,FALSE,FALSE,FALSE,FALSE,FALSE,TRUE,FALSE,FALSE,FALSE,FALSE,FALSE
-73.95849674,40.79773203,39B-PM-1014-05,PM,Adult,Gray,Ground,FALSE,indifferent,FALSE,FALSE,FALSE,FALSE,TRUE,TRUE,FALSE,FALSE,FALSE,FALSE,FALSE
-73.97064286,40.77629339,13E-AM-1017-07,AM,Adult,Gray,Ground,FALSE,indifferent,FALSE,FALSE,FALSE,FALSE,FALSE,TRUE,FALSE,FALSE,FALSE,FALSE,FALSE
-73.95382517,40.79193602,35I-PM-1006-01,PM,Adult,Gray,Ground,FALSE,indifferent,FALSE,FALSE,FALSE,FALSE,FALSE,TRUE,FALSE,FALSE,FALSE,FALSE,FALSE
-73.95821507,40.79628628,38C-AM-1019-08,AM,Juvenile,Gray,Ground,FALSE,indifferent,FALSE,TRUE,FALSE,FALSE,FALSE,TRUE,TRUE,FALSE,FALSE,FALSE,FALSE
-73.9693841,40.77041487,8I-PM-1013-06,PM,Adult,Gray,Ground,FALSE,indifferent,FALSE,FALSE,FALSE,FALSE,FALSE,TRUE,FALSE,FALSE,FALSE,FALSE,FALSE
-73.95983504,40.7973274,38A-PM-1013-04,PM,Adult,Gray,Ground,FALSE,indifferent,FALSE,FALSE,FALSE,TRUE,FALSE,FALSE,FALSE,FALSE,FALSE,FALSE,FALSE
-73.96978407,40.77669404,14E-AM-1008-11,AM,Adult,Gray,Ground,FALSE,indifferent,FALSE,FALSE,FALSE,FALSE,TRUE,TRUE,FALSE,FALSE,FALSE,FALSE,FALSE
-73.97635934,40.77172971,7C-AM-1012-03,AM,Adult,Gray,Ground,FALSE,indifferent,FALSE,FALSE,FALSE,FALSE,FALSE,TRUE,FALSE,FALSE,FALSE,FALSE,FALSE
-73.97595108,40.76928829,5D-AM-1020-04,AM,Adult,Gray,Ground,FALSE,indifferent,FALSE,FALSE,FALSE,FALSE,FALSE,TRUE,FALSE,FALSE,FALSE,FALSE,FALSE
-73.95310419,40.79199168,36I-PM-1007-02,PM,Adult,Gray,Ground,TRUE,indifferent,FALSE,TRUE,TRUE,FALSE,FALSE,TRUE,FALSE,FALSE,FALSE,FALSE,TRUE
-73.97622273,40.7684536,3E-PM-1008-02,PM,Adult,Gray,Ground,FALSE,indifferent,FALSE,FALSE,FALSE,FALSE,FALSE,TRUE,FALSE,FALSE,FALSE,FALSE,FALSE
-73.97348276,40.76561718,2H-PM-1006-02,PM,Adult,Gray,Ground,FALSE,indifferent,FALSE,FALSE,FALSE,FALSE,TRUE,FALSE,FALSE,FALSE,FALSE,FALSE,FALSE
-73.97944816,40.77063857,4A-AM-1007-03,AM,Adult,Gray,Ground,FALSE,indifferent,FALSE,FALSE,FALSE,FALSE,FALSE,TRUE,FALSE,FALSE,FALSE,FALSE,FALSE
-73.98096887,40.7688536,2A-PM-1019-06,PM,Adult,Gray,Ground,FALSE,indifferent,FALSE,FALSE,FALSE,FALSE,FALSE,TRUE,FALSE,FALSE,FALSE,FALSE,FALSE
-73.96018515,40.79686982,38A-AM-1019-05,AM,Adult,Gray,Ground,TRUE,indifferent,FALSE,FALSE,FALSE,FALSE,FALSE,TRUE,FALSE,FALSE,FALSE,FALSE,FALSE
-73.97755714,40.76653166,1E-PM-1007-03,PM,Adult,Gray,Ground,FALSE,indifferent,FALSE,FALSE,FALSE,FALSE,FALSE,TRUE,FALSE,FALSE,FALSE,FALSE,FALSE
-73.9799303,40.76772072,1B-PM-1019-02,PM,Adult,Gray,Ground,FALSE,indifferent,FALSE,TRUE,FALSE,FALSE,FALSE,FALSE,FALSE,FALSE,FALSE,FALSE,FALSE
-73.9704122,40.78240402,19A-PM-1013-02,PM,Adult,Gray,Ground,FALSE,indifferent,FALSE,FALSE,FALSE,FALSE,FALSE,TRUE,FALSE,FALSE,FALSE,FALSE,FALSE
-73.95645991,40.79651851,39D-PM-1012-01,PM,Adult,Gray,Ground,FALSE,indifferent,FALSE,TRUE,FALSE,FALSE,FALSE,TRUE,FALSE,FALSE,FALSE,FALSE,FALSE
-73.96280045,40.79155326,31B-PM-1007-03,PM,Juvenile,Gray,Ground,FALSE,indifferent,FALSE,FALSE,FALSE,FALSE,FALSE,TRUE,FALSE,FALSE,FALSE,FALSE,FALSE
-73.97449174,40.77783887,13A-AM-1017-02,AM,Adult,Gray,Ground,FALSE,indifferent,FALSE,TRUE,FALSE,FALSE,FALSE,FALSE,FALSE,FALSE,FALSE,FALSE,FALSE
-73.96577645,40.78119232,20F-PM-1007-10,PM,Adult,Gray,Ground,FALSE,indifferent,FALSE,FALSE,FALSE,FALSE,FALSE,TRUE,FALSE,FALSE,FALSE,FALSE,FALSE
-73.97489627,40.76787783,4F-PM-1013-02,PM,Adult,Gray,Ground,FALSE,indifferent,FALSE,TRUE,FALSE,FALSE,FALSE,FALSE,FALSE,FALSE,FALSE,TRUE,FALSE
-73.97750689,40.76644244,1E-AM-1006-01,AM,Adult,Gray,Ground,FALSE,indifferent,FALSE,FALSE,FALSE,FALSE,FALSE,TRUE,FALSE,FALSE,FALSE,FALSE,FALSE
-73.96827609,40.77807276,16E-PM-1018-04,PM,Adult,Gray,Ground,FALSE,indifferent,FALSE,FALSE,FALSE,FALSE,FALSE,TRUE,TRUE,FALSE,FALSE,FALSE,FALSE
-73.96872147,40.77928417,17D-AM-1008-07,AM,Adult,Gray,Ground,FALSE,indifferent,FALSE,TRUE,FALSE,FALSE,FALSE,FALSE,FALSE,FALSE,FALSE,FALSE,FALSE
-73.96322385,40.7920329,32B-PM-1010-02,PM,Adult,Gray,Ground,FALSE,indifferent,FALSE,FALSE,FALSE,FALSE,FALSE,TRUE,FALSE,FALSE,FALSE,FALSE,FALSE
-73.95663008,40.79936921,42C-PM-1013-06,PM,Adult,Gray,Ground,FALSE,indifferent,TRUE,FALSE,FALSE,TRUE,TRUE,FALSE,FALSE,FALSE,FALSE,FALSE,FALSE
-73.95519234,40.79683027,40E-PM-1017-01,PM,Adult,Gray,Ground,FALSE,indifferent,FALSE,FALSE,FALSE,FALSE,FALSE,TRUE,FALSE,FALSE,FALSE,FALSE,FALSE
-73.97342064,40.76578547,2H-PM-1006-01,PM,Adult,Gray,Ground,FALSE,indifferent,FALSE,FALSE,FALSE,FALSE,TRUE,FALSE,FALSE,FALSE,FALSE,FALSE,FALSE
-73.950714,40.7957701,41I-PM-1017-01,PM,Adult,Gray,Ground,FALSE,indifferent,FALSE,FALSE,FALSE,FALSE,FALSE,TRUE,FALSE,FALSE,FALSE,FALSE,FALSE
-73.95938953,40.79730858,38B-AM-1019-03,AM,Juvenile,Gray,Ground,FALSE,indifferent,FALSE,FALSE,FALSE,FALSE,TRUE,TRUE,FALSE,FALSE,FALSE,FALSE,TRUE
-73.95628912,40.7953394,38E-AM-1010-11,AM,Adult,Gray,Ground,FALSE,indifferent,FALSE,FALSE,FALSE,FALSE,FALSE,TRUE,FALSE,FALSE,FALSE,TRUE,FALSE
-73.95433737,40.79438891,38G-PM-1020-07,PM,Adult,Gray,Ground,FALSE,indifferent,FALSE,FALSE,TRUE,FALSE,FALSE,TRUE,FALSE,TRUE,FALSE,TRUE,FALSE
-73.97018081,40.77446327,12F-PM-1007-11,PM,Adult,Gray,Ground,FALSE,indifferent,FALSE,FALSE,FALSE,FALSE,FALSE,TRUE,FALSE,FALSE,FALSE,FALSE,FALSE
-73.96379835,40.78287125,23F-PM-1013-04,PM,Adult,Gray,Ground,FALSE,indifferent,FALSE,FALSE,FALSE,FALSE,FALSE,TRUE,FALSE,FALSE,FALSE,FALSE,TRUE
-73.97353836,40.77231247,8D-AM-1007-01,AM,Adult,Gray,Ground,FALSE,indifferent,FALSE,FALSE,FALSE,FALSE,FALSE,TRUE,FALSE,FALSE,FALSE,FALSE,FALSE
-73.96971094,40.77762183,15E-PM-1008-06,PM,Adult,Gray,Ground,FALSE,indifferent,FALSE,FALSE,FALSE,FALSE,TRUE,TRUE,FALSE,FALSE,FALSE,FALSE,FALSE
-73.97617997,40.77421341,9B-AM-1010-07,AM,Adult,Gray,Ground,FALSE,indifferent,FALSE,FALSE,FALSE,FALSE,FALSE,TRUE,FALSE,FALSE,FALSE,FALSE,FALSE
-73.97006343,40.77842237,16D-PM-1010-07,PM,Adult,Gray,Ground,FALSE,indifferent,FALSE,FALSE,TRUE,FALSE,FALSE,FALSE,FALSE,FALSE,FALSE,FALSE,FALSE
-73.97526739,40.76626424,2G-AM-1010-04,AM,Adult,Gray,Ground,FALSE,indifferent,FALSE,FALSE,FALSE,FALSE,TRUE,FALSE,FALSE,FALSE,FALSE,FALSE,FALSE
-73.9729105,40.7672758,4H-PM-1006-02,PM,Adult,Gray,Ground,FALSE,indifferent,FALSE,TRUE,FALSE,FALSE,TRUE,TRUE,FALSE,FALSE,FALSE,FALSE,FALSE
-73.96868008,40.7766739,15F-AM-1007-03,AM,Adult,Gray,Ground,FALSE,indifferent,FALSE,FALSE,FALSE,FALSE,FALSE,TRUE,FALSE,FALSE,FALSE,FALSE,FALSE
-73.97237365,40.76695013,4H-AM-1006-01,AM,Adult,Gray,Ground,FALSE,indifferent,FALSE,FALSE,FALSE,FALSE,FALSE,TRUE,FALSE,FALSE,FALSE,FALSE,FALSE
-73.97428476,40.77317401,9D-AM-1008-02,AM,Adult,Gray,Ground,FALSE,indifferent,FALSE,FALSE,FALSE,FALSE,FALSE,TRUE,FALSE,FALSE,FALSE,FALSE,FALSE
-73.97538256,40.7671662,3F-PM-1013-04,PM,Adult,Gray,Ground,FALSE,indifferent,FALSE,FALSE,FALSE,FALSE,FALSE,TRUE,FALSE,FALSE,FALSE,FALSE,FALSE
-73.98029831,40.76765408,1B-PM-1019-05,PM,Adult,Gray,Ground,FALSE,indifferent,FALSE,FALSE,FALSE,FALSE,TRUE,FALSE,FALSE,FALSE,FALSE,FALSE,FALSE
-73.95760944,40.79653427,38C-PM-1014-07,PM,Adult,Gray,Ground,FALSE,indifferent,FALSE,FALSE,FALSE,TRUE,TRUE,FALSE,FALSE,FALSE,FALSE,FALSE,FALSE
-73.97116343,40.77605533,13D-AM-1014-05,AM,Adult,Gray,Ground,FALSE,indifferent,FALSE,FALSE,TRUE,FALSE,TRUE,TRUE,FALSE,FALSE,FALSE,FALSE,FALSE
-73.97142989,40.77410579,11E-PM-1012-02,PM,Adult,Gray,Ground,FALSE,indifferent,FALSE,FALSE,FALSE,FALSE,FALSE,TRUE,FALSE,FALSE,FALSE,FALSE,FALSE
-73.9765028,40.77173274,7C-AM-1012-02,AM,Adult,Gray,Ground,FALSE,indifferent,FALSE,TRUE,FALSE,FALSE,FALSE,TRUE,FALSE,FALSE,FALSE,FALSE,FALSE
-73.96320964,40.79261384,32A-PM-1013-07,PM,Adult,Gray,Ground,FALSE,indifferent,FALSE,FALSE,TRUE,FALSE,FALSE,FALSE,FALSE,FALSE,FALSE,FALSE,FALSE
-73.98093423,40.76872656,2A-AM-1010-05,AM,Adult,Gray,Ground,TRUE,indifferent,FALSE,FALSE,FALSE,FALSE,TRUE,TRUE,FALSE,FALSE,FALSE,FALSE,TRUE
-73.96640543,40.77561809,14H-PM-1012-07,PM,Adult,Gray,Ground,FALSE,indifferent,FALSE,FALSE,FALSE,FALSE,TRUE,TRUE,FALSE,FALSE,FALSE,FALSE,FALSE
-73.9750618,40.77375212,9B-AM-1010-05,AM,Adult,Gray,Ground,FALSE,indifferent,FALSE,FALSE,FALSE,FALSE,FALSE,TRUE,FALSE,FALSE,FALSE,FALSE,TRUE
-73.95874398,40.78490061,27I-AM-1007-04,AM,Adult,Gray,Ground,FALSE,indifferent,TRUE,FALSE,FALSE,FALSE,FALSE,TRUE,FALSE,FALSE,FALSE,FALSE,FALSE
-73.95560837,40.79652237,39E-AM-1018-02,AM,Adult,Gray,Ground,FALSE,indifferent,FALSE,FALSE,FALSE,FALSE,FALSE,TRUE,FALSE,FALSE,FALSE,FALSE,FALSE
-73.95860757,40.79836955,40B-PM-1014-04,PM,Adult,Gray,Ground,FALSE,indifferent,FALSE,FALSE,FALSE,FALSE,FALSE,TRUE,FALSE,FALSE,FALSE,FALSE,FALSE
-73.95525956,40.7889533,32I-PM-1007-01,PM,Adult,Gray,Ground,FALSE,indifferent,FALSE,FALSE,FALSE,TRUE,TRUE,TRUE,FALSE,FALSE,FALSE,FALSE,TRUE
-73.96511329,40.79053841,29A-PM-1019-02,PM,Adult,Gray,Ground,FALSE,indifferent,FALSE,FALSE,FALSE,FALSE,FALSE,TRUE,FALSE,FALSE,FALSE,FALSE,FALSE
-73.9693263,40.78326041,21B-AM-1019-01,AM,Juvenile,Gray,Ground,FALSE,indifferent,FALSE,FALSE,FALSE,FALSE,FALSE,TRUE,FALSE,FALSE,FALSE,FALSE,FALSE
-73.95792923,40.79762878,39C-PM-1006-04,PM,Adult,Gray,Ground,FALSE,indifferent,FALSE,FALSE,FALSE,FALSE,FALSE,TRUE,FALSE,FALSE,FALSE,FALSE,FALSE
-73.97147872,40.77980495,16B-PM-1017-01,PM,Adult,Gray,Ground,FALSE,indifferent,FALSE,FALSE,FALSE,FALSE,TRUE,TRUE,FALSE,FALSE,FALSE,FALSE,FALSE
-73.97650164,40.77406729,9A-AM-1013-06,AM,Juvenile,Gray,Ground,FALSE,indifferent,FALSE,FALSE,TRUE,FALSE,TRUE,FALSE,FALSE,FALSE,FALSE,FALSE,FALSE
-73.96615705,40.78072715,20E-AM-1014-02,AM,Adult,Gray,Ground,FALSE,indifferent,FALSE,FALSE,FALSE,FALSE,TRUE,TRUE,FALSE,FALSE,FALSE,FALSE,FALSE
-73.97159772,40.77421727,11E-AM-1013-03,AM,Adult,Gray,Ground,FALSE,indifferent,FALSE,FALSE,FALSE,FALSE,FALSE,TRUE,FALSE,FALSE,FALSE,FALSE,FALSE
-73.97448474,40.76924227,5E-AM-1008-04,AM,Adult,Gray,Ground,FALSE,indifferent,FALSE,FALSE,FALSE,FALSE,FALSE,TRUE,FALSE,FALSE,FALSE,FALSE,FALSE
-73.96908322,40.78234334,20B-PM-1013-06,PM,Adult,Gray,Ground,FALSE,indifferent,FALSE,FALSE,TRUE,FALSE,FALSE,FALSE,FALSE,FALSE,FALSE,FALSE,TRUE
-73.96492303,40.78217662,22F-PM-1014-02,PM,Adult,Gray,Ground,FALSE,indifferent,FALSE,FALSE,FALSE,FALSE,FALSE,TRUE,FALSE,FALSE,FALSE,TRUE,FALSE
-73.97201024,40.76921439,6G-PM-1020-01,PM,Adult,Gray,Ground,FALSE,indifferent,FALSE,TRUE,TRUE,FALSE,FALSE,FALSE,FALSE,FALSE,FALSE,FALSE,FALSE
-73.96982464,40.77114728,9H-AM-1006-04,AM,Adult,Gray,Ground,FALSE,indifferent,FALSE,FALSE,FALSE,FALSE,TRUE,FALSE,FALSE,FALSE,FALSE,FALSE,FALSE
-73.97771243,40.77040511,5B-AM-1008-03,AM,Adult,Gray,Ground,FALSE,indifferent,FALSE,TRUE,FALSE,FALSE,TRUE,TRUE,FALSE,FALSE,FALSE,FALSE,FALSE
-73.95589957,40.79600977,39E-AM-1018-05,AM,Adult,Gray,Ground,FALSE,indifferent,FALSE,FALSE,FALSE,FALSE,FALSE,TRUE,FALSE,FALSE,FALSE,TRUE,FALSE
-73.95308113,40.79830691,42F-AM-1019-02,AM,Adult,Gray,Ground,FALSE,indifferent,FALSE,FALSE,FALSE,FALSE,TRUE,TRUE,FALSE,FALSE,FALSE,FALSE,FALSE
-73.96459317,40.77803749,18H-PM-1014-02,PM,Adult,Gray,Ground,FALSE,indifferent,FALSE,FALSE,FALSE,FALSE,FALSE,TRUE,FALSE,FALSE,FALSE,FALSE,FALSE
-73.97262361,40.77882178,15B-PM-1017-03,PM,Adult,Gray,Ground,FALSE,indifferent,FALSE,TRUE,FALSE,FALSE,FALSE,TRUE,FALSE,FALSE,FALSE,FALSE,FALSE
-73.97973415,40.76821502,2B-AM-1010-06,AM,Adult,Gray,Ground,FALSE,indifferent,FALSE,FALSE,FALSE,FALSE,FALSE,TRUE,FALSE,FALSE,FALSE,FALSE,FALSE
-73.97203898,40.77635241,13C-PM-1019-02,PM,Adult,Gray,Ground,FALSE,indifferent,FALSE,TRUE,FALSE,FALSE,FALSE,FALSE,FALSE,FALSE,FALSE,FALSE,TRUE
-73.97848727,40.76881226,3C-AM-1007-01,AM,Adult,Gray,Ground,FALSE,indifferent,FALSE,TRUE,FALSE,FALSE,FALSE,FALSE,FALSE,FALSE,FALSE,FALSE,FALSE
-73.959726,40.79070742,32E-AM-1007-04,AM,Adult,Gray,Ground,FALSE,indifferent,FALSE,FALSE,FALSE,FALSE,FALSE,TRUE,FALSE,FALSE,FALSE,FALSE,FALSE
-73.96852016,40.78332926,21B-AM-1019-05,AM,Adult,Gray,Ground,FALSE,indifferent,FALSE,TRUE,FALSE,FALSE,FALSE,TRUE,FALSE,FALSE,FALSE,FALSE,FALSE
-73.96573919,40.77650247,16H-PM-1014-01,PM,Juvenile,Gray,Ground,FALSE,indifferent,FALSE,TRUE,FALSE,FALSE,FALSE,FALSE,FALSE,FALSE,FALSE,FALSE,FALSE
-73.96995735,40.77658578,14E-AM-1008-10,AM,Adult,Gray,Ground,FALSE,indifferent,FALSE,FALSE,FALSE,FALSE,TRUE,TRUE,FALSE,FALSE,FALSE,FALSE,FALSE
-73.96721605,40.78302639,21C-AM-1014-05,AM,Adult,Gray,Ground,FALSE,indifferent,FALSE,TRUE,FALSE,FALSE,FALSE,FALSE,FALSE,FALSE,FALSE,TRUE,FALSE
-73.96045995,40.7915035,32D-PM-1006-06,PM,Juvenile,Gray,Ground,FALSE,indifferent,FALSE,TRUE,FALSE,FALSE,FALSE,FALSE,FALSE,FALSE,FALSE,FALSE,TRUE
-73.96802044,40.77438823,13H-PM-1010-08,PM,Adult,Gray,Ground,FALSE,indifferent,FALSE,TRUE,FALSE,FALSE,FALSE,FALSE,FALSE,FALSE,FALSE,FALSE,FALSE
-73.96512062,40.77852791,18G-AM-1014-02,AM,Adult,Gray,Ground,FALSE,indifferent,FALSE,TRUE,FALSE,FALSE,FALSE,FALSE,FALSE,FALSE,FALSE,FALSE,FALSE
-73.95858621,40.79865493,40A-PM-1014-05,PM,Adult,Gray,Ground,FALSE,indifferent,FALSE,FALSE,FALSE,FALSE,TRUE,TRUE,FALSE,FALSE,FALSE,FALSE,FALSE
-73.95417481,40.79527584,39F-PM-1006-01,PM,Adult,Gray,Ground,FALSE,indifferent,FALSE,FALSE,FALSE,FALSE,FALSE,TRUE,FALSE,FALSE,FALSE,FALSE,FALSE
-73.97362383,40.76887128,5F-PM-1007-04,PM,Adult,Gray,Ground,FALSE,indifferent,FALSE,FALSE,FALSE,FALSE,FALSE,TRUE,FALSE,FALSE,FALSE,FALSE,TRUE
-73.97225308,40.7667138,3I-AM-1010-05,AM,Adult,Gray,Ground,FALSE,indifferent,FALSE,FALSE,FALSE,FALSE,FALSE,TRUE,FALSE,FALSE,FALSE,FALSE,FALSE
-73.96305961,40.79257206,32A-AM-1018-04,AM,Adult,Gray,Ground,FALSE,indifferent,FALSE,FALSE,FALSE,FALSE,FALSE,TRUE,FALSE,FALSE,FALSE,TRUE,FALSE
-73.97132576,40.77627196,13D-AM-1014-09,AM,Adult,Gray,Ground,FALSE,indifferent,FALSE,FALSE,FALSE,FALSE,TRUE,TRUE,FALSE,FALSE,FALSE,FALSE,FALSE
-73.96190193,40.79244764,33B-PM-1010-05,PM,Adult,Gray,Ground,FALSE,indifferent,FALSE,FALSE,FALSE,FALSE,FALSE,FALSE,FALSE,FALSE,FALSE,FALSE,FALSE
-73.96314685,40.79261104,32A-AM-1018-03,AM,Adult,Gray,Ground,FALSE,indifferent,FALSE,FALSE,FALSE,FALSE,FALSE,TRUE,FALSE,FALSE,FALSE,FALSE,FALSE
-73.9688817,40.78291203,20B-PM-1013-09,PM,Adult,Gray,Ground,FALSE,indifferent,FALSE,FALSE,FALSE,FALSE,FALSE,TRUE,FALSE,FALSE,FALSE,FALSE,FALSE
-73.97164146,40.77176011,9F-PM-1014-06,PM,Adult,Gray,Ground,FALSE,indifferent,FALSE,TRUE,FALSE,FALSE,TRUE,FALSE,FALSE,FALSE,FALSE,TRUE,FALSE
-73.97001589,40.77623591,14E-AM-1008-18,AM,Adult,Gray,Ground,FALSE,indifferent,FALSE,FALSE,FALSE,FALSE,TRUE,TRUE,FALSE,FALSE,FALSE,FALSE,FALSE
-73.95637248,40.78825046,31I-PM-1019-04,PM,Adult,Gray,Ground,FALSE,indifferent,FALSE,TRUE,FALSE,FALSE,FALSE,FALSE,FALSE,FALSE,FALSE,FALSE,FALSE
-73.95707223,40.79857061,40C-AM-1017-04,AM,Adult,Gray,Ground,FALSE,indifferent,FALSE,FALSE,TRUE,FALSE,TRUE,TRUE,FALSE,FALSE,FALSE,FALSE,FALSE
-73.96172071,40.7922839,33B-AM-1010-01,AM,Adult,Gray,Ground,FALSE,indifferent,FALSE,FALSE,FALSE,FALSE,FALSE,TRUE,FALSE,FALSE,FALSE,FALSE,FALSE
-73.97003335,40.77725939,15E-PM-1008-08,PM,Adult,Gray,Ground,FALSE,indifferent,FALSE,FALSE,FALSE,FALSE,TRUE,FALSE,FALSE,FALSE,FALSE,FALSE,FALSE
-73.96882934,40.7738958,12G-AM-1012-04,AM,Adult,Gray,Ground,FALSE,indifferent,FALSE,FALSE,FALSE,FALSE,FALSE,TRUE,FALSE,FALSE,FALSE,FALSE,TRUE
-73.97755922,40.76684853,1D-PM-1007-01,PM,Adult,Gray,Ground,FALSE,indifferent,FALSE,FALSE,FALSE,FALSE,FALSE,TRUE,FALSE,FALSE,FALSE,FALSE,FALSE
-73.97109918,40.76898278,6H-PM-1020-01,PM,Adult,Gray,Ground,FALSE,indifferent,FALSE,FALSE,FALSE,FALSE,FALSE,TRUE,FALSE,FALSE,FALSE,FALSE,FALSE
-73.97443902,40.76631684,2G-AM-1010-02,AM,Adult,Gray,Ground,FALSE,indifferent,FALSE,FALSE,FALSE,FALSE,TRUE,FALSE,FALSE,FALSE,FALSE,FALSE,FALSE
-73.96351404,40.7912808,31B-AM-1017-01,AM,Adult,Gray,Ground,FALSE,indifferent,FALSE,FALSE,FALSE,FALSE,TRUE,FALSE,FALSE,FALSE,FALSE,FALSE,FALSE
-73.97040159,40.78256001,19A-PM-1013-05,PM,Adult,Gray,Ground,FALSE,indifferent,FALSE,FALSE,FALSE,FALSE,FALSE,TRUE,FALSE,FALSE,FALSE,FALSE,FALSE
-73.9665872,40.78367751,22D-PM-1012-07,PM,Adult,Gray,Ground,FALSE,indifferent,FALSE,FALSE,FALSE,FALSE,TRUE,TRUE,FALSE,FALSE,FALSE,FALSE,FALSE
