year,title,reason,test,budget,domestic,international,runtime,votes,metascore,imdb,rating,language,country,writer,director,genre,plot
1971,Escape from the Planet of the Apes,notalk,fail,14.39,70.78,70.78,98,16126,NA,6.2,G,English,USA,"Paul Dehn, Pierre Boulle (characters creator)",Don Taylor,"Action, Sci-Fi","The world is shocked by the appearance of two talking chimpanzees, who arrived mysteriously in a U.S. spacecraft. They become the toast of society; but one man believes them to be a threat to the human race."
1971,Shaft,notalk,fail,305.06,404.7,616.83,100,10275,NA,6.6,R,English,USA,"Ernest Tidyman (screenplay), John D.F. Black (screenplay), Ernest Tidyman (novel)",Gordon Parks,"Action, Crime, Thriller",Cool black private eye John Shaft is hired by a crime lord to find and retrieve his kidnapped daughter.
1971,Straw Dogs,notalk,fail,143.86,59.41,64.76,118,37726,NA,7.6,R,English,"USA, UK","David Zelag Goodman (screenplay), Sam Peckinpah (screenplay), Gordon Williams (novel)",Sam Peckinpah,Thriller,A young American and his English wife come to rural England and face increasingly vicious local harassment.
1971,The French Connection,notalk,fail,12.66,236.85,236.85,104,62153,96,7.8,R,"English, French",USA,"Ernest Tidyman (screenplay), Robin Moore (based on the book by)",William Friedkin,"Action, Crime, Thriller",A pair of NYC cops in the Narcotics Bureau stumble onto a drug smuggling job with a French connection.
1972,The Godfather,notalk,fail,39,752.05,1496.12,175,820387,100,9.2,R,"English, Italian, Latin",USA,"Mario Puzo (screenplay), Francis Ford Coppola (screenplay), Mario Puzo (novel)",Francis Ford Coppola,"Crime, Drama",The aging patriarch of an organized crime dynasty transfers control of his clandestine empire to his reluctant son.
1973,American Graffiti,men,fail,4.07,603.05,734.15,110,53010,NA,7.5,PG,English,USA,"George Lucas, Gloria Katz, Willard Huyck",George Lucas,"Comedy, Drama",A couple of high school grads spend one final night cruising the strip with their buddies before they go off to college.
1973,High Plains Drifter,notalk,fail,82.33,82.33,82.33,105,26732,NA,7.7,R,English,USA,Ernest Tidyman,Clint Eastwood,Western,A gunfighting stranger comes to the small settlement of Lago and is hired to bring the townsfolk together in an attempt to hold off three outlaws who are on their way.
1973,Sleeper,notalk,fail,10.49,96.2,96.2,89,26914,NA,7.3,PG,"English, Yiddish",USA,"Woody Allen, Marshall Brickman",Woody Allen,"Comedy, Sci-Fi",A nerdish store owner is revived out of cryostasis into a future world to fight an oppressive government.
1973,The Sting,notalk,fail,28.84,837.01,837.01,129,127707,NA,8.4,PG,English,USA,David S. Ward,George Roy Hill,"Comedy, Crime, Drama","In 1930s Chicago, a young con man seeking revenge for his murdered partner teams up with a master of the big con to win a fortune from a criminal banker."
1973,The Exorcist,pass,pass,62.93,1074.31,2111.9,122,229913,82,8,R,"English, Latin, Greek, French, German, Arabic",USA,"William Peter Blatty (written for the screen by), William Peter Blatty (novel)",William Friedkin,Horror,"When a teenage girl is possessed by a mysterious entity, her mother seeks the help of two priests to save her daughter."
1974,Young Frankenstein,men,fail,13.23,407.66,407.66,106,92291,NA,8.1,PG,"English, German",USA,"Gene Wilder (screen story and screenplay), Mel Brooks (screen story and screenplay), Mary Shelley (novel)",Mel Brooks,Comedy,"Dr. Frankenstein's grandson, after years of living down the family reputation, inherits granddad's castle and repeats the experiments."
1974,Blazing Saddles,notalk,fail,12.28,564.49,564.49,93,74209,NA,7.8,R,"English, Yiddish, German",USA,"Mel Brooks (screenplay), Norman Steinberg (screenplay), Andrew Bergman (screenplay), Richard Pryor (screenplay), Alan Uger (screenplay), Andrew Bergman (story)",Mel Brooks,"Comedy, Western","To ruin a western town, a corrupt political boss appoints a black sheriff, who promptly becomes his most formidable adversary."
1974,The Conversation,notalk,fail,7.56,20.88,20.88,113,59858,86,8,PG,English,USA,Francis Ford Coppola,Francis Ford Coppola,"Drama, Mystery, Thriller","A paranoid, secretive surveillance expert has a crisis of conscience when he suspects that a couple he is spying on will be murdered."
1974,The Texas Chain Saw Massacre,notalk,fail,0.66,125.52,125.52,83,72457,75,7.5,R,English,USA,"Kim Henkel (story), Tobe Hooper (story)",Tobe Hooper,Horror,Five friends visiting their grandfather's house in the country are hunted and terrorized by a chain-saw wielding killer and his family of grave-robbing cannibals.
1974,The Towering Inferno,notalk,fail,0.66,125.52,125.52,165,24571,NA,6.9,PG,English,USA,"Richard Martin Stern (novel), Thomas N. Scortia (novel), Frank M. Robinson (novel), Stirling Silliphant (screenplay)",John Guillermin,Action,"At the opening party of a collosal, but poorly constructed, office building, a massive fire breaks out that threatens to destroy the tower and everyone in it."
1974,Black Christmas,pass,pass,42.51,76.69,76.69,98,17367,NA,7.3,R,English,Canada,Roy Moore (screenplay),Bob Clark,"Horror, Mystery, Thriller",A sorority house is terrorized by a stranger who makes frightening phone calls and then murders the sorority sisters during Christmas break.
1974,The Godfather: Part II,pass,pass,61.41,270.67,270.67,200,540581,80,9.1,R,"English, Italian, Spanish, Latin, Sicilian",USA,"Francis Ford Coppola (screenplay), Mario Puzo (screenplay), Mario Puzo (based on the novel ""The Godfather"" by)",Francis Ford Coppola,"Crime, Drama","The early life and career of Vito Corleone in 1920s New York is portrayed while his son, Michael, expands and tightens his grip on his crime syndicate stretching from Lake Tahoe, Nevada to pre-revolution 1958 Cuba."
1975,The Rocky Horror Picture Show,dubious,fail,5.19,605.4,605.4,100,79895,58,7.4,R,English,"UK, USA","Richard O'Brien (original musical play), Jim Sharman (screenplay), Richard O'Brien (screenplay)",Jim Sharman,"Comedy, Musical",A newly engaged couple have a breakdown in an isolated area and must pay a call to the bizarre residence of Dr. Frank-N-Furter.
1975,Monty Python and the Holy Grail,men,fail,1.73,14.84,21.77,91,284261,90,8.4,PG,"English, French, Latin",UK,"Graham Chapman, John Cleese, Eric Idle, Terry Gilliam, Terry Jones, Michael Palin","Terry Gilliam, Terry Jones","Adventure, Comedy, Fantasy","King Arthur and his knights embark on a low-budget search for the Grail, encountering many very silly obstacles."
1975,Barry Lyndon,notalk,fail,47.61,86.56,86.56,184,74769,NA,8.1,PG,"English, German, French","UK, USA","Stanley Kubrick (written for the screen by), William Makepeace Thackeray (novel)",Stanley Kubrick,Drama,An Irish rogue wins the heart of a rich widow and assumes her dead husband's aristocratic position in 18th-century England.
1975,Jaws,notalk,fail,51.94,1125.31,2037.24,124,290173,79,8.1,PG,English,USA,"Peter Benchley (screenplay), Carl Gottlieb (screenplay), Peter Benchley (novel)",Steven Spielberg,"Adventure, Horror, Thriller","When a gigantic great white shark begins to menace the small island community of Amity, a police chief, a marine scientist and grizzled fisherman set out to stop it."
1976,Assault on Precinct 13,notalk,fail,122.75,82,147.47,91,24133,NA,7.4,R,English,USA,John Carpenter,John Carpenter,"Action, Crime, Thriller",The lone inhabitants of an abandoned police station are under attack by the overwhelming numbers of a seemingly unstoppable street gang.
1976,Rocky,notalk,fail,4.09,479.71,920.66,119,242348,NA,8.1,PG,English,USA,Sylvester Stallone,John G. Avildsen,"Drama, Sport","Rocky Balboa, a small-time boxer gets a supremely rare chance to fight the heavy-weight champion, Apollo Creed, in a bout in which he strives to go the distance for his self-respect."
1976,Silent Movie,notalk,fail,18,147.9,147.9,87,9951,NA,6.6,PG,N/A,USA,"Mel Brooks (screenplay), Ron Clark (screenplay), Rudy De Luca (screenplay), Barry Levinson (screenplay), Ron Clark (story)",Mel Brooks,Comedy,A film director and his strange friends struggle to produce the first major silent feature film in forty years.
1976,Taxi Driver,notalk,fail,4.09,115.65,115.65,113,351083,93,8.4,R,"English, Spanish",USA,Paul Schrader,Martin Scorsese,"Crime, Drama","A mentally unstable Vietnam war veteran works as a night-time taxi driver in New York City where the perceived decadence and sleaze feeds his urge for violent action, attempting to save a preadolescent prostitute in the process."
1976,Family Plot,pass,pass,12.28,54.01,54.01,120,12236,NA,6.8,PG,English,USA,"Ernest Lehman (screenplay), Victor Canning (novel)",Alfred Hitchcock,"Comedy, Thriller",Lighthearted suspense film about a phony psychic/con artist and her taxi driver/private investigator boyfriend who encounter a pair of serial kidnappers while trailing a missing heir in California.
1976,Network,pass,pass,15.55,96.93,96.93,121,75531,NA,8.2,R,English,USA,Paddy Chayefsky (by),Sidney Lumet,Drama,A television network cynically exploits a deranged former anchor's ravings and revelations about the news media for its own profit.
1976,Sparkle,pass,pass,40.92,99.83,100.91,98,853,NA,7.1,PG,English,USA,"Howard Rosenman (story), Joel Schumacher",Sam O'Steen,"Drama, Music",A girl group experiences turmoil after one of their members turns to drugs and another achieves their desired fame all by herself.
1977,A Bridge Too Far,notalk,fail,99.92,195.23,195.23,175,32766,NA,7.4,PG,"English, German, Dutch, Polish, Latin","USA, UK","Cornelius Ryan (book), William Goldman (screenplay)",Richard Attenborough,"Drama, History, War","A historical telling of the failed attempt to capture several bridges on a road to Germany in World War II, in a campaign called Operation Market-Garden."
1977,Close Encounters of the Third Kind,notalk,fail,76.86,637.96,1297.83,137,109786,91,7.7,PG,"English, French, Spanish, Hindi",USA,Steven Spielberg,Steven Spielberg,"Adventure, Drama, Sci-Fi","After an encounter with UFOs, a line worker feels undeniably drawn to an isolated area in the wilderness where something spectacular is about to happen."
1977,High Anxiety,notalk,fail,13.07,119.38,119.38,94,11500,NA,6.7,PG,English,USA,"Mel Brooks, Ron Clark, Rudy De Luca, Barry Levinson",Mel Brooks,Comedy,"Dr. Richard Thorndyke arrives as new administrator of the Psychoneurotic Institute for the Very, VERY Nervous to discover some suspicious goings-on. When he's framed for murder, Dr. ..."
1977,Annie Hall,pass,pass,15.37,147.01,147.01,93,138710,NA,8.2,PG,"English, German",USA,"Woody Allen, Marshall Brickman",Woody Allen,"Comedy, Romance",Neurotic New York comedian Alvy Singer falls in love with the ditsy Annie Hall.
1977,Julia,pass,pass,23.06,0.25,5.25,117,5112,NA,7.5,PG,"English, French, German, Russian",USA,"Lillian Hellman (based upon the story by), Alvin Sargent (screenplay)",Fred Zinnemann,Drama,"At the behest of an old and dear friend, playwright Lillian Hellman undertakes a dangerous mission to smuggle funds into Nazi Germany."
1978,Halloween,dubious,fail,53.56,208.06,276.78,91,121971,85,7.9,R,English,USA,"John Carpenter (screenplay), Debra Hill (screenplay)",John Carpenter,"Horror, Thriller","A psychotic murderer institutionalized since childhood for the murder of his sister, escapes and stalks a bookish teenage girl and her friends while his doctor chases him through the streets."
1978,Animal House,men,fail,10.71,505.61,505.61,109,74769,82,7.7,R,"English, Italian",USA,"Harold Ramis, Douglas Kenney, Chris Miller",John Landis,"Comedy, Romance","At a 1962 College, Dean Vernon Wormer is determined to expel the entire Delta Tau Chi Fraternity, but those troublemakers have other plans for him."
1978,Superman,notalk,fail,196.39,479.25,1071.93,143,99252,86,7.4,PG,English,"USA, UK","Jerry Siegel (creator), Joe Shuster (creator), Mario Puzo (story), Mario Puzo (screenplay), David Newman (screenplay), Leslie Newman (screenplay), Robert Benton (screenplay)",Richard Donner,"Action, Fantasy, Sci-Fi","An alien orphan is sent from his dying planet to Earth, where he grows up to become his adoptive home's first and greatest superhero."
1978,The Deer Hunter,notalk,fail,53.56,178.54,178.54,182,173855,73,8.2,R,"English, Russian, Vietnamese, French","UK, USA","Michael Cimino (story), Deric Washburn (story), Louis Garfinkle (story), Quinn K. Redeker (story), Deric Washburn (screenplay)",Michael Cimino,"Drama, War",An in-depth examination of the way that the Vietnam war affects the lives of people in a small industrial town in the USA.
1978,Days of Heaven,pass,pass,10.71,12.31,13.07,94,28137,93,8,PG,"English, Italian",USA,Terrence Malick,Terrence Malick,"Drama, Romance",A hot-tempered farm laborer convinces the woman he loves to marry their rich but dying boss so that they can have a claim to his fortune.
1978,Grease,pass,pass,21.42,649.2,1383.7,110,122176,70,7.2,PG-13,English,USA,"Jim Jacobs (based on the original musical by), Warren Casey (based on the original musical by), Bronte Woodard (screenplay), Allan Carr (adaptation)",Randal Kleiser,"Musical, Romance","Good girl Sandy and greaser Danny fell in love over the summer. But when they unexpectedly discover they're now in the same high school, will they be able to rekindle their romance?"
1979,Moonraker,notalk,fail,99.5,225.63,674.97,126,52975,NA,6.2,PG,"English, Italian","UK, France",Christopher Wood (screenplay),Lewis Gilbert,"Action, Adventure, Crime",James Bond investigates the mid-air theft of a space shuttle and discovers a plot to commit global genocide.
1979,Star Trek: The Motion Picture,notalk,fail,112.33,264.01,446.13,132,49699,48,6.3,PG,"English, Klingon",USA,"Gene Roddenberry (television series Star Trek), Alan Dean Foster (story), Harold Livingston (screenplay)",Robert Wise,"Adventure, Mystery, Sci-Fi","When a destructive space entity is spotted approaching Earth, Admiral Kirk resumes command of the Starship Enterprise in order to intercept, examine and hopefully stop the intruder."
1979,Apocalypse Now,nowomen,fail,101.1,252.91,252.91,153,333237,90,8.5,R,"English, French, Vietnamese, Khmer",USA,"John Milius, Francis Ford Coppola, Michael Herr (narration)",Francis Ford Coppola,"Drama, War","During the U.S.-Viet Nam War, Captain Willard is sent on a dangerous mission into Cambodia to assassinate a renegade colonel who has set himself up as a god among a local tribe."
1979,Alien,pass,pass,28.89,259.75,653.57,117,391087,83,8.5,R,"English, Spanish","USA, UK","Dan O'Bannon (story), Ronald Shusett (story), Dan O'Bannon (screenplay)",Ridley Scott,"Horror, Sci-Fi","The commercial vessel Nostromo receives a distress call from an unexplored planet. After searching for survivors, the crew heads home only to realize that a deadly bioform has joined them."
1979,The Amityville Horror,pass,pass,59.38,209.37,350.41,117,22255,NA,6.2,R,English,USA,"Sandor Stern (screenplay), Jay Anson (book)",Stuart Rosenberg,Horror,"Newlyweds move into a house where a murder was committed, and experience strange manifestations which drive them away."
1980,Airplane!,dubious,fail,9.9,235.99,235.99,88,121941,NA,7.8,PG,English,USA,"Jim Abrahams (written for the screen by), David Zucker (written for the screen by), Jerry Zucker (written for the screen by)","Jim Abrahams, David Zucker, Jerry Zucker",Comedy,An airplane crew takes ill. Surely the only person capable of landing the plane is an ex-pilot afraid to fly. But don't call him Shirley.
1980,Flash Gordon,dubious,fail,98.97,76.66,76.66,111,29145,63,6.4,PG,English,"USA, UK","Lorenzo Semple Jr. (screenplay), Michael Allin (adaptation), Alex Raymond (based on the characters created by)",Mike Hodges,"Action, Adventure, Fantasy",A football player and his friends travel to the planet Mongo and find themselves fighting the tyranny of Ming the Merciless to save Earth.
1980,Superman II,dubious,fail,152.7,305.92,305.92,127,56800,87,6.8,PG,"English, French, Russian","USA, UK","Jerry Siegel (characters), Joe Shuster (characters), Mario Puzo (story), Mario Puzo (screenplay), David Newman (screenplay), Leslie Newman (screenplay)","Richard Lester, Richard Donner","Action, Sci-Fi","Superman agrees to sacrifice his powers to marry Lois, unaware that three Kryptonian criminals he inadvertently released are conquering Earth."
1980,Somewhere in Time,men,fail,14.42,27.46,27.46,103,16800,29,7.3,PG,English,USA,"Richard Matheson (screenplay), Richard Matheson (novel)",Jeannot Szwarc,"Drama, Fantasy, Romance",A Chicago playwright uses self-hypnosis to find the actress whose vintage portrait hangs in a grand hotel.
1980,The Shining,men,fail,53.73,124.47,124.47,144,418972,61,8.5,R,English,"UK, USA","Stephen King (novel), Stanley Kubrick (screenplay), Diane Johnson (screenplay)",Stanley Kubrick,Horror,"A family heads to an isolated hotel for the winter where an evil and spiritual presence influences the father into violence, while his psychic son sees horrific forebodings from the past and of the future."
1980,Raging Bull,notalk,fail,50.9,66.11,66.11,129,173235,92,8.3,R,English,USA,"Jake LaMotta (based on the book by), Joseph Carter (with), Peter Savage (with), Paul Schrader (screenplay), Mardik Martin (screenplay)",Martin Scorsese,"Biography, Drama, Sport","An emotionally self-destructive boxer's journey through life, as the violence and temper that leads him to the top in the ring, destroys his life outside it."
1980,The Blues Brothers,notalk,fail,76.35,161.83,161.83,133,110332,NA,8,R,English,USA,"Dan Aykroyd, John Landis",John Landis,"Action, Comedy, Musical","Jake Blues, just out from prison, puts together his old band to save the Catholic home where he and brother Elwood were raised."
1980,Star Wars: Episode V - The Empire Strikes Back,nowomen,fail,65.04,820.82,1510.51,124,565009,78,8.8,PG,English,USA,"Leigh Brackett (screenplay), Lawrence Kasdan (screenplay), George Lucas (story)",Irvin Kershner,"Action, Adventure, Sci-Fi","After the rebels have been brutally overpowered by the Empire on their newly established base, Luke Skywalker takes advanced Jedi training with Master Yoda, while his friends are pursued by Darth Vader as part of his plan to capture Luke."
1980,Fame,pass,pass,50.9,63.5,220.44,134,13478,NA,6.5,R,"English, Spanish, French",USA,Christopher Gore,Alan Parker,"Drama, Music, Musical",A chronicle of the lives of several teenagers who attend a New York high school for students gifted in the performing arts.
1980,Private Benjamin,pass,pass,42.42,197.51,197.51,109,14584,NA,6,R,English,USA,"Nancy Meyers, Charles Shyer, Harvey Miller",Howard Zieff,"Comedy, War",A sheltered young high society woman joins the army on a whim and finds herself in a more difficult situation than she ever expected.
1980,The Fog,pass,pass,50.9,83.45,104.76,89,35554,NA,6.8,R,English,USA,"John Carpenter, Debra Hill",John Carpenter,Horror,"A Northern California fishing town, built 100 years ago over an old leper colony, becomes shrouded by a killer fog containing zombie-like ghosts seeking revenge for their deaths."
1981,Friday the 13th Part 2,notalk,fail,3.2,55.65,55.65,87,28791,NA,6,R,English,USA,"Ron Kurz, Victor Miller (characters)",Steve Miner,"Horror, Mystery, Thriller","Mrs. Voorhees is dead, and Camp Crystal Lake is shut down, but a camp next to the infamous place is stalked by an unknown assailant. Is it Mrs. Voorhees' son Jason who didn't drown in the lake some 30 years before?"
1981,Heavy Metal,notalk,fail,23.83,50.14,50.14,86,18505,NA,6.7,R,English,Canada,"Daniel Goldberg (screenplay), Len Blum (screenplay), Dan O'Bannon (original story), Daniel Goldberg (story), Len Blum (story), Richard Corben (original story), Bernie Wrightson (original story), Dan O'Bannon (story), Angus McKie (original story), Daniel Goldberg (story), Len Blum (story)",Gerald Potterton,"Animation, Adventure, Fantasy","A glowing orb terrorizes a young girl with a collection of stories of dark fantasy, eroticism and horror."
1981,History of the World: Part I,notalk,fail,28.18,81.14,81.14,92,28166,NA,6.8,R,"English, Latin, French",USA,Mel Brooks,Mel Brooks,"Comedy, Musical",Mel Brooks brings his one-of-a-kind comic touch to the history of mankind covering events from the Old Testament to the French Revolution in a series of episodic comedy vignettes.
1981,Time Bandits,notalk,fail,30.74,95.81,95.81,110,36883,NA,7,PG,English,UK,"Michael Palin, Terry Gilliam",Terry Gilliam,"Adventure, Comedy, Fantasy",A young boy accidently joins a band of dwarves as they jump from time-period to time-period looking for treasure to steal.
1981,Das Boot,nowomen,fail,30.74,29.43,217.68,149,126994,86,8.5,R,"German, English, French",West Germany,"Wolfgang Petersen (screenplay), Lothar G. Buchheim (novel)",Wolfgang Petersen,"Action, Adventure, Drama","The claustrophobic world of a WWII German U-boat; boredom, filth, and sheer terror."
1981,Escape from New York,nowomen,fail,15.37,64.67,64.67,99,68617,NA,7.2,R,English,"UK, USA","John Carpenter, Nick Castle",John Carpenter,"Action, Sci-Fi","In 1997, when the US President crashes into Manhattan, now a giant max. security prison, a convicted bank robber is sent in for a rescue."
1981,Raiders of the Lost Ark,nowomen,fail,51.24,635.76,998.95,115,471716,90,8.6,PG,"English, German, Hebrew, Spanish, Arabic, Nepali",USA,"Lawrence Kasdan (screenplay), George Lucas (story), Philip Kaufman (story)",Steven Spielberg,"Action, Adventure",Archeologist and adventurer Indiana Jones is hired by the US government to find the Ark of the Covenant before the Nazis.
1981,Halloween II,pass,pass,6.4,65.41,65.41,92,38471,44,6.5,R,English,USA,"John Carpenter, Debra Hill",Rick Rosenthal,"Horror, Thriller","Laurie Strode is rushed to the hospital, while Sheriff Brackett and Dr. Loomis hunt the streets for Michael Myers, who has found Laurie at the Haddonfield Hospital."
1982,Friday the 13th Part III,dubious,fail,5.43,88.54,88.54,95,23520,NA,5.6,R,English,USA,"Martin Kitrosser (screenplay), Carol Watson (screenplay), Victor Miller (character creator), Ron Kurz (character creator)",Steve Miner,"Horror, Thriller","Having escaped, Jason Voorhees is back, hockey mask and all, to continue his murderous rampage across Camp Crystal Lake."
1982,Fast Times at Ridgemont High,men,fail,10.86,65.38,65.38,90,56480,67,7.2,R,English,USA,"Cameron Crowe (screenplay), Cameron Crowe (book)",Amy Heckerling,"Comedy, Drama, Romance","A story of a group of California teenagers who enjoy malls, sex and rock n' roll."
1982,Blade Runner,notalk,fail,67.57,78.81,79.97,117,349913,88,8.3,R,"English, German, Cantonese, Japanese, Hungarian","USA, Hong Kong, UK","Hampton Fancher (screenplay), David Webb Peoples (screenplay), Philip K. Dick (novel)",Ridley Scott,"Drama, Sci-Fi, Thriller",A blade runner must pursue and try to terminate four replicants who stole a ship in space and have returned to Earth to find their creator.
1982,Conan the Barbarian,notalk,fail,48.27,92.34,190.92,129,93331,43,6.9,R,English,USA,"Robert E. Howard (stories), John Milius, Oliver Stone",John Milius,"Action, Fantasy, Adventure",A vengeful barbarian warrior sets off to avenge his tribe and his parents whom were slain by an evil sorcerer and his warriors when he was a boy.
1982,Diner,notalk,fail,12.07,30.39,30.39,110,12673,86,7.2,R,English,USA,Barry Levinson,Barry Levinson,"Comedy, Drama",A group of college-age buddies struggle with their imminent passage into adulthood in 1959 Baltimore.
1982,Tootsie,notalk,fail,36.2,427.63,427.63,116,63548,87,7.4,R,English,USA,"Larry Gelbart (screenplay), Murray Schisgal (screenplay), Don McGuire (story), Larry Gelbart (story)",Sydney Pollack,"Comedy, Drama, Romance",An unemployed actor with a reputation for being difficult disguises himself as a woman to get a role in a soap opera.
1982,First Blood,nowomen,fail,33.79,113.94,302.17,93,134361,62,7.6,R,English,USA,"David Morrell (novel), Michael Kozoll (screenplay), William Sackheim (screenplay), Sylvester Stallone (screenplay)",Ted Kotcheff,"Action, Adventure, Drama",A Vietnam Veteran uses his combat skills against the lawman of a small town when he arrests and abuses him.
1982,TRON,nowomen,fail,41.03,64.96,64.96,96,77873,NA,6.8,PG,English,USA,"Steven Lisberger (screenplay), Steven Lisberger (story), Bonnie MacBird (story)",Steven Lisberger,"Action, Adventure, Sci-Fi",A computer hacker is abducted into the digital world and forced to participate in gladiatorial games where his only chance of escape is with the help of a heroic security program.
1982,Cat People,pass,pass,30.17,16.89,50.68,118,11524,NA,6,R,English,USA,"DeWitt Bodeen (story), Alan Ormsby (screenplay)",Paul Schrader,"Drama, Fantasy, Horror","In this erotic remake of the 1942 classic, a young woman's sexual awakening brings horror when she discovers her urges transform her into a monstrous black leopard."
1982,Poltergeist,pass,pass,25.82,180.29,293.71,114,75183,NA,7.4,PG,English,USA,"Steven Spielberg (screenplay), Michael Grais (screenplay), Mark Victor (screenplay), Steven Spielberg (story)",Tobe Hooper,Horror,A family's home is haunted by a host of ghosts.
1982,The Best Little Whorehouse in Texas,pass,pass,49.47,168.21,168.21,114,6524,NA,5.7,R,English,USA,"Larry L. King (play), Peter Masterson (play), Larry L. King (screenplay), Peter Masterson (screenplay), Colin Higgins (screenplay)",Colin Higgins,"Comedy, Musical","Town Sheriff and regular patron, fights to keep a historical whorehouse open when a TV preacher targets it as the Devils playhouse."
1983,Videodrome,men,fail,13.92,4.96,4.96,87,44482,60,7.3,R,English,Canada,David Cronenberg,David Cronenberg,"Horror, Sci-Fi",A sleazy cable-TV programmer begins to see his life and the future of media spin out of control in a very unusual fashion when he acquires a new kind of programming for his station.
1983,WarGames,notalk,fail,28.07,174.13,174.13,114,58655,NA,7.1,PG,English,USA,"Lawrence Lasker, Walter F. Parkes",John Badham,"Sci-Fi, Thriller","A young man finds a back door into a military central computer in which reality is confused with game-playing, possibly starting World War III."
1983,Star Wars: Episode VI - Return of the Jedi,nowomen,fail,76.03,723.34,1339.75,134,441741,52,8.4,PG,English,USA,"Lawrence Kasdan (screenplay), George Lucas (screenplay), George Lucas (story)",Richard Marquand,"Action, Adventure, Fantasy","After rescuing Han Solo from the palace of Jabba the Hutt, the Rebels attempt to destroy the Second Death Star, while Luke Skywalker tries to bring his father back to the Light Side of the Force."
1983,Flashdance,pass,pass,16.38,211.63,471.29,95,26062,35,6,R,English,USA,"Thomas Hedley Jr. (screenplay), Joe Eszterhas (screenplay), Thomas Hedley Jr. (story)",Adrian Lyne,"Drama, Romance, Music",A Pittsburgh woman with two jobs as a welder and an exotic dancer wants to get into ballet school.
1983,Superman III,pass,pass,91.23,140.25,140.25,125,37333,42,4.9,PG,"English, Italian, Spanish","UK, USA","David Newman (screenplay), Leslie Newman (screenplay), Jerry Siegel (creator), Joe Shuster (creator)",Richard Lester,"Action, Comedy, Fantasy",Synthetic kryptonite laced with tobacco tar splits Superman in two: good Clark Kent and bad Man of Steel.
1984,Conan the Destroyer,dubious,fail,40.35,59.17,59.17,103,49184,NA,5.8,PG,English,USA,"Robert E. Howard (character), Roy Thomas (story), Gerry Conway (story), Stanley Mann (screenplay)",Richard Fleischer,"Action, Fantasy, Adventure",Conan leads a ragtag group of adventurers on a quest for a princess.
1984,Dune,dubious,fail,100.86,61.52,61.52,137,81026,NA,6.6,PG-13,"English, Italian",USA,"Frank Herbert (novel), David Lynch (screenplay)",David Lynch,"Action, Adventure, Sci-Fi",A Duke's son leads desert warriors against the galactic emperor and his father's evil nemesis when they assassinate his father and free their desert world from the emperor's rule.
1984,Police Academy,dubious,fail,10.09,182,182,96,68281,NA,6.6,R,English,USA,"Neal Israel (screenplay), Pat Proft (screenplay), Hugh Wilson (screenplay), Neal Israel (story), Pat Proft (story)",Hugh Wilson,"Comedy, Crime","A group of good-hearted but incompetent misfits enter the police academy, but the instructors there are not going to put up with their pranks."
1984,Body Double,men,fail,22.41,19.73,19.73,114,15641,NA,6.7,R,English,USA,"Robert J. Avrech (screenplay), Brian De Palma (screenplay), Brian De Palma (story)",Brian De Palma,"Crime, Drama, Mystery",A young actor's obsession with spying on a beautiful woman who lives nearby leads to a baffling series of events with drastic consequences.
1984,Repo Man,men,fail,3.36,5.16,5.16,92,20477,75,6.9,R,"English, Spanish",USA,Alex Cox,Alex Cox,"Comedy, Crime, Sci-Fi","Young punk Otto becomes a repo man after helping to steal a car, and stumbles into a world of wackiness as a result."
1984,The Terminator,men,fail,14.35,85.22,174.88,107,413023,84,8.1,R,"English, Spanish","UK, USA","James Cameron, Gale Anne Hurd, William Wisher Jr. (additional dialogue)",James Cameron,"Action, Sci-Fi","A human-looking indestructible cyborg is sent from 2029 to 1984 to assassinate a waitress, whose unborn son will lead humanity in a war against the machines, while a soldier from that war is sent to protect her at all costs."
1984,Ghostbusters,notalk,fail,67.24,534.88,653.68,105,194518,NA,7.8,PG,English,USA,"Dan Aykroyd, Harold Ramis",Ivan Reitman,"Comedy, Fantasy, Sci-Fi",Three unemployed parapsychology professors set up shop as a unique ghost removal service.
1984,Gremlins,notalk,fail,24.66,332.11,332.11,106,101827,NA,7.2,PG,"English, Spanish",USA,Chris Columbus,Joe Dante,"Comedy, Horror",A boy inadvertantly breaks 3 important rules concerning his new pet and unleashes a horde of malevolently mischievous monsters on a small town.
1984,Splash,notalk,fail,17.93,140.31,140.31,111,43702,NA,6.2,PG,"English, Swedish",USA,"Brian Grazer (story), Bruce Jay Friedman (screen story), Lowell Ganz (screenplay), Babaloo Mandel (screenplay), Bruce Jay Friedman (screenplay)",Ron Howard,"Comedy, Fantasy, Romance",A man is reunited with a mermaid who saves him from drowning as a boy and falls in love not knowing who/what she is.
1984,Star Trek III: The Search for Spock,notalk,fail,40.35,171.41,195.01,105,46779,55,6.6,PG,"English, Klingon, Russian",USA,"Gene Roddenberry (television series Star Trek), Harve Bennett",Leonard Nimoy,"Action, Adventure, Sci-Fi",Admiral Kirk and his bridge crew risk their careers stealing the decommissioned Enterprise to return to the restricted Genesis planet to recover Spock's body.
1984,Beverly Hills Cop,nowomen,fail,33.62,526.2,708.97,105,95514,64,7.3,R,English,USA,"Daniel Petrie Jr. (screenplay), Danilo Bach (story), Daniel Petrie Jr. (story)",Martin Brest,"Action, Comedy, Crime",A freewheeling Detroit cop pursuing a murder investigation finds himself dealing with the very different culture of Beverly Hills.
1984,Indiana Jones and the Temple of Doom,nowomen,fail,62.76,403.19,746.58,118,228887,57,7.6,PG,"English, Sinhalese",USA,"Willard Huyck (screenplay), Gloria Katz (screenplay), George Lucas (story)",Steven Spielberg,"Action, Adventure","After arriving in India, Indiana Jones is asked by a desperate village to find a mystical stone. He agrees, and stumbles upon a secret cult plotting a terrible plan in the catacombs of an ancient palace."
1984,Amadeus,pass,pass,40.35,116.49,116.49,160,198473,93,8.4,R,"English, Italian, Latin, German",USA,"Peter Shaffer (original stage play), Peter Shaffer (original screenplay)",Milos Forman,"Biography, Drama, Music","The incredible story of Wolfgang Amadeus Mozart, told by his peer and secret rival Antonio Salieri - now confined to an insane asylum."
1984,The Karate Kid,pass,pass,89.66,395.82,804.88,126,90683,NA,7.2,PG,"English, Japanese",USA,Robert Mark Kamen,John G. Avildsen,"Action, Drama, Family",A handyman/martial arts master agrees to teach a bullied boy karate and shows him that there is more to the martial art than fighting.
1985,Legend,dubious,fail,54.13,33.56,33.56,89,35815,NA,6.4,PG,"English, Italian","USA, UK",William Hjortsberg,Ridley Scott,"Fantasy, Adventure, Romance",A young man must stop the Lord of Darkness from both destroying daylight and marrying the woman he loves.
1985,Back to the Future,notalk,fail,41.14,455.98,831.11,116,480044,86,8.5,PG,English,USA,"Robert Zemeckis, Bob Gale",Robert Zemeckis,"Adventure, Comedy, Sci-Fi","A teenager is accidentally sent 30 years into the past in a time-traveling DeLorean invented by his friend, Dr. Emmett Brown, and must make sure his high-school-age parents unite in order to save his own existence."
1985,Commando,notalk,fail,21.65,75.94,75.94,90,80951,NA,6.6,R,English,USA,"Jeph Loeb (story), Matthew Weisman (story), Steven E. de Souza (story), Steven E. de Souza (screenplay)",Mark L. Lester,"Action, Thriller",A retired elite Black Ops Commando launches a one man war against a group of South American criminals who have kidnapped his daughter to blackmail him into starting a revolution and getting an exiled dictator back into power.
1985,Ladyhawke,nowomen,fail,43.3,39.84,39.84,121,27521,NA,6.9,PG-13,English,USA,"Edward Khmara (story), Edward Khmara (screenplay), Michael Thomas (screenplay), Tom Mankiewicz (screenplay), David Webb Peoples (screenplay)",Richard Donner,"Adventure, Drama, Fantasy","Philipe Gastone, a thief, escapes from the dungeon at Aquila, sparking a manhunt. He is nearly captured when Captain Navarre befriends him. Navarre has been hunted by the Bishop's men for ..."
1985,Brazil,pass,pass,32.48,21.5,21.5,132,125144,88,8,R,English,UK,"Terry Gilliam (screenplay), Tom Stoppard (screenplay), Charles McKeown (screenplay)",Terry Gilliam,"Drama, Fantasy, Sci-Fi",A bureaucrat in a retro-future world tries to correct an administrative error and himself becomes an enemy of the state.
1985,Red Sonja,pass,pass,38.75,14.95,14.95,89,23538,NA,4.9,PG-13,English,"Netherlands, USA","Robert E. Howard (character), Clive Exton, George MacDonald Fraser",Richard Fleischer,"Action, Adventure, Fantasy",A vengeful woman sets out to retrieve a magic orb from an evil queen whom she vows vengeance upon after the evil queen slain her family and her loyal warriors raped her.
1985,Return to Oz,pass,pass,58.46,22.99,22.99,113,16314,42,6.7,PG,English,"UK, USA","L. Frank Baum (novels), Gill Dennis, Walter Murch",Walter Murch,"Adventure, Family, Fantasy","Dorothy, saved from a psychiatric experiment by a mysterious girl, is somehow called back to Oz when a vain witch and the Nome King destroy everything that makes the magical land beautiful."
1985,The Color Purple,pass,pass,32.48,202.63,202.63,154,49877,NA,7.8,PG-13,English,USA,"Alice Walker (novel), Menno Meyjes (screenplay)",Steven Spielberg,Drama,The life and trials of a young African American woman.
1986,Crocodile Dundee,dubious,fail,10.62,371.24,696.59,97,61861,NA,6.5,PG-13,English,Australia,"John Cornell (screenplay), Paul Hogan (screenplay), Paul Hogan (story), Ken Shadie (screenplay)",Peter Faiman,"Adventure, Comedy",An American reporter goes to the Australian outback to meet an eccentric crocodile poacher and invites him to New York City.
1986,Top Gun,men,fail,31.86,381.85,757.76,110,166022,NA,6.8,PG,English,USA,"Jim Cash, Jack Epps Jr., Ehud Yonay (magazine article ""Top Guns"")",Tony Scott,"Action, Drama, Romance","As students at the Navy's elite fighter weapons school compete to be best in the class, one daring young flyer learns a few things from a civilian instructor that are not taught in the classroom."
1986,Little Shop of Horrors,notalk,fail,63.71,82.29,82.29,94,38745,81,6.9,PG-13,English,USA,"Howard Ashman (screenplay), Howard Ashman (musical play ""Little Shop of Horrors""), Roger Corman (based on the film by), Charles B. Griffith",Frank Oz,"Comedy, Horror, Musical",A nerdish florist finds his chance for success and romance with the help of a giant man-eating plant who demands to be fed.
1986,Platoon,nowomen,fail,12.74,293,293,120,217637,NA,8.2,R,"English, Vietnamese","UK, USA",Oliver Stone,Oliver Stone,"Action, Drama, War",A young recruit in Vietnam faces a moral crisis when confronted with the horrors of war and the duality of man.
1986,Aliens,pass,pass,36.1,180.86,389.32,137,353331,87,8.5,R,English,"USA, UK","James Cameron (story), David Giler (story), Walter Hill (story), Dan O'Bannon (characters), Ronald Shusett (characters), James Cameron (screenplay)",James Cameron,"Action, Adventure, Sci-Fi","The planet from Alien (1979) has been colonized, but contact is lost. This time, the rescue team has impressive firepower, but will it be enough?"
1986,Highlander,pass,pass,33.98,12.53,27.4,116,80331,NA,7.2,R,English,UK,"Gregory Widen (story), Gregory Widen (screenplay), Peter Bellwood (screenplay), Larry Ferguson (screenplay)",Russell Mulcahy,"Action, Adventure, Fantasy","An immortal Scottish swordsman must confront the last of his immortal opponent, a murderously brutal barbarian who lusts for the fabled ""Prize""."
1986,Peggy Sue Got Married,pass,pass,38.23,87.89,87.89,103,23016,NA,6.3,PG-13,English,USA,"Jerry Leichtling, Arlene Sarner",Francis Ford Coppola,"Comedy, Drama, Fantasy","Peggy Sue faints at a high school reunion. When she wakes up, she finds herself in her own past, just before she finished school."
1986,The Clan of the Cave Bear,pass,pass,31.86,4.15,4.15,98,4258,NA,5.3,R,English,USA,"Jean M. Auel (novel), John Sayles (screenplay)",Michael Chapman,"Adventure, Drama, Fantasy",A young Cro-Magnons woman is raised by Neanderthals.
1987,Fatal Attraction,dubious,fail,28.71,321.19,656.33,119,42196,67,6.9,R,English,USA,"James Dearden (screenplay), James Dearden (short film)",Adrian Lyne,"Drama, Thriller",A married man's one night stand comes back to haunt him when that lover begins to stalk him and his family.
1987,Spaceballs,dubious,fail,46.54,78.16,78.16,96,105340,46,7.1,PG,English,USA,"Mel Brooks, Thomas Meehan, Ronny Graham",Mel Brooks,"Adventure, Comedy, Sci-Fi","Planet Spaceball's President Skroob sends Lord Dark Helmet to steal Planet Druidia's abundant supply of air to replenish their own, and only Lone Starr can stop them."
1987,The Last Emperor,dubious,fail,51.26,90.18,90.18,163,53818,76,7.8,PG-13,"English, Mandarin, Japanese, Russian","China, Italy, UK, France","Mark Peploe (screenplay), Bernardo Bertolucci (screenplay), Enzo Ungari (initial screenplay collaboration)",Bernardo Bertolucci,"Biography, Drama, History",The story of the final Emperor of China.
1987,The Princess Bride,men,fail,30.76,63.27,63.27,98,223131,77,8.2,PG,English,USA,"William Goldman (book), William Goldman (screenplay)",Rob Reiner,"Adventure, Comedy, Family","A classic fairy tale, with swordplay, giants, an evil prince, a beautiful princess, and yes, some kissing (as read by a kindly grandfather)."
1987,Beverly Hills Cop II,notalk,fail,41.01,315.07,567.27,100,65976,48,6.4,R,English,USA,"Danilo Bach (characters), Daniel Petrie Jr. (characters), Eddie Murphy (story), Robert D. Wachs (story), Larry Ferguson (screenplay), Warren Skaaren (screenplay)",Tony Scott,"Action, Comedy, Crime","Axel Foley returns to Beverly Hills to help Taggart and Rosewood investigate Chief Bogamil's near-fatal shooting and the series of ""alphabet crimes"" associated with it."
1987,"Good Morning, Vietnam",notalk,fail,26.66,254.09,254.09,121,65835,NA,7.2,R,English,USA,Mitch Markowitz,Barry Levinson,"Comedy, Drama, War",An unorthodox and irreverent DJ begins to shake up things when he is assigned to the US Armed Services Radio station in Vietnam.
1987,Lethal Weapon,notalk,fail,30.76,133.67,246.44,110,153833,67,7.6,R,English,USA,Shane Black,Richard Donner,"Action, Thriller","A veteran cop, Murtaugh, is partnered with a young suicidal cop, Riggs. Both having one thing in common; hating working in pairs. Now they must learn to work with one another to stop a gang of drug smugglers."
1987,Radio Days,notalk,fail,32.81,30.33,30.33,88,18826,NA,7.6,PG,English,USA,Woody Allen,Woody Allen,Comedy,A nostalgic look at radio's golden age focusing on one ordinary family and the various performers in the medium.
1987,RoboCop,notalk,fail,246.05,112.29,454.32,102,132804,67,7.5,R,English,USA,"Edward Neumeier, Michael Miner",Paul Verhoeven,"Action, Crime, Sci-Fi","In a dystopic and crime-ridden Detroit, a terminally wounded cop returns to the force as a powerful cyborg haunted by submerged memories."
1987,The Lost Boys,notalk,fail,17.43,66.07,66.07,97,72942,63,7.2,R,English,USA,"Janice Fischer (story), James Jeremias (story), Janice Fischer (screenplay), James Jeremias (screenplay), Jeffrey Boam (screenplay)",Joel Schumacher,"Comedy, Horror","After moving to a new town, two brothers are convinced that the area is frequented by vampires."
1987,Predator,nowomen,fail,36.91,122.48,201.49,107,222991,36,7.9,R,"English, Spanish",USA,"Jim Thomas, John Thomas",John McTiernan,"Action, Adventure, Sci-Fi","A team of commandos, on a mission in a Central American jungle, find themselves hunted by an extra-terrestrial warrior."
1987,Hellraiser,pass,pass,2.05,29.86,29.86,94,59005,NA,7.1,R,English,UK,Clive Barker,Clive Barker,Horror,"An unfaithful wife encounters the zombie of her dead lover, who's being chased by demons after he escaped from their sado-masochistic Hell."
1987,Superman IV: The Quest for Peace,pass,pass,34.86,23.02,23.02,93,27318,22,3.6,PG,"English, Russian, French, Italian","UK, USA","Christopher Reeve (story), Lawrence Konner (story), Mark Rosenthal (story), Lawrence Konner (screenplay), Mark Rosenthal (screenplay), Joe Shuster (characters), Jerry Siegel (characters)",Sidney J. Furie,"Action, Adventure, Family","The Man of Steel crusades for nuclear disarmament and meets Lex Luthor's latest creation, Nuclear Man."
1988,Midnight Run,men,fail,59.09,75.66,160.75,126,44378,78,7.6,R,English,USA,George Gallo,Martin Brest,"Action, Comedy, Crime","An accountant is chased by bounty hunters, the FBI, and the Mafia after jumping bail."
1988,The Last Temptation of Christ,men,fail,13.79,16.49,16.49,164,32723,80,7.6,R,English,"USA, Canada","Nikos Kazantzakis (novel), Paul Schrader (screenplay)",Martin Scorsese,Drama,"The life of Jesus Christ, his journey through life as he faces the struggles all humans do, and his final temptation on the cross."
1988,Twins,men,fail,29.54,220.48,426.63,107,66325,53,5.9,PG,English,USA,"William Davies, William Osborne, Timothy Harris, Herschel Weingrod",Ivan Reitman,"Comedy, Drama","A physically perfect but innocent man goes in search of his long-lost twin brother, who is a short small-time crook."
1988,Action Jackson,notalk,fail,13.79,39.9,39.9,96,6213,NA,5,R,English,USA,Robert Reneau,Craig R. Baxley,"Action, Comedy, Crime",Vengence drives a tough Detroit cop to stay on the trail of a power hungry auto magnate who's systematically eliminating his competition.
1988,Akira,notalk,fail,15.76,0.04,0.04,124,73676,76,8.1,R,Japanese,Japan,"Katsuhiro Ohtomo (screenplay), Izô Hashimoto (screenplay), Katsuhiro Ohtomo (graphic novel)",Katsuhiro Ohtomo,"Animation, Action, Adventure",A secret military project endangers Neo-Tokyo when it turns a biker gang member into a rampaging psionic psychopath that only two kids and a group of psionics can stop.
1988,Bloodsport,notalk,fail,2.95,23.25,23.25,92,43219,NA,6.7,R,English,USA,"Sheldon Lettich (story), Sheldon Lettich (screenplay), Christopher Cosby (screenplay), Mel Friedman (screenplay)",Newt Arnold,"Action, Biography, Drama","Frank Dux has spent most his life being trained by Tanaka to participate in the Kumite, the ultimate martial arts tournament, where participants are seriously injured, even killed. Frank ..."
1988,Rain Man,notalk,fail,49.24,340.41,813.07,133,307806,65,8,R,"English, Italian",USA,"Barry Morrow (story), Ronald Bass (screenplay), Barry Morrow (screenplay)",Barry Levinson,Drama,Selfish yuppie Charlie Babbitt's father left a fortune to his savant brother Raymond and a pittance to Charlie; they travel cross-country.
1988,Who Framed Roger Rabbit,notalk,fail,137.88,303.55,692.33,104,105875,83,7.7,PG,English,USA,"Gary K. Wolf (novel), Jeffrey Price (screenplay), Peter S. Seaman (screenplay)",Robert Zemeckis,"Animation, Comedy, Crime",A toon hating detective is a cartoon rabbit's only hope to prove his innocence when he is accused of murder.
1988,Young Guns,notalk,fail,25.61,88.1,88.1,107,34765,50,6.8,R,English,USA,John Fusco,Christopher Cain,"Action, Crime, Drama","A group of young gunmen, led by Billy the Kid, become deputies to avenge the murder of the rancher who became their benefactor. But when Billy takes their authority too far, they become the hunted."
1988,They Live,nowomen,fail,7.88,25.61,25.61,93,51011,52,7.3,R,English,USA,"Ray Nelson (short story ""Eight O'Clock in the Morning""), John Carpenter (screenplay)",John Carpenter,"Action, Horror, Sci-Fi",A drifter discovers a pair of sunglasses that allow him to wake up to the fact that aliens have taken over the Earth.
1988,Dangerous Liaisons,pass,pass,27.58,68.35,68.35,119,44706,74,7.7,R,English,"USA, UK","Christopher Hampton (play), Choderlos de Laclos (novel), Christopher Hampton (screenplay)",Stephen Frears,"Drama, Romance",Rich and bored aristocrats in Rococo France play high-stakes games of passion and betrayal.
1988,Die Hard,pass,pass,55.15,160.23,274,131,431784,70,8.3,R,"English, German, Italian",USA,"Roderick Thorp (novel), Jeb Stuart (screenplay), Steven E. de Souza (screenplay)",John McTiernan,"Action, Thriller","John McClane, officer of the NYPD, tries to save wife Holly Gennaro and several others, taken hostage by German terrorist Hans Gruber during a Christmas party at the Nakatomi Plaza in Los Angeles."
1988,My Stepmother Is an Alien,pass,pass,31.51,27.29,27.29,105,18140,NA,5.1,PG-13,English,USA,"Jerico, Herschel Weingrod, Timothy Harris, Jonathan Reynolds",Richard Benjamin,"Comedy, Sci-Fi","An alien is sent on a secret mission to Earth, where she appears as a gorgeous, attractive, and single lady. Her mission is to make contact with a rather nerdy young scientist, who's quite ..."
1988,Mystic Pizza,pass,pass,11.82,25.2,25.2,104,14270,60,6.1,R,English,USA,"Amy Holden Jones (story), Amy Holden Jones (screenplay), Perry Howze (screenplay), Randy Howze (screenplay), Alfred Uhry (screenplay)",Donald Petrie,"Comedy, Drama, Romance",Three teenage girls come of age while working at a pizza parlor in the Connecticut town of Mystic.
1988,Poltergeist III,pass,pass,18.71,27.8,27.8,98,9915,NA,4.4,PG,English,USA,"Gary Sherman, Brian Taggert",Gary Sherman,"Horror, Thriller","Carol Anne is staying with her aunt in a highrise building, and the supernatural forces that have haunted her previously follow her there."
1988,Scrooged,pass,pass,63.03,118.83,118.83,101,46417,38,7,PG-13,English,USA,"Mitch Glazer, Michael O'Donoghue, Charles Dickens (novel)",Richard Donner,"Comedy, Drama, Fantasy",A cynically selfish TV executive gets haunted by three spirits bearing lessons on Christmas Eve.
1988,The Land Before Time,pass,pass,24.23,94.73,161.46,69,46543,NA,7.3,G,English,"USA, Ireland","Stu Krieger (screenplay), Judy Freudberg (story), Tony Geiss (story)",Don Bluth,"Animation, Adventure, Family","Five orphan dinosaurs travel the ruins of their world, while grieving the loss of their families and banding together to face the odds of survival."
1989,Licence to Kill,men,fail,78.94,65.16,293.53,133,57076,NA,6.6,PG-13,"English, Spanish","UK, USA","Michael G. Wilson, Richard Maibaum, Ian Fleming (characters)",John Glen,"Action, Adventure, Crime","A vengeful British spy goes rogue and sets off to unleash vengeance on a drug lord who tortured his best friend, a CIA agent, and left him for dead and murdered his bride after he helped capture him."
1989,"Sex, Lies, and Videotape",men,fail,2.26,46.5,69.06,100,30869,86,7.2,R,English,USA,Steven Soderbergh,Steven Soderbergh,Drama,A sexually repressed woman's husband is having an affair with her sister. The arrival of a visitor with a rather unusual fetish changes everything.
1989,Batman,notalk,fail,65.79,472.13,773.17,126,209080,66,7.6,PG-13,"English, French","USA, UK","Bob Kane (Batman characters), Sam Hamm (story), Sam Hamm (screenplay), Warren Skaaren (screenplay)",Tim Burton,"Action, Fantasy",The Dark Knight of Gotham City begins his war on crime with his first major enemy being the clownishly homicidal Joker.
1989,Dead Poets Society,notalk,fail,30.83,180.18,450.16,128,204658,79,8,PG,English,USA,Tom Schulman,Peter Weir,Drama,English teacher John Keating inspires his students to a love of poetry and to seize the day.
1989,Major League,notalk,fail,20.68,93.59,93.59,107,39447,NA,7.2,R,"English, Spanish, Japanese",USA,David S. Ward,David S. Ward,"Comedy, Sport","The new owner of the Cleveland Indians puts together a purposely horrible team so they'll lose and she can move the team. But when the plot is uncovered, they start winning just to spite her."
1989,Road House,notalk,fail,18.8,56.48,56.48,114,32171,NA,6.3,R,"English, Portuguese",USA,"David Lee Henry (story), David Lee Henry (screenplay), Hilary Henkin (screenplay)",Rowdy Herrington,"Action, Thriller",A tough bouncer is hired to tame a dirty bar.
1989,Star Trek V: The Final Frontier,notalk,fail,56.39,98.13,131.95,107,34349,43,5.3,PG,"English, Klingon",USA,"Gene Roddenberry (creator), William Shatner (story), Harve Bennett (story), David Loughery (story), David Loughery (screenplay)",William Shatner,"Action, Adventure, Sci-Fi",Captain Kirk and his crew must deal with Mr. Spock's long-lost half-brother who hijacks the Enterprise for an obsessive search for God at the center of the galaxy.
1989,UHF,notalk,fail,9.4,11.57,11.57,97,18714,32,7,PG-13,English,USA,"'Weird Al' Yankovic, Jay Levey",Jay Levey,Comedy,"A local public station gets a new owner. The station becomes a hit, with all sorts of hilarious sight gags and wacky humor."
1989,Indiana Jones and the Last Crusade,nowomen,fail,90.22,370.6,891.25,127,364028,65,8.3,PG-13,"English, German, Greek",USA,"Jeffrey Boam (screenplay), George Lucas (story), Menno Meyjes (story), George Lucas (characters), Philip Kaufman (characters)",Steven Spielberg,"Action, Adventure","When Dr. Henry Jones Sr. suddenly goes missing while pursuing the Holy Grail, eminent archaeologist Indiana Jones must follow in his father's footsteps and stop the Nazis."
1989,Back to the Future Part II,pass,pass,75.18,222.64,624.02,108,220721,57,7.8,PG,English,USA,"Robert Zemeckis (characters), Bob Gale (characters), Robert Zemeckis (story), Bob Gale (story), Bob Gale (screenplay)",Robert Zemeckis,"Adventure, Comedy, Sci-Fi","After visiting 2015, Marty McFly must repeat his visit to 1955 to prevent disastrous changes to 1985... without interfering with his first trip."
1989,Henry V,pass,pass,16.92,19.1,19.1,137,20002,83,7.8,PG-13,"English, French",UK,"William Shakespeare (by), Kenneth Branagh (adapted for the screen by)",Kenneth Branagh,"Action, Biography, Drama",The gritty adaption of William Shakespeare's play about the English King's bloody conquest of France.
1989,The Abyss,pass,pass,131.57,101.95,101.95,139,106501,62,7.6,PG-13,English,USA,James Cameron,James Cameron,"Adventure, Drama, Sci-Fi",A civilian diving team are enlisted to search for a lost nuclear submarine and face danger while encountering an alien aquatic species.
1989,Troop Beverly Hills,pass,pass,33.83,13.52,13.52,100,5771,NA,5.2,PG,English,USA,"Ava Ostern Fries (story), Pamela Norris (screenplay), Margaret Oberman (screenplay)",Jeff Kanew,"Adventure, Comedy","As Phyllis, a Beverly Hills housewife, is in the middle of a divorce, she tries to find focus in her life by taking over her daughter Hannah's Wilderness Girl troop. Among the girls are ..."
1990,Die Hard 2,dubious,fail,124.81,209.19,427.58,124,205192,67,7.1,R,"English, Spanish",USA,"Walter Wager (novel), Steven E. de Souza (screenplay), Doug Richardson (screenplay)",Renny Harlin,"Action, Thriller","John McClane, officer of the NYPD and hero of the Nakatomi Hostage Crisis, attempts to avert disaster as rogue military officials seize control of Dulles International Airport in Washington, D.C."
1990,Ghost,men,fail,39.23,388.03,922.87,127,123608,52,7,PG-13,English,USA,Bruce Joel Rubin,Jerry Zucker,"Drama, Fantasy, Mystery","After being killed during a botched mugging, a man's love for his partner enables him to remain on earth as a ghost."
1990,Goodfellas,men,fail,44.57,83.34,83.34,146,514836,89,8.8,R,"English, Italian",USA,"Nicholas Pileggi (book), Nicholas Pileggi (screenplay), Martin Scorsese (screenplay)",Martin Scorsese,"Biography, Crime, Drama",Henry Hill and his friends work their way up through the mob hierarchy.
1990,Home Alone,men,fail,26.74,509.51,849.92,103,212728,63,7.4,PG,English,USA,John Hughes,Chris Columbus,"Comedy, Family",An 8-year-old boy who is accidentally left behind while his family flies to France for Christmas must defend his home against idiotic burglars.
1990,Predator 2,men,fail,62.4,50.49,97.65,108,72250,NA,6.2,R,English,USA,"Jim Thomas (characters), John Thomas (characters), Jim Thomas, John Thomas",Stephen Hopkins,"Action, Sci-Fi, Thriller","Amidst a territorial gang-war, a sophisticated alien hunter stalks the citizens of Los Angeles and the only man between him and his prey is veteran LAPD officer, Lieutenant Mike Harrigan."
1990,Back to the Future Part III,notalk,fail,71.32,156.31,434.51,118,182749,55,7.4,PG,English,USA,"Robert Zemeckis (characters), Bob Gale (characters), Robert Zemeckis (story), Bob Gale (story), Bob Gale (screenplay)",Robert Zemeckis,"Adventure, Comedy, Sci-Fi","Enjoying a peaceable existence in 1885, Doctor Emmet Brown is about to be killed by Buford ""Mad Dog"" Tannen. Marty McFly travels back in time to save his friend."
1990,The Hunt for Red October,notalk,fail,53.49,215.22,357.49,134,116660,58,7.6,PG,"English, Russian",USA,"Tom Clancy (novel), Larry Ferguson (screenplay), Donald Stewart (screenplay)",John McTiernan,"Action, Adventure, Thriller","In 1984, the USSR's best submarine captain in their newest sub violates orders and heads for the USA. Is he trying to defect, or to start a war?"
1990,Total Recall,notalk,fail,222.87,104.98,354.13,113,186250,57,7.5,R,English,USA,"Philip K. Dick (short story ""We Can Remember It For You Wholesale""), Ronald Shusett (screen story), Dan O'Bannon (screen story), Jon Povill (screen story), Ronald Shusett (screenplay), Dan O'Bannon (screenplay), Gary Goldman (screenplay)",Paul Verhoeven,"Action, Adventure, Sci-Fi","When a man goes for virtual vacation memories of the planet Mars, an unexpected and harrowing series of events forces him to go to the planet for real, or does he?"
1990,Edward Scissorhands,pass,pass,35.66,96.24,96.24,105,273842,74,8,PG-13,English,USA,"Tim Burton (story), Caroline Thompson (story), Caroline Thompson (screenplay)",Tim Burton,"Drama, Fantasy, Romance","An uncommonly gentle young man, who happens to have scissors for hands, falls in love with a beautiful adolescent girl."
1990,Flatliners,pass,pass,46.36,109.31,109.31,115,51565,NA,6.5,R,English,USA,Peter Filardi,Joel Schumacher,"Drama, Horror, Sci-Fi",Medical students bring themselves near death; their experiment begins to go awry.
1990,Pretty Woman,pass,pass,24.96,318.09,771.4,119,156340,51,6.9,R,"English, Italian, Japanese",USA,J.F. Lawton,Garry Marshall,"Comedy, Romance","A man in a legal but hurtful business needs an escort for some social events, and hires a beautiful prostitute he meets... only to fall in love."
1990,Tremors,pass,pass,17.83,29.72,29.72,96,67330,NA,7.2,PG-13,English,USA,"S.S. Wilson (story), Brent Maddock (story), Ron Underwood (story), S.S. Wilson (screenplay), Brent Maddock (screenplay)",Ron Underwood,"Comedy, Horror, Sci-Fi",Natives of a small isolated town defend themselves against strange underground creatures which are killing them one by one.
1991,Robin Hood: Prince of Thieves,dubious,fail,85.54,283.13,668.08,143,117561,NA,6.9,PG-13,English,USA,"Pen Densham (story), Pen Densham (screenplay), John Watson (screenplay)",Kevin Reynolds,"Action, Adventure, Drama","When Robin and his Moorish companion come to England and the tyranny of the Sheriff of Nottingham, he decides to fight back as an outlaw."
1991,Hook,men,fail,119.76,204.71,514.71,144,137257,52,6.6,PG,English,USA,"J.M. Barrie (books), J.M. Barrie (play), James V. Hart (screen story), Nick Castle (screen story), James V. Hart (screenplay), Malia Scotch Marmo (screenplay)",Steven Spielberg,"Adventure, Comedy, Family","When Captain Hook kidnaps his children, an adult Peter Pan must return to Neverland and reclaim his youthful spirit in order to challenge his old enemy."
1991,Star Trek VI: The Undiscovered Country,men,fail,46.19,128.12,165.78,113,44636,65,7.2,PG,"English, Klingon",USA,"Gene Roddenberry (television series ""Star Trek""), Leonard Nimoy (story), Lawrence Konner (story), Mark Rosenthal (story), Nicholas Meyer (screenplay), Denny Martin Flinn (screenplay)",Nicholas Meyer,"Action, Adventure, Sci-Fi","On the eve of retirement, Kirk and McCoy are charged with assassinating the Klingon High Chancellor and imprisoned. The Enterprise crew must help them escape to thwart a conspiracy aimed at sabotaging the last best hope for peace."
1991,White Fang,notalk,fail,23.95,59.42,59.42,107,13056,NA,6.6,PG,English,USA,"Jack London (novel), Jeanne Rosenberg (screenplay), Nick Thiel (screenplay), David Fallon (screenplay)",Randal Kleiser,"Adventure, Drama",Jack London's classic adventure story about the friendship developed between a Yukon gold hunter and the mixed dog-wolf he rescues from the hands of a man who mistreats him.
1991,Beauty and the Beast,pass,pass,34.22,374.59,772.31,84,208513,NA,8.1,G,"English, French",USA,"Linda Woolverton (animation screenplay), Roger Allers (story), Brenda Chapman (story), Burny Mattinson (story), Brian Pimental (story), Joe Ranft (story), Kelly Asbury (story), Chris Sanders (story), Kevin Harkey (story), Bruce Woodside (story), Robert Lence (story)","Gary Trousdale, Kirk Wise","Animation, Family, Fantasy","Belle, whose father is imprisoned by the Beast, offers herself instead and discovers her captor to be an enchanted prince."
1991,Hudson Hawk,pass,pass,111.2,29.46,29.46,100,37158,17,5.7,R,"English, Italian",USA,"Bruce Willis (story), Robert Kraft (story), Steven E. de Souza (screenplay), Daniel Waters (screenplay)",Michael Lehmann,"Action, Adventure, Comedy",A cat burglar is forced to steal Da Vinci works of art for a world domination plot.
1991,Slacker,pass,pass,0.04,2.1,2.1,97,10581,69,7.1,R,English,USA,Richard Linklater,Richard Linklater,"Comedy, Drama","Presents a day in the life in Austin, Texas among its social outcasts and misfits, predominantly the twenty-something set, using a series of linear vignettes. These characters, who in some ..."
1991,Teenage Mutant Ninja Turtles II: The Secret of the Ooze,pass,pass,42.77,134.57,134.57,88,33617,NA,5.9,PG,English,"USA, Hong Kong","Kevin Eastman (based on characters created by), Peter Laird (based on characters created by), Todd W. Langen",Michael Pressman,"Action, Adventure, Comedy","The Turtles and the Shredder battle once again, this time for the last cannister of the ooze that created the Turtles, which Shredder wants to create an army of new mutants."
1991,The Addams Family,pass,pass,51.33,194.18,327.63,99,74266,NA,6.8,PG-13,English,USA,"Charles Addams (characters), Caroline Thompson, Larry Wilson",Barry Sonnenfeld,"Comedy, Fantasy",Con artists plan to fleece the eccentric family using an accomplice who claims to be their long lost Uncle Fester.
1991,The Silence of the Lambs,pass,pass,34.22,223.65,471.72,118,583888,84,8.6,R,English,USA,"Thomas Harris (novel), Ted Tally (screenplay)",Jonathan Demme,"Crime, Drama, Thriller",A young F.B.I. cadet must confide in an incarcerated and manipulative killer to receive his help on catching another serial killer who skins his victims.
1992,Malcolm X,dubious,fail,58.11,79.98,79.98,202,50949,72,7.7,PG-13,English,"USA, Japan","Alex Haley (book), Malcolm X (book), Arnold Perl (screenplay), Spike Lee (screenplay)",Spike Lee,"Biography, Drama, History","Biographical epic of the controversial and influential Black Nationalist leader, from his early life and career as a small-time gangster, to his ministry as a member of the Nation of Islam and his assassination."
1992,Army of Darkness,men,fail,18.26,19.1,35.7,81,100971,57,7.6,R,English,USA,"Sam Raimi, Ivan Raimi",Sam Raimi,"Comedy, Fantasy, Horror","A man is accidentally transported to 1300 A.D., where he must battle an army of the dead and retrieve the Necronomicon so he can return home."
1992,The Crying Game,men,fail,6.64,103.85,103.85,112,35053,90,7.3,R,English,"UK, Japan",Neil Jordan,Neil Jordan,"Crime, Drama, Romance","A British soldier is kidnapped by IRA terrorists. He befriends one of his captors, who is drawn into the soldier's world."
1992,A Few Good Men,notalk,fail,54.79,234.67,392.67,138,145215,62,7.6,R,English,USA,"Aaron Sorkin (play), Aaron Sorkin (screenplay)",Rob Reiner,"Crime, Drama, Mystery",Neo military lawyer Kaffee defends Marines accused of murder; they contend they were acting under orders.
1992,Hero,notalk,fail,69.73,32.36,110.89,117,15383,NA,6.4,PG-13,English,USA,"Laura Ziskin (story), Alvin Sargent (story), David Webb Peoples (story), David Webb Peoples (screenplay)",Stephen Frears,"Comedy, Drama","A not-so-nice man rescues passengers from a crashed airliner, only to see someone else take credit."
1992,Home Alone 2: Lost in New York,notalk,fail,33.21,288.21,596.06,120,132595,NA,6.4,PG,"English, French",USA,"John Hughes (characters), John Hughes",Chris Columbus,"Adventure, Comedy, Crime","One year after Kevin was left home alone and had to defeat a pair of bumbling burglars, he accidentally finds himself in New York City, and the same criminals are not far behind."
1992,My Cousin Vinny,notalk,fail,18.26,87.88,87.88,120,68296,NA,7.5,R,English,USA,Dale Launer,Jonathan Lynn,"Comedy, Crime","Two New Yorkers are accused of murder in rural Alabama while on their way back to college, and one of their cousins--an inexperienced, loudmouth lawyer not accustomed to Southern rules and manners--comes in to defend them."
1992,The Mighty Ducks,notalk,fail,16.6,84.27,84.27,100,33361,NA,6.3,PG,English,USA,Steven Brill,Stephen Herek,"Action, Comedy, Drama",A self-centered lawyer is sentenced to community service coaching a rag tag youth hockey team.
1992,The Muppet Christmas Carol,notalk,fail,19.92,45.3,45.3,85,26284,NA,7.7,G,English,USA,"Charles Dickens (novel), Jerry Juhl (screenplay)",Brian Henson,"Comedy, Drama, Family",The Muppet characters tell their version of the classic tale of an old and bitter miser's redemption on Christmas Eve.
1992,Aladdin,nowomen,fail,46.49,360.88,836.9,90,177540,NA,8,G,English,USA,"Ron Clements (screenplay), John Musker (screenplay), Ted Elliott (screenplay), Terry Rossio (screenplay), Burny Mattinson (story), Roger Allers (story), Daan Jippes (story), Kevin Harkey (story), Sue C. Nichols (story), Francis Glebas (story), Darrell Rooney (story), Larry Leker (story), James Fujii (story), Kirk Hanson (story), Kevin Lima (story), Rebecca Rees (story), David S. Smith (story), Chris Sanders (story), Brian Pimental (story), Patrick A. Ventura (story)","Ron Clements, John Musker","Animation, Adventure, Comedy","Aladdin, a street urchin, accidentally meets Princess Jasmine, who is in the city undercover. They love each other, but she can only marry a prince."
1992,Batman Returns,nowomen,fail,132.83,270.36,443.02,126,163620,NA,7,PG-13,English,"USA, UK","Bob Kane (Batman characters), Daniel Waters (story), Sam Hamm (story), Daniel Waters (screenplay)",Tim Burton,"Action, Fantasy","When a corrupt businessman and the grotesque Penguin plot to take control of Gotham City, only Batman can stop them, while the Catwoman has her own agenda."
1992,Glengarry Glen Ross,nowomen,fail,20.75,17.81,17.81,100,59879,80,7.9,R,English,USA,"David Mamet (play), David Mamet (screenplay)",James Foley,Drama,An examination of the machinations behind the scenes at a real estate office.
1992,Reservoir Dogs,nowomen,fail,1.99,4.7,4.7,99,454945,78,8.4,R,English,USA,"Quentin Tarantino, Roger Avary (background radio dialog), Quentin Tarantino (background radio dialog)",Quentin Tarantino,"Crime, Thriller","After a simple jewelery heist goes terribly wrong, the surviving criminals begin to suspect that one of them is a police informant."
1992,A League of Their Own,pass,pass,66.41,178.54,219.9,128,57415,NA,7.1,PG,English,USA,"Kim Wilson (story), Kelly Candaele (story), Lowell Ganz (screenplay), Babaloo Mandel (screenplay)",Penny Marshall,"Comedy, Drama, Sport",Two sisters join the first female professional baseball league and struggle to help it succeed amidst their own growing rivalry.
1992,Buffy the Vampire Slayer,pass,pass,11.62,23.63,23.63,86,26890,48,5.5,PG-13,English,USA,Joss Whedon,Fran Rubel Kuzui,"Action, Comedy, Fantasy",A flighty teenage girl learns that she is her generation's destined battler of vampires.
1992,Death Becomes Her,pass,pass,91.32,97,247.43,104,62071,NA,6.3,PG-13,English,USA,"Martin Donovan, David Koepp",Robert Zemeckis,"Comedy, Fantasy","When a woman learns of an immortality treatment, she sees it as a way to outdo her long-time rival."
1992,The Player,pass,pass,13.28,36.04,47.95,124,34743,86,7.7,R,English,USA,"Michael Tolkin (screenplay), Michael Tolkin (novel)",Robert Altman,"Comedy, Crime, Drama",A Hollywood studio executive is being sent death threats by a writer whose script he rejected - but which one?
1993,Super Mario Bros.,dubious,fail,67.72,33.61,33.61,104,30687,NA,4,PG,English,"UK, USA","Parker Bennett, Terry Runte, Ed Solomon","Annabel Jankel, Rocky Morton","Adventure, Comedy, Family",The Marios rush to save a princess from Koopa.
1993,Groundhog Day,men,fail,23.54,114.33,114.33,101,309100,72,8.1,PG,"English, French, Italian",USA,"Danny Rubin (screenplay), Harold Ramis (screenplay), Danny Rubin (story)",Harold Ramis,"Comedy, Drama, Fantasy",A weatherman finds himself living the same day over and over again.
1993,The Fugitive,men,fail,70.95,296.49,570.35,130,175786,88,7.8,PG-13,"English, Polish, Spanish",USA,"Jeb Stuart (screenplay), David Twohy (screenplay), David Twohy (story), Roy Huggins (characters)",Andrew Davis,"Action, Adventure, Crime","Dr. Richard Kimble, unjustly accused of murdering his wife, must find the real killer while being the target of a nationwide manhunt."
1993,Cliffhanger,notalk,fail,104.81,135.53,411.18,112,75760,60,6.3,R,English,"Italy, France, USA","John Long (premise), Michael France (screen story), Michael France (screenplay), Sylvester Stallone (screenplay)",Renny Harlin,"Action, Adventure, Thriller",A botched mid-air heist results in suitcases full of cash being searched for by various groups throughout the Rocky Mountains.
1993,Cool Runnings,notalk,fail,22.57,111.03,250.02,98,55903,NA,6.8,PG,"English, German, Russian",USA,"Lynn Siefert (story), Michael Ritchie (story), Lynn Siefert (screenplay), Tommy Swerdlow (screenplay), Michael Goldberg (screenplay)",Jon Turteltaub,"Adventure, Comedy, Family",Based on the true story of the first Jamaican bobsled team trying to make it to the winter Olympics.
1993,Gettysburg,nowomen,fail,40.31,17.3,17.3,271,19073,NA,7.7,PG,English,USA,"Michael Shaara (novel), Ronald F. Maxwell (screenplay)",Ronald F. Maxwell,"Drama, History, War","In 1863, the Northern and Southern forces fight at Gettysburg in the decisive battle of the American Civil War."
1993,The Princess and the Cobbler,nowomen,fail,38.7,1.08,1.08,72,2003,NA,7.3,G,English,"UK, USA","Richard Williams (screenplay), Margaret French (screenplay), Parker Bennett (additional story and dialogue), Terry Runte (additional story and dialogue), Bette L. Smith (additional story and dialogue), Tom Towler (additional story and dialogue), Stephen Zito (additional story and dialogue), Eric Gilliland (additional dialogue), Michael Hitchcock (additional dialogue), Gary Glasberg (additional dialogue)",Richard Williams,"Animation, Adventure, Comedy","When Tack upsets Zigzag the Vizier, the wizard drags him off to the royal castle, where Princess Yum Yum falls for the bashful boy and saves him from execution. Unfortunately, Zigzag plans ..."
1993,The Remains of the Day,nowomen,fail,24.19,37.01,103.12,134,37789,84,8,PG,"English, French, German","UK, USA","Kazuo Ishiguro (novel), Ruth Prawer Jhabvala (screenplay)",James Ivory,"Drama, Romance",A butler who sacrificed body and soul to service in the years post World War II realizes too late how misguided his loyalty has been.
1993,Dazed and Confused,pass,pass,11.13,12.82,12.82,102,87393,78,7.7,R,English,USA,Richard Linklater,Richard Linklater,"Comedy, Drama","The adventures of incoming high school and junior high students on the last day of school, in May of 1976."
1993,Hocus Pocus,pass,pass,45.15,63.47,63.47,96,43104,NA,6.5,PG,English,USA,"David Kirschner (story), Mick Garris (story), Mick Garris (screenplay), Neil Cuthbert (screenplay)",Kenny Ortega,"Comedy, Family, Fantasy","After three centuries, three witch sisters are resurrected in Salem Massachusetts on Halloween night, and it is up to two teen-agers, a young girl, and an immortal cat to put an end to the witches' reign of terror once and for all."
1993,Jurassic Park,pass,pass,101.58,638.06,1669.91,127,373499,68,8,PG-13,"English, Spanish",USA,"Michael Crichton (novel), Michael Crichton (screenplay), David Koepp (screenplay)",Steven Spielberg,"Adventure, Sci-Fi","During a preview tour, a theme park suffers a major power breakdown that allows its cloned dinosaur exhibits to run amok."
1993,Mrs. Doubtfire,pass,pass,40.31,353.44,711.56,125,124978,53,6.8,PG-13,English,USA,"Anne Fine (novel), Randi Mayem Singer (screenplay), Leslie Dixon (screenplay)",Chris Columbus,"Comedy, Drama","After a bitter divorce, an actor disguises himself as a female housekeeper to spend time with his children held in custody by his former wife."
1993,The Age of Innocence,pass,pass,54.82,51.62,51.62,139,29169,83,7.3,PG,"English, Italian",USA,"Edith Wharton (novel), Jay Cocks (screenplay), Martin Scorsese (screenplay)",Martin Scorsese,"Drama, Romance","Tale of 19th century New York high society in which a young lawyer falls in love with a woman separated from her husband, while he is engaged to the woman's cousin."
1993,Tombstone,pass,pass,40.31,91.11,91.11,130,75792,NA,7.9,R,"English, Latin",USA,Kevin Jarre,"George P. Cosmatos, Kevin Jarre","Action, Drama, History","A successful lawman's plans to retire anonymously in Tombstone, Arizona, are disrupted by the kind of outlaws he was famous for eliminating."
1994,Ace Ventura: Pet Detective,men,fail,18.86,113.5,168.51,86,157869,37,6.9,PG-13,English,USA,"Jack Bernstein (story), Jack Bernstein (screenplay), Tom Shadyac (screenplay), Jim Carrey (screenplay)",Tom Shadyac,Comedy,A goofy detective specializing in animals goes in search of a missing dolphin mascot of a football team.
1994,Naked Gun 33 1/3: The Final Insult,men,fail,47.15,80.22,80.22,83,59751,NA,6.4,PG-13,English,USA,"Pat Proft, David Zucker, Robert LoCash, Jim Abrahams (television series: ""Police Squad""), David Zucker (television series: ""Police Squad""), Jerry Zucker (television series ""Police Squad"")",Peter Segal,"Action, Comedy, Crime",Frank Drebin comes out of retirement to help Police Squad infiltrate a gang of terrorists planning to detonate a bomb at the Academy Awards.
1994,Clerks.,notalk,fail,0.04,4.83,6.12,92,152241,70,7.9,R,English,USA,Kevin Smith,Kevin Smith,Comedy,"A day in the lives of two convenience clerks named Dante and Randal as they annoy customers, discuss movies, and play hockey on the store roof."
1994,Forrest Gump,notalk,fail,86.44,518.17,1067.79,142,793553,82,8.8,PG-13,English,USA,"Winston Groom (novel), Eric Roth (screenplay)",Robert Zemeckis,"Drama, Romance","Forrest Gump, while not intelligent, has accidentally been present at many historic moments, but his true love, Jenny Curran, eludes him."
1994,Police Academy: Mission to Moscow,notalk,fail,15.72,0.2,0.2,83,20848,NA,3,PG,English,USA,"Neal Israel (characters), Pat Proft (characters), Randolph Davis, Michele S. Chodos",Alan Metter,"Comedy, Crime",The Russian government hires the veterans of the Police Academy (1984) to help deal with the Mafia.
1994,Stargate,notalk,fail,86.44,112.48,308.94,121,121754,42,7,PG-13,"English, Norwegian, Swedish","France, USA","Dean Devlin, Roland Emmerich",Roland Emmerich,"Action, Adventure, Sci-Fi","An interstellar teleportation device, found in Egypt, leads to a planet with humans resembling ancient Egyptians who worship the god Ra."
1994,The Hudsucker Proxy,notalk,fail,62.87,4.43,23.48,111,55553,53,7.4,PG,English,"UK, Germany, USA","Ethan Coen, Joel Coen, Sam Raimi","Joel Coen, Ethan Coen",Comedy,A naive business graduate is installed as president of a manufacturing company as part of a stock scam.
1994,The Lion King,notalk,fail,124.63,664.47,1497.61,89,405912,83,8.5,G,"English, Swahili, Xhosa, Zulu",USA,"Irene Mecchi (screenplay), Jonathan Roberts (screenplay), Linda Woolverton (screenplay), Brenda Chapman (story), Burny Mattinson (story), Barry Johnson (story), Lorna Cook (story), Thom Enriquez (story), Andy Gaskill (story), Gary Trousdale (story), Jim Capobianco (story), Kevin Harkey (story), Jorgen Klubien (story), Chris Sanders (story), Tom Sito (story), Larry Leker (story), Joe Ranft (story), Rick Maki (story), Ed Gombert (story), Francis Glebas (story), Mark Kausler (story), J.T. Allen (additional story material), George Scribner (additional story material), Miguel Tejada-Flores (additional story material), Jenny Tripp (additional story material), Bob Tzudiker (additional story material), Christopher Vogler (additional story material), Kirk Wise (additional story material), Noni White (additional story material)","Roger Allers, Rob Minkoff","Animation, Adventure, Drama",Lion cub and future king Simba searches for his identity. His eagerness to please others and penchant for testing his boundaries sometimes gets him into trouble.
1994,The Mask,notalk,fail,28.29,188.47,552.63,101,186368,56,6.8,PG-13,"English, Swedish",USA,"Michael Fallon (story), Mark Verheiden (story), Mike Werb (screenplay)",Chuck Russell,"Comedy, Crime, Fantasy",Bank clerk Stanley Ipkiss is transformed into a manic super-hero when he wears a mysterious mask.
1994,The Santa Clause,notalk,fail,34.58,227.63,298.3,97,47025,57,6.3,PG,"English, Spanish",USA,"Leo Benvenuti, Steve Rudnick",John Pasquin,"Comedy, Drama, Family","When a man inadvertantly kills Santa on Christmas Eve, he finds himself magically recruited to take his place."
1994,The Specialist,notalk,fail,70.72,90.15,90.15,110,38538,NA,5.3,R,English,"Peru, USA","John Shirley (Specialist novels), Alexandra Seros",Luis Llosa,"Action, Thriller",A woman entices a bomb expert she's involved with into destroying the mafia that killed her family.
1994,Timecop,notalk,fail,44.01,70.49,160.39,99,36693,NA,5.8,R,English,"Canada, USA, Japan","Mark Verheiden (screenplay), Mike Richardson (story), Mark Verheiden (story), Mike Richardson (comic series), Mark Verheiden (comic series)",Peter Hyams,"Action, Romance, Sci-Fi","An officer for a security agency that regulates time travel, must fend for his life against a shady politician who has a tie to his past."
1994,True Lies,notalk,fail,157.17,229.91,574.13,141,150049,63,7.2,R,"English, French, Arabic, German",USA,"Claude Zidi (screenplay), Simon Michaël (screenplay), Didier Kaminka (screenplay), James Cameron (screenplay)",James Cameron,"Action, Thriller","Harry Tasker is a secret agent for the United States Government. For years, he has kept his job from his wife, but is forced to reveal his identity and try to stop nuclear terrorists when he and his wife are kidnapped by the terrorists."
1994,Beverly Hills Cop III,nowomen,fail,78.58,66.93,187.31,104,46371,16,5.4,R,English,USA,"Danilo Bach (character), Daniel Petrie Jr. (character), Steven E. de Souza",John Landis,"Action, Comedy, Crime","Axel Foley, while investigating a car theft ring, comes across something much bigger than that: the same men who shot his boss are running a counterfeit money ring out of a theme park in Los Angeles."
1994,The Shadow,nowomen,fail,62.87,50.03,50.03,108,15743,NA,5.9,PG-13,English,USA,"Walter B. Gibson (character The Shadow from stories), David Koepp",Russell Mulcahy,"Action, Adventure, Crime","In 30's New York City, the Shadow battles his nemesis, Shiwan Khan, who is building an atomic bomb."
1994,The Shawshank Redemption,nowomen,fail,39.29,44.39,44.39,142,1187486,80,9.3,R,English,USA,"Stephen King (short story ""Rita Hayworth and Shawshank Redemption""), Frank Darabont (screenplay)",Frank Darabont,"Crime, Drama","Two imprisoned men bond over a number of years, finding solace and eventual redemption through acts of common decency."
1994,Crooklyn,pass,pass,22,20.47,20.47,115,4970,65,6.9,PG-13,English,USA,"Cinqué Lee, Joie Lee (screenplay), Joie Lee (story), Spike Lee",Spike Lee,"Comedy, Drama","From Spike Lee comes this vibrant semi-autobiographical portrait of a school-teacher, her stubborn jazz-musician husband and their five kids living in '70s Brooklyn."
1994,Ed Wood,pass,pass,28.29,9.16,9.16,127,122901,70,7.9,R,English,USA,"Rudolph Grey (book), Scott Alexander, Larry Karaszewski",Tim Burton,"Biography, Comedy, Drama",The mostly true story of the legendary director of awful movies and his strange group of friends and actors.
1994,Legends of the Fall,pass,pass,47.15,104.52,252.26,133,85249,45,7.5,R,"English, Cornish",USA,"Susan Shilliday (screenplay), William D. Wittliff (screenplay), Jim Harrison (novel)",Edward Zwick,"Drama, Romance, War","Epic tale of three brothers and their father living in the remote wilderness of 1900s USA and how their lives are affected by nature, history, war, and love."
1994,Little Women,pass,pass,23.57,78.59,78.59,115,29594,87,7.3,PG,"English, German, French","USA, Canada","Louisa May Alcott (novel), Robin Swicord (screenplay)",Gillian Armstrong,"Drama, Romance",The March sisters live and grow in post-Civil War America.
1994,Priest,pass,pass,94.3,45.79,132.26,98,6673,NA,7.3,R,English,UK,Jimmy McGovern,Antonia Bird,Drama,"Father Greg Pilkington (Linus Roache) is torn between his call as a conservative Catholic priest and his secret life as a homosexual with a gay lover, frowned upon by the Church. Upon ..."
1994,Pulp Fiction,pass,pass,12.57,169.63,334.65,154,909053,94,9,R,"English, Spanish, French",USA,"Quentin Tarantino (story), Roger Avary (story), Quentin Tarantino",Quentin Tarantino,"Crime, Drama, Thriller","The lives of two mob hit men, a boxer, a gangster's wife, and a pair of diner bandits intertwine in four tales of violence and redemption."
1994,Speed,pass,pass,47.15,190.56,445.1,116,205061,78,7.2,R,English,USA,Graham Yost,Jan de Bont,"Action, Crime, Thriller",A young cop must prevent a bomb exploding aboard a city bus by keeping its speed above 50 mph.
1994,Street Fighter,pass,pass,55.01,52.53,156.26,102,44016,NA,3.7,PG-13,"English, Japanese, Esperanto","USA, Japan",Steven E. de Souza,Steven E. de Souza,"Action, Sci-Fi, Thriller",Col. Guile and various other martial arts heroes fight against the tyranny of Dictator M. Bison and his cohorts.
1994,The Client,pass,pass,70.72,144.77,184.85,119,38224,NA,6.7,PG-13,English,USA,"John Grisham (novel), Akiva Goldsman (screenplay), Robert Getchell (screenplay)",Joel Schumacher,"Crime, Drama, Mystery",A young boy who witnessed the suicide of a mafia lawyer hires an attorney to protect him when the district attorney tries to use him to take down a mob family.
1995,Copycat,dubious,fail,30.58,49,49,123,36172,54,6.5,R,English,USA,"Ann Biderman, David Madsen",Jon Amiel,"Crime, Drama, Mystery",An agoraphobic psychologist and a female detective must work together to take down a serial killer who copies serial killers from the past.
1995,Species,dubious,fail,53.51,91.81,173.29,108,49983,NA,5.8,R,English,USA,Dennis Feldman,Roger Donaldson,"Action, Horror, Sci-Fi",A message from outer space contains instructions on how to modify human DNA.
1995,Braveheart,men,fail,110.07,115.49,319.51,177,525145,68,8.4,R,"English, French, Latin, Scottish Gaelic",USA,Randall Wallace,Mel Gibson,"Action, Biography, Drama","When his secret bride is executed for assaulting an English soldier who tried to rape her, a commoner begins a revolt and leads Scottish warriors against the cruel English tyrant who rules Scotland with an iron fist."
1995,Casino,men,fail,79.5,64.88,168.78,178,236440,73,8.2,R,"English, French, Persian","USA, France","Nicholas Pileggi (book), Nicholas Pileggi (screenplay), Martin Scorsese (screenplay)",Martin Scorsese,"Biography, Crime, Drama","Greed, deception, money, power, and murder occur between two mobster best friends and a trophy wife over a gambling empire."
1995,Assassins,notalk,fail,76.44,46.33,127.36,132,49364,NA,6.2,R,"English, Dutch, Spanish","USA, France","Andy Wachowski (story), Lana Wachowski (story), Andy Wachowski (screenplay), Lana Wachowski (screenplay), Brian Helgeland (screenplay)",Richard Donner,"Action, Thriller, Crime","Robert Rath is a seasoned hitman who just wants out of the business with no back talk. But, as things go, it ain't so easy. A younger, peppier assassin named Bain is having a field day ..."
1995,Batman Forever,notalk,fail,152.88,281.34,514.48,121,149277,51,5.4,PG-13,English,"USA, UK","Bob Kane (characters), Lee Batchler (story), Janet Scott Batchler (story), Lee Batchler (screenplay), Janet Scott Batchler (screenplay), Akiva Goldsman (screenplay)",Joel Schumacher,"Action, Adventure, Fantasy","Batman must battle Two-Face and The Riddler with help of an amourous psychologist and a young circus acrobat who becomes his sidekick, Robin."
1995,Die Hard: With a Vengeance,notalk,fail,137.59,152.9,557.21,131,232763,58,7.6,R,"English, German, Romanian",USA,"Jonathan Hensleigh, Roderick Thorp (certain original characters)",John McTiernan,"Action, Crime, Thriller","John McClane and a Harlem store owner are targeted by German terrorist Simon Gruber in New York City, where he plans to rob the Federal Reserve Building."
1995,Mallrats,notalk,fail,9.33,3.22,3.22,94,82836,41,7.2,R,English,USA,Kevin Smith,Kevin Smith,"Comedy, Romance","Both dumped by their girlfriends, two best friends seek refuge in the local mall."
1995,Mortal Kombat,notalk,fail,30.58,107.68,186.71,101,65242,58,5.8,PG-13,English,USA,"Ed Boon (video games), John Tobias (video games), Kevin Droney",Paul W.S. Anderson,"Action, Adventure, Fantasy",Three unknowing martial artists are summoned to a mysterious island to compete in a tournament whose outcome will decide the fate of the world.
1995,Se7en,notalk,fail,45.86,153.07,501.63,127,684731,65,8.7,R,English,USA,Andrew Kevin Walker,David Fincher,"Crime, Mystery, Thriller","Two detectives, a rookie and a veteran, hunt a serial killer who uses the seven deadly sins as his modus operandi."
1995,The Quick and the Dead,notalk,fail,48.92,28.36,28.36,107,56417,49,6.4,R,"English, Spanish","USA, Japan",Simon Moore,Sam Raimi,"Action, Thriller, Western",Lady avenger returns to western town owned by a ruthless gunslinger hosting an elimination tournament.
1995,The Usual Suspects,notalk,fail,9.17,35.68,52.67,106,522662,77,8.7,R,"English, Hungarian, Spanish, French","USA, Germany",Christopher McQuarrie,Bryan Singer,"Crime, Mystery, Thriller","A boat has been destroyed, criminals are dead, and the key to this mystery lies with the only survivor and his twisted, convoluted story beginning with five career crooks in a seemingly random police lineup."
1995,Toy Story,notalk,fail,45.86,293.19,557.29,81,409668,92,8.3,G,English,USA,"John Lasseter (original story by), Pete Docter (original story by), Andrew Stanton (original story by), Joe Ranft (original story by), Joss Whedon (screenplay), Andrew Stanton (screenplay), Joel Cohen (screenplay), Alec Sokolow (screenplay)",John Lasseter,"Animation, Adventure, Comedy",A cowboy doll is profoundly threatened and jealous when a new spaceman figure supplants him as top toy in a boy's room.
1995,Twelve Monkeys,notalk,fail,44.33,87.36,258.12,129,342136,74,8.1,R,"English, French",USA,"Chris Marker (film La Jetée), David Webb Peoples (screenplay), Janet Peoples (screenplay)",Terry Gilliam,"Mystery, Sci-Fi, Thriller","In a future world devastated by disease, a convict is sent back in time to gather information about the man-made virus that wiped out most of the human population on the planet."
1995,Before Sunrise,nowomen,fail,3.82,8.06,8.06,105,117264,77,8.1,R,"English, German, French","USA, Austria, Switzerland","Richard Linklater, Kim Krizan",Richard Linklater,"Drama, Romance","A young man and woman meet on a train in Europe, and wind up spending one evening together in Vienna. Unfortunately, both know that this will probably be their only night together."
1995,Congo,nowomen,fail,76.44,123.87,232.41,109,28565,22,4.9,PG-13,English,USA,"Michael Crichton (novel), John Patrick Shanley (screenplay)",Frank Marshall,"Action, Adventure, Mystery","When an expedition to the African Congo ends in disaster, a new team is assembled to find out what went wrong."
1995,Waterworld,nowomen,fail,267.54,134.91,403.97,135,113181,56,6,PG-13,English,USA,"Peter Rader, David Twohy","Kevin Reynolds, Kevin Costner","Action, Adventure, Sci-Fi","In a future where the polar ice caps have melted and most of Earth is underwater, a mutated mariner fights starvation and outlaw ""smokers,"" and reluctantly helps a woman and a young girl try to find dry land."
1995,Apollo 13,pass,pass,99.37,263.06,510.77,140,164684,77,7.6,PG,English,USA,"Jim Lovell (book), Jeffrey Kluger (book), William Broyles Jr. (screenplay), Al Reinert (screenplay)",Ron Howard,"Adventure, Drama, History",Three astronauts must devise a strategy to return to Earth safely after their spacecraft undergoes massive internal damage.
1995,Casper,pass,pass,84.08,153.38,431.57,100,65761,NA,5.9,PG,English,USA,"Joseph Oriolo (characters), Sherri Stoner, Deanna Oliver",Brad Silberling,"Comedy, Family, Fantasy",A paranormal expert and his daughter bunk in an abandoned house populated by 3 mischievous ghosts and one friendly one.
1995,Clueless,pass,pass,20.94,86.53,86.53,97,83183,68,6.7,PG-13,"English, Spanish",USA,Amy Heckerling,Amy Heckerling,"Comedy, Romance","A parody of Jane Austen's novel Emma, about Cher, a popular girl who spends her days playing matchmaker, helping friends with fashion choices, advising the new girl at school on a makeover, and looking for a boyfriend."
1995,Jumanji,pass,pass,99.37,153.58,401.7,104,135034,39,6.7,PG,"English, French",USA,"Jonathan Hensleigh (screenplay), Greg Taylor (screenplay), Jim Strain (screenplay), Greg Taylor (screen story), Jim Strain (screen story), Chris Van Allsburg (screen story), Chris Van Allsburg (book)",Joe Johnston,"Adventure, Family, Fantasy","When two kids find and play a magical board game, they release a man trapped for decades in it and a host of dangers that can only be stopped by finishing the game."
1995,Outbreak,pass,pass,76.44,103.69,103.69,127,74986,NA,6.5,R,"English, Korean, French",USA,"Laurence Dworet, Robert Roy Pool",Wolfgang Petersen,"Action, Drama, Sci-Fi","Extreme measures are necessary to contain an epidemic of a deadly airborne virus. But how extreme, exactly?"
1995,Pocahontas,pass,pass,84.08,216.44,530.64,81,75675,58,6.5,G,"English, Algonquin",USA,"Carl Binder, Susannah Grant, Philip LaZebnik, Tom Sito (story), Glen Keane (story), Joe Grant (story), Ralph Zondag (story), Burny Mattinson (story), Ed Gombert (story), Kaan Kalyon (story), Francis Glebas (story), Rob Gibbs (story), Bruce Morris (story), Todd Kurosawa (story), Duncan Marjoribanks (story), Chris Buck (story), Andrew Chapman (additional story development), Randy Cartwright (additional story development), Will Finn (additional story development), Broose Johnson (additional story development), T. Daniel Hofstedt (additional story development), David Pruiksma (additional story development), Nik Ranieri (additional story development), Vincent DeFrances (additional story development), Tom Mazzocco (additional story development), Don Dougherty (additional story development), Jorgen Klubien (additional story development), Mike Gabriel (based on an idea by)","Mike Gabriel, Eric Goldberg","Animation, Adventure, Drama",An English soldier and the daughter of an Algonquin chief share a romance when English colonists invade seventeenth-century Virginia.
1995,Sabrina,pass,pass,88.67,81.73,133.16,127,24806,NA,6.2,PG,"English, French","Germany, USA","Samuel A. Taylor (play), Billy Wilder (earlier screenplay), Samuel A. Taylor (earlier screenplay), Ernest Lehman (earlier screenplay), Barbara Benedek (screenplay), David Rayfiel (screenplay)",Sydney Pollack,"Comedy, Drama","An ugly duckling having undergone a remarkable change, still harbors feelings for her crush: a carefree playboy, but not before his business-focused brother has something to say about it."
1995,Safe,pass,pass,50.45,26.21,63.44,119,6020,NA,7.1,R,English,"UK, USA",Todd Haynes,Todd Haynes,Drama,An affluent and unexceptional homemaker in the suburbs develops multiple chemical sensitivity.
1995,Sense and Sensibility,pass,pass,25.22,65.73,206.38,136,60674,84,7.7,PG,"English, French","USA, UK","Jane Austen (novel), Emma Thompson (screenplay)",Ang Lee,"Drama, Romance","Rich Mr. Dashwood dies, leaving his second wife and her three daughters poor by the rules of inheritance. The two eldest daughters are the titular opposites."
1995,Tank Girl,pass,pass,38.22,6.21,6.21,104,20217,NA,5.1,R,English,USA,"Alan Martin (comic strip), Jamie Hewlett (comic strip), Tedi Sarafian",Rachel Talalay,"Action, Comedy, Sci-Fi","Based on the British cult comic-strip, our tank-riding anti-heroine fights a mega-corporation, which controls the world's water supply."
1995,The American President,pass,pass,94.78,91.76,164.84,114,37489,67,6.8,PG-13,"English, French",USA,Aaron Sorkin,Rob Reiner,"Comedy, Drama, Romance","Comedy-drama about a widowed US president and a lobbyist who fall in love. It's all aboveboard, but ""politics is perception"" and sparks fly anyway."
1995,The Bridges of Madison County,pass,pass,33.63,109.33,268.33,135,43393,66,7.5,PG-13,English,USA,"Richard LaGravenese (screenplay), Robert James Waller (novel)",Clint Eastwood,"Drama, Romance","Photographer Robert Kincaid wanders into the life of housewife Francesca Johnson, for four days in the 1960s."
1995,The Net,pass,pass,33.63,77.39,168.96,114,40448,NA,5.8,PG-13,"English, Spanish",USA,"John D. Brancato, Michael Ferris",Irwin Winkler,"Action, Crime, Drama","A computer programmer stumbles upon a conspiracy, putting her life and the lives of those around her in great danger."
1995,Welcome to the Dollhouse,pass,pass,1.22,6.42,7.7,88,22328,83,7.5,R,English,USA,Todd Solondz,Todd Solondz,"Comedy, Drama","Insightful look at an unattractive 7th grader as she struggles to cope with un-attentive parents, snobbish classmates, a smart older brother, an attractive younger sister, and her own insecurities."
1996,August,dubious,fail,5.05,0.02,0.02,94,548,NA,6,PG,English,"UK, USA","Anton Chekhov (play), Julian Mitchell",Anthony Hopkins,"Comedy, Drama, Romance","Chekovs Uncle Vanya, transposed to turn-of-the-century North Wales, where the peace and tranquillity of a country house is disturbed by the arrival of the estates tyrannical owner and his ..."
1996,Romeo + Juliet,dubious,fail,21.53,68.82,219.12,120,128640,60,6.9,PG-13,English,USA,"William Shakespeare (play), Craig Pearce (screenplay), Baz Luhrmann (screenplay)",Baz Luhrmann,"Drama, Romance",Shakespeare's famous play is updated to the hip modern suburb of Verona still retaining its original dialogue.
1996,Striptease,dubious,fail,74.26,49.17,168.28,115,29083,NA,4.2,R,English,USA,"Carl Hiaasen (book), Andrew Bergman (screenplay)",Andrew Bergman,"Crime, Drama, Thriller",A stripper and single mother gets dragged into a dangerous situation after a congressman takes a fancy to her.
1996,DragonHeart,men,fail,84.65,76.29,155,103,66255,NA,6.4,PG-13,English,USA,"Patrick Read Johnson (story), Charles Edward Pogue (story), Charles Edward Pogue (screenplay)",Rob Cohen,"Action, Adventure, Drama",The last dragon and a disillusioned dragonslaying knight must cooperate to stop an evil king who was given partial immortality.
1996,Trainspotting,men,fail,4.6,24.51,35.65,94,344120,83,8.2,R,English,UK,"Irvine Welsh (novel), John Hodge (screenplay)",Danny Boyle,"Crime, Drama","Renton, deeply immersed in the Edinburgh drug scene, tries to clean up and get out, despite the allure of the drugs and influence of friends."
1996,Chain Reaction,notalk,fail,81.68,31.52,89.42,107,33890,NA,5.5,PG-13,English,USA,"Arne Schmidt (story), Rick Seaman (story), Josh Friedman (story), J.F. Lawton (screenplay), Michael Bortman (screenplay)",Andrew Davis,"Action, Drama, Sci-Fi",Two researchers in a green alternative energy project are put on the run when they are framed for murder and treason.
1996,Escape from L.A.,notalk,fail,74.26,37.76,37.76,101,41442,NA,5.6,R,English,USA,"John Carpenter (characters), Nick Castle (characters), John Carpenter, Debra Hill, Kurt Russell",John Carpenter,"Action, Adventure, Sci-Fi","Snake Plissken is once again called in by the United States government to recover a potential doomsday device from Los Angeles, now an autonomous island where undesirables are deported."
1996,From Dusk Till Dawn,notalk,fail,29.7,38.21,38.21,108,164022,52,7.3,R,"English, Spanish",USA,"Robert Kurtzman (story), Quentin Tarantino (screenplay)",Robert Rodriguez,"Action, Crime, Horror","Two criminals and their hostages unknowingly seek temporary refuge in an establishment populated by vampires, with chaotic results."
1996,Hamlet,notalk,fail,2.97,2.34,3.59,242,26347,NA,7.9,PG-13,English,"UK, USA","William Shakespeare (play), Kenneth Branagh (screenplay)",Kenneth Branagh,"Drama, History","Hamlet, Prince of Denmark, returns home to find his father murdered and his mother remarrying the murderer, his uncle. Meanwhile, war is brewing."
1996,Jingle All the Way,notalk,fail,89.11,89.99,192.82,89,53969,NA,5.3,PG,English,USA,Randy Kornfield,Brian Levant,"Comedy, Family",A father decides to dream the impossible; to get a Turbo Man action figure for his son just before Christmas.
1996,Kingpin,notalk,fail,37.13,37.16,47.86,113,51644,43,6.9,PG-13,English,USA,"Barry Fanaro, Mort Nathan","Bobby Farrelly, Peter Farrelly","Comedy, Sport","A star bowler whose career was prematurely ""cut off"" hopes to ride a new prodigy to success and riches."
1996,Mission: Impossible,notalk,fail,118.81,268.79,679.76,110,217631,60,7,PG-13,"English, French, Czech",USA,"Bruce Geller (television series), David Koepp (story), Steven Zaillian (story), David Koepp (screenplay), Robert Towne (screenplay)",Brian De Palma,"Action, Adventure, Thriller","An American agent, under false suspicion of disloyalty, must discover and expose the real spy without the help of his organization."
1996,Space Jam,notalk,fail,118.81,134.35,371.59,88,75629,NA,6.1,PG,English,USA,"Leo Benvenuti, Steve Rudnick, Timothy Harris, Herschel Weingrod",Joe Pytka,"Animation, Adventure, Comedy",Michael Jordan agrees to help the Looney Toons play a basketball game vs. alien slavers to determine their freedom.
1996,Spy Hard,notalk,fail,26.73,40,40,81,23775,25,5.2,PG-13,"English, French, Spanish",USA,"Jason Friedberg (story), Aaron Seltzer (story), Rick Friedberg (screenplay), Dick Chudnow (screenplay), Jason Friedberg (screenplay), Aaron Seltzer (screenplay)",Rick Friedberg,"Comedy, Action","General Rancor is threatening to destroy the world with a missile he is hiding at his secret base. But to complete his goal, he needs a special computer chip, invented by the scientist Prof..."
1996,The Cable Guy,notalk,fail,69.8,89.47,152.71,96,94492,NA,6,PG-13,"English, French",USA,Lou Holtz Jr.,Ben Stiller,"Comedy, Drama, Thriller","A lonely and disturbed cable guy raised on television just wants a new friend, but his target, a designer, rejects him, with bad consequences."
1996,The Fan,notalk,fail,81.68,27.6,27.6,116,32494,32,5.8,R,"English, Spanish",USA,"Peter Abrahams (book), Phoef Sutton (screenplay)",Tony Scott,"Drama, Sport, Thriller",An all star baseball player becomes the unhealthy focus of a down on his luck salesman.
1996,The Glimmer Man,notalk,fail,66.83,30.3,54.07,91,12859,NA,5.3,R,English,USA,Kevin Brodbin,John Gray,"Action, Comedy, Crime","Two cops, played by Seagal and Wayans, are forced to work together to solve a chain of mysterious killings by a killer nicknamed ""The Family Man"""
1996,The Hunchback of Notre Dame,notalk,fail,148.52,148.72,483.42,91,66268,NA,6.8,G,"English, Latin",USA,"Geefwee Boedoe (story), Tab Murphy (animation screenplay), Irene Mecchi (animation screenplay), Bob Tzudiker (animation screenplay), Noni White (animation screenplay), Jonathan Roberts (animation screenplay), Tab Murphy (animation story), Victor Hugo (novel), Sue C. Nichols (story), Christine Blum (story), Gaëtan Brizzi (story), Paul Brizzi (story), Jim Capobianco (story), Brenda Chapman (story), Francis Glebas (story), Ed Gombert (story), Kirk Hanson (story), Kevin Harkey (story), Burny Mattinson (story), Floyd Norman (story), Denis Rich (story), Jeff Snow (story), Kelly Wightman (story), James Fujii (story), John Sanford (story)","Gary Trousdale, Kirk Wise","Animation, Drama, Family","A deformed bell-ringer must assert his independence from a vicious government minister in order to help his friend, a gypsy dancer."
1996,The Long Kiss Goodnight,notalk,fail,96.54,49.68,49.68,121,50562,44,6.7,R,English,USA,Shane Black,Renny Harlin,"Action, Crime, Drama",A woman suffering from amnesia begins to recover her memories after trouble from her past finds her again.
1996,The Rock,notalk,fail,111.39,199.12,499.12,136,214355,59,7.4,R,English,USA,"David Weisberg (story), Douglas Cook (story), David Weisberg (screenplay), Douglas Cook (screenplay), Mark Rosner (screenplay)",Michael Bay,"Action, Adventure, Thriller","A mild-mannered chemist and an ex-con must lead the counterstrike when a rogue group of military men, led by a renegade general, threaten a nerve gas attack from Alcatraz against San Francisco."
1996,Broken Arrow,nowomen,fail,96.54,104.92,220.32,108,66094,61,5.9,R,English,USA,Graham Yost,John Woo,"Action, Adventure, Thriller",Terrorists steal nuclear warheads from the U.S. military but don't count on a pilot and park ranger spoiling their plans.
1996,Bound,pass,pass,6.68,5.65,10.41,108,34360,61,7.5,R,English,USA,"Andy Wachowski, Lana Wachowski","Andy Wachowski, Lana Wachowski","Crime, Drama, Thriller","Corky, a tough female ex con and her lover Violet concoct a scheme to steal millions of stashed mob money and pin the blame on Violet's crooked boyfriend Caeser."
1996,Emma,pass,pass,8.76,33.02,56.19,121,21799,66,6.9,PG,English,"UK, USA","Jane Austen (novel), Douglas McGrath (screenplay)",Douglas McGrath,"Comedy, Drama, Romance",In rural 1800s England things go bad for a young matchmaker after she finds a man for another woman.
1996,Eye for an Eye,pass,pass,29.7,39.79,39.79,101,7661,NA,6.1,R,"English, French, Spanish, Korean",USA,"Erika Holzer (novel), Amanda Silver (screenplay), Rick Jaffa (screenplay)",John Schlesinger,"Crime, Drama, Thriller","Karen McCann's eldest daughter is raped and murdered whilst on the phone with her. When the case against Robert Doob, the perpetrator, is dismissed because of a technicality, she starts ..."
1996,Fargo,pass,pass,10.4,36.49,76.05,98,309702,85,8.2,R,English,"USA, UK","Ethan Coen, Joel Coen","Joel Coen, Ethan Coen","Crime, Drama, Thriller",Jerry Lundegaard's inept crime falls apart due to his and his henchmen's bungling and the persistent police work of the quite pregnant Marge Gunderson.
1996,Freeway,pass,pass,4.46,0.44,0.44,110,19780,61,6.9,R,English,USA,Matthew Bright,Matthew Bright,"Comedy, Crime, Drama","A twisted take on 'Little Red Riding Hood' with a teenage juvenile delinquent on the run from a social worker traveling to her grandmother's house and being hounded by a charming, but sadistic, serial killer/pedophile."
1996,Harriet the Spy,pass,pass,19.31,39.46,39.46,100,6518,NA,5.9,PG,English,USA,"Louise Fitzhugh (novel), Greg Taylor (adaptation), Julie Talen (adaptation), Douglas Petrie (screenplay), Theresa Rebeck (screenplay)",Bronwen Hughes,"Family, Comedy, Drama",Harriet M. Welsch is a spy. But when Harriet's friends find her secret notebook the tables are turned on her. Can she win her friends back and still keep on going with the spy business?
1996,Independence Day,pass,pass,111.39,454.71,1213.98,145,326834,59,6.9,PG-13,English,USA,"Dean Devlin, Roland Emmerich",Roland Emmerich,"Action, Adventure, Drama","The aliens are coming and their goal is to invade and destroy. Fighting superior technology, Man's best weapon is the will to survive."
1996,Love and Other Catastrophes,pass,pass,0.37,0.32,1.1,78,1638,NA,6.4,R,English,Australia,"Stavros Kazantzidis (story), Yael Bergman (screenplay), Emma-Kate Croghan (screenplay), Helen Bandis (screenplay)",Emma-Kate Croghan,"Comedy, Romance",A day in the life of two film-school students trying to find love and another house-mate.
1996,Mars Attacks!,pass,pass,118.81,56.1,150.55,106,137730,52,6.3,PG-13,"English, French",USA,"Len Brown (trading card series), Woody Gelman (trading card series), Wally Wood (trading card series), Bob Powell (trading card series), Norman Saunders (trading card series), Jonathan Gems (screen story), Jonathan Gems (screenplay)",Tim Burton,"Comedy, Sci-Fi",Earth is invaded by Martians with unbeatable weapons and a cruel sense of humor.
1996,Scream,pass,pass,22.28,153.04,257,111,174957,65,7.2,R,English,USA,Kevin Williamson,Wes Craven,"Crime, Horror, Mystery","A killer known as Ghostface begins killing off teenagers, and as the body count begins rising, one girl and her friends find themselves contemplating the ""Rules"" of horror films as they find themselves living in a real-life one."
1996,Set It Off,pass,pass,13.37,53.54,53.54,123,7749,NA,6.7,R,English,USA,"Takashi Bufford (story), Takashi Bufford (screenplay), Kate Lanier (screenplay)",F. Gary Gray,"Action, Crime, Drama","Four Black women, all of whom have suffered for lack of money and at the hands of the majority, undertake to rob banks. While initially successful, a policeman who was involved in shooting ..."
1996,Star Trek: First Contact,pass,pass,68.32,136.68,222.77,111,83055,71,7.6,PG-13,English,USA,"Gene Roddenberry (television series Star Trek), Rick Berman (story), Brannon Braga (story), Ronald D. Moore (story), Brannon Braga (screenplay), Ronald D. Moore (screenplay)",Jonathan Frakes,"Action, Adventure, Sci-Fi",Captain Picard and his crew pursue the Borg back in time to stop them from preventing Earth's first contact with an alien species. They also make sure that Zefram Cochrane makes his famous maiden flight at warp speed.
1996,That Thing You Do!,pass,pass,3.71,38.4,51.32,108,42182,71,6.8,PG,English,USA,Tom Hanks,Tom Hanks,"Comedy, Drama, Music","A Pennsylvania band scores a hit in 1964 and rides the star-making machinery as long as it can, with lots of help from its manager."
1996,The Craft,pass,pass,22.28,36.79,82.68,101,44558,NA,6.2,R,"English, French",USA,"Peter Filardi (story), Peter Filardi (screenplay), Andrew Fleming (screenplay)",Andrew Fleming,"Drama, Fantasy, Horror",A newcomer to a Catholic prep high school falls in with a trio of outcast teenage girls who practice witchcraft and they all soon conjure up various spells and curses against those who even slightly anger them.
1996,The English Patient,pass,pass,51.98,116.91,344.14,162,110308,87,7.4,R,"English, German, Italian, Arabic","USA, UK","Michael Ondaatje (novel), Anthony Minghella (screenplay)",Anthony Minghella,"Drama, Romance, War","At the close of WWII, a young nurse tends to a badly-burned plane crash victim. His past is shown in flashbacks, revealing an involvement in a fateful love affair."
1996,The First Wives Club,pass,pass,44.55,156.67,269.54,103,25340,58,6.1,PG,English,USA,"Olivia Goldsmith (novel), Robert Harling (screenplay)",Hugh Wilson,Comedy,"Reunited by the death of a college friend, three divorced women seek revenge on the husbands who left them for younger women."
1996,The Mirror Has Two Faces,pass,pass,62.38,61.29,61.29,126,9489,NA,6.4,PG-13,English,USA,"André Cayatte (screenplay), Gérard Oury (screenplay), Richard LaGravenese (screen story), Richard LaGravenese (screenplay)",Barbra Streisand,"Comedy, Drama, Romance","Rose and Gregory, both Columbia University professors meet when Rose's sister answers Gregory's ""personals"" ad. Several times burned, the handsome-but-boring Gregory believes that sex has ..."
1996,Twister,pass,pass,130.69,359.24,736.49,113,120055,68,6.2,PG-13,English,USA,"Michael Crichton, Anne-Marie Martin",Jan de Bont,"Action, Adventure, Drama","Bill and Jo Harding, advanced storm chasers on the brink of divorce, must join together to create an advanced weather alert system by putting themselves in the cross-hairs of extremely violent tornadoes."
1996,Walking and Talking,pass,pass,1.49,1.91,2.4,86,2320,67,6.8,R,English,"UK, USA, Germany",Nicole Holofcener,Nicole Holofcener,"Drama, Comedy, Romance","Things have been tough lately for Amelia. Her best friend moved out of the apartment, her cat got cancer, and now her best friend, Laura, is getting married. She copes with things, from the..."
1997,Boogie Nights,dubious,fail,21.77,38.33,62.57,155,148817,85,7.9,R,English,USA,Paul Thomas Anderson,Paul Thomas Anderson,Drama,The story of a young man's adventures in the Californian pornography industry of the late 1970s and early 1980s.
1997,The Lost World: Jurassic Park,dubious,fail,108.84,332.46,1141.67,129,187100,59,6.4,PG-13,"English, Spanish",USA,"Michael Crichton (novel), David Koepp (screenplay)",Steven Spielberg,"Action, Adventure, Sci-Fi",A research team is sent to the Jurassic Park Site B island to study the dinosaurs there while another team approaches with another agenda.
1997,The Peacemaker,dubious,fail,72.56,59.88,91.38,124,40035,43,5.9,R,"English, Russian, Serbian, Bosnian, Croatian",USA,"Leslie Cockburn (article), Andrew Cockburn (article), Michael Schiffer (screenplay)",Mimi Leder,"Action, Thriller",A US Army colonel and a civilian woman supervising him must track down stolen Russian nuclear weapons before they're used by terrorists.
1997,Austin Powers: International Man of Mystery,men,fail,26.12,78.2,98.23,89,146879,51,7,PG-13,English,"USA, Germany",Mike Myers,Jay Roach,"Comedy, Crime, Sci-Fi","A 1960s hipster secret agent is brought out of cryofreeze to oppose his greatest enemy in the 1990s, where his social attitudes are glaringly out of place."
1997,Conspiracy Theory,men,fail,116.1,110.47,207.21,135,59122,49,6.7,R,English,USA,Brian Helgeland,Richard Donner,"Action, Crime, Mystery","A man obsessed with conspiracy theories becomes a target after one of his theories turns out to be true. Unfortunately, in order to save himself, he has to figure out which theory it is."
1997,Flubber,men,fail,116.1,134.96,258.31,93,43006,37,4.9,PG,English,USA,"Samuel W. Taylor (short story ""A Situation of Gravity""), John Hughes (screenplay), Bill Walsh (screenplay)",Les Mayfield,"Comedy, Family, Sci-Fi","An absent-minded professor discovers ""flubber,"" a rubber-like super-bouncy substance."
1997,Kiss the Girls,men,fail,39.18,87.84,87.84,115,40210,46,6.5,R,"English, Mandarin",USA,"James Patterson (novel), David Klass (screenplay)",Gary Fleder,"Crime, Drama, Mystery",Police hunting for a serial killer are helped when a victim manages to escape for the first time.
1997,Air Bud,notalk,fail,4.35,35.77,40.33,98,10204,NA,5,PG,English,"USA, Canada","Kevin DiCicco (character ""Air Bud""), Paul Tamasy, Aaron Mendelsohn",Charles Martin Smith,"Comedy, Drama, Family","A young boy and a talented stray dog with an amazing basketball playing ability become instant friends. Rebounding from his father's accidental death, 12-year-old Josh Framm moves with his ..."
1997,Air Force One,notalk,fail,123.36,251,457.53,124,117900,61,6.4,R,"English, Russian","USA, Germany",Andrew W. Marlowe,Wolfgang Petersen,"Action, Adventure, Drama","Hijackers seize the plane carrying the President of the United States and his family, but he - an ex-soldier - works from hiding to defeat them."
1997,Con Air,notalk,fail,116.1,146.75,325.25,115,178495,52,6.8,R,English,USA,Scott Rosenberg,Simon West,"Action, Crime, Thriller",A newly released ex-con and former US Ranger finds himself trapped in a prisoner transport plane when the passengers seize control.
1997,Gattaca,notalk,fail,52.24,18.19,18.19,106,164547,64,7.8,PG-13,"English, Esperanto",USA,Andrew Niccol,Andrew Niccol,"Drama, Romance, Sci-Fi",A genetically inferior man assumes the identity of a superior one in order to pursue his lifelong dream of space travel.
1997,In the Company of Men,notalk,fail,0.04,4.18,4.18,97,10387,81,7.3,R,"English, American Sign Language","Canada, USA",Neil LaBute,Neil LaBute,"Comedy, Drama","Two business executives--one an avowed misogynist, the other recently emotionally wounded by his love interest--set out to exact revenge on the female gender by seeking out the most innocent, uncorrupted girl they can find and ruining her life."
1997,L.A. Confidential,notalk,fail,50.79,93.76,160.51,138,319458,90,8.3,R,English,USA,"James Ellroy (novel), Brian Helgeland (screenplay), Curtis Hanson (screenplay)",Curtis Hanson,"Crime, Drama, Mystery","As corruption grows in 1950s LA, three policemen - the straight-laced, the brutal, and the sleazy - investigate a series of murders with their own brand of justice."
1997,Liar Liar,notalk,fail,65.31,263.27,439.31,86,158903,68,6.8,PG-13,English,USA,"Paul Guay, Stephen Mazur",Tom Shadyac,"Comedy, Drama, Fantasy",A fast track lawyer can't lie for 24 hours due to his son's birthday wish after the lawyer turns his son down for the last time.
1997,Men in Black,notalk,fail,130.61,363.81,853.02,98,292609,71,7.2,PG-13,"English, Spanish",USA,"Lowell Cunningham (comic), Ed Solomon (screen story), Ed Solomon (screenplay)",Barry Sonnenfeld,"Comedy, Sci-Fi",A streetwise NYPD detective joins a secret organization that polices extraterrestrial affairs on Earth.
1997,The Fifth Element,notalk,fail,137.87,92.26,382.98,126,261202,52,7.6,PG-13,"English, Swedish, German",France,"Luc Besson (story), Luc Besson (screenplay), Robert Mark Kamen (screenplay)",Luc Besson,"Action, Adventure, Sci-Fi","In the colorful future, a cab driver unwittingly becomes the central figure in the search for a legendary cosmic weapon to keep Evil and Mr Zorg at bay."
1997,The Game,notalk,fail,72.56,70.04,70.04,129,193288,61,7.8,R,"English, Cantonese, German",USA,"John D. Brancato, Michael Ferris",David Fincher,"Drama, Mystery, Thriller",Wealthy San Francisco financier Nicholas Van Orton gets a strange birthday present from wayward brother Conrad: a live-action game that consumes his life.
1997,The Postman,notalk,fail,116.1,25.62,25.62,177,46058,29,5.9,R,English,USA,"David Brin (novel), Eric Roth (screenplay), Brian Helgeland (screenplay)",Kevin Costner,"Action, Adventure, Drama",A drifter with no name finds a Jeep with the skeleton of a postman and a bag of mail and dons the postman's uniform and bag of mail as he begins a quest to inspire hope to the survivors living in the post apocalyptic America.
1997,Good Will Hunting,nowomen,fail,14.51,200.9,327.88,126,414134,70,8.2,R,English,USA,"Matt Damon, Ben Affleck",Gus Van Sant,Drama,"Will Hunting, a janitor at MIT, has a gift for mathematics but needs help from a psychologist to find direction in his life."
1997,A Simple Wish,pass,pass,40.63,11.85,11.85,89,3519,NA,5.3,PG,English,USA,Jeff Rothberg,Michael Ritchie,"Comedy, Fantasy","Murray is a male fairy godmother, and he is trying to help 8-year-old Anabel to fulfil her ""simple wish"" - that her father Oliver, who is a cab driver, would win the leading role in a ..."
1997,Alien: Resurrection,pass,pass,87.07,69.36,233.21,109,126907,63,6.3,R,English,USA,"Dan O'Bannon (characters), Ronald Shusett (characters), Joss Whedon",Jean-Pierre Jeunet,"Action, Sci-Fi, Thriller","200 years after her death, Ellen Ripley is revived as a powerful human/Alien hybrid clone who must continue her war against the Aliens."
1997,Anastasia,pass,pass,76.92,84.76,202.89,94,60252,59,7,G,"English, Russian, French",USA,"Susan Gauthier (screenplay), Bruce Graham (screenplay), Bob Tzudiker (screenplay), Noni White (screenplay), Eric Tuchman (animation adaptation)","Don Bluth, Gary Goldman","Animation, Adventure, Drama","The last surviving child of the Russian Royal Family hooks up with two con men to reunite with her grandmother, the Dowager Empress, while the undead Rasputin seeks her death."
1997,As Good as It Gets,pass,pass,72.56,215.48,455.85,139,189502,67,7.8,PG-13,English,USA,"Mark Andrus (story), Mark Andrus (screenplay), James L. Brooks (screenplay)",James L. Brooks,"Comedy, Drama, Romance","A single mother/waitress, a misanthropic author, and a gay artist form an unlikely friendship after the artist is in an accident."
1997,Chasing Amy,pass,pass,0.36,17.42,21.99,113,96511,71,7.4,R,English,USA,Kevin Smith,Kevin Smith,"Comedy, Drama, Romance","Holden and Banky are comic book artists. Everything's going good for them until they meet Alyssa, also a comic book artist. Holden falls for her, but his hopes are crushed when he finds out she's gay."
1997,Cinderella,pass,pass,4.21,123.36,123.36,88,3702,NA,6.3,G,English,USA,"Oscar Hammerstein II (book), Robert L. Freedman (teleplay)",Robert Iscove,"Musical, Romance, Fantasy","Updated version of the classic Rodgers and Hammerstein musical of the classic fairy-tale, with an all-star, multi-racial cast."
1997,Clockwatchers,pass,pass,2.9,0.78,0.78,96,3786,NA,6.4,PG-13,English,"UK, USA","Jill Sprecher, Karen Sprecher",Jill Sprecher,"Comedy, Drama",Iris can best be described as a wallflower. She begins her first day as a temp for the nondescript Global Credit Association by waiting in a chair for two hours. This sets the scene for her...
1997,Contact,pass,pass,130.61,146.46,240.76,150,153369,62,7.4,PG,"English, Spanish, German, Russian",USA,"Carl Sagan (novel), Carl Sagan (story), Ann Druyan (story), James V. Hart (screenplay), Michael Goldenberg (screenplay)",Robert Zemeckis,"Drama, Mystery, Sci-Fi","Dr. Ellie Arroway, after years of searching, finds conclusive radio proof of intelligent aliens, who send plans for a mysterious machine."
1997,Event Horizon,pass,pass,87.07,38.71,38.71,96,87660,35,6.7,R,"English, Latin","UK, USA",Philip Eisner,Paul W.S. Anderson,"Horror, Sci-Fi",A rescue crew investigates a spaceship that disappeared into a black hole and has now returned...with someone or something new on-board.
1997,Fever Pitch,pass,pass,58.05,61.06,72.67,102,6947,55,6.7,R,English,UK,"Nick Hornby (book), Nick Hornby (screenplay)",David Evans,"Comedy, Drama, Romance","A romantic comedy about a man, a woman and a football team. Based on Nick Hornby's best selling autobiographical novel, Fever Pitch. English teacher Paul Ashworth believes his long standing..."
1997,G.I. Jane,pass,pass,72.56,69.9,69.9,125,50822,62,5.8,R,English,"USA, UK","Danielle Alexandra (story), David Twohy (screenplay), Danielle Alexandra (screenplay)",Ridley Scott,"Action, Drama",A female Senator succeeds in enrolling a woman into Combined Reconnaissance Team training where everyone expects her to fail.
1997,George of the Jungle,pass,pass,79.82,152.76,253.19,92,45039,53,5.4,PG,"English, Spanish",USA,"Jay Ward (characters), Dana Olsen (story), Dana Olsen (screenplay), Audrey Wells (screenplay)",Sam Weisman,"Action, Adventure, Comedy",George grows up in the jungle raised by apes. Based on the Cartoon series.
1997,Grosse Pointe Blank,pass,pass,21.77,40.76,45.09,107,62911,76,7.4,R,English,USA,"Tom Jankiewicz (story), Tom Jankiewicz (screenplay), D.V. DeVincentis (screenplay), Steve Pink (screenplay), John Cusack (screenplay)",George Armitage,"Action, Comedy, Crime","Martin Blank is a professional assassin. He is sent on a mission to a small Detroit suburb, Grosse Pointe, and, by coincidence, his ten-year high school reunion party is taking place there at the same time."
1997,Hercules,pass,pass,101.59,143.84,363.83,93,86250,NA,7.2,G,"English, Spanish, Greek",USA,"Ron Clements (animation screenplay), John Musker (animation screenplay), Don McEnery (animation screenplay), Bob Shaw (animation screenplay), Irene Mecchi (animation screenplay), Kaan Kalyon (story), Kelly Wightman (story), Randy Cartwright (story), John Ramirez (story), Jeff Snow (story), Vance Gerry (story), Kirk Hanson (story), Tamara Lusher (story), Francis Glebas (story), Mark Kennedy (story), Bruce Morris (story), Don Dougherty (story), Thom Enriquez (story)","Ron Clements, John Musker","Animation, Adventure, Family",The son of the Greek Gods Zeus and Hera is stripped of his immortality as an infant and must become a true hero in order to reclaim it.
1997,I Know What You Did Last Summer,pass,pass,24.67,104.85,181.77,100,84708,52,5.6,R,English,USA,"Lois Duncan (novel), Kevin Williamson (screenplay)",Jim Gillespie,"Horror, Mystery, Thriller",Four teens are in great danger one year after their car hits a stranger whose body they dump in the sea.
1997,Jackie Brown,pass,pass,17.41,57.58,108.45,154,185093,64,7.5,R,English,USA,"Quentin Tarantino (written for the screen by), Elmore Leonard (novel)",Quentin Tarantino,"Crime, Drama, Thriller",A flight attendant becomes a key figure in a plot between the police and an arms dealer.
1997,Mortal Kombat: Annihilation,pass,pass,43.54,52.14,74.49,95,29399,11,3.6,PG-13,English,USA,"Ed Boon (video games), Lawrence Kasanoff (story), Joshua Wexler (story), John Tobias (story), Brent V. Friedman (screenplay), Bryce Zabel (screenplay)",John R. Leonetti,"Action, Adventure, Fantasy",A group of martial arts warriors have only six days to save the Earth from an extra-dimensional invasion.
1997,Scream 2,pass,pass,34.83,147.1,147.1,120,99523,63,6,R,English,USA,"Kevin Williamson (characters), Kevin Williamson",Wes Craven,"Horror, Mystery","Two years after the events of the first film, a new psychopath dons the ""Ghost face"" costume and a new string of murders begin."
1997,Selena,pass,pass,29.02,51.45,51.45,127,15195,65,6.6,PG,"English, Spanish",USA,Gregory Nava,Gregory Nava,"Biography, Drama, Music","The true story of Selena Quintanilla-Perez, a Texas-born Tejano singer who rose from cult status to performing at the Astrodome, as well as having chart topping albums on the Latin music charts."
1997,Spawn,pass,pass,58.05,79.79,127.64,96,43968,34,5.2,PG-13,English,USA,"Todd McFarlane (comic book), Alan B. McElroy (screen story), Mark A.Z. Dippé (screen story), Alan B. McElroy (screenplay)",Mark A.Z. Dippé,"Action, Fantasy, Horror","A mercenary is killed, but comes back from Hell as a reluctant soldier of the Devil."
1997,Starship Troopers,pass,pass,145.12,79.48,175.74,129,179573,51,7.2,R,English,USA,"Edward Neumeier (screenplay), Robert A. Heinlein (book)",Paul Verhoeven,"Action, Sci-Fi","Humans in a fascistic, militaristic future do battle with giant alien bugs in a fight for survival."
1997,Titanic,pass,pass,290.25,955.89,3171.93,194,565390,74,7.7,PG-13,"English, French, German, Swedish, Italian, Russian",USA,James Cameron,James Cameron,"Drama, Romance","A seventeen-year-old aristocrat, expecting to be married to a rich claimant by her mother, falls in love with a kind but poor artist aboard the luxurious, ill-fated R.M.S. Titanic."
1997,Volcano,pass,pass,130.61,69,174.29,104,47173,55,5.4,PG-13,"English, Spanish, German",USA,"Jerome Armstrong (story), Jerome Armstrong (screenplay), Billy Ray (screenplay)",Mick Jackson,"Action, Drama, Sci-Fi","A volcano erupts in downtown L.A., threatening to destroy the city."
1998,Godzilla,dubious,fail,178.64,194.81,537.35,139,120832,32,5.2,PG-13,"English, French, Japanese, Russian, Spanish","USA, Japan","Dean Devlin (screenplay), Roland Emmerich (screenplay), Ted Elliott (story), Terry Rossio (story), Dean Devlin (story), Roland Emmerich (story)",Roland Emmerich,"Action, Sci-Fi, Thriller","A enormous, radioactively mutated lizard runs rampant on the island of Manhattan."
1998,Mulan,dubious,fail,128.62,172.38,433.74,88,108134,71,7.5,G,"English, Mandarin",USA,"Robert D. San Souci (story), Rita Hsiao (screenplay), Chris Sanders (screenplay), Philip LaZebnik (screenplay), Raymond Singer (screenplay), Eugenia Bostwick-Singer (screenplay), Dean DeBlois (head writer), John Sanford (story), Tim Hodge (story), Burny Mattinson (story), Barry Johnson (story), Ed Gombert (story), Chris Williams (story), Julius Aguimatang (story), Lorna Cook (story), Thom Enriquez (story), Joe Grant (story), Floyd Norman (story), Linda Woolverton (additional story material), Jodi Ann Johnson (additional story material), Alan Ormsby (additional story material), David Reynolds (additional story material), Don Dougherty (additional story material), Jorgen Klubien (additional story material), Denis Rich (additional story material), Joe Ekers (additional story material), Theodore Newton (additional story material), Larry Scholl (additional story material), Daan Jippes (additional story material), Frank Nissen (additional story material), Jeff Snow (additional story material)","Tony Bancroft, Barry Cook","Animation, Adventure, Family","To save her father from death in the army, a young maiden secretly goes in his place and becomes one of China's greatest heroines in the process."
1998,The Faculty,dubious,fail,21.44,57.57,57.57,104,77417,61,6.4,R,English,USA,"David Wechter (story), Bruce Kimmel (story), Kevin Williamson (screenplay)",Robert Rodriguez,"Horror, Mystery, Sci-Fi",Students suspect that their teachers are aliens after bizarre occurances.
1998,American History X,men,fail,14.29,9.6,9.6,119,549494,62,8.6,R,English,USA,David McKenna,Tony Kaye,"Crime, Drama",A former neo-nazi skinhead tries to prevent his younger brother from going down the same wrong path that he did.
1998,Get Real,men,fail,2.86,1.65,1.65,108,8764,NA,7.8,R,English,UK,"Patrick Wilde (play), Patrick Wilde (screenplay)",Simon Shore,"Comedy, Drama, Romance",A tenderly romantic coming-of-age story as two boys in a British school fall in love.
1998,Out of Sight,men,fail,68.6,53.68,110.85,123,62203,85,7.1,R,English,USA,"Elmore Leonard (novel), Scott Frank (screenplay)",Steven Soderbergh,"Comedy, Crime, Romance",A career bank robber breaks out of jail and shares a moment of mutual attraction with a US Marshall he has kidnapped.
1998,Pi,men,fail,0.1,4.6,6.69,84,115702,72,7.5,R,"English, Hebrew",USA,"Darren Aronofsky, Darren Aronofsky (story), Sean Gullette (story), Eric Watson (story), Darren Aronofsky (voice over written by), Sean Gullette (voice over written by)",Darren Aronofsky,"Sci-Fi, Thriller",A paranoid mathematician searches for a key number that will unlock the universal patterns found in nature.
1998,The Proposition,men,fail,28.58,2.72,7.59,110,1616,NA,6.2,R,English,USA,Rick Ramage,Lesli Linka Glatter,"Drama, Romance","Father Michael McKinnon goes from the UK to Boston circa 1935. For unknown reasons, he avoids at all costs the most prominent parishioners, Arthur and Eleanor Barret. Meanwhile Eleanor and ..."
1998,Velvet Goldmine,men,fail,12.86,1.51,6.95,124,23162,65,7,R,English,"UK, USA","James Lyons (story), Todd Haynes (story), Todd Haynes",Todd Haynes,"Drama, Music","In 1984, British newspaper reporter Arthur Stuart is investigating the career of 1970s glam rock star Brian Slade, who was heavily influenced in his early years by American rock singer Curt Wild, whose show was quite crazy for his time."
1998,Wild Things,men,fail,28.58,42.58,79.43,108,76548,52,6.5,R,English,USA,Stephen Peters,John McNaughton,"Crime, Mystery, Thriller","A police detective uncovers a conspiracy behind a case involving a high school guidance counselor, when accusations of rape are made against him by two female students."
1998,54,notalk,fail,18.58,23.95,23.95,93,24613,33,5.7,R,English,USA,Mark Christopher,Mark Christopher,"Drama, History",Famous 70s NYC nightclub seen and told through the eyes of a young employee.
1998,Armageddon,notalk,fail,200.08,288.08,792.6,151,252343,42,6.6,PG-13,"English, Russian, Indonesian",USA,"Jonathan Hensleigh (screenplay), J.J. Abrams (screenplay), Tony Gilroy (adaptation), Shane Salerno (adaptation), Robert Roy Pool (story), Jonathan Hensleigh (story)",Michael Bay,"Action, Adventure, Sci-Fi","After discovering that an asteroid the size of Texas is going to impact Earth in less than a month, N.A.S.A. recruits a misfit team of deep core drillers to save the planet."
1998,Blade,notalk,fail,64.31,100.24,187.56,120,144929,45,7.1,R,"English, Russian",USA,David S. Goyer,Stephen Norrington,"Action, Fantasy, Horror","A half-vampire, half-mortal man becomes a protector of the mortal race, while slaying evil vampires."
1998,Bride of Chucky,notalk,fail,35.73,46.31,72.45,89,31763,NA,5.3,R,English,"Canada, USA","Don Mancini (characters), Don Mancini",Ronny Yu,"Comedy, Horror, Thriller","Chucky, the doll possessed by a serial killer, discovers the perfect mate to kill and revive into the body of another doll."
1998,Dark City,notalk,fail,38.59,20.63,38.95,100,125902,66,7.8,R,English,"Australia, USA","Alex Proyas (story), Alex Proyas (screenplay), Lem Dobbs (screenplay), David S. Goyer (screenplay)",Alex Proyas,"Mystery, Sci-Fi","A man struggles with memories of his past, including a wife he cannot remember, in a nightmarish world with no sun and run by beings with telekinetic powers who seek the souls of humans."
1998,Disturbing Behavior,notalk,fail,21.44,25.02,25.02,84,14764,NA,5.5,R,English,"Australia, USA, Canada",Scott Rosenberg,David Nutter,"Horror, Mystery, Sci-Fi",The new kid in town stumbles across something sinister about the town's method of transforming its unruly teens into upstanding citizens.
1998,Enemy of the State,notalk,fail,121.48,159.42,358.21,132,153279,67,7.3,R,English,USA,David Marconi,Tony Scott,"Action, Crime, Mystery",A lawyer becomes a target by a corrupt politician and his NSA goons when he accidentally receives key evidence to a serious politically motivated crime.
1998,Fear and Loathing in Las Vegas,notalk,fail,26.44,15.26,19.6,118,171879,41,7.8,R,English,USA,"Hunter S. Thompson (book), Terry Gilliam (screenplay), Tony Grisoni (screenplay), Tod Davies (screenplay), Alex Cox (screenplay)",Terry Gilliam,Comedy,An oddball journalist and his psychopathic lawyer travel to Las Vegas for a series of psychedelic escapades.
1998,"Lock, Stock and Two Smoking Barrels",notalk,fail,1.93,5.57,40.52,107,303829,66,8.2,R,English,UK,Guy Ritchie,Guy Ritchie,"Comedy, Crime","A botched card game in London triggers four friends, thugs, weed-growers, hard gangsters, loan sharks and debt collectors to collide with each other in a series of unexpected events, all for the sake of weed, cash and two antique shotguns."
1998,Mercury Rising,notalk,fail,85.75,47.14,47.14,111,44989,NA,6,R,English,USA,"Ryne Douglas Pearson (novel), Lawrence Konner (screenplay), Mark Rosenthal (screenplay)",Harold Becker,"Action, Crime, Drama",Shadowy elements in the NSA target a nine-year old autistic savant for death when he is able to decipher a top secret code.
1998,Rounders,notalk,fail,17.15,32.76,32.76,121,100632,54,7.4,R,"English, Hebrew, Russian",USA,"David Levien, Brian Koppelman",John Dahl,"Crime, Drama",A young man is a reformed gambler who must return to playing big stakes poker to help a friend pay off loan sharks.
1998,Run Lola Run,notalk,fail,2.5,10.39,20.77,80,138797,77,7.8,R,"German, English, Japanese",Germany,Tom Tykwer (screenplay),Tom Tykwer,"Action, Crime, Thriller","A young woman in Germany has twenty minutes to find and bring 100,000 Deutschmarks to her boyfriend before he robs a supermarket."
1998,Rushmore,notalk,fail,14.29,24.45,27.27,93,102686,86,7.8,R,"English, Spanish, Latin, French",USA,"Wes Anderson, Owen Wilson",Wes Anderson,"Comedy, Drama",The king of Rushmore prep school is put on academic probation.
1998,Six Days Seven Nights,notalk,fail,114.33,106.24,235.52,98,51032,51,5.7,PG-13,"English, German",USA,Michael Browning,Ivan Reitman,"Action, Adventure, Comedy","Robin Monroe, a New York magazine editor, and the gruff pilot Quinn Harris must put aside their mutual dislike if they are to survive after crash landing on a deserted South Seas island."
1998,Small Soldiers,notalk,fail,57.17,78.81,102.53,110,64118,NA,6.1,PG-13,English,USA,"Gavin Scott, Adam Rifkin, Ted Elliott, Terry Rossio",Joe Dante,"Action, Adventure, Comedy","When missile technology is used to enhance toy action figures, the toys soon begin to take their battle programming too seriously."
1998,Sphere,notalk,fail,104.33,52.98,71.7,134,64063,35,6,PG-13,English,USA,"Michael Crichton (novel), Kurt Wimmer (adaptation), Stephen Hauser (screenplay), Paul Attanasio (screenplay)",Barry Levinson,"Drama, Mystery, Sci-Fi",A spaceship is discovered under three hundred years' worth of coral growth at the bottom of the ocean.
1998,The Big Lebowski,notalk,fail,21.44,25.01,66.01,117,381537,69,8.2,R,"English, German, Hebrew, Spanish","USA, UK","Ethan Coen, Joel Coen","Joel Coen, Ethan Coen","Comedy, Crime","""Dude"" Lebowski, mistaken for a millionaire Lebowski, seeks restitution for his ruined rug and enlists his bowling buddies to help get it."
1998,The Man in the Iron Mask,notalk,fail,50.02,81.42,81.42,132,95892,48,6.4,PG-13,"English, Italian","USA, France","Alexandre Dumas père (novels), Randall Wallace (screenplay)",Randall Wallace,"Action, Adventure",The cruel King Louis XIV of France has a secret twin brother who he keeps imprisoned. Can the twin be substituted for the real king?
1998,The Mask of Zorro,notalk,fail,92.89,134.09,333.99,136,107542,63,6.7,PG-13,English,"USA, Germany","Johnston McCulley (character Zorro), Ted Elliott (story), Terry Rossio (story), Randall Jahnson (story), John Eskow (screenplay), Ted Elliott (screenplay), Terry Rossio (screenplay)",Martin Campbell,"Action, Adventure, Comedy","A young thief, seeking revenge over the death of his brother, is trained by the once great, but aged Zorro, who is also seeking a vengeance of his own."
1998,The Negotiator,notalk,fail,71.46,63.89,70.18,140,89827,62,7.3,R,English,"Germany, USA","James DeMonaco, Kevin Fox",F. Gary Gray,"Action, Crime, Drama","In a desperate attempt to prove his innocence, a skilled police negotiator accused of corruption and murder takes hostages in a government office to gain the time he needs to find the truth."
1998,The Prince of Egypt,notalk,fail,85.75,144.93,312.41,99,68100,64,6.9,PG,"English, Hebrew",USA,"Philip LaZebnik (screenplay), Nicholas Meyer (additional screenplay material)","Brenda Chapman, Steve Hickner, Simon Wells","Animation, Adventure, Drama","An Egyptian prince learns of his identity as a Hebrew and, later his destiny to become the chosen deliverer of his people."
1998,The Thin Red Line,notalk,fail,74.31,52.02,52.02,170,114363,78,7.6,R,"English, Tok Pisin, Japanese, Greek",USA,"James Jones (novel), Terrence Malick (screenplay)",Terrence Malick,"Drama, War","Terrence Malick's adaptation of James Jones' autobiographical 1962 novel, focusing on the conflict at Guadalcanal during the second World War."
1998,The Truman Show,notalk,fail,85.75,179.53,355,103,457199,90,8,PG,English,USA,Andrew Niccol,Peter Weir,"Comedy, Drama, Sci-Fi",An insurance salesman/adjuster discovers his entire life is actually a T.V. show.
1998,Safe Men,nowomen,fail,1.43,0.03,0.03,88,2515,NA,6.1,R,English,USA,John Hamburg,John Hamburg,"Comedy, Crime","Two untalented singers are mistaken for a pair of major league safe crackers in Providence, Rhode Island. The two are pressed into service by the local hoodlums and quickly find themselves ..."
1998,Saving Private Ryan,nowomen,fail,92.89,309.17,693.18,169,596960,90,8.6,R,"English, French, German, Czech",USA,Robert Rodat,Steven Spielberg,"Action, Drama, War","Following the Normandy Landings, a group of U.S. soldiers go behind enemy lines to retrieve a paratrooper whose brothers have been killed in action."
1998,Beloved,pass,pass,75.74,32.66,32.66,172,5469,57,5.8,R,English,USA,"Toni Morrison (novel), Akosua Busia (screenplay), Richard LaGravenese (screenplay), Adam Brooks (screenplay)",Jonathan Demme,"Drama, Horror, Mystery","Based on the book by Toni Morrison, in which a slave is visited by the spirit of her deceased daughter."
1998,Deep Impact,pass,pass,114.33,200.74,499.43,120,113121,40,6.1,PG-13,English,USA,"Bruce Joel Rubin, Michael Tolkin",Mimi Leder,"Action, Drama, Sci-Fi","Unless a comet can be destroyed before colliding with Earth, only those allowed into shelters will survive. Which people will survive?"
1998,Elizabeth,pass,pass,35.73,42.99,117.4,124,63659,75,7.6,R,"English, French",UK,Michael Hirst,Shekhar Kapur,"Biography, Drama, History",A film of the early years of the reign of Elizabeth I of England and her difficult task of learning what is necessary to be a monarch.
1998,Halloween H20: 20 Years Later,pass,pass,24.3,78.66,78.66,86,39971,52,5.6,R,English,USA,"Debra Hill (characters), John Carpenter (characters), Robert Zappia (story), Robert Zappia (screenplay), Matt Greenberg (screenplay)",Steve Miner,"Horror, Thriller","Laurie Strode, now the dean of a Northern California private school with an assumed name, must battle the Shape one last time and now the life of her own son hangs in the balance."
1998,Hope Floats,pass,pass,42.87,85.91,116.52,114,15299,42,5.8,PG-13,English,USA,Steven Rogers,Forest Whitaker,"Drama, Romance","Birdee Calvert must choose between her morals and her heart after her husband divorces her and a charming young man, who her daughter disapproves of, comes back into her life."
1998,Little Voice,pass,pass,8.57,6.57,31.14,97,12438,68,7,R,English,UK,"Jim Cartwright (play), Mark Herman (screenplay)",Mark Herman,"Comedy, Drama, Music","The pathetically shy LV lives the life of a recluse listening to her late father's old records in her room and in the process driving her abusive, loud-mouthed mother, Mari Hoff, to ..."
1998,Lost in Space,pass,pass,114.33,98.78,194.43,130,50163,42,5,PG-13,English,USA,"Irwin Allen (television series), Akiva Goldsman",Stephen Hopkins,"Action, Adventure, Sci-Fi",The Robinson family was going into space to fight for a chance for humanity. Now they are fighting to live long enough to find a way home.
1998,Practical Magic,pass,pass,85.75,66.96,97.66,104,44411,46,6,PG-13,English,"USA, Australia","Alice Hoffman (novel), Robin Swicord (screenplay), Akiva Goldsman (screenplay), Adam Brooks (screenplay)",Griffin Dunne,"Comedy, Fantasy, Romance","Sally and Gillian Owens have always known they were different. Raised by their aunts after their parents' death, the sisters grew up in a household that was anything but typical--their ..."
1998,Primary Colors,pass,pass,92.89,55.76,55.76,143,21616,70,6.7,R,English,"France, UK, Germany, USA, Japan","Joe Klein (novel), Elaine May (screenplay)",Mike Nichols,"Comedy, Drama",A man joins the political campaign of a smooth-operator candidate for president of the USA.
1998,Quest for Camelot,pass,pass,57.17,32.54,54.55,86,8243,NA,6.1,G,English,USA,"Vera Chapman (novel), Kirk De Micco (screenplay), William Schifrin (screenplay), Jacqueline Feather (screenplay), David Seidler (screenplay)",Frederik Du Chau,"Animation, Adventure, Comedy","An adventurous girl, a young blind hermit and a goofy two headed dragon race to find the lost sword Excalibur to save King Arthur and Camelot from disaster."
1998,Rush Hour,pass,pass,50.02,201.77,350.57,98,142643,60,6.9,PG-13,"English, Cantonese, Mandarin",USA,"Ross LaManna (story), Jim Kouf (screenplay), Ross LaManna (screenplay)",Brett Ratner,"Action, Comedy, Thriller",Two cops team up to get back a kidnapped daughter.
1998,Shakespeare in Love,pass,pass,37.16,143.37,399.44,123,142233,87,7.2,R,English,USA,"Marc Norman, Tom Stoppard",John Madden,"Comedy, Drama, Romance","A young Shakespeare, out of ideas and short of cash, meets his ideal woman and is inspired to write one of his most famous plays."
1998,Sliding Doors,pass,pass,8.57,17.02,84.05,99,44952,59,6.8,R,English,"UK, USA",Peter Howitt,Peter Howitt,"Comedy, Drama, Fantasy","A London woman's love life and career both hinge, unknown to her, on whether or not she catches a train. We see it both ways, in parallel."
1998,Slums of Beverly Hills,pass,pass,7.15,7.86,7.86,91,8264,69,6.6,R,English,USA,Tamara Jenkins,Tamara Jenkins,"Comedy, Drama",This semiautobiographical story follows a lower-middle-class teenager (Lyonne) and her neurotic family in 1976 Tinseltown.
1998,Smoke Signals,pass,pass,2.86,9.6,11.09,89,7227,76,7.2,PG-13,English,"Canada, USA","Sherman Alexie (book), Sherman Alexie (screenplay)",Chris Eyre,"Comedy, Drama","Young Indian man Thomas is a nerd in his reservation, wearing oversize glasses and telling everyone stories no-one wants to hear. His parents died in a fire in 1976, and Thomas was saved by..."
1998,Star Trek: Insurrection,pass,pass,100.04,100.31,168.35,103,46533,64,6.4,PG,English,USA,"Gene Roddenberry (creator), Rick Berman (story), Michael Piller (story), Michael Piller (screenplay)",Jonathan Frakes,"Action, Adventure, Sci-Fi","When the crew of the Enterprise learn of a Federation conspiracy against the inhabitants of a unique planet, Captain Picard begins an open rebellion."
1998,Stepmom,pass,pass,71.46,130.25,228.3,124,36191,58,6.6,PG-13,English,USA,"Gigi Levangie (story), Gigi Levangie (screenplay), Jessie Nelson (screenplay), Steven Rogers (screenplay), Karen Leigh Hopkins (screenplay), Ronald Bass (screenplay)",Chris Columbus,"Comedy, Drama","A terminally-ill mother has to settle on the new woman in her ex-husband's life, who will be their new stepmother."
1998,The Avengers,pass,pass,85.75,33.42,69.43,89,31223,12,3.6,PG-13,English,USA,"Sydney Newman (television series The Avengers), Don MacPherson",Jeremiah S. Chechik,"Action, Adventure, Sci-Fi",Two British agents (John Steed and Emma Peel) team up to stop Sir August De Wynter from destroying the world with a weather changing machine.
1998,Urban Legend,pass,pass,20.01,54.47,103.71,99,39997,35,5.4,R,English,"USA, France",Silvio Horta,Jamie Blanks,"Horror, Mystery, Thriller",A college student suspects a series of bizarre deaths are connected to certain urban legends.
1999,Anywhere But Here,dubious,fail,32.16,26.09,26.09,114,12896,59,6.1,PG-13,English,USA,"Mona Simpson (book), Alvin Sargent (screenplay)",Wayne Wang,"Comedy, Drama",A mother and daughter search for success in Beverly Hills.
1999,Dogma,dubious,fail,13.98,42.86,61.46,130,153741,62,7.4,R,English,USA,Kevin Smith,Kevin Smith,"Adventure, Comedy, Fantasy",An abortion clinic worker with a special heritage is called upon to save the existence of humanity from being negated by two renegade angels trying to exploit a loophole and re-enter Heaven.
1999,The 13th Warrior,dubious,fail,174.81,45.73,86.28,102,88087,42,6.5,R,"English, Latin, Swedish, Norse,  Old, Danish",USA,"Michael Crichton (novel), William Wisher Jr. (screenplay), Warren Lewis (screenplay)","John McTiernan, Michael Crichton","Action, Adventure, Fantasy","In A.D. 922, an Arab ambassador is exiled from his homeland and ends up meeting a group of warrior Norseman, who he soon discovers he is destined join."
1999,The Sixth Sense,dubious,fail,55.94,410.46,940.89,107,516752,64,8.2,PG-13,"English, Latin, Spanish",USA,M. Night Shyamalan,M. Night Shyamalan,"Drama, Mystery, Thriller",A boy who communicates with spirits that don't know they're dead seeks the help of a disheartened child psychologist.
1999,The Talented Mr. Ripley,dubious,fail,55.94,113.68,180.11,139,110509,76,7.3,R,"English, Italian",USA,"Patricia Highsmith (novel), Anthony Minghella (screenplay)",Anthony Minghella,"Crime, Drama, Music","In late 1950s New York, Tom Ripley, a young underachiever, is sent to Italy to retrieve a rich and spoiled millionaire playboy, named Dickie Greenleaf. But when the errand fails, Ripley takes extreme measures."
1999,Virus,dubious,fail,104.88,19.59,42.83,99,19039,19,4.8,R,"English, Russian","USA, UK, Germany, Japan, France","Chuck Pfarrer (creator), Chuck Pfarrer (screenplay), Dennis Feldman (screenplay)",John Bruno,"Action, Horror, Thriller","When the crew of an American tugboat boards an abandoned Russian research vessel, the alien life form aboard regards them as a virus which must be destroyed."
1999,American Pie,men,fail,16.78,142.36,328.25,95,253141,58,7,R,English,USA,Adam Herz,"Paul Weitz, Chris Weitz","Comedy, Romance",Four teenage boys enter a pact to lose their virginity by prom night.
1999,Anna and the King,men,fail,104.88,54.89,54.89,148,26887,56,6.7,PG-13,"English, Thai, French",USA,"Anna Leonowens (diaries), Steve Meerson (screenplay), Peter Krikes (screenplay)",Andy Tennant,"Comedy, Drama, History",The story of the romance between the King of Siam and the widowed British schoolteacher Anna Leonowens during the 1860's.
1999,For Love of the Game,men,fail,69.92,49.21,64.49,137,22019,43,6.5,PG-13,English,USA,"Michael Shaara (novel), Dana Stevens (screenplay)",Sam Raimi,"Drama, Romance, Sport",A washed up pitcher flashes through his career.
1999,Tarzan,men,fail,202.78,239.27,626.78,88,87531,79,7.2,G,English,USA,"Tab Murphy (screenplay), Bob Tzudiker (screenplay), Noni White (screenplay), Stephen J. Anderson (story), Mark Kennedy (story), Carole Holliday (story), Gaëtan Brizzi (story), Paul Brizzi (story), Don Dougherty (story), Ed Gombert (story), Randy Haycock (story), Don Hall (story), Kevin Harkey (story), Glen Keane (story), Burny Mattinson (story), Frank Nissen (story), John Norton (story), Jeff Snow (story), Michael Surrey (story), Chris Ure (story), Mark Walton (story), Stevie Wermers (story), Kelly Wightman (story), John Ramirez (story), Edgar Rice Burroughs (story)","Chris Buck, Kevin Lima","Animation, Adventure, Drama",A man raised by gorillas must decide where he really belongs when he discovers he is a human.
1999,Wild Wild West,men,fail,244.73,159.15,309.38,106,108272,38,4.7,PG-13,English,USA,"Jim Thomas (story), John Thomas (story), S.S. Wilson (screenplay), Brent Maddock (screenplay), Jeffrey Price (screenplay), Peter S. Seaman (screenplay)",Barry Sonnenfeld,"Action, Western, Comedy",The two best hired guns in the West must save President Grant from the clutches of a 19th century inventor-villain.
1999,Wing Commander,men,fail,41.95,16.19,16.19,100,13013,21,4,PG-13,English,"USA, Luxembourg","Chris Roberts (characters), Chris Roberts (story), Kevin Droney (screen story), Kevin Droney (screenplay)",Chris Roberts,"Action, Adventure, Sci-Fi","Blair, a fighter pilot, joins an interstellar war to fight the evil Kilrathi who are trying to destroy the universe."
1999,8MM,notalk,fail,55.94,50.96,134.81,123,89670,19,6.4,R,English,"USA, Germany",Andrew Kevin Walker,Joel Schumacher,"Crime, Mystery, Thriller","A private investigator is hired to discover if a ""snuff film"" is authentic or not."
1999,Analyze This,notalk,fail,41.95,149.48,247.37,103,104010,61,6.7,R,English,"USA, Australia","Kenneth Lonergan (story), Peter Tolan (story), Peter Tolan (screenplay), Harold Ramis (screenplay), Kenneth Lonergan (screenplay)",Harold Ramis,"Comedy, Crime",A comedy about a psychiatrist whose number one-patient is an insecure mob boss.
1999,Austin Powers: The Spy Who Shagged Me,notalk,fail,48.95,288.14,433.99,95,147827,59,6.6,PG-13,"English, German",USA,"Mike Myers, Michael McCullers, Mike Myers (characters)",Jay Roach,"Action, Adventure, Comedy","Dr. Evil is back...and has invented a new time machine that allows him to go back to the 60's and steal Austin Powers's mojo, inadvertently leaving him ""shagless""."
1999,Blue Streak,notalk,fail,50.34,95.39,164.25,93,50569,46,6.2,PG-13,English,"USA, Germany","Michael Berry, John Blumenthal, Stephen Carpenter",Les Mayfield,"Action, Comedy, Crime",A thief turned ex-con poses as a cop to retrieve a diamond he stole years ago.
1999,Fight Club,notalk,fail,90.9,51.79,141.04,139,902754,66,8.9,R,English,"USA, Germany","Chuck Palahniuk (novel), Jim Uhls (screenplay)",David Fincher,Drama,"An insomniac office worker looking for a way to change his life crosses paths with a devil-may-care soap maker and they form an underground fight club that evolves into something much, much more..."
1999,Flawless,notalk,fail,37.76,6.27,6.27,112,12283,50,6.4,R,English,USA,Joel Schumacher,Joel Schumacher,"Comedy, Crime, Drama",An ultraconservative police officer (DeNiro) suffers a debilitating stroke and is assigned to a rehabilitative program that includes singing lessons - with the drag queen next door.
1999,Galaxy Quest,notalk,fail,62.93,99.88,126.59,102,101046,70,7.3,PG,English,USA,"David Howard (story), David Howard (screenplay), Robert Gordon (screenplay)",Dean Parisot,"Adventure, Comedy, Sci-Fi",The alumni cast of a cult space TV show have to play their roles as the real thing when an alien race needs their help.
1999,Magnolia,notalk,fail,51.74,31.4,67.75,188,205022,77,8,R,"English, German, French",USA,Paul Thomas Anderson,Paul Thomas Anderson,Drama,"An epic mosaic of interrelated characters in search of love, forgiveness, and meaning in the San Fernando Valley."
1999,Office Space,notalk,fail,13.98,15.14,17.94,89,162583,68,7.9,R,English,USA,"Mike Judge (Milton animated shorts), Mike Judge (screenplay)",Mike Judge,Comedy,Comedic tale of company workers who hate their jobs and decide to rebel against their greedy boss.
1999,Payback,notalk,fail,69.92,114.01,226.03,100,93364,46,7.1,R,English,USA,"Donald E. Westlake (novel), Brian Helgeland (screenplay), Terry Hayes (screenplay)",Brian Helgeland,"Action, Crime, Drama",Porter is shot by his wife and best friend and is left to die. When he survives he plots revenge.
1999,Ravenous,notalk,fail,16.78,2.88,2.88,101,23858,45,7.1,R,"English, Italian, Spanish, Washoe","Czech Republic, UK, USA",Ted Griffin,Antonia Bird,"Horror, Thriller",Captain John Boyd's promotion stations him at a fort where a rescued man tells a disturbing tale of cannibalism.
1999,Stuart Little,notalk,fail,146.84,195.81,417.86,84,69492,61,5.9,PG,"English, Dutch","Germany, USA","E.B. White (book), M. Night Shyamalan (screenplay), Greg Brooker (screenplay)",Rob Minkoff,"Animation, Adventure, Comedy","The Little family adopt a charming young mouse named Stuart, but the family cat wants rid of him."
1999,The Green Mile,notalk,fail,83.91,191.31,406.53,189,497430,61,8.5,R,"English, French",USA,"Stephen King (novel), Frank Darabont (screenplay)",Frank Darabont,"Crime, Drama, Fantasy","The lives of guards on Death Row are affected by one of their charges: a black man accused of child murder and rape, yet who has a mysterious gift."
1999,The Mummy,notalk,fail,111.88,217.3,582.3,125,251958,48,7,PG-13,"English, Egyptian (Ancient), Arabic",USA,"Stephen Sommers (screen story), Lloyd Fonvielle (screen story), Kevin Jarre (screen story), Stephen Sommers (screenplay)",Stephen Sommers,"Action, Adventure, Fantasy",An American serving in the French Foreign Legion on an archaeological dig at the ancient city of Hamunaptra accidentally awakens a Mummy.
1999,Three to Tango,notalk,fail,27.97,14.78,14.78,98,14735,36,6.1,PG-13,English,"Australia, USA","Rodney Patrick Vaccaro (story), Rodney Patrick Vaccaro (screenplay), Aline Brosh McKenna (screenplay)",Damon Santostefano,"Comedy, Romance","A rich businessman's assumption that his new colleague is gay leads him to ask the man to keep an eye on his mistress. However, the man is not gay, and begins to fall for the woman himself."
1999,Toy Story 2,notalk,fail,125.86,343.81,715.12,92,276867,88,7.9,G,"English, Arabic",USA,"John Lasseter (original story by), Pete Docter (original story by), Ash Brannon (original story by), Andrew Stanton (original story by), Andrew Stanton (screenplay), Rita Hsiao (screenplay), Doug Chamberlin (screenplay), Chris Webb (screenplay)","John Lasseter, Ash Brannon, Lee Unkrich","Animation, Adventure, Comedy","When Woody is stolen by a toy collector, Buzz and his friends vow to rescue him, but Woody finds the idea of immortality in a museum tempting."
1999,Mystery Men,nowomen,fail,95.1,41.62,46.8,121,46992,65,6,PG-13,English,USA,"Neil Cuthbert, Bob Burden (creator)",Kinka Usher,"Action, Comedy, Fantasy",A group of inept amateur superheroes must try to save the day when a supervillian threatens to destroy a major superhero and the city.
1999,The Boondock Saints,nowomen,fail,9.79,0.04,0.58,108,171296,44,7.9,R,"English, Spanish, Papiamento, Russian","Canada, USA",Troy Duffy,Troy Duffy,"Action, Crime, Thriller",Fraternal twins set out to rid Boston of the evil men operating there while being tracked down by an FBI agent.
1999,The Iron Giant,nowomen,fail,69.92,32.39,43.82,86,95910,85,7.9,PG,English,USA,"Tim McCanlies (screenplay), Brad Bird (screen story), Ted Hughes (book)",Brad Bird,"Animation, Action, Adventure",A boy makes friends with an innocent alien giant robot that a paranoid government agent wants to destroy.
1999,10 Things I Hate About You,pass,pass,18.18,53.39,84.49,97,162494,70,7.2,PG-13,"English, French",USA,"Karen McCullah, Kirsten Smith",Gil Junger,"Comedy, Drama, Romance","A new kid must find a guy to date the meanest girl in school, the older sister of the girl he has a crush on, who cannot date until her older sister does."
1999,American Beauty,pass,pass,20.98,181.88,498.21,122,601915,86,8.5,R,English,USA,Alan Ball,Sam Mendes,Drama,"Lester Burnham, a depressed suburban father in a mid-life crisis, decides to turn his hectic life around after developing an infatuation for his daughter's attractive friend."
1999,Being John Malkovich,pass,pass,18.18,31.97,45.29,112,207820,90,7.8,R,English,USA,Charlie Kaufman,Spike Jonze,"Comedy, Drama, Fantasy","A puppeteer discovers a portal that leads literally into the head of the movie star, John Malkovich."
1999,Black and White,pass,pass,13.98,7.33,7.33,98,4598,47,5,R,English,USA,James Toback,James Toback,"Crime, Drama, Music",A group of white high school teens become involved with Harlem's black hip-hop crowd.
1999,Cruel Intentions,pass,pass,15.38,53.46,106.01,97,124597,56,6.9,R,"English, Vietnamese, French",USA,"Choderlos de Laclos (novel), Roger Kumble (screenplay)",Roger Kumble,"Drama, Romance","Kathryn makes a bet that her step-brother, Sebastian, won't be able to bed Annette (a virgin, who wants to wait until love). If he loses, Kathryn gets his Jaguar, if he wins, he gets Kathryn."
1999,Dick,pass,pass,18.18,8.78,8.78,94,14419,65,6.2,PG-13,English,"France, Canada, USA","Andrew Fleming, Sheryl Longin",Andrew Fleming,Comedy,Story of two girls who wander away from a White House tour and meet President Nixon.
1999,Drop Dead Gorgeous,pass,pass,13.98,14.78,14.78,97,24021,28,6.5,PG-13,English,"USA, Germany",Lona Williams,Michael Patrick Jann,Comedy,A small town beauty pageant turns deadly as it becomes clear that someone will go to any lengths to win.
1999,Election,pass,pass,11.89,20.9,24.06,103,62430,83,7.3,R,"English, Spanish",USA,"Tom Perrotta (novel), Alexander Payne (screenplay), Jim Taylor (screenplay)",Alexander Payne,"Comedy, Drama",A high school teacher's personal life becomes complicated as he works with students during the school elections.
1999,Eyes Wide Shut,pass,pass,90.9,77.88,120.63,159,179578,68,7.3,R,English,"UK, USA","Stanley Kubrick (screenplay), Frederic Raphael (screenplay), Arthur Schnitzler (novel)",Stanley Kubrick,"Drama, Mystery, Thriller","A New York City doctor, who is married to an art curator, pushes himself on a harrowing and dangerous night-long odyssey of sexual and moral discovery after his wife admits that she once almost cheated on him."
1999,"Girl, Interrupted",pass,pass,33.56,40.38,40.38,127,96814,51,7.3,R,English,"USA, Germany","Susanna Kaysen (book), James Mangold (screenplay), Lisa Loomer (screenplay), Anna Hamilton Phelan (screenplay)",James Mangold,"Biography, Drama",Based on writer Susanna Kaysen's account of her 18-month stay at a mental hospital in the 1960s.
1999,Jawbreaker,pass,pass,4.2,4.3,4.3,87,14612,22,5.3,R,English,USA,Darren Stein,Darren Stein,"Comedy, Crime, Thriller",Three of the most popular girls at Reagan High accidentally kill the prom queen with a jaw-breaker when a kidnapping goes horribly wrong.
1999,Notting Hill,pass,pass,58.74,162.35,508.66,124,152034,66,7,PG-13,"English, Spanish","UK, USA",Richard Curtis,Roger Michell,"Comedy, Drama, Romance",The life of a simple bookshop owner changes when he meets the most famous film star in the world.
1999,Sleepy Hollow,pass,pass,97.89,141.34,289.58,105,210582,65,7.5,R,"English, Latin","USA, Germany","Washington Irving (story), Kevin Yagher (screen story), Andrew Kevin Walker (screen story), Andrew Kevin Walker (screenplay)",Tim Burton,"Drama, Mystery","Ichabod Crane is sent to Sleepy Hollow to investigate the decapitations of 3 people with the culprit being the legendary apparition, the Headless Horseman."
1999,Star Wars: Episode I - The Phantom Menace,pass,pass,160.82,663.63,1408.31,136,380234,51,6.5,PG,English,USA,George Lucas,George Lucas,"Action, Adventure, Fantasy","Two Jedi Knights escape a hostile blockade to find allies and come across a young boy who may bring balance to the Force, but the long dormant Sith resurface to reclaim their old glory."
1999,The Blair Witch Project,pass,pass,0.84,196.54,347.24,81,148692,81,6.4,R,English,USA,"Daniel Myrick, Eduardo Sánchez","Daniel Myrick, Eduardo Sánchez","Horror, Mystery",Three film students go missing after traveling into the woods of Maryland to make a documentary about the local Blair Witch legend leaving only their footage behind.
1999,The Haunting,pass,pass,111.88,127.52,251.99,113,49800,NA,4.8,PG-13,English,USA,"David Self (screenplay), Shirley Jackson (novel)",Jan de Bont,"Fantasy, Horror, Mystery","When Eleanor, Theo, and Luke decide to take part in a sleep study at a huge mansion they get more than they bargained for when Dr. Marrow tells them of the house's ghostly past."
1999,The Matrix,pass,pass,90.9,239.81,643.68,136,836596,73,8.7,R,English,"USA, Australia","Andy Wachowski, Lana Wachowski","Andy Wachowski, Lana Wachowski","Action, Sci-Fi",A computer hacker learns from mysterious rebels about the true nature of his reality and his role in the war against its controllers.
1999,Topsy-Turvy,pass,pass,27.97,8.67,8.67,160,8695,90,7.4,R,"English, French, German, Italian, Japanese",UK,Mike Leigh,Mike Leigh,"Biography, Comedy, Drama","After Gilbert and Sullivan's latest play is critically panned, the frustrated team threatens to disband until it is inspired to write the masterpiece ""The Mikado."""
2000,Return to Me,dubious,fail,32.47,44.19,44.19,115,14415,54,6.9,PG,"English, Italian",USA,"Bonnie Hunt (story), Don Lake (story), Andrew Stern (story), Samantha Goodman (story), Bonnie Hunt (screenplay), Don Lake (screenplay)",Bonnie Hunt,"Comedy, Drama, Romance",A man who falls in love with the woman who received his wife's heart must decide which woman it is who holds his heart.
2000,The Gift,dubious,fail,13.53,16.25,60.3,111,43693,62,6.7,R,English,USA,"Billy Bob Thornton, Tom Epperson",Sam Raimi,"Crime, Drama, Fantasy",A woman with extrasensory perception is asked to help find a young woman who has disappeared.
2000,The Patriot,dubious,fail,148.82,153.33,291.28,165,162211,63,7.1,R,English,"Germany, USA",Robert Rodat,Roland Emmerich,"Action, Drama, War",Peaceful farmer Benjamin Martin is driven to lead the Colonial Militia during the American Revolution when a sadistic British officer murders his son.
2000,Coyote Ugly,men,fail,60.88,82.24,156.65,100,74179,27,5.5,PG-13,English,USA,Gina Wendkos,David McNally,"Comedy, Drama, Romance","Aspiring songwriter Violet Sanford, after getting a job at a women-run NYC bar that teases its male patrons, comes out of her shell."
2000,High Fidelity,men,fail,27.06,36.9,64.78,113,118541,79,7.6,R,"English, Danish","UK, USA","Nick Hornby (book), D.V. DeVincentis (screenplay), Steve Pink (screenplay), John Cusack (screenplay), Scott Rosenberg (screenplay)",Stephen Frears,"Comedy, Drama, Music","Rob, a record store owner and compulsive list maker, recounts his top five breakups, including the one in progress."
2000,Meet the Parents,men,fail,74.41,224.89,412.1,108,206645,73,7,PG-13,"English, Thai, Spanish, Hebrew, French",USA,"Greg Glienna, Mary Ruth Clarke, Greg Glienna (story), Mary Ruth Clarke (story), Jim Herzfeld (screenplay), John Hamburg (screenplay)",Jay Roach,"Comedy, Romance","Male nurse Greg Focker meets his girlfriend's parents before proposing, but her suspicious father is every date's worst nightmare."
2000,Sexy Beast,men,fail,5.82,9.4,13.74,89,34610,79,7.3,R,English,"UK, Spain","Louis Mellis, David Scinto",Jonathan Glazer,"Crime, Drama","Brutal gangster Don Logan recruits ""retired"" safecracker Gal for one last job, but it goes badly for both of them."
2000,The Cell,men,fail,47.35,82.91,116.23,107,67514,40,6.3,R,English,"USA, Germany",Mark Protosevich,Tarsem Singh,"Sci-Fi, Thriller","An FBI agent persuades a social worker, who is adept with a new experimental technology, to enter the mind of a comatose serial killer in order to learn where he has hidden his latest kidnap victim."
2000,The Way of the Gun,men,fail,12.18,8.18,17.67,119,24675,49,6.7,R,"English, Spanish",USA,Christopher McQuarrie,Christopher McQuarrie,"Action, Crime, Drama",Two criminal drifters without sympathy get more than they bargained for after kidnapping and holding for ransom the surrogate mother of a powerful and shady man.
2000,American Psycho,notalk,fail,10.82,20.39,38.79,102,262204,64,7.6,R,"English, Spanish, Cantonese",USA,"Bret Easton Ellis (novel), Mary Harron (screenplay), Guinevere Turner (screenplay)",Mary Harron,"Crime, Drama","A wealthy New York investment banking executive hides his alternate psychopathic ego from his co-workers and friends as he escalates deeper into his illogical, gratuitous fantasies."
2000,Boiler Room,notalk,fail,12.18,22.95,38.93,120,35232,63,7,R,"English, Russian",USA,Ben Younger,Ben Younger,"Crime, Drama, Thriller","A college dropout gets a job as a broker for a suburban investment firm, which puts him on the fast track to success, but the job might not be as legitimate as it sounds."
2000,Cast Away,notalk,fail,115,316.08,578,143,282499,73,7.7,PG-13,"English, Russian",USA,William Broyles Jr.,Robert Zemeckis,"Adventure, Drama",A FedEx executive must transform himself physically and emotionally to survive a crash landing on a deserted island.
2000,Final Destination,notalk,fail,31.12,72.11,151.58,98,138780,36,6.8,R,"English, French","USA, Canada","Glen Morgan (screenplay), James Wong (screenplay), Jeffrey Reddick (screenplay), Jeffrey Reddick (story)",James Wong,"Horror, Thriller","After a teenager has a terrifying vision of him and his friends dying in a plane crash, he prevents the accident only to have Death hunt them down, one by one."
2000,Gone in Sixty Seconds,notalk,fail,139.76,137.51,314.74,118,173209,35,6.4,PG-13,English,USA,"H.B. Halicki, Scott Rosenberg (screenplay)",Dominic Sena,"Action, Crime, Thriller",A retired master car thief must come back to the industry and steal 50 cars with his crew in one night to save his brother's life.
2000,Little Nicky,notalk,fail,108.23,53.36,78.83,90,65277,38,5.3,PG-13,English,USA,"Tim Herlihy, Adam Sandler, Steven Brill",Steven Brill,"Comedy, Fantasy",A movie about the independent minded son of Beelzebub and the mischief he creates.
2000,Memento,notalk,fail,6.76,34.56,53.74,113,602391,80,8.6,R,English,USA,"Christopher Nolan (screenplay), Jonathan Nolan (short story ""Memento Mori"")",Christopher Nolan,"Mystery, Thriller","A man, suffering from short-term memory loss, uses notes and tattoos to hunt for the man he thinks killed his wife."
2000,Mission to Mars,notalk,fail,121.76,82.36,143.41,114,51581,34,5.5,PG,English,USA,"Lowell Cannon (story), Jim Thomas (story), John Thomas (story), Jim Thomas (screenplay), John Thomas (screenplay), Graham Yost (screenplay)",Brian De Palma,"Adventure, Drama, Sci-Fi","When the first manned mission to Mars meets with a catastrophic and mysterious disaster, a rescue mission is launched to investigate the tragedy and bring back any survivors."
2000,Remember the Titans,notalk,fail,40.59,156.47,184.95,113,125876,48,7.7,PG,English,USA,Gregory Allen Howard,Boaz Yakin,"Biography, Drama, Sport",The true story of a newly appointed African-American coach and his high school team on their first season as a racially integrated unit.
2000,Shanghai Noon,notalk,fail,74.41,77.02,96.31,110,75065,77,6.6,PG-13,"English, Mandarin, Sioux, Spanish","USA, Hong Kong","Miles Millar, Alfred Gough",Tom Dey,"Action, Adventure, Comedy","Jackie Chan plays a Chinese man who travels to the Wild West to rescue a kidnapped princess. After teaming up with a train robber, the unlikely duo takes on a Chinese traitor and his corrupt boss."
2000,The Beach,notalk,fail,67.65,53.82,53.82,119,130952,43,6.6,R,"English, French, Swedish, Thai, Croatian","USA, UK","John Hodge (screenplay), Alex Garland (novel)",Danny Boyle,"Adventure, Drama, Romance","Twenty-something Richard travels to Thailand and finds himself in possession of a strange map. Rumours state that it leads to a solitary beach paradise, a tropical bliss - excited and intrigued, he sets out to find it."
2000,Urbania,notalk,fail,0.3,1.4,1.4,103,2619,73,7,R,English,USA,"Daniel Reitz (play), Daniel Reitz (screenplay), Jon Shear (screenplay)",Jon Shear,Drama,"Charlie takes an odyssey through grief during a fall weekend in New York City. His encounters are planned and chance: with a homeless man who sleeps by his building, with a friend who's ..."
2000,Vertical Limit,notalk,fail,101.47,92.64,288.85,124,41709,48,5.8,PG-13,"English, Urdu","USA, Germany","Robert King (story), Robert King (screenplay), Terry Hayes (screenplay)",Martin Campbell,"Action, Adventure, Thriller","A climber must rescue his sister on top of K2, one of the world's biggest mountains."
2000,What Women Want,notalk,fail,87.94,247.32,503.42,127,126978,47,6.4,PG-13,"English, French",USA,"Josh Goldsmith (story), Cathy Yuspa (story), Diane Drake (story), Josh Goldsmith (screenplay), Cathy Yuspa (screenplay)",Nancy Meyers,"Comedy, Fantasy, Romance","After an accident, a chauvenistic executive gains the ability to hear what women are really thinking."
2000,X-Men,notalk,fail,101.47,212.81,400.92,104,304228,64,7.4,PG-13,English,USA,"Tom DeSanto (story), Bryan Singer (story), David Hayter (screenplay)",Bryan Singer,"Action, Adventure, Sci-Fi",Two mutants come to a private academy for their kind whose resident superhero team must oppose a terrorist organization with similar powers.
2000,Gladiator,nowomen,fail,139.35,253.92,619.2,155,660343,64,8.5,R,English,"USA, UK","David Franzoni (story), David Franzoni (screenplay), John Logan (screenplay), William Nicholson (screenplay)",Ridley Scott,"Action, Adventure, Drama","When a Roman general is betrayed and his family murdered by an emperor's corrupt son, he comes to Rome as a gladiator to seek revenge."
2000,"O Brother, Where Art Thou?",nowomen,fail,35.18,61.57,102.5,106,175313,69,7.8,PG-13,English,"UK, France, USA","Homer (epic poem ""The Odyssey""), Ethan Coen, Joel Coen","Joel Coen, Ethan Coen","Comedy, Crime","In the deep south during the 1930s, three escaped convicts search for hidden treasure while a relentless lawman pursues them."
2000,Red Planet,nowomen,fail,108.23,23.65,45.27,106,40273,34,5.6,PG-13,English,"USA, Australia","Chuck Pfarrer (story), Chuck Pfarrer (screenplay), Jonathan Lemkin (screenplay)",Antony Hoffman,"Sci-Fi, Action, Thriller","Astronauts search for solutions to save a dying Earth by searching on Mars, only to have the mission go terribly awry."
2000,Romeo Must Die,nowomen,fail,33.82,75.73,123.16,115,48201,52,6,R,"English, Chinese",USA,"Mitchell Kapner (story), Eric Bernt (screenplay), John Jarrell (screenplay)",Andrzej Bartkowiak,"Action, Crime, Thriller",An avenging cop seeks out his brother's killer and falls for the daughter of a businessman who is involved in a money-deal with his father.
2000,Snatch.,nowomen,fail,13.53,40.71,113.09,102,432274,55,8.4,R,"English, Russian","UK, USA",Guy Ritchie,Guy Ritchie,"Comedy, Crime","Unscrupulous boxing promoters, violent bookmakers, a Russian gangster, incompetent amateur robbers, and supposedly Jewish jewelers fight to track down a priceless stolen diamond."
2000,The Road to El Dorado,nowomen,fail,128.53,68.73,88.89,89,37034,51,6.8,PG,English,USA,"Terry Rossio (screenplay), Ted Elliott (screenplay), Karey Kirkpatrick (additional dialogue)","Bibo Bergeron, Will Finn, Don Paul, David Silverman, Jeffrey Katzenberg","Animation, Adventure, Comedy","Two swindlers get their hands on a map to the fabled city of gold, El Dorado."
2000,Unbreakable,nowomen,fail,99.09,128.53,335.66,106,200528,62,7.2,PG-13,English,USA,M. Night Shyamalan,M. Night Shyamalan,"Drama, Mystery, Sci-Fi",A suspense thriller with supernatural overtones that revolves around a man who learns something extraordinary about himself after a devastating accident.
2000,28 Days,pass,pass,58.18,50.11,83.97,103,28434,46,5.9,PG-13,English,USA,Susannah Grant,Betty Thomas,"Comedy, Drama",A big-city newspaper columnist is forced to enter a drug and alcohol rehab center after ruining her sister's wedding and crashing a stolen limousine.
2000,Almost Famous,pass,pass,81.17,44,64.09,122,166407,90,8,R,English,USA,Cameron Crowe,Cameron Crowe,"Drama, Music",A high-school boy is given the chance to write a story for Rolling Stone Magazine about an up-and-coming rock band as he accompanies it on their concert tour.
2000,Beautiful Creatures,pass,pass,67.65,26.32,75.68,86,2731,40,5.9,R,"English, German",UK,Simon Donald (screenplay),Bill Eagles,"Comedy, Thriller, Crime",Two girls thrown together by their boyfriends' violence accidentally kill one of them.
2000,Best in Show,pass,pass,8.12,25.19,28,90,39799,78,7.5,PG-13,English,USA,"Christopher Guest, Eugene Levy",Christopher Guest,Comedy,A colorful array of characters competes at a national dog show.
2000,Billy Elliot,pass,pass,6.76,29.76,147.85,110,80451,74,7.7,PG-13,English,"UK, France",Lee Hall,Stephen Daldry,"Comedy, Drama, Music",A talented young boy becomes torn between his unexpected love of dance and the disintegration of his family.
2000,Bring It On,pass,pass,13.53,92.48,122.38,98,56685,52,5.9,PG-13,English,USA,Jessica Bendinger,Peyton Reed,"Comedy, Sport",A champion high school cheerleading squad discovers its previous captain stole all their best routines from an inner-city school and must scramble to compete at this year's championships.
2000,Center Stage,pass,pass,24.35,23.27,23.27,115,13065,52,6.6,PG-13,English,USA,Carol Heikkinen,Nicholas Hytner,"Drama, Music",A group of 12 teenagers from various backgrounds enroll at the American Ballet Academy in New York to make it as ballet dancers and each one deals with the problems and stress of training and getting ahead in the world of dance.
2000,Chicken Run,pass,pass,56.82,144.48,308.18,84,107470,88,7.1,G,English,"UK, USA","Peter Lord (original story), Nick Park (original story), Karey Kirkpatrick (screenplay), Mark Burton (additional dialogue), John O'Farrell (additional dialogue)","Peter Lord, Nick Park","Animation, Family, Comedy",Chicken Run is a comedy escape drama with a touch of passion set on a sinister Yorks chicken farm in 1950s England.
2000,Chocolat,pass,pass,33.82,96.48,206.32,121,121743,64,7.3,PG-13,"English, French","UK, USA","Joanne Harris (novel), Robert Nelson Jacobs (screenplay)",Lasse Hallström,"Drama, Romance",A woman and her daughter open a chocolate shop in a small French village that shakes up the rigid morality of the community.
2000,Dancer in the Dark,pass,pass,16.91,5.62,61.64,140,63443,61,8,R,English,"Spain, Argentina, Denmark, Germany, Netherlands, Italy, USA, UK, France, Sweden, Finland, Iceland, Norway",Lars von Trier,Lars von Trier,"Crime, Drama, Musical","An east European girl goes to America with her young son, expecting it to be like a Hollywood film."
2000,Erin Brockovich,pass,pass,67.65,169.86,348.79,131,106791,73,7.2,R,English,USA,Susannah Grant,Steven Soderbergh,"Biography, Drama",An unemployed single mother becomes a legal assistant and almost single-handedly brings down a California power company accused of polluting a city's water supply.
2000,Hollow Man,pass,pass,121.76,99.05,258.68,112,86693,24,5.7,R,English,"USA, Germany","Gary Scott Thompson (story), Andrew W. Marlowe (story), Andrew W. Marlowe (screenplay)",Paul Verhoeven,"Action, Sci-Fi, Thriller","Scientists discover how to make people invisible, but their test subject becomes an insane killer who stalks them."
2000,Miss Congeniality,pass,pass,60.88,144.5,288.74,109,101504,43,6.1,PG-13,"English, Russian, French, Hawaiian, Spanish","USA, Australia","Marc Lawrence, Katie Ford, Caryn Lucas",Donald Petrie,"Action, Comedy, Crime",An FBI agent must go undercover in the Miss United States beauty pageant to prevent a group from bombing the event.
2000,Pitch Black,pass,pass,31.12,53.08,71.95,109,158680,49,7.1,R,"English, Arabic",USA,"Jim Wheat (story), Ken Wheat (story), Jim Wheat (screenplay), Ken Wheat (screenplay), David Twohy (screenplay)",David Twohy,"Action, Sci-Fi, Thriller","A commercial transport ship and its crew are marooned on a planet full of bloodthirsty creatures that only come out to feast at night. But then, they learn that a month-long eclipse is about to occur."
2000,Requiem for a Dream,pass,pass,6.09,4.92,10,102,412739,68,8.4,R,English,USA,"Hubert Selby Jr. (based on the book by), Hubert Selby Jr. (screenplay), Darren Aronofsky (screenplay)",Darren Aronofsky,Drama,The drug-induced utopias of four Coney Island people are shattered when their addictions become stronger.
2000,Saving Grace,pass,pass,5.41,16.48,37.59,93,13118,62,6.9,R,"English, French",UK,"Mark Crowdy (story), Craig Ferguson (screenplay), Mark Crowdy (screenplay)",Nigel Cole,"Comedy, Crime","A small-town English widow, facing financial troubles after her husband's suicide, turns to agriculture of an illegal kind."
2000,Scream 3,pass,pass,54.12,120.6,218.95,116,77799,56,5.5,R,English,USA,"Kevin Williamson (characters), Ehren Kruger",Wes Craven,"Horror, Mystery","Ghostface pays Sidney and her friends a third visit while they visit the set of ""Stab 3"", the third movie based upon the Woodsboro murders."
2000,Songcatcher,pass,pass,2.44,4.13,4.13,109,2594,63,7.2,PG-13,English,USA,Maggie Greenwald,Maggie Greenwald,"Drama, Music","After being denied a promotion at the university where she teaches, Doctor Lily Penleric, a brilliant musicologist, impulsively visits her sister, who runs a struggling rural school in ..."
2000,The Whole Nine Yards,pass,pass,32.47,77.47,115.71,98,76803,47,6.7,R,"English, French, Spanish",USA,Mitchell Kapner,Jonathan Lynn,"Comedy, Crime","Nick is a struggling dentist in Canada. A new neighbor moves in, and he discovers that it is Jimmy ""The Tulip"" Teduski. His wife convinces him to go to Chicago and inform the mob boss who wants Jimmy dead."
2000,Titan A.E.,pass,pass,101.47,30.78,49.72,94,45478,48,6.6,PG,"English, Mandarin",USA,"Hans Bauer (story), Randall McCormick (story), Ben Edlund (screenplay), John August (screenplay), Joss Whedon (screenplay)","Don Bluth, Gary Goldman, Art Vitello","Animation, Action, Adventure",A young man learns that he has to find a hidden Earth ship before an enemy alien species does in order to secure the survival of humanity.
2000,What Lies Beneath,pass,pass,121.76,210.33,390.58,130,83265,51,6.6,PG-13,English,USA,"Clark Gregg (screenplay), Sarah Kernochan (story), Clark Gregg (story)",Robert Zemeckis,"Drama, Horror, Mystery",The wife of a university research scientist believes that her lakeside Vermont home is haunted by a ghost - or that she's losing her mind.
2000,Where the Heart Is,pass,pass,20.29,45.69,55.28,120,23244,30,6.8,PG-13,English,USA,"Lowell Ganz (screenplay), Babaloo Mandel (screenplay), Billie Letts (novel)",Matt Williams,"Comedy, Drama, Romance","A pregnant 17-year-old rebuilds her life after being abandoned by her boyfriend at a Wal-Mart in Sequoyah, Oklahoma."
2001,Donnie Darko,dubious,fail,5.92,1.67,10.13,113,430219,71,8.1,R,English,USA,Richard Kelly,Richard Kelly,"Drama, Mystery, Sci-Fi","A troubled teenager is plagued by visions of a large bunny rabbit that manipulates him to commit a series of crimes, after narrowly escaping a bizarre accident."
2001,From Hell,dubious,fail,46.05,41.58,90.41,122,101473,54,6.9,R,English,USA,"Alan Moore (graphic novel), Eddie Campbell (graphic novel), Terry Hayes (screenplay), Rafael Yglesias (screenplay)","Albert Hughes, Allen Hughes","Horror, Mystery, Thriller","In Victorian Era London, a troubled clairvoyant police detective investigates the murders by Jack The Ripper."
2001,Monkeybone,dubious,fail,98.69,7.12,7.12,93,12379,40,4.7,PG-13,English,USA,"Kaja Blackley (graphic novel ""Dark Town""), Sam Hamm",Henry Selick,"Animation, Comedy, Fantasy","In a coma, a cartoonist finds himself trapped within his own underground creation and must find a way to get back, while racing against his popular but treacherous character, Monkeybone."
2001,Osmosis Jones,dubious,fail,92.11,17.89,17.89,95,20139,57,6.2,PG,English,USA,Marc Hyman,"Bobby Farrelly, Peter Farrelly","Animation, Action, Adventure","A policeman white blood cell, with the help of a cold pill, must stop a deadly virus from destroying the human they live in, Frank."
2001,Antitrust,men,fail,39.48,14.43,23.51,109,23213,31,6.1,PG-13,English,USA,Howard Franklin,Peter Howitt,"Crime, Drama, Thriller",A computer programmer's dream job at a hot Portland-based firm turns nightmarish when he discovers his boss has a secret and ruthless means of dispatching anti-trust problems.
2001,Pearl Harbor,men,fail,199.35,261.25,591.13,183,193956,44,5.9,PG-13,"English, Japanese, French",USA,Randall Wallace,Michael Bay,"Action, Drama, Romance","Pearl Harbor follows the story of two best friends, Rafe and Danny, and their love lives as they go off to join the war."
2001,Valentine,men,fail,13.16,26.82,26.82,96,17906,18,4.6,R,English,USA,"Tom Savage (novel), Donna Powers (screenplay), Wayne Powers (screenplay), Gretchen J. Berg (screenplay), Aaron Harberts (screenplay)",Jamie Blanks,"Horror, Thriller",Five women are stalked by an unknown assailant while preparing for Valentine's Day
2001,A Beautiful Mind,notalk,fail,102.64,224.63,418,135,388837,72,8.2,PG-13,English,USA,"Akiva Goldsman, Sylvia Nasar (book)",Ron Howard,"Biography, Drama","After a brilliant but asocial mathematician accepts secret work in cryptography, his life takes a turn for the nightmarish."
2001,American Outlaws,notalk,fail,46.05,17.45,17.45,94,10859,25,5.9,PG-13,English,USA,"Roderick Taylor (story), Roderick Taylor (screenplay), John Rogers (screenplay)",Les Mayfield,"Action, Western","When a Midwest town learns that a corrupt railroad baron has captured the deeds to their homesteads without their knowledge, a group of young ranchers join forces to take back what is ..."
2001,Atlantis: The Lost Empire,notalk,fail,118.43,110.6,244.81,95,49577,52,6.7,PG,"English, French, Spanish",USA,"Tab Murphy (screenplay), Kirk Wise (story), Gary Trousdale (story), Joss Whedon (story), Bryce Zabel (story), Jackie Zabel (story), Tab Murphy (story), David Reynolds (additional screenplay material)","Gary Trousdale, Kirk Wise","Animation, Adventure, Family",A young adventurer named Milo Thatch joins an intrepid group of explorers to find the mysterious lost continent of Atlantis.
2001,Blow,notalk,fail,39.48,69.73,109.59,124,156054,52,7.6,R,English,USA,"Bruce Porter (book), David McKenna (screenplay), Nick Cassavetes (screenplay)",Ted Demme,"Biography, Crime, Drama","The story of George Jung, the man who established the American cocaine market in the 1970s."
2001,Kiss of the Dragon,notalk,fail,32.9,48.47,48.47,98,45872,58,6.6,R,"English, French, Mandarin","France, USA","Jet Li (story), Luc Besson (screenplay), Robert Mark Kamen (screenplay)",Chris Nahon,"Action, Crime, Thriller",A betrayed intelligence officer enlists the aid of a prostitute to prove his innocence from a deadly conspiracy while returning a favor to her.
2001,"Monsters, Inc.",notalk,fail,151.32,380.84,736.55,92,374709,78,8.1,G,English,USA,"Pete Docter (original story by), Jill Culton (original story by), Jeff Pidgeon (original story by), Ralph Eggleston (original story by), Andrew Stanton (screenplay), Daniel Gerson (screenplay), Robert L. Baird (additional screenplay material), Rhett Reese (additional screenplay material), Jonathan Roberts (additional screenplay material)","Pete Docter, David Silverman, Lee Unkrich","Animation, Adventure, Comedy","Monsters generate their city's power by scaring children, but they are terribly afraid themselves of being contaminated by children, so when one enters Monstropolis, top scarer Sulley finds his world disrupted."
2001,Shrek,notalk,fail,65.79,352.19,647.15,90,340044,84,7.9,PG,English,USA,"William Steig (book), Ted Elliott (screenplay), Terry Rossio (screenplay), Joe Stillman (screenplay), Roger S.H. Schulman (screenplay), Cody Cameron (additional dialogue), Chris Miller (additional dialogue), Conrad Vernon (additional dialogue)","Andrew Adamson, Vicky Jenson","Animation, Adventure, Comedy","An ogre, in order to regain his swamp, travels along with an annoying donkey in order to bring a princess to a scheming lord, wishing himself King."
2001,Super Troopers,notalk,fail,3.95,24.33,30.33,100,61252,48,7.1,R,"English, German, French",USA,"Jay Chandrasekhar, Kevin Heffernan, Steve Lemme, Paul Soter, Erik Stolhanske",Jay Chandrasekhar,"Comedy, Crime, Mystery","Five Vermont state troopers, avid pranksters with a knack for screwing up, try to save their jobs and out-do the local police department by solving a crime."
2001,The Fast and the Furious,notalk,fail,50,190.16,271.74,106,187877,58,6.5,PG-13,English,"USA, Germany","Ken Li (magazine article ""Racer X""), Gary Scott Thompson (screen story), Gary Scott Thompson (screenplay), Erik Bergquist (screenplay), David Ayer (screenplay)",Rob L. Cohen,"Action, Crime, Thriller",Los Angeles police officer Brian O'Connor must decide where his loyalties really lie when he becomes enamored with the street racing world he has been sent undercover to destroy.
2001,The Lord of the Rings: The Fellowship of the Ring,notalk,fail,143.43,415.21,1167.44,178,870253,92,8.9,PG-13,"English, Sindarin","New Zealand, USA","J.R.R. Tolkien (novel), Fran Walsh (screenplay), Philippa Boyens (screenplay), Peter Jackson (screenplay)",Peter Jackson,"Action, Adventure, Fantasy",A meek hobbit of The Shire and eight companions set out on a journey to Mount Doom to destroy the One Ring and the dark lord Sauron.
2001,The Majestic,notalk,fail,94.74,36.58,49.09,152,38259,27,6.9,PG,English,"USA, Australia",Michael Sloane,Frank Darabont,Drama,"Set in 1951, a blacklisted Hollywood writer gets into a car accident, loses his memory and settles down in a small town where he is mistaken for a long-lost son."
2001,Thir13en Ghosts,notalk,fail,25,55.09,90.09,91,52179,30,5.5,R,English,"USA, Canada","Robb White (story), Benjamin Carr (screenplay), Richard D'Ovidio (screenplay)",Steve Beck,"Horror, Mystery, Thriller","When Cyrus Kriticos, a very rich collector of unique things dies, he leaves it all to his nephew and his family. All including his house, his fortune, and his malicious collection of ghosts!"
2001,Training Day,notalk,fail,59.21,100.35,137.51,122,232391,70,7.7,R,"English, Russian, Spanish, Korean","USA, Australia",David Ayer,Antoine Fuqua,"Crime, Drama, Thriller","On his first day on the job as a narcotics officer, a rookie cop goes on a 24-hour training course with a rogue detective who isn't what he appears."
2001,Vanilla Sky,notalk,fail,92.11,132.39,266.76,136,168968,45,6.9,R,"English, Spanish","USA, Spain","Alejandro Amenábar (film ""Abre Los Ojos""), Mateo Gil (film ""Abre Los Ojos""), Cameron Crowe (screenplay)",Cameron Crowe,"Fantasy, Mystery, Romance",A successful publisher finds his life taking a turn for the surreal after a car accident with a jaded lover.
2001,Black Hawk Down,nowomen,fail,125.01,142.95,210.13,144,225412,74,7.7,R,"English, Somali","USA, UK","Mark Bowden (book), Ken Nolan (screenplay)",Ridley Scott,"Drama, History, War",123 elite U.S. soldiers drop into Somalia to capture two top lieutenants of a renegade warlord and find themselves in a desperate battle with a large force of heavily-armed Somalis.
2001,Impostor,nowomen,fail,52.63,8.05,8.05,95,17469,33,6.2,R,English,USA,"Philip K. Dick (short story ""The Impostor""), Scott Rosenberg (adaptation), Caroline Case (screenplay), Ehren Kruger (screenplay), David Twohy (screenplay)",Gary Fleder,"Sci-Fi, Thriller, Action","In the future, an alien race uses androids as bombs to attack Earth. A government weapons specialist is accused of being one such android and sets out to prove his innocence."
2001,Lara Croft: Tomb Raider,nowomen,fail,123.69,172.57,361.39,100,120899,33,5.7,PG-13,English,"USA, UK, Japan, Germany","Sara B. Cooper (story), Mike Werb (story), Michael Colleary (story), Simon West (adaptation), Patrick Massett (screenplay), John Zinman (screenplay)",Simon West,"Action, Adventure, Fantasy",Video game adventuress Lara Croft comes to life in a movie where she races against time and villains to recover powerful ancient artifacts.
2001,Shaolin Soccer,nowomen,fail,13.16,0.64,56.29,87,43273,68,7.3,PG,"Cantonese, Mandarin","Hong Kong, China","Stephen Chow, Kan-Cheung Tsang, Min Hun Fung, Chi Keung Fung, Wei Lu",Stephen Chow,"Action, Comedy, Sport",A young Shaolin follower reunites with his discouraged brothers to form a soccer team using their martial art skills to their advantage.
2001,The One,nowomen,fail,64.48,57.77,57.77,87,66637,25,5.9,PG-13,English,USA,"Glen Morgan, James Wong",James Wong,"Action, Sci-Fi, Thriller",A sheriff's deputy fights an alternate universe version of himself who grows stronger with each alternate self he kills.
2001,Dr. Dolittle 2,pass,pass,94.74,148.63,231.72,87,27781,49,4.6,PG,English,USA,"Hugh Lofting (Doctor Dolittle stories), Larry Levin",Steve Carr,"Comedy, Family, Fantasy",Dolittle must save a forest and a bear's life.
2001,Evolution,pass,pass,105.27,50.41,129.4,101,85396,40,6,PG-13,English,USA,"Don Jakoby (story), David Diamond (screenplay), David Weissman (screenplay), Don Jakoby (screenplay)",Ivan Reitman,"Comedy, Sci-Fi","A firefighting cadet, two college professors, and a geeky-but-sexy government scientist work against an alien organism that has been rapidly evolving ever since its arrival on Earth inside a meteor."
2001,Ghost World,pass,pass,7.24,8.18,11.53,111,79643,88,7.5,R,English,"USA, UK, Germany","Daniel Clowes (comic book), Daniel Clowes, Terry Zwigoff",Terry Zwigoff,"Comedy, Drama","With only the plan of moving in together after high school, two unusually devious friends seek direction in life. As a mere gag, they respond to a man's newspaper ad for a date, only to find it will greatly complicate their lives."
2001,Gosford Park,pass,pass,23.69,54.34,54.34,137,56560,90,7.3,R,English,"UK, USA, Italy","Robert Altman (idea), Julian Fellowes, Bob Balaban (idea)",Robert Altman,"Drama, Mystery","Multiple storylined drama set in 1932, showing the lives of upstairs guest and downstairs servants at a party in a country house in England."
2001,Hannibal,pass,pass,114.48,217.24,460.68,131,168124,57,6.7,R,"English, Italian, Japanese","UK, USA","Thomas Harris (novel), David Mamet (screenplay), Steven Zaillian (screenplay)",Ridley Scott,"Crime, Drama, Thriller",Hannibal returns to America and attempts to make contact with disgraced Agent Starling and survive a vengeful victim's plan.
2001,Hedwig and the Angry Inch,pass,pass,7.9,4.04,4.79,95,22698,85,7.8,R,"English, German",USA,"John Cameron Mitchell (book), Stephen Trask (book), John Cameron Mitchell (screenplay)",John Cameron Mitchell,"Comedy, Drama, Music",A transexual punk rock girl from East Berlin tours the US with her rock band as she tells her life story and follows the ex-boyfriend/bandmate who stole her songs.
2001,High Heels and Low Lifes,pass,pass,13.16,0.3,0.3,86,2883,39,6.2,R,English,"UK, USA","Kim Fuller (story), Georgia Pritchett (story), Kim Fuller (screenplay)",Mel Smith,"Action, Drama, Comedy",A nurse eavesdrops with a friend on a cell phone conversation that describes a bank heist. She and the friend then conspire to blackmail the robbers for $2 million.
2001,Jason X,pass,pass,18.42,17.27,22.31,91,31651,25,4.3,R,English,USA,"Victor Miller (characters), Todd Farmer",James Isaac,"Horror, Sci-Fi, Thriller","Jason Voorhees returns with a new look, a new machete, and his same murderous attitude as he is awakened on a spaceship in the 25th century."
2001,Jay and Silent Bob Strike Back,pass,pass,28.95,39.55,44.43,104,109093,51,6.9,R,English,USA,"Kevin Smith (characters), Kevin Smith",Kevin Smith,Comedy,"The comic 'Bluntman and Chronic' is based on real-life stoners Jay and Silent Bob, so when they get no profit from a big-screen adaptation they set out to wreck the movie."
2001,Jeepers Creepers,pass,pass,13.16,49.88,77.55,90,66111,49,6,R,English,"Germany, USA",Victor Salva,Victor Salva,"Horror, Mystery",A brother and sister driving home for spring break encounter a flesh-eating creature in the isolated countryside that is on the last day of its ritualistic eating spree.
2001,Josie and the Pussycats,pass,pass,28.95,18.75,18.75,98,16688,47,5.3,PG-13,English,"Canada, USA","Deborah Kaplan, Harry Elfont, Richard Goldwater (characters), Dan DeCarlo (characters), John L. Goldwater (characters)","Harry Elfont, Deborah Kaplan","Comedy, Music",A girl group find themselves in the middle of a conspiracy to deliver subliminal messages through popular music in this send up of the music industry and pop culture.
2001,Kissing Jessica Stein,pass,pass,1.97,9.24,11.62,97,12237,72,6.7,R,English,USA,"Heather Juergensen, Jennifer Westfeldt",Charles Herman-Wurmfeld,"Comedy, Drama, Romance",A woman searching for the perfect man instead discovers the perfect woman.
2001,Legally Blonde,pass,pass,23.69,126.97,186.6,96,92025,59,6.2,PG-13,English,USA,"Amanda Brown (novel), Karen McCullah (screenplay), Kirsten Smith (screenplay)",Robert Luketic,"Comedy, Romance","When a blonde sorority queen is dumped by her boyfriend, she decides to follow him to law school to get him back and, once there, learns she has more legal savvy than she ever imagined."
2001,Monsoon Wedding,pass,pass,1.58,18.26,35.56,114,16846,77,7.4,R,"Hindi, English","India, USA, Italy, Germany, France",Sabrina Dhawan,Mira Nair,"Comedy, Drama, Romance","A stressed father, a bride-to-be with a secret, a smitten event planner, and relatives from around the world create much ado about the preparations for an arranged marriage in India."
2001,Moulin Rouge!,pass,pass,69.74,75.51,235.82,127,186497,66,7.7,PG-13,"English, French, Spanish","USA, Australia","Baz Luhrmann, Craig Pearce",Baz Luhrmann,"Drama, Musical, Romance","A poet falls for a beautiful courtesan whom a jealous duke covets in this stylish musical, with music drawn from familiar 20th century sources."
2001,Nowhere in Africa,pass,pass,8.55,8.12,8.12,141,9460,72,7.7,R,"English, Swahili, German",Germany,"Caroline Link, Stefanie Zweig (novel)",Caroline Link,"Biography, Drama",A German Jewish refugee family moves to and adjusts to a farm life in 1930's Kenya.
2001,Save the Last Dance,pass,pass,17.11,119.79,173.22,112,38783,53,6.1,PG-13,English,USA,"Duane Adler (story), Duane Adler (screenplay), Cheryl Edwards (screenplay)",Thomas Carter,"Drama, Music, Romance","A white midwestern girl moves to Chicago, where her new boyfriend is a black teen from the South Side with a rough, semi-criminal past."
2001,Shallow Hal,pass,pass,52.63,93.21,93.21,114,90354,48,5.9,PG-13,English,"USA, Germany","Sean Moynihan, Peter Farrelly, Bobby Farrelly","Bobby Farrelly, Peter Farrelly","Comedy, Drama, Fantasy","A shallow man falls in love with a 300 pound woman because of her ""inner beauty""."
2001,Someone Like You...,pass,pass,30.26,35.97,50.9,97,16424,32,6.1,PG-13,English,USA,"Laura Zigman (novel), Elizabeth Chandler (screenplay)",Tony Goldwyn,"Comedy, Romance","After being jilted by her boyfriend, a talkshow talent scout writes a sexist column accusing all men of being cheaters, which gains her national fame."
2001,Spy Kids,pass,pass,46.05,148.29,260.13,88,63891,71,5.4,PG,"English, Spanish",USA,Robert Rodriguez,Robert Rodriguez,"Action, Adventure, Comedy",The children of secret-agent parents must save them from danger.
2001,The Glass House,pass,pass,28.95,23.62,30.08,106,21536,34,5.7,PG-13,"English, Spanish",USA,Wesley Strick,Daniel Sackheim,Thriller,An orphaned teenager is taken in by a Malibu couple but discovers they aren't the caring friends they seemed to be.
2001,The Legend of Suriyothai,pass,pass,11.84,0.6,0.6,142,1500,58,6.6,R,Thai,Thailand,"Sunait Chutintaranond, Chatrichalerm Yukol (screenplay)",Chatrichalerm Yukol,"Action, Adventure, Drama","During the 16th century, as Thailand contends with both a civil war and Burmese invasion, a beautiful princess rises up to help protect the glory of the Kingdom of Ayothaya. Based on the life of Queen Suriyothai."
2001,The Others,pass,pass,22.37,127.01,276.26,104,210684,74,7.6,PG-13,"English, French","USA, Spain, France, Italy",Alejandro Amenábar,Alejandro Amenábar,"Drama, Horror, Mystery",A woman who lives in a darkened old house with her two photosensitive children becomes convinced that her family home is haunted.
2001,The Princess Diaries,pass,pass,39.48,142.43,217.56,115,64555,52,6.1,G,English,USA,"Meg Cabot (novel), Gina Wendkos (screenplay)",Garry Marshall,"Comedy, Family, Romance","Mia Thermopolis has just found out that she is the heir apparent to the throne of Genovia. With her friends Lilly and Michael Moscovitz in tow, she tries to navigate through the rest of her 15th year."
2001,The Royal Tenenbaums,pass,pass,36.84,68.89,93.99,110,160053,75,7.6,R,"English, Italian",USA,"Wes Anderson, Owen Wilson",Wes Anderson,"Comedy, Drama",An estranged family of former child prodigies reunites when one of their member announces he has a terminal illness.
2001,The Wedding Planner,pass,pass,36.84,79.48,124.65,103,46828,33,5.1,PG-13,"English, Italian","Germany, USA","Pamela Falk, Michael Ellis",Adam Shankman,"Comedy, Romance","Mary Fiore is the wedding planner. She's ambitious, hard-working, extremely organized, and she knows exactly what to do and say to make any wedding a spectacular event. Bt when Mary falls (..."
2001,Zoolander,pass,pass,36.84,59.44,79.98,89,146343,61,6.6,PG-13,English,"USA, Australia, Germany","Drake Sather (character Derek Zoolander), Ben Stiller (character Derek Zoolander), Drake Sather (story), Ben Stiller (story), Drake Sather (screenplay), Ben Stiller (screenplay), John Hamburg (screenplay)",Ben Stiller,Comedy,"At the end of his career, a clueless fashion model is brainwashed to kill the Prime Minister of Malaysia."
2002,Star Wars: Episode II - Attack of the Clones,dubious,fail,148.95,402.38,850.54,142,323973,53,6.8,PG,English,USA,"George Lucas (story), George Lucas (screenplay), Jonathan Hales (screenplay)",George Lucas,"Action, Adventure, Fantasy","Ten years after initially meeting, Anakin Skywalker shares a forbidden romance with Padmé, while Obi-Wan investigates an assassination attempt on the Senator and discovers a secret clone army crafted for the Jedi."
2002,The Rules of Attraction,dubious,fail,5.18,8.45,15.28,110,39719,50,6.8,R,"English, German","USA, Germany","Bret Easton Ellis (novel), Roger Avary (screenplay)",Roger Avary,"Comedy, Drama, Romance","The incredibly spoiled and overprivileged students of Camden College are a backdrop for an unusual love triangle between a drug dealer, a virgin and a bisexual classmate."
2002,25th Hour,men,fail,5.83,16.95,32.83,135,127846,67,7.7,R,English,USA,"David Benioff (novel), David Benioff (screenplay)",Spike Lee,"Crime, Drama","Cornered by the DEA, convicted New York drug dealer Montgomery Brogan reevaluates his life in the 24 remaining hours before facing a seven-year jail term."
2002,Death to Smoochy,men,fail,64.76,10.82,10.85,109,30506,38,6.4,R,English,"USA, UK, Germany",Adam Resnick,Danny DeVito,"Comedy, Crime, Drama","Kids show host Rainbow Randolph is fired in disgrace while his replacement, Sheldon Mopes, aka Smoochy the Rhino, finds himself a rising star. Unfortunately for Sheldon, the kid's TV business isn't all child's play."
2002,Die Another Day,men,fail,183.92,208.45,559.44,133,132480,56,6.1,PG-13,"English, Korean, Cantonese, Spanish, German, Icelandic, Italian","UK, USA","Ian Fleming (characters), Neal Purvis, Robert Wade",Lee Tamahori,"Action, Adventure, Crime",James Bond is sent to investigate the connection between a North Korean terrorist and a diamond mogul who is funding the development of an international space weapon.
2002,Frida,men,fail,15.54,33.53,72.16,123,49417,61,7.4,R,"English, French, Russian","USA, Canada, Mexico","Hayden Herrera (book), Clancy Sigal (screenplay), Diane Lake (screenplay), Gregory Nava (screenplay), Anna Thomas (screenplay)",Julie Taymor,"Biography, Drama, Romance","A biography of artist Frida Kahlo, who channeled the pain of a crippling injury and her tempestuous marriage into her work."
2002,Igby Goes Down,men,fail,11.66,6.19,6.19,98,26837,72,7,R,English,USA,Burr Steers,Burr Steers,"Comedy, Drama",A young man's peculiar upbringing renders him unable to competently cope with the struggle of growing up.
2002,The Adventures of Pluto Nash,men,fail,129.52,5.71,9.19,95,17218,12,3.7,PG-13,English,"USA, Australia",Neil Cuthbert,Ron Underwood,"Comedy, Action, Sci-Fi","In the future, a man struggles to keep his lunar nightclub out of the hands of the mafia."
2002,The Quiet American,men,fail,25.9,16.82,34.13,101,21344,84,7.2,R,"English, French, Vietnamese","Germany, USA, UK, Australia, France","Graham Greene (novel), Christopher Hampton (screenplay), Robert Schenkkan (screenplay)",Phillip Noyce,"Drama, Mystery, Romance",An older British reporter vies with a young U.S. doctor for the affections of a beautiful Vietnamese woman.
2002,8 Mile,notalk,fail,53.1,151.18,314.63,110,136890,77,6.9,R,English,"USA, Germany",Scott Silver,Curtis Hanson,"Drama, Music","A young rapper, struggling with every aspect of his life, wants to make the most of what could be his final opportunity but his problems around gives him doubts."
2002,About Schmidt,notalk,fail,38.86,84.19,137.06,125,92694,85,7.2,R,English,USA,"Louis Begley (novel), Alexander Payne (screenplay), Jim Taylor (screenplay)",Alexander Payne,"Comedy, Drama",A man upon retirement embarks on a journey to his estranged daughter's wedding only to discover more about himself and life than he ever expected.
2002,Antwone Fisher,notalk,fail,16.19,27.3,30.27,120,22045,62,7.3,PG-13,"English, Japanese",USA,Antwone Fisher,Denzel Washington,"Biography, Drama, Romance","Antwone Fisher, a young navy man, is forced to see a psychiatrist after a violent outburst against a fellow crewman. During the course of treatment a painful past is revealed and a new hope begins."
2002,Austin Powers in Goldmember,notalk,fail,81.6,276.03,379.15,94,132448,62,6.2,PG-13,"English, Japanese, German, French",USA,"Mike Myers, Michael McCullers, Mike Myers (characters created by)",Jay Roach,"Action, Comedy, Crime","Upon learning that his father has been kidnapped, Austin Powers must travel to 1975 and defeat the aptly-named villain Goldmember - who is working with Dr. Evil."
2002,Blade II,notalk,fail,69.94,105.79,199.9,117,119763,52,6.7,R,"English, Romanian, Czech","USA, Germany","Marv Wolfman (character), Gene Colan (character), David S. Goyer",Guillermo del Toro,"Action, Horror, Sci-Fi",Blade forms an uneasy alliance with the vampire council in order to combat the Reaper vampires who feed on vampires.
2002,Catch Me If You Can,notalk,fail,67.35,213.2,454.75,141,340530,76,8,PG-13,"English, French","USA, Canada","Jeff Nathanson (screenplay), Frank Abagnale Jr. (book), Stan Redding (book)",Steven Spielberg,"Biography, Crime, Drama","A true story about Frank Abagnale Jr., who, before his 19th birthday, successfully conned millions of dollars' worth of checks as a Pan Am pilot, doctor, and legal prosecutor."
2002,Drumline,notalk,fail,25.9,73.05,73.05,118,25457,63,5.5,PG-13,English,USA,"Shawn Schepps (story), Tina Gordon Chism (screenplay), Shawn Schepps (screenplay)",Charles Stone III,"Comedy, Drama, Romance",A band director recruits a Harlem street drummer to play at a Southern university.
2002,Equilibrium,notalk,fail,25.9,1.54,6.92,107,209008,33,7.6,R,English,USA,Kurt Wimmer,Kurt Wimmer,"Action, Drama, Sci-Fi","In a Fascist future where all forms of feeling are illegal, a man in charge of enforcing the law rises to overthrow the system."
2002,Gangs of New York,notalk,fail,125.63,100.67,246.6,167,235965,72,7.5,R,"English, Irish, Chinese, Latin","USA, Italy","Jay Cocks (story), Jay Cocks (screenplay), Steven Zaillian (screenplay), Kenneth Lonergan (screenplay)",Martin Scorsese,"Crime, Drama, History","In 1863, Amsterdam Vallon returns to the Five Points area of New York City seeking revenge against Bill the Butcher, his father's killer."
2002,I Spy,notalk,fail,90.66,43.47,78.07,97,35466,35,5.4,PG-13,"English, Hungarian, Russian",USA,"Morton S. Fine (characters), David Friedkin (characters), Marianne Wibberley (story), Cormac Wibberley (story), Marianne Wibberley (screenplay), Cormac Wibberley (screenplay), Jay Scherick (screenplay), David Ronn (screenplay)",Betty Thomas,"Action, Adventure, Comedy",A professional athlete has to help a U.S. government agent recover a missing jet.
2002,Insomnia,notalk,fail,59.58,87.12,147.16,118,169740,78,7.2,R,English,"USA, Canada","Hillary Seitz (screenplay), Nikolaj Frobenius, Erik Skjoldbjærg",Christopher Nolan,"Crime, Mystery, Thriller",Two Los Angeles homicide detectives are dispatched to a northern town where the sun doesn't set to investigate the methodical murder of a local teen.
2002,Men in Black II,notalk,fail,181.33,246.63,572.17,88,186510,49,6,PG-13,English,USA,"Lowell Cunningham (comic book ""Malibu Comics""), Robert Gordon (story), Robert Gordon (screenplay), Barry Fanaro (screenplay)",Barry Sonnenfeld,"Action, Comedy, Sci-Fi",Agent J needs help so he is sent to find Agent K and restore his memory.
2002,Minority Report,notalk,fail,132.11,171,464.74,145,306762,80,7.7,PG-13,"English, Swedish",USA,"Philip K. Dick (short story), Scott Frank (screenplay), Jon Cohen (screenplay)",Steven Spielberg,"Action, Mystery, Sci-Fi","In a future where a special police unit is able to arrest murderers before they commit their crimes, an officer from that unit is himself accused of a future murder."
2002,Phone Booth,notalk,fail,14.25,60.31,126.72,81,159993,56,7.1,R,"English, Swahili",USA,Larry Cohen,Joel Schumacher,"Mystery, Thriller","Stuart Shepard finds himself trapped in a phone booth, pinned down by an extortionist's sniper rifle."
2002,Red Dragon,notalk,fail,101.02,120.39,267.4,124,162757,60,7.2,R,"English, French","USA, Germany","Thomas Harris (novel), Ted Tally (screenplay)",Brett Ratner,"Crime, Thriller","A retired FBI agent with psychological gifts is assigned to help track down ""The Tooth Fairy"", a mysterious serial killer; aiding him is imprisoned criminal genius Hannibal ""The Cannibal"" Lecter."
2002,Reign of Fire,notalk,fail,77.71,55.77,106.4,101,86874,39,6.1,PG-13,English,"UK, Ireland, USA","Gregg Chabot (story), Kevin Peterka (story), Gregg Chabot (screenplay), Kevin Peterka (screenplay), Matt Greenberg (screenplay)",Rob Bowman,"Action, Adventure, Fantasy","A brood of fire-breathing dragons emerges from the earth and begins setting fire to everything, establishing dominance over the planet."
2002,Signs,notalk,fail,91.57,295.26,528.78,106,222099,59,6.7,PG-13,"English, Portuguese",USA,M. Night Shyamalan,M. Night Shyamalan,"Drama, Sci-Fi, Thriller",A family living on a farm finds mysterious crop circles in their fields which suggests something more frightening to come.
2002,Snow Dogs,notalk,fail,41.45,105.1,151.4,99,15700,29,5.1,PG,English,"Canada, USA","Jim Kouf (screenplay), Tommy Swerdlow (screenplay), Michael Goldberg (screenplay), Mark Gibson (screenplay), Philip Halprin (screenplay), Gary Paulsen (book)",Brian Levant,"Adventure, Comedy, Family","When a Miami dentist inherits a team of sled dogs, he's got to learn the trade or lose his pack to a crusty mountain man."
2002,Solaris,notalk,fail,60.87,19.39,19.39,99,58744,65,6.2,PG-13,English,USA,"Stanislaw Lem (novel), Steven Soderbergh (screenplay)",Steven Soderbergh,"Drama, Mystery, Romance",A troubled psychologist is sent to investigate the crew of an isolated research station orbiting a bizarre planet.
2002,Spider-Man,notalk,fail,180.03,522.87,1064.07,121,389481,73,7.3,PG-13,English,USA,"Stan Lee (Marvel comic book), Steve Ditko (Marvel comic book), David Koepp (screenplay)",Sam Raimi,"Action, Fantasy","When bitten by a genetically modified spider, a nerdy, shy, and awkward high school student gains spider-like abilities that he eventually must use to fight evil as a superhero after tragedy befalls his family."
2002,Star Trek: Nemesis,notalk,fail,77.71,56.02,87.18,116,46758,51,6.4,PG-13,English,USA,"Gene Roddenberry (television series Star Trek), John Logan (story), Rick Berman (story), Brent Spiner (story), John Logan (screenplay)",Stuart Baird,"Action, Adventure, Sci-Fi","After the Enterprise is diverted to the Romulan homeworld Romulus, supposedly because they want to negotiate a peace treaty, the Federation soon find out the Romulans are planning an attack on Earth."
2002,The Bourne Identity,notalk,fail,77.71,157.32,276.26,119,299565,68,7.9,PG-13,"English, French, German, Dutch, Italian","USA, Germany, Czech Republic","Tony Gilroy (screenplay), W. Blake Herron (screenplay), Robert Ludlum (novel)",Doug Liman,"Action, Mystery, Thriller","A man is picked up by a fishing boat, bullet-riddled and without memory, then races to elude assassins and recover from amnesia."
2002,The Dangerous Lives of Altar Boys,notalk,fail,15.54,2.3,2.3,104,11026,69,7.1,R,English,USA,"Chris Fuhrman (book), Jeff Stockwell (screenplay), Michael Petroni (screenplay)",Peter Care,"Comedy, Drama","A group of Catholic school friends, after being caught drawing an obscene comic book, plan a heist that will outdo their previous prank and make them local legends."
2002,The Lord of the Rings: The Two Towers,notalk,fail,121.75,443.66,1200.69,179,755913,88,8.8,PG-13,"English, Sindarin, Old English","USA, New Zealand","J.R.R. Tolkien (novel), Fran Walsh (screenplay), Philippa Boyens (screenplay), Stephen Sinclair (screenplay), Peter Jackson (screenplay)",Peter Jackson,"Action, Adventure, Fantasy","While Frodo and Sam edge closer to Mordor with the help of the shifty Gollum, the divided fellowship makes a stand against Sauron's new ally, Saruman, and his hordes of Isengard."
2002,The Santa Clause 2,notalk,fail,84.19,180.32,223.84,104,25157,48,5.5,G,English,USA,"Don Rhymer (screenplay), Cinco Paul (screenplay), Ken Daurio (screenplay), Ed Decter (screenplay), John J. Strauss (screenplay), Leo Benvenuti (characters), Steve Rudnick (characters), Leo Benvenuti (story), Steve Rudnick (story)",Michael Lembeck,"Comedy, Family, Fantasy","Scott Calvin has been a humble Santa Claus for nearly ten years, but it might come to an end if he doesn't find a Mrs. Claus."
2002,Treasure Planet,notalk,fail,129.52,49.37,118.9,95,46286,60,7,PG,English,USA,"Robert Louis Stevenson (novel), Ron Clements (screenplay), John Musker (screenplay), Rob Edwards (screenplay), Ron Clements (animation story), John Musker (animation story), Ted Elliott (animation story), Terry Rossio (animation story)","Ron Clements, John Musker","Animation, Adventure, Family","A Disney animated version of ""Treasure Island"". The only difference is that the film is set in outer space with alien worlds and other galactic wonders."
2002,xXx,notalk,fail,90.66,183.82,346.07,124,116673,48,5.8,PG-13,"English, German, Spanish, Russian, Czech",USA,Rich Wilkes,Rob Cohen,"Action, Thriller",Xander Cage is an extreme sports athelete recruited by the government on a special mission.
2002,Gerry,nowomen,fail,9.07,0.33,0.33,103,13015,54,6.2,R,English,USA,"Casey Affleck, Matt Damon, Gus Van Sant",Gus Van Sant,"Adventure, Drama, Mystery",A friendship between two young men is tested when they go for a hike in a desert and forget to bring any water or food with them.
2002,Ice Age,nowomen,fail,84.19,228.45,500.09,81,232009,60,7.6,PG,"English, Croatian",USA,"Michael J. Wilson (story), Michael Berg (screenplay), Michael J. Wilson (screenplay), Peter Ackerman (screenplay), James Bresnahan (additional story), Doug Compton (additional story), Mike Thurmeier (additional story), Jeff Siergey (additional story), Galen T. Chu (additional story), Xeth Feinberg (additional story)","Chris Wedge, Carlos Saldanha","Animation, Adventure, Comedy","Set during the Ice Age, a sabertooth tiger, a sloth, and a wooly mammoth find a lost human infant, and they try to return him to his tribe."
2002,Spirit: Stallion of the Cimarron,nowomen,fail,103.61,94.83,137.96,83,29121,52,6.9,G,English,USA,John Fusco (screenplay),"Kelly Asbury, Lorna Cook","Animation, Adventure, Comedy","As a wild stallion travels across the frontiers of the Old West, he befriends a young human and finds true love with a mare."
2002,The Transporter,nowomen,fail,27.2,32.76,56.9,92,179541,51,6.8,PG-13,"English, French, Mandarin","France, USA","Luc Besson, Robert Mark Kamen",Corey Yuen,"Action, Crime, Thriller",This film is about a man whose job is to deliver packages without asking any questions. Complications arise when he breaks those rules.
2002,The Tuxedo,nowomen,fail,77.71,65.52,135.26,98,47707,30,5.2,PG-13,"English, Cantonese",USA,"Phil Hay (story), Matt Manfredi (story), Michael J. Wilson (story), Michael J. Wilson (screenplay), Michael Leeson (screenplay)",Kevin Donovan,"Action, Comedy, Sci-Fi",A hapless chauffer must take a comatosed secret agent's place using his special gadget-laden tuxedo.
2002,28 Days Later...,pass,pass,10.36,58.37,107.44,113,231689,73,7.7,R,"English, Spanish",UK,Alex Garland,Danny Boyle,"Horror, Sci-Fi, Thriller","Four weeks after a mysterious, incurable virus spreads throughout the UK, a handful of survivors try to find sanctuary."
2002,All or Nothing,pass,pass,11.66,0.24,0.24,128,6941,72,7.6,R,"English, Arabic, French","UK, France",Mike Leigh,Mike Leigh,"Drama, Comedy","Penny's love for her partner, taxi-driver Phil, has run dry. He is a gentle, philosophical guy, and she works on the checkout at a supermarket. Their daughter Rachel cleans in a home for ..."
2002,Bend It Like Beckham,pass,pass,7.25,42.15,99.38,112,73483,66,6.7,PG-13,"English, Panjabi, Hindi, German","UK, Germany, USA","Gurinder Chadha, Guljit Bindra, Paul Mayeda Berges",Gurinder Chadha,"Comedy, Drama, Romance",The daughter of orthodox Sikh rebels against her parents' traditionalism by running off to Germany with a football team (soccer in America).
2002,Blue Crush,pass,pass,38.86,51.96,66.86,104,22240,61,5.6,PG-13,English,"USA, Germany","Susan Orlean (magazine article ""Surf Girls of Maui""), Lizzy Weiss (story), Lizzy Weiss (screenplay), John Stockwell (screenplay)",John Stockwell,"Drama, Romance, Sport","As a hard-core surfer girl prepares for a big competition, she finds herself falling for a football player."
2002,Cabin Fever,pass,pass,1.94,27.4,39.31,93,51511,56,5.6,R,English,USA,"Eli Roth, Randy Pearlstein, Eli Roth (story)",Eli Roth,Horror,"A group of five college graduates rent a cabin in the woods and begin to fall victim to a horrifying flesh-eating virus, which attracts the unwanted attention of the homicidal locals."
2002,Chicago,pass,pass,38.86,221.07,398.51,113,138736,82,7.2,PG-13,"English, Hungarian","USA, Germany, Canada","Bill Condon (screenplay), Bob Fosse (book), Fred Ebb (book), Maurine Dallas Watkins (play)",Rob Marshall,"Comedy, Crime, Musical",Murderesses Velma Kelly (a chanteuse and tease who killed her husband and sister after finding them in bed together) and Roxie Hart (who killed her boyfriend when she discovered he wasn't going to make her a star) find themselves on death row together and fight for the fame that will keep them from the gallows in 1920s Chicago.
2002,Crossroads,pass,pass,15.54,48.17,73.83,93,30198,27,3.2,PG-13,English,USA,Shonda Rhimes,Tamra Davis,"Adventure, Comedy, Drama","Three childhood best friends, and a guy they just met, take a trip across the country, finding themselves and their friendship in the process."
2002,Far from Heaven,pass,pass,17.48,20.6,37.6,107,31234,84,7.4,PG-13,English,"USA, France",Todd Haynes,Todd Haynes,Drama,"In 1950s Connecticut, a housewife faces a marital crisis and mounting racial tensions in the outside world."
2002,Harry Potter and the Chamber of Secrets,pass,pass,129.52,339.32,1138.44,161,284412,63,7.3,PG,English,"USA, UK, Germany","J.K. Rowling (novel), Steve Kloves (screenplay)",Chris Columbus,"Adventure, Family, Fantasy","Harry ignores warnings not to return to Hogwarts, only to find the school plagued by a series of mysterious attacks and a strange voice haunting him."
2002,High Crimes,pass,pass,54.4,53.81,82.61,115,24906,48,6.3,PG-13,"English, Spanish",USA,"Joseph Finder (novel), Yuri Zeltser (screenplay), Grace Cary Bickley (screenplay)",Carl Franklin,"Crime, Drama, Mystery","High powered lawyer Claire Kubik finds her world turned upside down when her husband, who she thought was Tom Kubik, is arrested and is revealed to be Ron Chapman. Chapman is on trial for a..."
2002,Maid in Manhattan,pass,pass,71.23,121.66,212.2,105,55061,45,4.9,PG-13,"English, French, Spanish",USA,"John Hughes (story), Kevin Wade (screenplay)",Wayne Wang,"Comedy, Drama, Romance","A senatorial candidate falls for a hotel maid, thinking she is a socialite when he sees her trying on a wealthy woman's dress."
2002,May,pass,pass,2.27,0.19,0.64,93,21725,58,6.8,R,English,USA,Lucky McKee,Lucky McKee,"Drama, Horror, Thriller","Psychological horror about a lonely young woman traumatized by a difficult childhood, and her increasingly desperate attempts to connect with the people around her."
2002,My Big Fat Greek Wedding,pass,pass,6.48,312.71,456.22,95,81923,62,6.6,PG,"English, Greek","USA, Canada",Nia Vardalos,Joel Zwick,"Comedy, Romance",A young Greek woman falls in love with a non-Greek and struggles to get her family to accept him while she comes to terms with her heritage and cultural identity.
2002,Panic Room,pass,pass,62.17,123.44,254.25,112,161678,65,6.8,R,English,USA,David Koepp,David Fincher,"Crime, Drama, Thriller","A divorced woman and her diabetic daughter take refuge in their newly-purchased house's safe room, when three men break-in, searching for a missing fortune."
2002,Queen of the Damned,pass,pass,45.33,39.25,39.25,101,36610,30,5.1,R,English,"USA, Australia","Anne Rice (novels), Scott Abbott (screenplay), Michael Petroni (screenplay)",Michael Rymer,"Fantasy, Horror, Music",The vampire Lestat becomes a rock star whose music wakes up the queen of all vampires.
2002,Rabbit-Proof Fence,pass,pass,9.07,8.03,21.85,94,20289,80,7.5,PG,"Aboriginal, English",Australia,"Doris Pilkington (book), Christine Olsen (screenplay)",Phillip Noyce,"Adventure, Biography, Drama","In 1931, three aboriginal girls escape after being plucked from their homes to be trained as domestic staff and set off on a trek across the Outback."
2002,Real Women Have Curves,pass,pass,3.89,7.58,7.58,90,5534,71,7,PG-13,"English, Spanish",USA,"Josefina Lopez (play), George LaVoo (teleplay), Josefina Lopez (teleplay)",Patricia Cardoso,"Comedy, Drama","This is the story of Ana, a first generation Mexican-American teenager on the verge of becoming a woman. She lives in the predominately Latino community of East Los Angeles. Freshly ..."
2002,Resident Evil,pass,pass,45.33,51.96,134.42,100,159865,33,6.7,R,English,"UK, Germany, France, USA",Paul W.S. Anderson,Paul W.S. Anderson,"Action, Horror, Sci-Fi","A special military unit fights a powerful, out-of-control supercomputer and hundreds of scientists who have mutated into flesh-eating creatures after a laboratory accident."
2002,Scooby-Doo,pass,pass,108.8,198.54,357.85,86,54831,35,4.9,PG,English,"USA, Australia","James Gunn (screenplay), Craig Titley (story), James Gunn (story), William Hanna (characters), Joseph Barbera (characters)",Raja Gosnell,"Adventure, Comedy, Family","After an acrimonious break up, the Mystery Inc. gang are individually brought to an island resort to investigate strange goings on."
2002,Spun,pass,pass,5.83,0.53,1.32,101,28384,41,6.8,R,English,USA,"Will De Los Santos (screenplay), Creighton Vero (screenplay)",Jonas Åkerlund,"Comedy, Crime, Drama","An out-of-control speed freak (Schwartzman) is introduced his drug of choice's creator (Rourke) by his dealer (Leguizamo). A massive three-day adventure ensues (with Fugit, Murphy, and Suvari in tow)."
2002,Spy Kids 2: Island of Lost Dreams,pass,pass,49.22,111.19,155.06,100,33706,66,5,PG,English,USA,Robert Rodriguez,Robert Rodriguez,"Action, Adventure, Comedy","The Cortez siblings set out for a mysterious island, where they encounter a genetic scientist and a set of rival spy kids."
2002,The Banger Sisters,pass,pass,12.95,39.25,49.3,98,10867,48,5.6,R,English,USA,Bob Dolman,Bob Dolman,"Comedy, Drama","Lavinia and Suzette, former rock groupies and best friends, reconnect after 20 years; one is still as wild as ever, while the other has adopted a more conservative lifestyle."
2002,The Good Girl,pass,pass,10.36,18.16,21.83,93,32840,71,6.5,R,English,"USA, Germany, Netherlands",Mike White,Miguel Arteta,"Comedy, Drama, Romance",A discount store clerk strikes up an affair with a stock boy who considers himself the incarnation of Holden Caulfield.
2002,The Hours,pass,pass,32.38,53.98,125.67,114,83632,81,7.6,PG-13,English,"USA, UK","Michael Cunningham (novel), David Hare (screenplay)",Stephen Daldry,Drama,"The story of how the novel ""Mrs. Dalloway"" affects three generations of women, all of whom, in one way or another, have had to deal with suicide in their lives."
2002,The Importance of Being Earnest,pass,pass,19.43,10.85,10.85,97,15601,60,6.9,PG,"English, German","UK, USA","Oscar Wilde (play), Oliver Parker (screenplay)",Oliver Parker,"Comedy, Drama, Romance","In 1890s London, two friends use the same pseudonym (""Ernest"") for their on-the-sly activities. Hilarity ensues."
2002,The Powerpuff Girls,pass,pass,32.38,14.78,21.27,73,6321,65,6.4,PG,English,USA,"Charlie Bean, Lauren Faust, Craig McCracken, Paul Rudish, Don Shank, Charlie Bean (story), Craig McCracken (story), Amy Keating Rogers (story), Paul Rudish (story), Don Shank (story), Lauren Faust (story), Craig McCracken (creator)",Craig McCracken,"Animation, Action, Adventure",The movie shows the origin of the Powerpuff Girls before the cartoon series. It explains why they were born and why they dedicated their lives to fighting crime and the forces of evil.
2002,The Ring,pass,pass,62.17,167.2,321.49,115,185445,57,7.1,PG-13,English,"USA, Japan","Ehren Kruger (screenplay), Kôji Suzuki (novel)",Gore Verbinski,"Horror, Mystery, Thriller",A young journalist must investigate a mysterious videotape which seems to cause the death of anyone in a week of viewing it.
2002,The Sweetest Thing,pass,pass,55.69,31.64,57.81,88,39013,32,5,R,English,USA,Nancy Pimental,Roger Kumble,"Comedy, Romance",A girl finds she is forced to educate herself on the etiquette of wooing the opposite sex when she finally meets Mr. Right.
2002,Tuck Everlasting,pass,pass,19.43,24.82,25.05,90,14590,66,6.7,PG,"English, French",USA,"Natalie Babbitt (novel), Jeffrey Lieber (screenplay), James V. Hart (screenplay)",Jay Russell,"Drama, Romance, Family",A young woman meets and falls in love with a young man who is part of a family of immortals.
2002,Two Weeks Notice,pass,pass,77.71,120.91,257.8,101,67731,42,6,PG-13,English,"USA, Australia",Marc Lawrence,Marc Lawrence,"Comedy, Romance","A lawyer decides that she's used too much like a nanny by her boss, so she walks out on him."
2002,We Were Soldiers,pass,pass,90.66,101.18,148.5,138,78100,65,7.1,R,"English, Vietnamese, French","USA, Germany","Harold G. Moore (book), Joseph L. Galloway (book), Randall Wallace (screenplay)",Randall Wallace,"Action, Drama, History",The story of the first major battle of the American phase of the Vietnam War and the soldiers on both sides that fought it.
2002,Whale Rider,pass,pass,5.57,26.91,51.67,101,30553,79,7.7,PG-13,"English, Maori","New Zealand, Germany","Niki Caro, Witi Ihimaera (book)",Niki Caro,"Drama, Family","A contemporary story of love, rejection and triumph as a young Maori girl fights to fulfill a destiny her grandfather refuses to recognize."
2002,White Oleander,pass,pass,20.72,21.19,28.05,109,21919,61,7.2,PG-13,"English, Russian",USA,"Janet Fitch (novel), Mary Agnes Donoghue (screenplay)",Peter Kosminsky,Drama,A teenager journeys through a series of foster homes after her mother goes to prison for committing a crime of passion.
2003,Underworld,dubious,fail,27.85,65.8,121.18,121,163653,42,7,R,English,"UK, Germany, Hungary, USA","Kevin Grevioux (story), Len Wiseman (story), Danny McBride (story), Danny McBride (screenplay)",Len Wiseman,"Action, Fantasy, Thriller","Selene, a beautiful vampire warrior, is entrenched in a war between the vampire and werewolf races. Although she is aligned with the vampires, she falls in love with Michael, a werewolf who longs for the war to end."
2003,Holes,men,fail,25.32,85.31,91.64,117,42778,71,7.1,PG,English,USA,"Louis Sachar (novel), Louis Sachar (screenplay)",Andrew Davis,"Adventure, Comedy, Drama",A wrongfully convicted boy is sent to a brutal desert detention camp where he joins the job of digging holes for some mysterious reason.
2003,How to Lose a Guy in 10 Days,men,fail,63.3,133.96,224.2,116,107498,45,6.3,PG-13,English,"USA, Germany","Michele Alexander (book), Jeannie Long (book), Kristen Buckley (screenplay), Brian Regan (screenplay), Burr Steers (screenplay)",Donald Petrie,"Comedy, Romance","Benjamin Barry is an advertising executive and ladies' man who, to win a big campaign, bets that he can make a woman fall in love with him in 10 days. Andie Anderson covers the ""How To"" beat for ""Composure"" magazine and is assigned to write an article on ""How to Lose a Guy in 10 days."" They meet in a bar shortly after the bet is made."
2003,Pirates of the Caribbean: The Curse of the Black Pearl,men,fail,158.26,386.68,803.91,143,571506,63,8.1,PG-13,English,USA,"Ted Elliott (screen story), Terry Rossio (screen story), Stuart Beattie (screen story), Jay Wolpert (screen story), Ted Elliott (screenplay), Terry Rossio (screenplay)",Gore Verbinski,"Action, Adventure, Fantasy","Blacksmith Will Turner teams up with eccentric pirate ""Captain"" Jack Sparrow to save his love, the governor's daughter, from Jack's former pirate allies, who are now undead."
2003,Shattered Glass,men,fail,7.6,2.8,3.71,94,25528,73,7.3,PG-13,English,"USA, Canada","Buzz Bissinger (article), Billy Ray",Billy Ray,"Drama, History",The true story of a young journalist who fell from grace when it was found he had fabricated over half of his articles.
2003,Sinbad: Legend of the Seven Seas,men,fail,75.97,33.53,102.26,86,26877,48,6.6,PG,"English, Cantonese, Italian",USA,John Logan (screenplay),"Patrick Gilmore, Tim Johnson","Adventure, Fantasy, Animation","The sailor of legend is framed by the goddess Eris for the theft of the Book of Peace, and must travel to her realm at the end of the world to retrieve it and save the life of his childhood friend Prince Proteus."
2003,2 Fast 2 Furious,notalk,fail,96.22,160.95,299.08,107,124488,38,5.6,PG-13,"English, Spanish","USA, Germany","Gary Scott Thompson (characters), Michael Brandt (story), Derek Haas (story), Gary Scott Thompson (story), Michael Brandt (screenplay), Derek Haas (screenplay)",John Singleton,"Action, Crime, Thriller",Brian O'Conner and childhood friend Roman Pearce are re-united by the FBI to bring down a Miami drug exporter in exchange for clear records.
2003,Big Fish,notalk,fail,88.63,84.11,156.28,125,295867,58,8,PG-13,English,USA,"Daniel Wallace (novel), John August (screenplay)",Tim Burton,"Adventure, Drama, Fantasy",A son tries to learn more about his dying father by reliving stories and myths he told about his life.
2003,Cradle 2 the Grave,notalk,fail,31.65,43.88,71.45,101,28806,36,5.7,R,"English, Mandarin, Korean",USA,"John O'Brien (story), John O'Brien (screenplay), Channing Gibson (screenplay)",Andrzej Bartkowiak,"Action, Crime, Drama","A jewel thief's daughter is kidnapped after he steals a collection of prized black diamonds, which aren't at all what they seem."
2003,Darkness Falls,notalk,fail,8.86,41.2,41.2,86,22009,23,4.9,PG-13,English,"USA, Australia","Joe Harris (story), John Fasano (screenplay), James Vanderbilt (screenplay), Joe Harris (screenplay)",Jonathan Liebesman,"Horror, Thriller","A vengeful spirit has taken the form of the Tooth Fairy to exact vengeance on the town that lynched her 150 years earlier. Her only opposition is the only child, now grown up, who has survived her before."
2003,Finding Nemo,notalk,fail,119.01,481.78,1147.66,100,450974,90,8.2,G,English,USA,"Andrew Stanton (original story by), Andrew Stanton (screenplay), Bob Peterson (screenplay), David Reynolds (screenplay)","Andrew Stanton, Lee Unkrich","Animation, Adventure, Comedy","After his son is captured in the Great Barrier Reef and taken to Sydney, a timid clownfish sets out on a journey to bring him home."
2003,Hollywood Homicide,notalk,fail,94.96,38.25,64.71,116,27366,47,5.3,PG-13,English,USA,"Robert Souza, Ron Shelton",Ron Shelton,"Action, Comedy, Crime",Two LAPD detectives who moonlight in other fields investigate the murder of an up-and-coming rap group.
2003,Hulk,notalk,fail,173.45,167.35,310.48,138,161007,54,5.7,PG-13,"English, Spanish",USA,"Stan Lee (Marvel comic book character), Jack Kirby (Marvel comic book character), James Schamus (story), John Turman (screenplay), Michael France (screenplay), James Schamus (screenplay)",Ang Lee,"Action, Sci-Fi","Bruce Banner, a genetics researcher with a tragic past, suffers an accident that causes him to transform into a raging green monster when he gets angry."
2003,Identity,notalk,fail,35.45,66,104.05,90,138757,64,7.3,R,English,USA,Michael Cooney,James Mangold,"Mystery, Thriller","Stranded at a desolate Nevada motel during a nasty rainstorm, ten strangers become acquainted with each other when they realize that they're being killed off one by one."
2003,Secondhand Lions,notalk,fail,37.98,53.27,60.65,109,35996,52,7.6,PG,English,USA,Tim McCanlies,Tim McCanlies,"Comedy, Drama, Family","A coming-of-age story about a shy, young boy sent by his irresponsible mother to spend the summer with his wealthy, eccentric uncles in Texas."
2003,Shanghai Knights,notalk,fail,63.3,76.56,111.82,114,61549,58,6.2,PG-13,"English, Mandarin","USA, Hong Kong","Alfred Gough (characters), Miles Millar (characters), Alfred Gough, Miles Millar",David Dobkin,"Action, Adventure, Comedy","When a Chinese rebel murders Chon's estranged father and escapes to England, Chon and Roy make their way to London with revenge on their minds."
2003,The Italian Job,notalk,fail,75.97,134.36,223.16,111,224597,68,7,PG-13,"English, Russian, Italian","USA, France, UK","Troy Kennedy-Martin, Donna Powers (screenplay), Wayne Powers (screenplay)",F. Gary Gray,"Action, Crime, Thriller","After being betrayed and left for dead in Italy, Charlie Croker and his team plan an elaborate gold heist against their former ally."
2003,The Lord of the Rings: The Return of the King,notalk,fail,119.01,478.39,1445.12,201,840207,94,8.9,PG-13,"English, Quenya, Old English, Sindarin","USA, New Zealand","J.R.R. Tolkien (novel), Fran Walsh (screenplay), Philippa Boyens (screenplay), Peter Jackson (screenplay)",Peter Jackson,"Action, Adventure, Fantasy",Gandalf and Aragorn lead the World of Men against Sauron's army to draw his gaze from Frodo and Sam as they approach Mount Doom with the One Ring.
2003,Timeline,notalk,fail,101.29,24.66,33.81,116,45861,28,5.6,PG-13,"English, French",USA,"Michael Crichton (novel), Jeff Maguire (screenplay), George Nolfi (screenplay)",Richard Donner,"Action, Adventure, Sci-Fi",A group of archaeological students become trapped in the past when they go there to retrieve their professor. The group must survive in 14th century France long enough to be rescued.
2003,Daredevil,nowomen,fail,101.29,129.83,231.42,103,133471,42,5.4,PG-13,"English, Greek, Italian",USA,Mark Steven Johnson (screenplay),Mark Steven Johnson,"Action, Crime, Fantasy",A man blinded by toxic waste which also enhanced his remaining senses fights crime as an acrobatic martial arts superhero.
2003,Dreamcatcher,nowomen,fail,86.09,42.65,95.82,134,63329,35,5.5,R,English,"USA, Australia","Stephen King (novel), William Goldman (screenplay), Lawrence Kasdan (screenplay)",Lawrence Kasdan,"Drama, Horror, Sci-Fi",Friends on a camping trip discover that the town they're vacationing in is being plagued in an unusual fashion by parasitic aliens from outer space.
2003,Lara Croft Tomb Raider: The Cradle of Life,nowomen,fail,113.95,83.12,198.08,117,78797,43,5.4,PG-13,"English, Mandarin","USA, Germany, Japan, UK","Dean Georgaris (screenplay), Steven E. de Souza (story), James V. Hart (story)",Jan de Bont,"Action, Adventure, Fantasy",Adventuress Lara Croft goes on a quest to save the mythical Pandora's Box before an evil scientist and recruits a former Marine turned mercenary to assist her.
2003,Master and Commander: The Far Side of the World,nowomen,fail,170.92,118.92,269.57,138,140120,81,7.4,PG-13,"English, French, Portuguese",USA,"Patrick O'Brian (novels), Peter Weir (screenplay), John Collee (screenplay)",Peter Weir,"Action, Adventure, Drama","During the Napoleonic Wars, a brash British captain pushes his ship and crew to their limits in pursuit of a formidable French war vessel around South America."
2003,The Jungle Book 2,nowomen,fail,25.32,60.65,171.81,72,8486,38,5.3,G,English,"USA, Australia","Karl Geurs (screenplay), Carter Crocker (additional written material), Evan Spiliotopoulos (additional written material), David Reynolds (additional written material), Roger S.H. Schulman (additional written material), Tom Rogers (additional written material)",Steve Trenbirth,"Adventure, Animation, Family","Mowgli, missing the jungle and his old friends, runs away from the man village unaware of the danger he's in by going back to the wild."
2003,The Last Samurai,nowomen,fail,177.25,140.68,578.36,154,241419,55,7.7,R,"English, Japanese","USA, New Zealand, Japan","John Logan (story), John Logan (screenplay), Edward Zwick (screenplay), Marshall Herskovitz (screenplay)",Edward Zwick,"Action, Drama, History",An American military advisor embraces the Samurai culture he was hired to destroy after he is captured in battle.
2003,The League of Extraordinary Gentlemen,nowomen,fail,98.75,84.15,226.97,110,108276,30,5.8,PG-13,"English, German, Italian","USA, Germany, Czech Republic, UK","Alan Moore (comic books), Kevin O'Neill (comic books), James Robinson (screenplay)",Stephen Norrington,"Action, Adventure, Fantasy","In an alternate Victorian Age world, a group of famous contemporary fantasy, SF and adventure characters team up on a secret mission."
2003,Bon voyage,pass,pass,25.32,2.98,10.59,114,3788,68,6.9,PG-13,"French, German, English, Italian",France,"Jean-Paul Rappeneau (scenario), Patrick Modiano (scenario), Jérôme Tonnerre (adaptation), Jean-Paul Rappeneau (adaptation), Gilles Marchand (adaptation), Julien Rappeneau (adaptation)",Jean-Paul Rappeneau,"Comedy, Drama, Mystery","An actress, a writer, a student, and a government worker band together in an effort to escape Paris as the Nazis move into the city."
2003,Bruce Almighty,pass,pass,102.55,307.29,612.12,101,217140,46,6.7,PG-13,English,USA,"Steve Koren (story), Mark O'Keefe (story), Steve Koren (screenplay), Mark O'Keefe (screenplay), Steve Oedekerk (screenplay)",Tom Shadyac,"Comedy, Drama, Fantasy",A guy who complains about God too often is given almighty powers to teach him how difficult it is to run the world.
2003,Cold Mountain,pass,pass,101.29,121.08,204.64,154,99525,73,7.2,R,English,"USA, UK, Romania, Italy","Charles Frazier (book), Anthony Minghella (screenplay)",Anthony Minghella,"Drama, Romance, War","In the waning days of the American Civil War, a wounded soldier embarks on a perilous journey back home to Cold Mountain, North Carolina to reunite with his sweetheart."
2003,Daddy Day Care,pass,pass,75.97,131.86,208,92,38011,39,5.5,PG,"English, Klingon, German",USA,Geoff Rodkey,Steve Carr,"Comedy, Family",Two men get laid off and have to become stay-at-home dads when they can't find jobs. This inspires them to open their own day-care center.
2003,Final Destination 2,pass,pass,32.92,59.38,114.45,90,94183,38,6.2,R,English,"USA, Canada","J. Mackye Gruber (screenplay), Eric Bress (screenplay), J. Mackye Gruber (story), Eric Bress (story), Jeffrey Reddick (story), Jeffrey Reddick (characters)",David R. Ellis,"Horror, Thriller","When Kimberly has a violent premonition of a highway pileup she blocks the freeway, keeping a few others meant to die, safe...Or are they? The survivors mysteriously start dying and it's up to Kimberly to stop it before she's next."
2003,Freaky Friday,pass,pass,32.92,139.55,203.62,97,73497,70,6.1,PG,"English, Mandarin",USA,"Mary Rodgers (novel), Heather Hach (screenplay), Leslie Dixon (screenplay)",Mark Waters,"Comedy, Family, Fantasy","An overworked mother and her daughter do not get along. When they switch bodies, each is forced to adapt to the others life for one freaky Friday."
2003,Girl with a Pearl Earring,pass,pass,15.19,14.73,54.8,100,48678,72,7,PG-13,English,"UK, Luxembourg","Tracy Chevalier (novel), Olivia Hetreed (screenplay)",Peter Webber,"Biography, Drama, Romance",A young peasant maid working in the house of painter Johannes Vermeer becomes his talented assistant and the model for one of his most famous works.
2003,House of Sand and Fog,pass,pass,20.89,16.47,20.46,126,50099,71,7.6,R,"English, Persian",USA,"Andre Dubus III (novel), Vadim Perelman (screenplay), Shawn Lawrence Otto (screenplay)",Vadim Perelman,Drama,An abandoned wife is evicted from her house and starts a tragic conflict with her home's new owners.
2003,In the Cut,pass,pass,15.19,5.97,30,119,16628,46,5.3,R,English,"Australia, USA, UK","Jane Campion (screenplay), Susanna Moore (screenplay), Susanna Moore (novel), Stavros Kazantzidis (additional writer)",Jane Campion,"Mystery, Thriller","A New York writing professor, Frannie Avery (Ryan), has an erotic affair with a police detective (Ruffalo) investigating a murder in her neighborhood of a beautiful young woman..."
2003,Jeepers Creepers II,pass,pass,31.65,45.1,45.1,104,35054,36,5.5,R,English,USA,"Victor Salva (characters), Victor Salva",Victor Salva,"Horror, Thriller","Set a few days after the original, a championship basketball team's bus is attacked by The Creeper, the winged, flesh-eating terror, on the last day of his 23-day feeding frenzy."
2003,Kill Bill: Vol. 1,pass,pass,69.63,88.75,228.02,111,506053,69,8.2,R,"English, Japanese, French",USA,"Quentin Tarantino, Quentin Tarantino (character The Bride), Uma Thurman (character The Bride)",Quentin Tarantino,"Action, Crime",The Bride wakens from a four-year coma. The child she carried in her womb is gone. Now she must wreak vengeance on the team of assassins who betrayed her - a team she was once part of.
2003,Love Actually,pass,pass,56.97,75.3,313.95,135,244505,55,7.7,R,"English, Portuguese, French","UK, USA, France",Richard Curtis,Richard Curtis,"Comedy, Drama, Romance","Follows the lives of eight very different couples in dealing with their love lives in various loosely interrelated tales all set during a frantic month before Christmas in London, England."
2003,Mona Lisa Smile,pass,pass,82.3,80.78,178.78,117,49692,45,6.3,PG-13,"English, Italian",USA,"Lawrence Konner, Mark Rosenthal",Mike Newell,Drama,A free-thinking art professor teaches conservative 50's Wellesley girls to question their traditional societal roles.
2003,Monster,pass,pass,6.33,43.64,73.44,109,83113,74,7.3,R,English,"USA, Germany",Patty Jenkins,Patty Jenkins,"Biography, Crime, Drama","Based on the life of Aileen Wuornos, a Daytona Beach prostitute who became a serial killer."
2003,Mystic River,pass,pass,37.98,114.12,198.57,138,274515,84,8,R,English,"USA, Australia","Brian Helgeland (screenplay), Dennis Lehane (novel)",Clint Eastwood,"Crime, Drama, Mystery","With a childhood tragedy that overshadowed their lives, three men are reunited by circumstance when one loses a daughter."
2003,Peter Pan,pass,pass,126.61,61.3,120.6,113,41934,64,6.9,PG,English,"Australia, USA, UK","J.M. Barrie (play), P.J. Hogan (screenplay), Michael Goldenberg (screenplay)",P.J. Hogan,"Adventure, Family, Fantasy","The Darling family children receive a visit from Peter Pan, who takes them to Never Never Land where an ongoing war with the evil Pirate Captain Hook is taking place."
2003,Pride and Prejudice,pass,pass,35.45,48.58,153.09,104,1717,NA,5.4,PG,English,USA,"Jane Austen (novel), Anne K. Black, Katherine Brim, Jason Faller",Andrew Black,"Comedy, Romance","Jane Austen's classic is transplanted to modern-day Utah. While her college roommates search for love, aspiring writer Elizabeth Bennet focuses on her career but constantly finds herself fighting haughty businessman Will Darcy."
2003,S.W.A.T.,pass,pass,88.63,147.98,262.28,117,100303,45,6,PG-13,"English, Spanish, French",USA,"Robert Hamner (characters), Ron Mita (story), Jim McClain (story), David Ayer (screenplay), David McKenna (screenplay)",Clark Johnson,"Action, Crime, Thriller",An imprisoned drug kingpin offers a huge cash reward to anyone that can break him out of police custody and only the LAPD's Special Weapons and Tactics team can prevent it.
2003,Scary Movie 3,pass,pass,56.97,139.27,196.5,84,88266,49,5.4,PG-13,English,"USA, Canada","Craig Mazin, Pat Proft, Shawn Wayans (characters), Marlon Wayans (characters), Buddy Johnson (characters), Phil Beauman (characters), Jason Friedberg (characters), Aaron Seltzer (characters)",David Zucker,Comedy,"In the third installment of the Scary Movie franchise, Cindy has to investigate mysterious crop circles and video tapes, and help the President in preventing an alien invasion."
2003,Spy Kids 3-D: Game Over,pass,pass,50.64,141.5,212.52,84,29719,57,4.1,PG,English,USA,Robert Rodriguez (script),Robert Rodriguez,"Action, Adventure, Comedy","Carmen's caught in a virtual reality game designed by the Kids' new nemesis, the Toymaker (Stallone). It's up to Juni to save his sister, and ultimately the world."
2003,Swimming Pool,pass,pass,9.88,12.83,28.41,102,30037,70,6.8,R,"English, French","France, UK","François Ozon (screenplay), Emmanuèle Bernheim, Sionann O'Neill (translation: English)",François Ozon,Thriller,"A British mystery author visits her publisher's home in the South of France, where her interaction with his unusual daughter sets off some touchy dynamics."
2003,Terminator 3: Rise of the Machines,pass,pass,215.23,190.37,548.29,109,226497,66,6.4,R,English,"USA, Germany, UK","James Cameron (characters), Gale Anne Hurd (characters), John D. Brancato (story), Michael Ferris (story), Tedi Sarafian (story), John D. Brancato (screenplay), Michael Ferris (screenplay)",Jonathan Mostow,"Action, Sci-Fi, Thriller",A robotic warrior from a post-apocalyptic future travels back in time to protect a 20-year old drifter and his future wife from an most advanced robotic assassin and to ensure they both survive a nuclear attack.
2003,The Core,pass,pass,107.62,39.39,93.86,135,64714,48,5.4,PG-13,English,"USA, Germany, Canada","Cooper Layne, John Rogers",Jon Amiel,"Action, Adventure, Sci-Fi",The only way to save Earth from catastrophe is to drill down to the core and set it spinning again.
2003,The Matrix Reloaded,pass,pass,160.79,356.47,935.1,138,332152,62,7.2,R,"English, French","USA, Australia","Andy Wachowski, Lana Wachowski, Andy Wachowski (characters), Lana Wachowski (characters)","Andy Wachowski, Lana Wachowski","Action, Sci-Fi","Neo and the rebel leaders estimate that they have 72 hours until 250,000 probes discover Zion and destroy it and its inhabitants. During this, Neo must decide how he can save Trinity from a dark fate in his dreams."
2003,The Matrix Revolutions,pass,pass,139.27,176.31,537.15,129,287262,47,6.7,R,"English, French","Australia, USA","Andy Wachowski, Lana Wachowski, Andy Wachowski (characters), Lana Wachowski (characters)","Andy Wachowski, Lana Wachowski","Action, Adventure, Sci-Fi",The human city of Zion defends itself against the massive invasion of the machines as Neo fights to end the war at another front while also opposing the rogue Agent Smith.
2003,The Missing,pass,pass,82.3,34.06,48.43,137,23657,55,6.5,R,"English, Apache languages, Spanish",USA,"Thomas Eidson (novel), Ken Kaufman (screenplay)",Ron Howard,"Adventure, Thriller, Western","In 1885 New Mexico, a frontier medicine woman forms an uneasy alliance with her estranged father when her daughter is kidnapped by an Apache brujo."
2003,Thirteen,pass,pass,2.53,5.83,12.04,100,56020,70,6.9,R,"English, Spanish, Portuguese",USA,"Catherine Hardwicke, Nikki Reed",Catherine Hardwicke,"Biography, Drama","A thirteen-year-old girl's relationship with her mother is put to the test as she discovers drugs, sex, and petty crime in the company of her cool but troubled best friend."
2003,Undead,pass,pass,0.95,0.05,0.29,97,10298,34,5.6,R,English,Australia,"Michael Spierig, Peter Spierig","Michael Spierig, Peter Spierig","Action, Comedy, Horror","A quaint Australian fishing village is overcome by meteorites that turn its residents into the ravenous undead, leaving a small group of those unharmed to find a way out."
2003,Wrong Turn,pass,pass,12.66,19.52,36.27,84,68644,32,6.1,R,English,"USA, Germany",Alan B. McElroy,Rob Schmidt,"Horror, Thriller","Six people find themselves trapped in the woods of West Virginia, hunted down by ""cannibalistic mountain men grossly disfigured through generations of in-breeding."""
2004,AVP: Alien vs. Predator,dubious,fail,86.32,99,212.78,101,111584,29,5.5,PG-13,"English, Italian","USA, UK, Czech Republic, Canada, Germany","Dan O'Bannon (""Alien"" characters), Ronald Shusett (""Alien"" characters), Jim Thomas (""Predator"" characters), John Thomas (""Predator"" characters), Paul W.S. Anderson (screen story), Dan O'Bannon (screen story), Ronald Shusett (screen story), Paul W.S. Anderson (screenplay)",Paul W.S. Anderson,"Action, Adventure, Sci-Fi","During an archaeological expedition on Bouvetøya Island in Antarctica, a team of archaeologists and other scientists find themselves caught up in a battle between the two legends. Soon, the team realize that only one species can win."
2004,Ray,dubious,fail,49.33,92.87,153.93,152,85704,73,7.8,PG-13,English,USA,"Taylor Hackford (story), James L. White (story), James L. White (screenplay)",Taylor Hackford,"Biography, Drama, Music","The story of the life and career of the legendary rhythm and blues musician Ray Charles, from his humble beginnings in the South, where he went blind at age seven, to his meteoric rise to stardom during the 1950s and 1960s."
2004,The Notebook,dubious,fail,37,99.89,126.13,123,285314,53,8,PG-13,English,USA,"Jeremy Leven (screenplay), Jan Sardi (adaptation), Nicholas Sparks (novel)",Nick Cassavetes,"Drama, Romance",A poor and passionate young man falls in love with a rich young woman and gives her a sense of freedom. They soon are separated by their social differences.
2004,50 First Dates,men,fail,92.49,148.94,242.11,99,202178,48,6.8,PG-13,"English, Hawaiian, Mandarin, Turkish",USA,George Wing,Peter Segal,"Comedy, Romance","Henry Roth is a man afraid of commitment up until he meets the beautiful Lucy. They hit it off and Henry think he's finally found the girl of his dreams, until he discovers she has short-term memory loss and forgets him the very next day."
2004,Anchorman: The Legend of Ron Burgundy,men,fail,30.83,103.76,110.21,94,195798,63,7.3,PG-13,"English, French, Spanish",USA,"Will Ferrell, Adam McKay",Adam McKay,Comedy,"Ron Burgundy is San Diego's top rated newsman in the male-dominated broadcasting of the 70's, but that's all about to change for Ron and his cronies when an ambitious woman is hired as a new anchor."
2004,Eternal Sunshine of the Spotless Mind,men,fail,24.66,42.38,90.01,108,473812,89,8.4,R,English,USA,"Charlie Kaufman (story), Michel Gondry (story), Pierre Bismuth (story), Charlie Kaufman (screenplay)",Michel Gondry,"Drama, Romance, Sci-Fi","A couple undergo a procedure to erase each other from their memories when their relationship turns sour, but it is only through the process of loss that they discover what they had to begin with."
2004,Saw,men,fail,1.48,68.05,127.14,103,226876,46,7.7,R,English,"USA, Australia","Leigh Whannell, James Wan (story), Leigh Whannell (story)",James Wan,"Horror, Mystery, Thriller","With a dead body lying between them, two men wake up in the secure lair of a serial killer who's been nicknamed ""Jigsaw"". The men must follow various rules and objectives if they wish to survive and win the deadly game set for them."
2004,Team America: World Police,men,fail,24.66,40.42,62,98,110704,64,7.2,R,"English, French, Klingon, Korean, Arabic","USA, Germany","Trey Parker, Matt Stone, Pam Brady",Trey Parker,"Animation, Action, Adventure","Popular Broadway actor Gary Johnston is recruited by the elite counter-terrorism organization Team America: World Police. As the world begins to crumble around him, he must battle with terrorists, celebrities and falling in love."
2004,The Bourne Supremacy,men,fail,104.82,217.15,355.88,108,251871,73,7.8,PG-13,"English, Russian, German, Italian","USA, Germany","Robert Ludlum (novel), Tony Gilroy (screenplay)",Paul Greengrass,"Action, Crime, Thriller",When Jason Bourne is framed for a botched CIA operation he is forced to take up his former life as a trained assassin to survive.
2004,The Butterfly Effect,men,fail,16.03,71.43,118.44,113,270209,30,7.7,R,English,"USA, Canada","J. Mackye Gruber, Eric Bress","Eric Bress, J. Mackye Gruber","Sci-Fi, Thriller","A young man blocks out harmful memories of significant events of his life. As he grows up, he finds a way to remember these lost memories and a supernatural way to alter his life."
2004,The Chronicles of Riddick,men,fail,147.98,71.17,132.21,119,149184,38,6.7,PG-13,English,USA,"Jim Wheat (characters), Ken Wheat (characters), David Twohy",David Twohy,"Action, Adventure, Sci-Fi","5 years after Pitch Black, the wanted criminal Riddick arrives on a planet called Helion Prime, and finds himself up against an invading empire called the Necromongers, an army that plans to convert or kill all humans in the universe."
2004,The Life Aquatic with Steve Zissou,men,fail,61.66,29.6,42.92,119,102399,62,7.3,R,"English, Icelandic, Filipino, Portuguese, French, Tagalog, German, Italian",USA,"Wes Anderson, Noah Baumbach",Wes Anderson,"Adventure, Comedy, Drama","With a plan to exact revenge on a mythical shark that killed his partner, oceanographer Steve Zissou rallies a crew that includes his estranged wife, a journalist, and a man who may or may not be his son."
2004,The Phantom of the Opera,men,fail,67.83,63.17,195.12,143,78537,40,7.4,PG-13,"English, Italian","UK, USA","Gaston Leroux (novel), Andrew Lloyd Webber (book), Andrew Lloyd Webber (screenplay), Joel Schumacher (screenplay)",Joel Schumacher,"Drama, Musical, Romance","A disfigured musical genius, hidden away in the Paris Opera House, terrorizes the opera company for the unwitting benefit of a young protégée whom he trains and loves."
2004,Around the World in 80 Days,notalk,fail,135.65,29.6,88.8,120,53706,49,5.8,PG,"English, Cantonese, French, German, Hindi, Turkish","USA, Germany, Ireland, UK","Jules Verne (novel), David N. Titcher (screenplay), David Benullo (screenplay), David Andrew Goldstein (screenplay)",Frank Coraci,"Action, Adventure, Comedy","A bet pits a British inventor, a Chinese thief, and a French artist on a worldwide adventure that they can circle the globe in 80 days."
2004,Hellboy,notalk,fail,73.99,73.53,123.1,122,193137,72,6.8,PG-13,"English, Russian",USA,"Guillermo del Toro (screenplay), Guillermo del Toro (screen story), Peter Briggs (screen story), Mike Mignola (comic books)",Guillermo del Toro,"Action, Adventure, Fantasy","A demon, raised from infancy after being conjured by and rescued from the Nazis, grows up to become a defender against the forces of darkness."
2004,"I, Robot",notalk,fail,129.49,178.57,429.89,115,270514,59,7.1,PG-13,English,"USA, Germany","Jeff Vintar (screenplay), Akiva Goldsman (screenplay), Jeff Vintar (screen story), Isaac Asimov (suggested by book)",Alex Proyas,"Action, Mystery, Sci-Fi","In the year 2035 a techno-phobic cop investigates a crime that may have been perpetrated by a robot, which leads to a larger threat to humanity."
2004,In Good Company,notalk,fail,32.06,56.1,78.3,109,44459,66,6.5,PG-13,English,USA,Paul Weitz,Paul Weitz,"Comedy, Drama, Romance",A middle-aged ad exec is faced with a new boss who's nearly half his age... and who also happens to be sleeping with his daughter.
2004,Layer Cake,notalk,fail,8.02,2.89,14.61,105,106984,73,7.4,R,"English, Romanian",UK,"J.J. Connolly (screenplay), J.J. Connolly (novel)",Matthew Vaughn,"Crime, Drama, Thriller",A successful cocaine dealer gets two tough assignments from his boss on the eve of his planned early retirement.
2004,Miracle,notalk,fail,34.53,79.39,79.51,135,29333,68,7.5,PG,English,USA,Eric Guggenheim,Gavin O'Connor,"Drama, Family, History","Miracle tells the true story of Herb Brooks (Russell), the player-turned-coach who led the 1980 U.S. Olympic hockey team to victory over the seemingly invincible Russian squad."
2004,Napoleon Dynamite,notalk,fail,0.49,54.93,56.88,82,130519,64,6.9,PG,English,USA,"Jared Hess, Jerusha Hess",Jared Hess,Comedy,"A listless and alienated teenager decides to help his new friend win the class presidency in their small western high school, while he must deal with his bizarre family life back home."
2004,New York Minute,notalk,fail,49.33,17.29,26.16,91,14261,33,4.7,PG,English,USA,"Emily Fox (story), Emily Fox (screenplay), Adam Cooper (screenplay), Bill Collage (screenplay)",Dennie Gordon,Comedy,"One day in New York City, as Jane Ryan tries out for an overseas college program and her sister Roxy schemes to meet her favorite punk rockers, a series of mishaps throws their day into ..."
2004,Primer,notalk,fail,0.01,0.52,0.7,77,47303,68,7,PG-13,English,USA,Shane Carruth,Shane Carruth,"Drama, Thriller, Sci-Fi","Four friends/fledgling entrepreneurs, knowing that there's something bigger and more innovative than the different error-checking devices they've built, wrestle over their new invention."
2004,Secret Window,notalk,fail,49.33,59.14,113.59,96,113688,46,6.6,PG-13,English,USA,"Stephen King (novel), David Koepp (screenplay)",David Koepp,"Mystery, Thriller","A writer is accused for plagiarism by a strange man, who then starts haunting him for ""justice."""
2004,Shark Tale,notalk,fail,92.49,199.05,453.6,90,101315,48,6,PG,English,USA,"Michael J. Wilson (screenplay), Rob Letterman (screenplay), Scott Aukerman (additional dialogue), Alec Berg (additional dialogue), Sean Bishop (additional dialogue), BJ Porter (additional dialogue), Jeff Schaffer (additional dialogue), Lona Williams (additional dialogue), David P. Smith (additional dialogue), David Soren (additional dialogue)","Bibo Bergeron, Vicky Jenson, Rob Letterman","Animation, Adventure, Comedy","When a son of a gangster shark boss is accidently killed while on the hunt, his would-be prey and his vegetarian brother both decide to use the incident to their own advantage."
2004,Spider-Man 2,notalk,fail,246.64,460.63,966.46,127,272410,83,7.4,PG-13,"English, Russian, Chinese",USA,"Stan Lee (comic book), Steve Ditko (comic book), Alfred Gough (screen story), Miles Millar (screen story), Michael Chabon (screen story), Alvin Sargent (screenplay)",Sam Raimi,"Action, Adventure, Fantasy",Peter Parker is beset with troubles in his failing personal life as he battles a brilliant scientist named Doctor Otto Octavius.
2004,The Aviator,notalk,fail,135.65,126.54,264.65,170,198540,77,7.5,PG-13,English,"USA, Germany",John Logan,Martin Scorsese,"Biography, Drama","A biopic depicting the early years of legendary director and aviator Howard Hughes' career, from the late 1920s to the mid-1940s."
2004,The Terminal,notalk,fail,92.49,95.05,269.67,128,219436,55,7.3,PG-13,"English, French, Russian, Bulgarian, Spanish",USA,"Andrew Niccol (story), Sacha Gervasi (story), Sacha Gervasi (screenplay), Jeff Nathanson (screenplay)",Steven Spielberg,"Comedy, Drama","An eastern immigrant finds himself stranded in JFK airport, and must take up temporary residence there."
2004,The Whole Ten Yards,notalk,fail,37,20.13,32.46,98,38711,24,5.4,PG-13,"English, Hungarian, Hebrew",USA,"Mitchell Kapner (characters), Mitchell Kapner (story), George Gallo (screenplay)",Howard Deutch,"Comedy, Crime, Thriller","Jimmy the Tulip's (Willis) quiet new life is shaken up by his old pal Oz (Perry), whose wife (Henstridge) has been kidnapped by a Hungarian mob. The Tulip and his wife Jill (Peet) spring into action."
2004,Troy,notalk,fail,184.98,164.38,597.06,163,274525,56,7.2,R,English,"USA, Malta, UK","Homer (poem), David Benioff (screenplay)",Wolfgang Petersen,"Adventure, Drama","An adaptation of Homer's great epic, the film follows the assault on Troy by the united Greek forces and chronicles the fates of the men involved."
2004,Before Sunset,nowomen,fail,2.47,7.14,13.93,80,113798,90,8.1,R,"English, French",USA,"Richard Linklater (screenplay), Julie Delpy (screenplay), Ethan Hawke (screenplay), Richard Linklater (story), Kim Krizan (story), Richard Linklater (characters), Kim Krizan (characters)",Richard Linklater,"Drama, Romance","Nine years after Jesse and Celine first met, they encounter each other again on the French leg of Jesse's book tour."
2004,Collateral,nowomen,fail,73.99,123.53,268.43,120,237157,71,7.6,R,"English, Spanish",USA,Stuart Beattie,Michael Mann,"Crime, Drama, Thriller",A cab driver finds himself the hostage of an engaging contract killer as he makes his rounds from hit to hit during one night in Los Angeles. He must find a way to save both himself and one last victim.
2004,Flight of the Phoenix,nowomen,fail,92.49,25.91,41.94,113,40146,47,6.1,PG-13,English,USA,"Lukas Heller, Scott Frank (screenplay), Edward Burns (screenplay)",John Moore,"Action, Adventure, Drama",Survivors of a plane crash in the Mongolian desert work together to build a new plane.
2004,Kung Fu Hustle,nowomen,fail,24.66,21.09,124.56,99,79709,78,7.8,R,Cantonese,"Hong Kong, China","Man Keung Chan, Stephen Chow, Xin Huo, Kan-Cheung Tsang",Stephen Chow,"Action, Comedy, Crime","In Shanghai, China in the 1940s, a wannabe gangster aspires to join the notorious ""Axe Gang"" while residents of a housing complex exhibit extraordinary powers in defending their turf."
2004,13 Going on 30,pass,pass,37,70.46,118.93,98,85822,57,6.1,PG-13,"English, Portuguese",USA,"Josh Goldsmith, Cathy Yuspa",Gary Winick,"Comedy, Fantasy, Romance",A 13 year old girl plays a game on her 13th birthday and wakes up the next day as a 30 year old woman.
2004,2046,pass,pass,14.8,1.78,23.68,129,34976,78,7.5,R,"Cantonese, Japanese, Mandarin","Hong Kong, China, France, Italy, Germany",Kar Wai Wong (screenplay),Kar Wai Wong,"Drama, Fantasy, Romance","He was a writer. He thought he wrote about the future but it really was the past. In his novel, a mysterious train left for 2046 every once in a while. Everyone who went there had the same ..."
2004,A Cinderella Story,pass,pass,23.43,63.43,86.41,95,44602,25,5.8,PG,"English, German, Czech","USA, Canada",Leigh Dunlap,Mark Rosman,"Comedy, Family, Romance","Routinely exploited by her wicked stepmother, the downtrodden Sam Montgomery is excited about the prospect of meeting her Internet beau at the school's Halloween dance."
2004,A Very Long Engagement,pass,pass,67.83,7.61,73.51,133,54146,76,7.8,R,"French, German, Corsican","France, USA","Sébastien Japrisot (novel), Jean-Pierre Jeunet (story), Guillaume Laurant (story), Guillaume Laurant (dialogue)",Jean-Pierre Jeunet,"Drama, Mystery, Romance","Tells the story of a young woman's relentless search for her fiancé, who has disappeared from the trenches of the Somme during World War One."
2004,Bridget Jones: The Edge of Reason,pass,pass,61.66,49.58,325.43,108,52345,44,5.8,R,"English, German, Thai","UK, France, Germany, Ireland, USA","Helen Fielding (novel), Andrew Davies (screenplay), Helen Fielding (screenplay), Richard Curtis (screenplay), Adam Brooks (screenplay)",Beeban Kidron,"Comedy, Romance","After finding love, Bridget Jones questions if she really has everything she's dreamed of having."
2004,Catwoman,pass,pass,123.32,49.58,101.3,104,70392,27,3.3,PG-13,"English, Spanish",USA,"Bob Kane (characters), Theresa Rebeck (story), John D. Brancato (story), Michael Ferris (story), John D. Brancato (screenplay), Michael Ferris (screenplay), John Rogers (screenplay)",Pitof,"Action, Fantasy","A shy woman, endowed with the speed, reflexes, and senses of a cat, walks a thin line between criminal and hero, even as a detective doggedly pursues her, fascinated by both of her personas."
2004,Cellular,pass,pass,55.49,39.47,75.81,94,66873,60,6.5,PG-13,English,"USA, Germany","Larry Cohen (story), Chris Morgan (screenplay)",David R. Ellis,"Action, Crime, Drama",A young man receives an emergency phone call on his cell phone from an older woman. The catch? The woman claims to have been kidnapped; and the kidnappers have targeted her husband and child next.
2004,Closer,pass,pass,43.16,41.91,142.4,104,141713,65,7.3,R,English,"USA, UK","Patrick Marber (play), Patrick Marber (screenplay)",Mike Nichols,"Drama, Romance",The relationships of two couples become complicated and deceitful when the man from one couple meets the woman of the other.
2004,Connie and Carla,pass,pass,24.66,9.92,9.92,98,6031,44,6.2,PG-13,English,USA,Nia Vardalos,Michael Lembeck,"Comedy, Crime, Music","A mob mix-up in Chicago sends two chanteuses screaming for L.A., where they score a perfect gig: posing as drag queens on the dinner theater/cabaret circuit. Things get extra-weird when a guy falls for one of the girls."
2004,Crash,pass,pass,9.01,68.24,124.77,112,305575,69,7.9,R,"English, Persian, Spanish, Mandarin, Korean","USA, Germany","Paul Haggis (story), Paul Haggis (screenplay), Robert Moresco (screenplay)",Paul Haggis,Drama,"Los Angeles citizens with vastly separate lives collide in interweaving stories of race, loss and redemption."
2004,D.E.B.S.,pass,pass,4.32,0.12,0.12,91,10517,42,5.2,PG-13,English,USA,Angela Robinson,Angela Robinson,"Action, Comedy, Romance","Plaid-skirted schoolgirls are groomed by a secret government agency to become the newest members of the elite national-defense group, D.E.B.S."
2004,Dawn of the Dead,pass,pass,34.53,72.75,127.58,101,153839,58,7.4,R,English,"USA, Canada, Japan, France","George A. Romero, James Gunn (screenplay)",Zack Snyder,"Action, Horror, Sci-Fi","A nurse, a policeman, a young married couple, a salesman, and other survivors of a worldwide plague that is producing aggressive, flesh-eating zombies, take refuge in a mega Midwestern shopping mall."
2004,Dodgeball: A True Underdog Story,pass,pass,37,140.99,206.92,92,136735,55,6.7,PG-13,"English, German","USA, Germany",Rawson Marshall Thurber,Rawson Marshall Thurber,"Comedy, Sport",A group of misfits enter a Las Vegas dodgeball tournament in order to save their cherished local gym from the onslaught of a corporate health fitness chain.
2004,Ella Enchanted,pass,pass,43.16,28.26,28.26,96,32939,53,6.3,PG,English,"USA, Ireland, UK","Laurie Craig (screenplay), Karen McCullah (screenplay), Kirsten Smith (screenplay), Jennifer Heath (screenplay), Michele J. Wolff (screenplay), Gail Carson Levine (based on the book by)",Tommy O'Haver,"Comedy, Family, Fantasy","Ella is under a spell to be constantly obedient, a fact she must hide from her new step-family in order to protect the prince of the land, her friend for whom she's falling."
2004,Eulogy,pass,pass,12.33,0.09,0.09,91,6984,34,6.7,R,English,"USA, UK, Germany",Michael Clancy,Michael Clancy,"Comedy, Drama","A black comedy that follows three generations of a family, who come together for the funeral of the patriarch - unveiling a litany of family secrets and covert relationships."
2004,Finding Neverland,pass,pass,30.83,63.73,141.86,106,149424,67,7.8,PG,English,"USA, UK","Allan Knee (play), David Magee (screenplay)",Marc Forster,"Biography, Drama, Family",The story of J.M. Barrie's friendship with a family who inspired him to create Peter Pan.
2004,Garden State,pass,pass,3.08,33.03,44.43,102,164838,67,7.7,R,English,USA,Zach Braff,Zach Braff,"Comedy, Drama, Romance",A quietly troubled young man returns home for his mother's funeral after being estranged from his family for a decade.
2004,Home on the Range,pass,pass,135.65,61.69,94.32,76,9900,50,5.4,PG,"English, Mandarin",USA,"Will Finn, John Sanford, Will Finn (story), John Sanford (story), Michael LaBash (story), Sam J. Levine (story), Mark Kennedy (story), Robert Lence (story), Keith Baxter (additional story), Mike Kunkel (additional story), Jason Lethcoe (additional story), Donnie Long (additional story), Brian Pimental (additional story), David Moses Pimentel (additional story), Ralph Zondag (additional story), Davy Liu (additional story)","Will Finn, John Sanford","Animation, Comedy, Family","To save their farm, the resident animals go bounty hunting for a notorious outlaw."
2004,I Heart Huckabees,pass,pass,27.13,15.77,24.71,107,51294,55,6.8,R,"English, French, Spanish","USA, UK, Germany","David O. Russell, Jeff Baena",David O. Russell,Comedy,"A husband-and-wife team play detective, but not in the traditional sense. Instead, the happy duo helps others solve their existential issues, the kind that keep you up at night, wondering what it all means."
2004,Kinsey,pass,pass,13.57,12.6,16.03,118,37842,79,7.1,R,English,"USA, Germany",Bill Condon,Bill Condon,"Biography, Drama","A look at the life of Alfred Kinsey (Neeson), a pioneer in the area of human sexuality research, whose 1948 publication ""Sexual Behavior in the Human Male"" was one of the first recorded works that saw science address sexual behavior."
2004,Maria Full of Grace,pass,pass,3.95,8.05,17.81,101,26821,87,7.5,R,"Spanish, English","Colombia, USA, Ecuador",Joshua Marston,Joshua Marston,"Crime, Drama",A pregnant Colombian teenager becomes a drug mule to make some desperately needed money for her family.
2004,Mean Girls,pass,pass,22.2,106.11,161.49,97,164541,66,6.9,PG-13,"English, German, Vietnamese, Swahili","USA, Canada","Rosalind Wiseman (book), Tina Fey (screenplay)",Mark Waters,Comedy,"Cady Heron is a hit with The Plastics, the A-list girl clique at her new school, until she makes the mistake of falling for Aaron Samuels, the ex-boyfriend of alpha Plastic Regina George."
2004,Million Dollar Baby,pass,pass,37,123.93,286.12,132,333896,86,8.1,PG-13,"English, Irish",USA,"Paul Haggis (screenplay), F.X. Toole (stories)",Clint Eastwood,"Drama, Sport",A determined woman works with a hardened boxing trainer to become a professional.
2004,My Summer of Love,pass,pass,2.1,1.23,6.11,86,13493,82,6.8,R,English,UK,"Helen Cross (novel), Pawel Pawlikowski, Michael Wynne (collaborating writer)",Pawel Pawlikowski,"Drama, Romance","In the Yorkshire countryside, working-class tomboy Mona meets the exotic, pampered Tamsin. Over the summer season, the two young women discover they have much to teach one another, and much to explore together."
2004,Raising Helen,pass,pass,61.66,46.23,53.45,119,25336,38,5.9,PG-13,English,USA,"Patrick J. Clifton (story), Beth Rigazio (story), Jack Amiel (screenplay), Michael Begler (screenplay)",Garry Marshall,"Comedy, Drama, Romance","After her sister and brother-in-law die in a car accident, a young woman becomes the guardian of their three children."
2004,Resident Evil: Apocalypse,pass,pass,61.66,62.57,159.01,94,121665,35,6.1,R,English,"Germany, France, UK, Canada, USA",Paul W.S. Anderson,Alexander Witt,"Action, Horror, Sci-Fi","Alice awakes in Raccoon City, only to find it has become infested with zombies and monsters. With the help of Jill Valentine and Carlos Olivera, Alice must find a way out of the city before it is destroyed by a nuclear missile."
2004,Saved!,pass,pass,6.17,10.96,12.61,92,36369,62,6.9,PG-13,English,"USA, Canada","Brian Dannelly, Michael Urban",Brian Dannelly,"Comedy, Drama","When a girl attending a Christian high school becomes pregnant, she finds herself ostracized and demonized, as all of her former friends turn on her."
2004,Shaun of the Dead,pass,pass,6.17,16.7,37.41,99,299764,76,8,R,English,"UK, France, USA","Simon Pegg, Edgar Wright",Edgar Wright,"Comedy, Horror","A man decides to turn his moribund life around by winning back his ex-girlfriend, reconciling his relationship with his mother, and dealing with an entire community that has returned from the dead to eat the living."
2004,Shrek 2,pass,pass,86.32,544.12,1155.51,93,226472,75,7.3,PG,English,USA,"William Steig (book), Andrew Adamson (story), Andrew Adamson (screenplay), Joe Stillman (screenplay), J. David Stem (screenplay), David N. Weiss (screenplay), Cody Cameron (additional dialogue), Walt Dohrn (additional dialogue), Chris Miller (additional dialogue), David P. Smith (additional dialogue), Conrad Vernon (additional dialogue)","Andrew Adamson, Kelly Asbury, Conrad Vernon","Animation, Adventure, Comedy",Princess Fiona's parents invite her and Shrek to dinner to celebrate her marriage. If only they knew the newlyweds were both ogres.
2004,Sideways,pass,pass,20.96,88.18,135.5,126,125477,94,7.6,R,"English, Armenian",USA,"Rex Pickett (novel), Alexander Payne (screenplay), Jim Taylor (screenplay)",Alexander Payne,"Comedy, Drama, Romance","Two men reaching middle age with not much to show but disappointment, embark on a week long road trip through California's wine country, just as one is about to take a trip down the aisle."
2004,Sky Captain and the World of Tomorrow,pass,pass,86.32,46.57,61.33,106,64128,64,6.1,PG,"English, Tibetan, German","USA, UK, Italy",Kerry Conran,Kerry Conran,"Action, Adventure, Mystery","After New York City receives a series of attacks from giant flying robots, a reporter teams up with a pilot in search of their origin, as well as the reason for the disappearances of famous scientists around the world."
2004,Spanglish,pass,pass,92.49,51.85,67.02,131,55072,48,6.5,PG-13,"English, Spanish",USA,James L. Brooks,James L. Brooks,"Comedy, Drama, Romance","A woman and her daughter emigrate from Mexico for a better life in America, where they start working for a family where the patriarch is a newly celebrated chef with an insecure wife."
2004,The Day After Tomorrow,pass,pass,154.15,230.29,686.05,124,245978,47,6.4,PG-13,"English, Japanese, French, Arabic, Spanish",USA,"Roland Emmerich (story), Roland Emmerich (screenplay), Jeffrey Nachmanoff (screenplay)",Roland Emmerich,"Action, Adventure, Sci-Fi","Jack Hall, paleoclimatologist, must make a daring trek across America to reach his son, trapped in the cross-hairs of a sudden international storm which plunges the planet into a new Ice Age."
2004,The Grudge,pass,pass,12.33,136.09,230.95,92,86544,49,5.8,PG-13,"English, Japanese","USA, Japan","Stephen Susco (screenplay), Takashi Shimizu (film ""Ju-On: The Grudge"")",Takashi Shimizu,"Horror, Mystery, Thriller","An American nurse living and working in Tokyo is exposed to a mysterious supernatural curse, one that locks a person in a powerful rage before claiming their life and spreading to another victim."
2004,The Incredibles,pass,pass,113.45,322.41,779.51,115,338764,90,8,PG,"English, French",USA,Brad Bird,Brad Bird,"Animation, Action, Adventure","A family of undercover superheroes, while trying to live the quiet suburban life, are forced into action to save the world."
2004,The Princess Diaries 2: Royal Engagement,pass,pass,55.49,117.34,150.54,113,34986,43,5.6,G,English,USA,"Meg Cabot (characters), Gina Wendkos (story), Shonda Rhimes (story), Shonda Rhimes (screenplay)",Garry Marshall,"Comedy, Drama, Family","Now settled in Genovia, Princess Mia faces a new revelation: she's being primed for an arranged marriage to a English suitor."
2004,The Stepford Wives,pass,pass,123.32,73.34,118.66,93,42281,42,5.2,PG-13,English,USA,"Ira Levin (book), Paul Rudnick (screenplay)",Frank Oz,"Comedy, Sci-Fi, Thriller","What does it take to become a Stepford wife, a woman perfect beyond belief? Ask the Stepford husbands, who've created this high-tech terrifying little town, in a very modern comedy-thriller."
2004,The Village,pass,pass,88.4,140.83,317.72,108,156425,44,6.5,PG-13,English,USA,M. Night Shyamalan,M. Night Shyamalan,"Drama, Mystery, Thriller","The population of a small, isolated countryside village believe that their alliance with the mysterious creatures that inhabit the forest around them is coming to an end."
2004,Van Helsing,pass,pass,209.64,148.17,370.14,131,141489,35,5.9,PG-13,"English, Latin","USA, Czech Republic",Stephen Sommers,Stephen Sommers,"Action, Adventure, Fantasy",The notorious monster hunter is sent to Transylvania to stop Count Dracula who is using Dr. Frankenstein's research and a werewolf for some sinister purpose.
2004,Vera Drake,pass,pass,13.57,4.63,16.47,125,17487,83,7.7,R,English,"UK, France",Mike Leigh,Mike Leigh,"Crime, Drama",Abortionist Vera Drake finds her beliefs and practices clash with the mores of 1950s Britain--a conflict that leads to tragedy for her family.
2004,White Chicks,pass,pass,24.66,85.27,137.44,109,73072,41,5.3,PG-13,English,USA,"Keenen Ivory Wayans (screenplay), Shawn Wayans (screenplay), Marlon Wayans (screenplay), Andrew McElfresh (screenplay), Michael Anthony Snowden (screenplay), Xavier Cook (screenplay), Keenen Ivory Wayans (story), Shawn Wayans (story), Marlon Wayans (story)",Keenen Ivory Wayans,"Crime, Comedy",Two disgraced FBI agents go way undercover in an effort to protect hotel heiresses the Wilson Sisters from a kidnapping plot.
2004,Wimbledon,pass,pass,43.16,20.79,51.38,98,43240,59,6.3,PG-13,"English, Italian","UK, France, USA","Adam Brooks, Jennifer Flackett, Mark Levin",Richard Loncraine,"Comedy, Romance, Sport","A pro tennis player has lost his ambition and has fallen in rank to 119. Fortunately for him, he meets a young player on the women's circuit who helps him recapture his focus for Wimbledon."
2005,BloodRayne,dubious,fail,29.83,2.87,4.3,95,27882,18,2.8,R,English,"USA, Germany",Guinevere Turner,Uwe Boll,"Action, Adventure, Fantasy","In the Eighteenth Century, Rayne is the half-human half-vampire Dhampir and the lead attraction in a carnival's freak-show in Romania. When she escapes, she meets a fortuneteller that tells..."
2005,Capote,dubious,fail,8.35,34.3,59.56,114,76374,88,7.4,R,English,"USA, Canada","Dan Futterman (screenplay), Gerald Clarke (book)",Bennett Miller,"Biography, Crime, Drama","In 1959, Truman Capote learns of the murder of a Kansas family and decides to write a book about the case. While researching for his novel In Cold Blood, Capote forms a relationship with one of the killers, Perry Smith, who is on death row."
2005,Corpse Bride,dubious,fail,35.79,63.66,136.93,77,136511,83,7.4,PG,English,"UK, USA","Tim Burton (characters), Carlos Grangel (characters), John August (screenplay), Caroline Thompson (screenplay), Pamela Pettler (screenplay)","Tim Burton, Mike Johnson","Animation, Fantasy, Musical","When a shy groom practices his wedding vows in the inadvertent presence of a deceased young woman, she rises from the grave assuming he has married her."
2005,Saw II,dubious,fail,5.97,103.82,182.44,93,149046,40,6.6,R,English,"USA, Canada","Leigh Whannell, Darren Lynn Bousman",Darren Lynn Bousman,Horror,"Jigsaw locks a few unlucky people in a booby trapped shelter and they must find a way out before they inhale too much of a lethal nerve gas and die. But they must watch out, for the traps Jigsaw has set in the shelter lead to death also."
2005,The New World,dubious,fail,35.79,15.17,31.24,135,59280,69,6.7,PG-13,"English, Algonquin","USA, UK",Terrence Malick,Terrence Malick,"Biography, Drama, History","The story of the English exploration of Virginia, and of the changing world and loves of Pocahontas."
2005,Boogeyman,men,fail,23.86,55.78,80.16,89,22705,32,4.1,PG-13,English,"USA, New Zealand, Germany","Eric Kripke (story), Eric Kripke (screenplay), Juliet Snowden (screenplay), Stiles White (screenplay)",Stephen Kay,"Drama, Horror, Mystery",A young man tries to deal with the childhood terror that has affected his life.
2005,Cinderella Man,men,fail,104.99,73.55,129.49,144,122741,69,8,PG-13,English,USA,"Cliff Hollingsworth (screenplay), Akiva Goldsman (screenplay), Cliff Hollingsworth (story)",Ron Howard,"Biography, Drama, History","The story of James Braddock, a supposedly washed-up boxer who came back to become a champion and an inspiration in the 1930s."
2005,Hitch,men,fail,65.62,212.1,437.59,118,192054,58,6.7,PG-13,English,USA,Kevin Bisch,Andy Tennant,"Comedy, Romance","While helping his latest client woo the fine lady of his dreams, a professional ""date doctor"" finds that his game doesn't quite work on the gossip columnist with whom he's smitten."
2005,Lord of War,men,fail,50.11,28.81,74.14,122,205339,62,7.6,R,"English, Ukrainian, German, Spanish, Russian, French, Arabic, Turkish","France, USA, Germany",Andrew Niccol,Andrew Niccol,"Crime, Drama, Thriller",An arms dealer confronts the morality of his work as he is being chased by an Interpol agent.
2005,Shopgirl,men,fail,8.95,12.27,14.03,106,19464,62,6.5,R,"English, Japanese",USA,"Steve Martin (novel), Steve Martin (screenplay)",Anand Tucker,"Drama, Romance","A film adaptation of Steve Martin's novel about a complex love triangle between a bored salesgirl, a wealthy businessman and an aimless young man."
2005,The Jacket,men,fail,34,7.52,18.44,103,77119,44,7.1,R,English,"USA, Germany","Tom Bleecker (story), Marc Rocco (story), Massy Tadjedin (screenplay)",John Maybury,"Drama, Mystery, Sci-Fi","A Gulf war veteran is wrongly sent to a mental institution for insane criminals, where he becomes the object of a Doctor's experiments, and his life is completely affected by them."
2005,The Squid and the Whale,men,fail,1.79,8.8,13.35,81,50517,82,7.4,R,English,USA,Noah Baumbach,Noah Baumbach,"Comedy, Drama","Based on the true childhood experiences of Noah Baumbach and his brother, The Squid and the Whale tells the touching story of two young boys dealing with their parents' divorce in Brooklyn in the 1980s."
2005,Tristram Shandy: A Cock and Bull Story,men,fail,5.67,1.5,3.65,94,10233,80,6.8,R,English,UK,"Laurence Sterne (novel), Frank Cottrell Boyce (screenplay)",Michael Winterbottom,"Comedy, Drama","Director Michael Winterbottom (Northam) attempts to shoot the adaptation of Laurence Sterne's essentially unfilmable novel, ""The Life and Opinions of Tristram Shandy, Gentleman."""
2005,Batman Begins,notalk,fail,178.95,244.98,445.36,140,657342,70,8.3,PG-13,"English, Urdu, Mandarin","USA, UK","Bob Kane (characters), David S. Goyer (story), Christopher Nolan (screenplay), David S. Goyer (screenplay)",Christopher Nolan,"Action, Adventure, Crime","After training with his mentor, Batman begins his war on crime to free the crime-ridden Gotham City from corruption that the Scarecrow and the League of Shadows have cast upon it."
2005,Brick,notalk,fail,0.54,2.48,4.88,110,71652,72,7.5,R,English,USA,Rian Johnson,Rian Johnson,"Drama, Mystery",A teenage loner pushes his way into the underworld of a high school crime ring to investigate the disappearance of his ex-girlfriend.
2005,Brokeback Mountain,notalk,fail,16.58,99.07,207.7,134,211378,87,7.7,R,English,"USA, Canada","Annie Proulx (short story), Larry McMurtry (screenplay), Diana Ossana (screenplay)",Ang Lee,"Drama, Romance",The story of a forbidden and secretive relationship between two cowboys and their lives over the years.
2005,Constantine,notalk,fail,89.48,90.64,275.45,121,178234,50,6.9,R,"English, Filipino, Tagalog","USA, Germany","Jamie Delano (comic book ""Hellblazer""), Garth Ennis (comic book ""Hellblazer""), Kevin Brodbin (story), Kevin Brodbin (screenplay), Frank A. Cappello (screenplay)",Francis Lawrence,"Fantasy, Horror","Constantine tells the story of irreverent supernatural detective John Constantine, who has literally been to hell and back."
2005,Doom,notalk,fail,83.51,33.66,65.15,100,73508,34,5.2,R,"English, Japanese","UK, Czech Republic, Germany, USA","Dave Callaham (screenplay), Wesley Strick (screenplay), Dave Callaham (story)",Andrzej Bartkowiak,"Action, Adventure, Horror",Space Marines are sent to investigate strange events at a research facility on Mars but find themselves at the mercy of genetically enhanced killing machines.
2005,Fantastic Four,notalk,fail,104.39,184.56,394.56,106,199059,40,5.7,PG-13,English,"USA, Germany","Mark Frost, Michael France, Stan Lee (Marvel comic book), Jack Kirby (Marvel comic book)",Tim Story,"Action, Adventure, Fantasy","A group of astronauts gain superpowers after a cosmic radiation exposure and must use them to oppose the plans of their enemy, Doctor Victor Von Doom"
2005,"Good Night, and Good Luck.",notalk,fail,8.35,37.58,67.51,93,74252,80,7.6,PG,English,"USA, France, UK, Japan","George Clooney, Grant Heslov",George Clooney,"Drama, History",Broadcast journalist Edward R. Murrow looks to bring down Senator Joseph McCarthy.
2005,Harry Potter and the Goblet of Fire,notalk,fail,178.95,346,1070.04,157,284052,81,7.6,PG-13,"English, French","UK, USA","Steve Kloves (screenplay), J.K. Rowling (novel)",Mike Newell,"Adventure, Family, Fantasy",Harry finds himself mysteriously selected as an under-aged competitor in a dangerous tournament between three schools of magic.
2005,Hostel,notalk,fail,5.73,56.46,98.12,94,112194,55,5.8,R,"English, Czech, German, Dutch, Slovak, Japanese, Icelandic, Russian, Spanish",USA,Eli Roth,Eli Roth,Horror,"Three backpackers head to a Slovak city that promises to meet their hedonistic expectations, with no idea of the hell that awaits them."
2005,Kiss Kiss Bang Bang,notalk,fail,17.9,5.05,15.64,103,142953,72,7.7,R,English,USA,"Brett Halliday (novel), Shane Black (screen story), Shane Black (screenplay)",Shane Black,"Action, Comedy, Crime","A murder mystery brings together a private eye, a struggling actress, and a thief masquerading as an actor."
2005,Munich,notalk,fail,89.48,56.52,155.43,164,147609,74,7.7,R,"English, German, French, Hebrew, Arabic, Italian, Greek, Russian","USA, Canada, France","Tony Kushner (screenplay), Eric Roth (screenplay), George Jonas (book)",Steven Spielberg,"Drama, History, Thriller","Based on the true story of the Black September aftermath, about the five men chosen to eliminate the ones responsible for that fateful day."
2005,Oliver Twist,notalk,fail,77.55,2.47,31.82,130,20936,65,6.9,PG-13,English,"UK, Czech Republic, France, Italy","Charles Dickens (novel), Ronald Harwood (screenplay)",Roman Polanski,"Crime, Drama","An adaptation of the classic Dickens tale, where an orphan meets a pickpocket on the streets of London. From there, he joins a household of boys who are trained to steal for their master."
2005,Robots,notalk,fail,95.44,152.95,311.02,91,74630,64,6.3,PG,"English, Italian",USA,"Ron Mita (story), Jim McClain (story), David Lindsay-Abaire (story), David Lindsay-Abaire (screenplay), Lowell Ganz (screenplay), Babaloo Mandel (screenplay)","Chris Wedge, Carlos Saldanha","Animation, Adventure, Comedy","In a robot world, a young idealistic inventor travels to the big city to join his inspiration's company, only to find himself opposing its sinister new management."
2005,Son of the Mask,notalk,fail,119.3,20.3,71.48,94,30525,20,2.1,PG,English,"USA, Germany",Lance Khazei,Lawrence Guterman,"Adventure, Comedy, Family","Tim Avery, an aspiring cartoonist, finds himself in a predicament when his dog stumbles upon the mask of Loki. Then after conceiving an infant son ""born of the mask"", he discovers just how looney child raising can be."
2005,Star Wars: Episode III - Revenge of the Sith,notalk,fail,137.2,453.68,1012.88,140,360711,68,7.7,PG-13,English,USA,George Lucas,George Lucas,"Action, Adventure, Fantasy","After three years of fighting in the Clone Wars, Anakin Skywalker falls prey to the Sith Lord's lies and makes an enemy of the Jedi and those he loves, concluding his journey to the Dark Side."
2005,Stealth,notalk,fail,164.64,38.32,91.17,121,40034,35,5,PG-13,"English, Korean, Russian, Spanish",USA,W.D. Richter,Rob L. Cohen,"Action, Adventure, Sci-Fi","Deeply ensconced in a top-secret military program, three pilots struggle to bring an artificial intelligence program under control before it initiates the next world war."
2005,Thank You for Smoking,notalk,fail,8.95,29.58,47.74,92,166818,71,7.7,R,English,USA,"Jason Reitman (screenplay), Christopher Buckley (novel)",Jason Reitman,"Comedy, Drama","Satirical comedy follows the machinations of Big Tobacco's chief spokesman, Nick Naylor, who spins on behalf of cigarettes while trying to remain a role model for his twelve-year-old son."
2005,The Adventures of Sharkboy and Lavagirl 3-D,notalk,fail,59.65,46.74,82.83,93,13370,38,3.4,PG,English,USA,"Robert Rodriguez, Marcel Rodriguez, Racer Rodriguez (story)",Robert Rodriguez,"Action, Adventure, Family",A boy dreams up shark-boy and lava-girl and the horror that lies within their planet.
2005,The Legend of Zorro,notalk,fail,95.44,54.37,168.78,129,53636,47,5.9,PG,"Spanish, English",USA,"Roberto Orci (screenplay), Alex Kurtzman (screenplay), Roberto Orci (story), Alex Kurtzman (story), Ted Elliott (story), Terry Rossio (story), Johnston McCulley (character)",Martin Campbell,"Action, Adventure, Western","Despite trying to keep his swashbuckling to a minimum, a threat to California's pending statehood causes the adventure-loving Alejandro de la Vega (Banderas) -- and his wife, Elena (Zeta-Jones) -- to take action."
2005,War of the Worlds,notalk,fail,157.48,279.5,723.98,116,253227,73,6.5,PG-13,English,USA,"Josh Friedman (screenplay), David Koepp (screenplay), H.G. Wells (novel)",Steven Spielberg,"Adventure, Sci-Fi, Thriller","As Earth is invaded by alien tripod fighting machines, one family fights for survival."
2005,White Noise,notalk,fail,11.93,66.92,109.87,101,36480,30,5.5,PG-13,English,"UK, Canada, USA",Niall Johnson,Geoffrey Sax,"Drama, Horror, Mystery","An architect's desire to speak with his wife from beyond the grave, becomes an obsession with supernatural repercussions."
2005,Conversations with Other Women,nowomen,fail,0.54,0.45,1.08,84,8446,62,7.1,R,English,"UK, USA",Gabrielle Zevin,Hans Canosa,"Comedy, Drama, Romance","When a man and woman flirt with each other at a wedding reception, the sexual tension seems spontaneous. As they break from the party to a hotel room, the flirtation turns into a night filled with passion and remorse."
2005,Jarhead,nowomen,fail,85.9,74.74,115.66,125,115773,58,7.1,R,"English, Spanish, Arabic, Latin","Germany, USA","William Broyles Jr. (screenplay), Anthony Swofford (book)",Sam Mendes,"Biography, Drama, War",Based on former Marine Anthony Swofford's best-selling 2003 book about his pre-Desert Storm experiences in Saudi Arabia and about his experiences fighting in Kuwait.
2005,King Kong,nowomen,fail,246.96,260.18,656.79,187,253640,81,7.3,PG-13,English,"New Zealand, USA, Germany","Fran Walsh (screenplay), Philippa Boyens (screenplay), Peter Jackson (screenplay), Merian C. Cooper (based on a story by), Edgar Wallace (based on a story by)",Peter Jackson,"Action, Adventure, Drama","In 1933 New York, an overly ambitious movie producer coerces his cast and hired ship crew to travel to mysterious Skull Island, where they encounter Kong, a giant ape who is immediately smitten with leading lady Ann Darrow."
2005,Kingdom of Heaven,nowomen,fail,131.23,56.55,261.1,144,164908,63,7.2,R,"English, Arabic, Latin, Italian","USA, UK, Spain, Germany, Morocco",William Monahan,Ridley Scott,"Action, Adventure, Drama","Balian of Ibelin travels to Jerusalem during the crusades of the 12th century, and there he finds himself as the defender of the city and its people."
2005,Madagascar,nowomen,fail,89.48,230.97,663.99,86,182984,57,6.9,PG,"English, Portuguese, Spanish, German, French",USA,"Mark Burton, Billy Frolick, Eric Darnell, Tom McGrath","Eric Darnell, Tom McGrath","Animation, Adventure, Comedy","Spoiled by their upbringing with no idea what wild life is really like, four animals from New York Central Zoo escape, unwittingly assisted by four absconding penguins, and find themselves in Madagascar, among a bunch of merry lemurs"
2005,Zathura: A Space Adventure,nowomen,fail,77.55,33.46,69.85,113,48064,67,6.1,PG,English,USA,"Chris Van Allsburg (book), David Koepp (screenplay), John Kamps (screenplay)",Jon Favreau,"Action, Adventure, Comedy",Two young brothers are drawn into an intragalactic adventure when their house is magically hurtled through space because of the board game they are playing.
2005,Assault on Precinct 13,pass,pass,35.79,23.91,43,109,58960,54,6.3,R,"English, Serbian","USA, France","John Carpenter (earlier film), James DeMonaco (screenplay)",Jean-François Richet,"Action, Drama, Crime","A police sergeant must rally the cops and prisoners together to protect themselves on New Year's Eve, just as corrupt policeman surround the station with the intent of killing all to keep their deception in the ranks."
2005,Beauty Shop,pass,pass,29.83,43.37,45.75,105,10338,53,5.4,PG-13,English,USA,"Elizabeth Hunter (story), Kate Lanier (screenplay), Norman Vance Jr. (screenplay)",Bille Woodruff,Comedy,Gina is a hairstylist who opens up a beauty shop full of employees and customers more interested in speaking their minds than getting a cut.
2005,Bewitched,pass,pass,95.44,75.53,156.48,102,50520,34,4.8,PG-13,"English, Spanish",USA,"Nora Ephron, Delia Ephron, Sol Saks (television series)",Nora Ephron,"Comedy, Fantasy, Romance","Thinking he can overshadow an unknown actress in the part, an egocentric actor unknowingly gets a witch cast in an upcoming television remake of the classic show ""Bewitched""."
2005,Boynton Beach Club,pass,pass,3.46,3.73,3.73,105,709,61,6.5,R,English,USA,"Florence Seidelman (story), David Cramer (story), Susan Seidelman, Shelly Gitlow",Susan Seidelman,"Comedy, Romance","A romantic comedy about our amazing capacity to rebound and fall in love at any age. Lois, Harry, Marilyn ,Sandy and Jack live in an ""Active Adult"" community in Boynton Beach, Florida. ..."
2005,Charlie and the Chocolate Factory,pass,pass,178.95,246.31,566.05,115,231856,72,6.8,PG,English,"USA, UK","Roald Dahl (book), John August (screenplay)",Tim Burton,"Adventure, Comedy, Family","A young boy wins a tour through the most magnificent chocolate factory in the world, led by the world's most unusual candy maker."
2005,Coach Carter,pass,pass,53.69,80.25,91.47,136,69497,57,7.2,PG-13,English,"USA, Germany","Mark Schwahn, John Gatins",Thomas Carter,"Drama, Sport",Controversy surrounds high school basketball coach Ken Carter after he benches his entire team for breaking their academic contract with him.
2005,Cursed,pass,pass,41.76,23.02,29.96,97,22649,31,4.9,PG-13,English,"USA, Germany",Kevin Williamson,Wes Craven,"Comedy, Horror, Thriller","A werewolf loose in Los Angeles changes the lives of three young adults, who, after being mauled by the beast, learn they must kill their attacker if they hope to change their fate to avoid becoming werewolves too."
2005,Dark Water,pass,pass,71.58,30.39,59.02,105,38801,52,5.5,PG-13,English,USA,"Kôji Suzuki (novel), Hideo Nakata (film Honogurai mizu no soko kara), Takashige Ichise (film Honogurai mizu no soko kara), Rafael Yglesias (screenplay)",Walter Salles,"Drama, Horror, Thriller","A mother and daughter, still wounded from a bitter custody dispute, hole up in a run-down apartment building. Adding further drama to their plight, they are targeted by the ghost of former resident."
2005,Domino,pass,pass,59.65,12.13,27.4,127,50953,36,6,R,English,"France, USA, UK","Richard Kelly (screenplay), Richard Kelly (story), Steve Barancik (story)",Tony Scott,"Action, Biography, Crime",A recounting of Domino Harvey's life story. The daughter of actor Laurence Harvey turned away from her career as a Ford model to become a bounty hunter.
2005,Flightplan,pass,pass,65.62,107.02,269.28,98,102678,53,6.2,PG-13,"English, French, German, Arabic, Italian, Japanese",USA,"Peter A. Dowling, Billy Ray",Robert Schwentke,"Action, Drama, Mystery","A claustrophobic, Hitchcockian thriller. A bereaved woman and her daughter are flying home from Berlin to America. At 30,000 feet the child vanishes and nobody admits she was ever on that plane."
2005,Fun with Dick and Jane,pass,pass,167.02,131.89,240.75,90,89307,47,6.1,PG-13,"English, Spanish",USA,"Judd Apatow (screenplay), Nicholas Stoller (screenplay), Gerald Gaiser (story), Judd Apatow (story), Nicholas Stoller (story), Gerald Gaiser (novel), David Giler, Jerry Belson, Mordecai Richler",Dean Parisot,"Comedy, Crime","An update of the 1977 comedy, Dick and Jane are living the good life. That is until Dick (Jim Carrey) loses his job shortly after getting a promotion that convinced his wife Jane (Téa Leoni) to quit her job. The money is gone, and the house ends up in foreclosure. Dick decides to turn to a hilarious life of crime to pay the bills with his lovely wife by his side. Then together they decide it's ..."
2005,Hard Candy,pass,pass,1.13,1.22,9.86,104,108260,58,7.2,R,English,USA,Brian Nelson,David Slade,"Drama, Thriller","A teenage girl raids a man's home, suspecting he is a pedophile, in order to expose him."
2005,Herbie Fully Loaded,pass,pass,59.65,78.75,171.93,101,27994,47,4.7,G,English,USA,"Thomas Lennon (screenplay), Robert Ben Garant (screenplay), Alfred Gough (screenplay), Miles Millar (screenplay), Thomas Lennon (story), Robert Ben Garant (story), Mark Perez (story), Gordon Buford (characters)",Angela Robinson,"Adventure, Comedy, Family","Maggie Peyton, the new owner of Number 53 - the free-wheelin' Volkswagen bug with a mind of its own - puts the car through its paces on the road to becoming a NASCAR competitor."
2005,Hide and Seek,pass,pass,29.83,60.96,146.86,101,59698,35,5.9,R,English,"USA, Germany",Ari Schlossberg,John Polson,"Horror, Mystery, Thriller","As a widower tries to piece together his life in the wake of his wife's suicide, his daughter finds solace -- at first -- in her imaginary friend."
2005,Hoodwinked!,pass,pass,20.88,61.31,131.05,80,38078,45,6.6,PG,English,USA,"Cory Edwards (screenplay), Todd Edwards (screenplay), Tony Leech (screenplay), Todd Edwards (story), Cory Edwards (story)","Cory Edwards, Todd Edwards, Tony Leech","Animation, Comedy, Family","The candy recipes of the goody shops have been stolen by the Goody Bandit, and many animals are out of business. While the police are chasing the criminal, there is a mess at Granny's house..."
2005,Ice Princess,pass,pass,29.83,29.09,30.7,98,14593,55,6,G,English,"USA, Canada","Meg Cabot (story), Hadley Davis (story), Hadley Davis (screenplay)",Tim Fywell,"Comedy, Drama, Family","With the help of her coach, her parents, and the boy who drives the Zamboni machine, nothing can stop Casey (Trachtenberg) from realizing her dream to be a champion figure skater."
2005,Junebug,pass,pass,1.19,3.19,4.24,106,16898,80,7.1,R,English,USA,Angus MacLachlan,Phil Morrison,"Comedy, Drama","A dealer in ""outsider"" art travels from Chicago to North Carolina to meet her new in-laws, challenging the equilibrium of this middle class Southern home."
2005,Just Like Heaven,pass,pass,69.2,57.65,120.12,95,66506,47,6.8,PG-13,"English, Spanish, Mandarin",USA,"Peter Tolan (screenplay), Leslie Dixon (screenplay), Marc Lévy (novel)",Mark Waters,"Comedy, Fantasy, Romance",A lonely landscape architect (Ruffalo) falls for the spirit of beautiful woman (Witherspoon) who used to live in his new apartment.
2005,Man of the House,pass,pass,59.65,23.5,26.37,100,16876,35,5.4,PG-13,English,USA,"John J. McLaughlin (story), Scott Lobdell (story), Robert Ramsey (screenplay), Matthew Stone (screenplay), John J. McLaughlin (screenplay)",Stephen Herek,"Action, Comedy",A Texas Ranger must protect a group of cheerleaders who have witnessed a murder.
2005,Match Point,pass,pass,17.9,27.55,104.97,124,128232,72,7.7,R,English,"UK, Russia, Ireland, Luxembourg, USA",Woody Allen,Woody Allen,"Drama, Romance","At a turning point in his life, a former tennis pro falls for a femme-fatal type who happens to be dating his friend and soon-to-be brother-in-law."
2005,Me and You and Everyone We Know,pass,pass,2.39,4.64,10.05,91,27776,76,7.4,R,English,"USA, UK",Miranda July,Miranda July,"Comedy, Drama",A lonely shoe salesman and an eccentric performance artist struggle to connect in this unique take on contemporary life.
2005,Memoirs of a Geisha,pass,pass,101.41,68.02,192.69,145,100236,54,7.3,PG-13,"English, Japanese",USA,"Robin Swicord (screenplay), Arthur Golden (book)",Rob Marshall,"Drama, Romance",Nitta Sayuri reveals how she transcended her fishing-village roots and became one of Japan's most celebrated geisha.
2005,MirrorMask,pass,pass,4.77,1.03,1.15,101,17982,55,7,PG,English,"UK, USA","Neil Gaiman (story), Dave McKean (story), Neil Gaiman (teleplay)",Dave McKean,"Adventure, Drama, Family","In a fantasy world of opposing kingdoms, a 15-year old girl must find the fabled MirrorMask in order to save the kingdom and get home."
2005,North Country,pass,pass,35.79,21.86,30.09,126,27566,68,7.2,R,English,USA,"Michael Seitzman (screenplay), Clara Bingham (book), Laura Leedy (book)",Niki Caro,Drama,"A fictionalized account of the first major successful sexual harassment case in the United States -- Jenson vs. Eveleth Mines, where a woman who endured a range of abuse while working as a miner filed and won the landmark 1984 lawsuit."
2005,Proof,pass,pass,23.86,8.99,9.88,100,30457,64,6.8,PG-13,English,USA,"David Auburn (play), David Auburn (screenplay), Rebecca Miller (screenplay)",John Madden,"Drama, Mystery","The daughter of a brilliant but mentally disturbed mathematician, recently deceased, tries to come to grips with her possible inheritance: his insanity. Complicating matters are one of her father's ex-students who wants to search through his papers and her estranged sister who shows up to help settle his affairs."
2005,Red Eye,pass,pass,31.02,69.07,114,85,81048,71,6.5,PG-13,"English, Russian",USA,"Carl Ellsworth (screenplay), Carl Ellsworth (story), Dan Foos (story)",Wes Craven,"Action, Thriller","A woman is kidnapped by a stranger on a routine flight. Threatened by the potential murder of her father, she is pulled into a plot to assist her captor in offing a politician."
2005,Rent,pass,pass,47.72,34.69,37.78,135,35898,53,7.1,PG-13,English,USA,"Stephen Chbosky (screenplay), Jonathan Larson (book)",Chris Columbus,"Drama, Musical, Romance","This is the film version of the Pulitzer and Tony Award winning musical about Bohemians in the East Village of New York City struggling with life, love and AIDS, and the impacts they have on America."
2005,Serenity,pass,pass,46.53,30.44,45.95,119,196675,74,8,PG-13,"English, Mandarin",USA,Joss Whedon,Joss Whedon,"Action, Adventure, Sci-Fi",The crew of the ship Serenity tries to evade an assassin sent to recapture one of their number who is telepathic.
2005,Sin City,pass,pass,47.72,88.41,189.4,124,488883,74,8.2,R,English,USA,Frank Miller (graphic novels),"Frank Miller, Robert Rodriguez, Quentin Tarantino","Crime, Thriller","A film that explores the dark and miserable town, Basin City, and tells the story of three different people, all caught up in violent corruption."
2005,Sky High,pass,pass,71.58,76.28,97.38,100,48408,62,6.2,PG,"English, Cantonese",USA,"Paul Hernandez, Robert Schooley, Mark McCorkle",Mike Mitchell,"Adventure, Comedy, Family","Set in a world where superheroes are commonly known and accepted, young Will Stronghold, the son of the Commander and Jetstream, tries to find a balance between being a normal teenager and an extraordinary being."
2005,Strangers with Candy,pass,pass,2.39,2.47,2.48,97,6315,57,6,R,English,USA,"Stephen Colbert (series Strangers with Candy), Paul Dinello (series Strangers with Candy), Amy Sedaris (series Strangers with Candy), Mitch Rouse (series Strangers with Candy), Stephen Colbert, Paul Dinello, Amy Sedaris",Paul Dinello,Comedy,"A prequel to the critically acclaimed series featuring Jerri Blank, a 46 year-old ex-junkie, ex-con who returns to high school in a bid to start her life over."
2005,The Amityville Horror,pass,pass,22.07,77.83,130.25,90,62517,33,5.9,R,English,USA,"Scott Kosar (screenplay), Jay Anson (novel), Sandor Stern (earlier screenplay), George Lutz (material), Kathy Lutz (material)",Andrew Douglas,"Drama, Horror, Mystery",A family is terrorized by demonic forces after moving into a home that was the site of a grisly mass-murder.
2005,The Ballad of Jack and Rose,pass,pass,1.79,0.85,1.34,112,8124,59,6.8,R,English,USA,Rebecca Miller,Rebecca Miller,Drama,A father and daughter isolated on an island off the East Coast and living on a once thriving commune grapple with the limits of family and sexuality.
2005,"The Chronicles of Narnia: The Lion, the Witch and the Wardrobe",pass,pass,214.75,348.02,893.35,143,216450,75,6.9,PG,"English, German","USA, UK","Ann Peacock (screenplay), Andrew Adamson (screenplay), Christopher Markus (screenplay), Stephen McFeely (screenplay), C.S. Lewis (book)",Andrew Adamson,"Adventure, Family, Fantasy",Four kids travel through a wardrobe to the land of Narnia and learn of their destiny to free it with the guidance of a mystical lion.
2005,The Constant Gardener,pass,pass,30.42,40.06,96.73,129,92159,82,7.5,R,"English, Italian, Swahili, German","UK, Germany, USA, China","Jeffrey Caine (screenplay), John le Carré (based on the novel by)",Fernando Meirelles,"Drama, Mystery, Thriller","A widower is determined to get to the bottom of a potentially explosive secret involving his wife's murder, big business, and corporate corruption."
2005,The Descent,pass,pass,8.35,31.05,68.04,99,116902,71,7.3,R,English,UK,Neil Marshall,Neil Marshall,"Adventure, Horror","A caving expedition goes horribly wrong, as the explorers become trapped and ultimately pursued by a strange breed of predators."
2005,The Exorcism of Emily Rose,pass,pass,21.47,89.56,172.5,119,71575,46,6.7,PG-13,"English, Syriac, German, Greek, Hebrew, Latin, Aramaic",USA,"Paul Harris Boardman, Scott Derrickson",Scott Derrickson,"Crime, Drama, Horror",A lawyer takes on a negligent homicide case involving a priest who performed an exorcism on a young girl.
2005,The Fog,pass,pass,21.47,35.21,44.2,100,25481,27,3.5,PG-13,English,USA,"Cooper Layne (screenplay), John Carpenter, Debra Hill",Rupert Wainwright,Horror,"The inhabitants of Antonio Island, off the coast of Oregon, are about to unveil a statue honoring the four men (Castle, Wayne, Williams and Malone) who founded their town in 1871. Nick ..."
2005,The Island,pass,pass,143.16,42.73,194.49,136,217914,50,6.9,PG-13,English,USA,"Caspian Tredwell-Owen (screenplay), Alex Kurtzman (screenplay), Roberto Orci (screenplay), Caspian Tredwell-Owen (story)",Michael Bay,"Action, Adventure, Sci-Fi","A man goes on the run after he discovers that he is actually a ""harvestable being"", and is being kept as a source of replacement parts, along with others, in a Utopian facility."
2005,The Ring Two,pass,pass,59.65,90.6,193.2,110,55683,44,5.3,PG-13,English,USA,"Ehren Kruger, Kôji Suzuki (novel), Hiroshi Takahashi",Hideo Nakata,"Horror, Mystery, Thriller","Six months after the incidents involving the lethal videotape, new clues prove that there is a new evil lurking in the darkness."
2005,The Skeleton Key,pass,pass,47.72,57.16,110.07,104,71114,47,6.5,PG-13,"English, French","USA, Germany",Ehren Kruger,Iain Softley,"Drama, Mystery, Thriller",A hospice nurse working at a spooky New Orleans plantation home finds herself entangled in a mystery involving the house's dark past.
2005,The Wedding Date,pass,pass,17.9,37.85,56.28,90,28582,32,6,PG-13,English,USA,"Elizabeth Young (book), Dana Fox (screenplay)",Clare Kilner,"Comedy, Romance","Single-girl anxiety causes Kat Ellis (Messing) to hire a male escort (Mulroney) to pose as her boyfriend at her sister's wedding. Her plan, an attempt to dupe her ex-fiancé, who dumped her a couple years prior, proves to be her undoing."
2005,Transamerica,pass,pass,1.19,10.76,19.75,103,32025,66,7.5,R,"English, Spanish",USA,Duncan Tucker,Duncan Tucker,"Adventure, Comedy, Drama","A pre-operative male-to-female transsexual takes an unexpected journey when she learns that she fathered a son, now a teenage runaway hustling on the streets of New York."
2005,V for Vendetta,pass,pass,59.65,84.12,154.18,132,557149,62,8.2,R,English,"USA, UK, Germany","Andy Wachowski (screenplay), Lana Wachowski (screenplay), David Lloyd (graphic novel art)",James McTeigue,"Action, Sci-Fi, Thriller","In a future British tyranny, a shadowy freedom fighter plots to overthrow it with the help of a young woman."
2005,Waiting...,pass,pass,1.34,19.24,22.28,94,66392,30,6.8,R,"English, German",USA,Rob McKittrick,Rob McKittrick,Comedy,Young employees at Shenaniganz restaurant collectively stave off boredom and adulthood with their antics.
2005,Walk the Line,pass,pass,34.6,142.59,223.94,136,156143,72,7.9,PG-13,"English, Russian","USA, Germany","Johnny Cash (book), Johnny Cash (book), Gill Dennis, James Mangold",James Mangold,"Biography, Drama, Music","A chronicle of country music legend Johnny Cash's life, from his early days on an Arkansas cotton farm to his rise to fame with Sun Records in Memphis, where he recorded alongside Elvis Presley, Jerry Lee Lewis and Carl Perkins."
2005,Water,pass,pass,3.58,6.6,9.69,117,10623,77,7.8,PG-13,"Hindi, Sanskrit","Canada, India","Anurag Kashyap (dialogue), Deepa Mehta",Deepa Mehta,"Drama, Romance","The film examines the plight of a group of widows forced into poverty at a temple in the holy city of Varanasi. It focuses on a relationship between one of the widows, who wants to escape the social restrictions imposed on widows, and a man who is from the highest caste and a follower of Mahatma Gandhi."
2006,Clerks II,dubious,fail,5.78,27.91,29.93,97,98374,65,7.5,R,English,USA,Kevin Smith,Kevin Smith,Comedy,"A calamity at Dante and Randall's shops sends them looking for new horizons - but they ultimately settle at Mooby's, a fictional Disney-McDonald's-style fast-food empire."
2006,Inside Man,dubious,fail,57.79,102.44,213.4,129,217773,76,7.7,R,"English, Albanian",USA,Russell Gewirtz,Spike Lee,"Crime, Drama, Thriller","A police detective, a bank robber, and a high-power broker enter high-stakes negotiations after the criminal's brilliant heist spirals into a hostage situation."
2006,Sherrybaby,dubious,fail,2.31,0.23,0.72,96,9078,66,6.7,R,English,USA,Laurie Collyer,Laurie Collyer,Drama,Sherry tries to integrate again into society and become a good mother.
2006,The Fountain,dubious,fail,40.45,11.72,17.87,96,155096,51,7.4,PG-13,"English, Maya","USA, Canada","Darren Aronofsky (screenplay), Darren Aronofsky (story), Ari Handel (story)",Darren Aronofsky,"Drama, Romance, Sci-Fi","Spanning three parallel stories over a millennium, 'The Fountain' is a story of love, death, spirituality, and the fragility of our existence in this world."
2006,The Lake House,dubious,fail,46.23,60.48,132.72,99,91915,52,6.8,PG,English,"USA, Australia","David Auburn (screenplay), Eun-Jeong Kim (motion picture ""Siworae""), Ji-na Yeo (motion picture ""Siworae"")",Alejandro Agresti,"Drama, Fantasy, Romance","A lonely doctor who once occupied an unusual lakeside home begins exchanging love letters with its former resident, a frustrated architect. They must try to unravel the mystery behind their extraordinary romance before it's too late."
2006,The Painted Veil,dubious,fail,22.42,9.32,17.47,125,64691,69,7.5,PG-13,"Mandarin, English, French","China, USA, Canada","Ron Nyswaner (screenplay), W. Somerset Maugham (novel)",John Curran,"Drama, Romance","A British medical doctor fights a cholera outbreak in a small Chinese village, while also being trapped at home in a loveless marriage to an unfaithful wife."
2006,The Queen,dubious,fail,17.34,65.24,148.97,103,69213,91,7.4,PG-13,"English, German, French","UK, USA, France, Italy",Peter Morgan,Stephen Frears,"Biography, Drama","After the death of Princess Diana, HM Queen Elizabeth II struggles with her reaction to a sequence of events nobody could have predicted."
2006,Fido,men,fail,9.25,0.34,0.49,93,21602,70,6.8,R,English,Canada,"Robert Chomiak, Andrew Currie, Dennis Heaton, Dennis Heaton (original story)",Andrew Currie,"Comedy, Drama, Horror","Timmy Robinson's best friend in the whole wide world is a six-foot tall rotting zombie named Fido. But when FIDO eats the next-door neighbor, Mom and Dad hit the roof, and Timmy has to go ..."
2006,Lady in the Water,men,fail,86.68,48.87,84.12,110,67260,36,5.7,PG-13,English,USA,M. Night Shyamalan,M. Night Shyamalan,"Fantasy, Mystery, Thriller","Apartment building superintendent Cleveland Heep rescues what he thinks is a young woman from the pool he maintains. When he discovers that she is actually a character from a bedtime story who is trying to make the journey back to her home, he works with his tenants to protect his new friend from the creatures that are determined to keep her in our world."
2006,Once,men,fail,0.17,10.92,21.96,85,68058,88,8,R,"English, Czech",Ireland,John Carney,John Carney,"Drama, Music, Romance","A modern-day musical about a busker and an immigrant and their eventful week in Dublin, as they write, rehearse and record songs that tell their love story."
2006,Poseidon,men,fail,184.93,70.13,209.98,98,69675,50,5.6,PG-13,"English, Spanish",USA,"Mark Protosevich (screenplay), Paul Gallico (novel)",Wolfgang Petersen,"Action, Adventure, Drama","On New Year's Eve, the luxury ocean liner, Poseidon, capsizes after being swamped by a rogue wave. The survivors are left to fight for survival as they attempt to escape the sinking ship."
2006,The Ant Bully,men,fail,52.01,32.53,57.34,88,24802,59,5.9,PG,English,USA,"John A. Davis, John Nickle (book)",John A. Davis,"Animation, Adventure, Comedy","After Lucas Nickle floods an ant colony with his watergun, he's magically shrunken down to insect size and sentenced to hard labor in the ruins."
2006,A Scanner Darkly,notalk,fail,23.12,6.36,8.56,100,73867,73,7.1,R,English,USA,"Philip K. Dick (novel), Richard Linklater (screenplay)",Richard Linklater,"Animation, Drama, Sci-Fi",An undercover cop in a not-too-distant future becomes involved with a dangerous new drug and begins to lose his own identity as a result.
2006,Blood Diamond,notalk,fail,115.58,66.32,198.08,143,290678,64,8,R,"English, Mende, Afrikaans","USA, Germany","Charles Leavitt (screenplay), Charles Leavitt (story), C. Gaby Mitchell (story)",Edward Zwick,"Adventure, Drama, Thriller","A fisherman, a smuggler, and a syndicate of businessmen match wits over the possession of a priceless diamond."
2006,Borat: Cultural Learnings of America for Make Benefit Glorious Nation of Kazakhstan,notalk,fail,20.8,148.53,302.32,84,242870,89,7.3,R,"English, Romanian, Hebrew, Polish, Armenian",USA,"Sacha Baron Cohen (screenplay), Anthony Hines (screenplay), Peter Baynham (screenplay), Dan Mazer (screenplay), Sacha Baron Cohen (story), Peter Baynham (story), Anthony Hines (story), Todd Phillips (story), Sacha Baron Cohen (based on a character created by)",Larry Charles,Comedy,"Kazakh TV talking head Borat is dispatched to the United States to report on the greatest country in the world. With a documentary crew in tow, Borat becomes more interested in locating and marrying Pamela Anderson."
2006,Cars,notalk,fail,80.91,282.11,533.59,117,168841,73,7.3,G,"English, Italian, Japanese, Yiddish",USA,"John Lasseter (original story by), Joe Ranft (original story by), Jorgen Klubien (original story by), Dan Fogelman (screenplay), John Lasseter (screenplay), Joe Ranft (screenplay), Kiel Murray (screenplay), Phil Lorin (screenplay), Jorgen Klubien (screenplay), Bonnie Hunt (additional screenplay material), Robert L. Baird (additional screenplay material), Daniel Gerson (additional screenplay material), Don Lake (additional screenplay material), Steve Purcell (additional screenplay material), Dan Scanlon (additional screenplay material)","John Lasseter, Joe Ranft","Animation, Adventure, Comedy","A hot-shot race-car named Lightning McQueen gets waylaid in Radiator Springs, where he finds the true meaning of friendship and family."
2006,Casino Royale,notalk,fail,117.89,193.44,689.28,144,342173,81,8,PG-13,"English, French","UK, Czech Republic, USA, Germany, Bahamas","Neal Purvis (screenplay), Robert Wade (screenplay), Paul Haggis (screenplay), Ian Fleming (novel)",Martin Campbell,"Action, Crime, Thriller","Armed with a license to kill, Secret Agent James Bond sets out on his first mission as 007 and must defeat a weapons dealer in a high stakes game of poker at Casino Royale, but things are not what they seem."
2006,Eragon,notalk,fail,115.58,86.72,288.36,104,87646,38,5.1,PG,English,"USA, UK, Hungary","Peter Buchman (screenplay), Christopher Paolini (novel)",Stefen Fangmeier,"Action, Adventure, Family","In his homeland of Alagaesia, a farm boy happens upon a dragon's egg -- a discovery that leads him on a predestined journey where he realized he's the one person who can defend his home against an evil king."
2006,Ice Age: The Meltdown,notalk,fail,86.68,225.76,753.46,91,131093,58,6.9,PG,English,USA,"Peter Gaulke (screenplay), Gerry Swallow (screenplay), Jim Hecht (screenplay), Peter Gaulke (story), Gerry Swallow (story)",Carlos Saldanha,"Animation, Action, Adventure","Manny, Sid, and Diego discover that the Ice Age is coming to an end, and join everybody for a journey to higher ground. On the trip, they discover that Manny, in fact, is not the last of the wooly mammoths."
2006,Jackass Number Two,notalk,fail,12.71,84.12,98.56,92,46820,66,7.2,R,English,USA,"Jeff Tremaine (television series ""Jackass""), Spike Jonze (television series ""Jackass""), Johnny Knoxville (television series ""Jackass""), Preston Lacy (additional scenes)",Jeff Tremaine,"Documentary, Action, Comedy","Chris Pontius, Johnny Knoxville, Steve-O, Bam Margera, and the whole crew return to the screen to raise the stakes higher than ever before."
2006,Letters from Iwo Jima,notalk,fail,15.03,15.9,79.47,141,112489,89,8,R,"Japanese, English",USA,"Iris Yamashita (screenplay), Iris Yamashita (story), Paul Haggis (story), Tadamichi Kuribayashi (book), Tsuyoko Yoshido (book)",Clint Eastwood,"Drama, History, War","The story of the battle of Iwo Jima between the United States and Imperial Japan during World War II, as told from the perspective of the Japanese who fought it."
2006,Lucky Number Slevin,notalk,fail,31.21,26,64.14,110,216029,53,7.8,R,English,"Germany, USA",Jason Smilovic,Paul McGuigan,"Crime, Drama, Mystery",A case of mistaken identity lands Slevin into the middle of a war being plotted by two of the city's most rival crime bosses: The Rabbi and The Boss. Slevin is under constant surveillance by relentless Detective Brikowski as well as the infamous assassin Goodkat and finds himself having to hatch his own ingenious plot to get them before they get him.
2006,Man of the Year,notalk,fail,23.12,43.28,47.78,115,23455,39,6.1,PG-13,English,USA,Barry Levinson,Barry Levinson,"Comedy, Drama, Romance","A comedian who hosts a news satire program decides to run for president, and a computerized voting machine malfunction gets him elected."
2006,Open Season,notalk,fail,98.24,98.36,219.49,83,48981,49,6.2,PG,English,USA,"Steve Bencich (screenplay), Ron J. Friedman (screenplay), Nat Mauldin (screenplay), Jill Culton (screen story), Anthony Stacchi (screen story), Steve Moore (original story), John B. Carls (original story), Sam Harper (additional story material), Dan Wilson (additional story material), David Gilbreth (additional story material)","Roger Allers, Jill Culton, Anthony Stacchi","Animation, Adventure, Comedy","Boog, a domesticated 900lb. Grizzly bear finds himself stranded in the woods 3 days before Open Season. Forced to rely on Elliot, a fast-talking mule deer, the two form an unlikely friendship and must quickly rally other forest animals if they are to form a rag-tag army against the hunters."
2006,Superman Returns,notalk,fail,268.14,231.3,451.77,154,205733,72,6.2,PG-13,"English, German, French",USA,"Michael Dougherty (screenplay), Dan Harris (screenplay), Bryan Singer (story), Michael Dougherty (story), Dan Harris (story), Jerry Siegel (characters), Joe Shuster (characters)",Bryan Singer,"Action, Adventure, Fantasy","After a long visit to the lost remains of the planet Krypton, the Man of Steel returns to Earth to become the people's savior once again and reclaim the love of Lois Lane."
2006,The Da Vinci Code,notalk,fail,144.47,251.43,887.44,149,237427,46,6.5,PG-13,"English, French, Latin, Spanish","USA, Malta, France, UK","Akiva Goldsman (screenplay), Dan Brown (novel)",Ron Howard,"Mystery, Thriller",A murder inside the Louvre and clues in Da Vinci paintings lead to the discovery of a religious mystery protected by a secret society for two thousand years -- which could shake the foundations of Christianity.
2006,The Departed,notalk,fail,104.02,154.08,335.8,151,597745,86,8.5,R,"English, Cantonese","USA, Hong Kong","William Monahan (screenplay), Alan Mak, Felix Chong",Martin Scorsese,"Crime, Drama, Thriller","An undercover state cop who has infiltrated an Irish gang and a mole in the police force working for the same mob race to track down and identify each other before being exposed to the enemy, after both sides realize their outfit has a rat."
2006,The History Boys,notalk,fail,4.28,3.16,15.52,109,15237,74,6.8,R,English,UK,"Alan Bennett (screenplay), Alan Bennett (play)",Nicholas Hytner,"Comedy, Drama","An unruly class of gifted and charming teenage boys are taught by two eccentric and innovative teachers, as their headmaster pushes for them all to get accepted into Oxford or Cambridge."
2006,The Prestige,notalk,fail,46.23,61.36,124.71,130,555742,66,8.5,PG-13,English,"USA, UK","Jonathan Nolan (screenplay), Christopher Nolan (screenplay), Christopher Priest (novel)",Christopher Nolan,"Drama, Mystery, Thriller",The rivalry between two magicians becomes more exacerbated by their attempt to perform the ultimate illusion.
2006,Ultraviolet,notalk,fail,34.67,21.41,23.95,88,61417,18,4.4,PG-13,"English, Vietnamese",USA,Kurt Wimmer,Kurt Wimmer,"Action, Sci-Fi","A beautiful hemophage infected with a virus that gives her superhuman powers has to protect a boy in a futuristic world, who is thought to be carrying antigens that would destroy all hemophages."
2006,We Are Marshall,notalk,fail,75.13,50.33,50.33,131,34889,53,7.1,PG,English,USA,"Jamie Linden (screenplay), Cory Helms (story), Jamie Linden (story)",McG,"Drama, Sport","When a plane crash claims the lives of members of the Marshall University football team and some of its fans, the team's new coach and his surviving players try to keep the football program alive."
2006,Wristcutters: A Love Story,notalk,fail,1.16,0.52,0.53,88,38344,62,7.4,R,English,"USA, UK","Goran Dukic (screenplay), Etgar Keret (short story ""Kneller's Happy Campers"")",Goran Dukic,"Comedy, Drama, Fantasy",A film set in a strange afterlife way station that has been reserved for people who have committed suicide.
2006,"You, Me and Dupree",notalk,fail,62.41,87.61,150.72,108,57642,46,5.6,PG-13,English,USA,Michael LeSieur,"Anthony Russo, Joe Russo","Comedy, Romance","A best man (Wilson) stays on as a houseguest with the newlyweds, much to the couple's annoyance."
2006,300,nowomen,fail,69.35,243.43,524.92,117,450693,51,7.8,R,English,USA,"Zack Snyder (screenplay), Kurt Johnstad (screenplay), Michael Gordon (screenplay), Frank Miller (graphic novel), Lynn Varley (graphic novel)",Zack Snyder,"Action, Fantasy, History",King Leonidas and a force of 300 men fight the Persians at Thermopylae in 480 B.C.
2006,Crank,nowomen,fail,13.87,32.18,50.77,88,154657,57,7,R,"English, Spanish, Korean",USA,"Mark Neveldine, Brian Taylor","Mark Neveldine, Brian Taylor","Action, Crime, Thriller",Professional assassin Chev Chelios learns his rival has injected him with a poison that will kill him if his heart rate drops.
2006,Flushed Away,nowomen,fail,172.21,74.74,205.35,85,64285,74,6.7,PG,English,"UK, USA","Dick Clement (screenplay), Ian La Frenais (screenplay), Christopher Lloyd (screenplay), Joe Keenan (screenplay), William Davies (screenplay), Sam Fell (story), Peter Lord (story), Dick Clement (story), Ian La Frenais (story)","David Bowers, Sam Fell","Animation, Adventure, Comedy","The story of an uptown rat that gets flushed down the toilet from his penthouse apartment, ending in the sewers of London, where he has to learn a whole new and different way of life."
2006,Nacho Libre,nowomen,fail,36.99,92.69,114.77,92,54624,52,5.7,PG,"English, Spanish","Germany, USA","Jared Hess, Jerusha Hess, Mike White",Jared Hess,"Comedy, Family, Sport","Berated all his life by those around him, a monk follows his dream and dons a mask to moonlight as a Luchador (Mexican wrestler)."
2006,The Illusionist,nowomen,fail,19.07,46.08,96.85,110,225088,68,7.6,PG-13,English,"USA, Czech Republic","Neil Burger (screenplay), Steven Millhauser (short story ""Eisenheim the Illusionist"")",Neil Burger,"Drama, Mystery, Romance","In turn-of-the-century Vienna, a magician uses his abilities to secure the love of a woman far above his social standing."
2006,The Pursuit of Happyness,nowomen,fail,63.57,187.92,355.21,117,245551,64,7.9,PG-13,"English, Cantonese",USA,Steve Conrad,Gabriele Muccino,"Biography, Drama",A struggling salesman takes custody of his son as he's poised to begin a life-changing professional endeavor.
2006,Akeelah and the Bee,pass,pass,9.25,21.78,21.91,112,12905,72,7.5,PG,English,USA,Doug Atchison,Doug Atchison,Drama,A young girl from South Los Angeles tries to make it to the National Spelling Bee.
2006,Aquamarine,pass,pass,13.87,21.49,26.56,104,22166,51,5.2,PG,English,"USA, Australia","John Quaintance (screenplay), Jessica Bendinger (screenplay), Alice Hoffman (novel)",Elizabeth Allen Rosenbaum,"Comedy, Family, Fantasy",Two teenage girls discover a mermaid in their beach club's swimming pool.
2006,Black Christmas,pass,pass,10.4,18.77,18.77,84,17021,22,4.5,R,English,"USA, Canada","Glen Morgan (screenplay), Roy Moore",Glen Morgan,"Horror, Thriller","An escaped maniac returns to his childhood home on Christmas Eve, which is now a sorority house, and begins to murder the sorority sisters one by one."
2006,Bug,pass,pass,4.62,8.1,8.1,102,23866,62,6,R,English,"USA, Germany","Tracy Letts (screenplay), Tracy Letts (play)",William Friedkin,"Drama, Horror, Thriller",An unhinged war veteran holes up with a lonely woman in a spooky Oklahoma motel room. The line between reality and delusion is blurred as they discover a bug infestation.
2006,Children of Men,pass,pass,87.84,41.09,80.27,109,294845,84,7.9,R,"English, German, Italian, Romanian, Spanish, Arabic, Georgian","USA, UK","Alfonso Cuarón (screenplay), Timothy J. Sexton (screenplay), David Arata (screenplay), Mark Fergus (screenplay), Hawk Ostby (screenplay), P.D. James (novel)",Alfonso Cuarón,"Drama, Sci-Fi, Thriller","In 2027, in a chaotic world in which women have become somehow infertile, a former activist agrees to help transport a miraculously pregnant woman to a sanctuary at sea."
2006,DOA: Dead or Alive,pass,pass,34.67,0.56,8.96,87,33879,38,4.8,PG-13,English,"USA, Germany, UK","J.F. Lawton (screenplay), Adam Gross (screenplay), Seth Gross (screenplay), J.F. Lawton (story)",Corey Yuen,"Action, Adventure",The movie adaptation of the best selling video game series Dead or Alive.
2006,Final Destination 3,pass,pass,28.89,62.53,130.37,93,79079,41,5.8,R,English,"Germany, USA, Canada","Glen Morgan, James Wong, Jeffrey Reddick (characters)",James Wong,"Horror, Thriller","In this third installment of the Final Destination series, a student's premonition of a deadly rollercoaster ride saves her life and a lucky few, but not from death itself which seeks out those who escaped their fate."
2006,For Your Consideration,pass,pass,13.87,6.41,6.41,86,10973,68,6.3,PG-13,English,USA,"Christopher Guest, Eugene Levy",Christopher Guest,Comedy,"Three actors learn that their respective performances in the film ""Home for Purim,"" a drama set in the mid-1940s American South, are generating award-season buzz."
2006,Friends with Money,pass,pass,7.51,15.45,20.25,88,16912,68,5.9,R,English,USA,Nicole Holofcener,Nicole Holofcener,"Comedy, Drama, Romance","After she quits her lucrative job, Olivia finds herself unsure about her future and her relationships with her successful and wealthy friends."
2006,Idlewild,pass,pass,17.34,14.64,14.64,121,4130,55,6.2,R,English,USA,Bryan Barber,Bryan Barber,"Crime, Drama, Musical","A musical set in the Prohibition-era American South, where a speakeasy performer and club manager Rooster must contend with gangsters who have their eyes on the club while his piano player ..."
2006,Last Holiday,pass,pass,52.01,44.38,50.1,112,16794,52,6.3,PG-13,"English, French",USA,"Jeffrey Price (screenplay), Peter S. Seaman (screenplay), J.B. Priestley",Wayne Wang,"Adventure, Comedy, Drama","After she's diagnosed with a terminal illness, a shy woman decides to take a European vacation."
2006,Little Children,pass,pass,16.18,6.31,17.06,136,79815,75,7.6,R,English,USA,"Todd Field (screenplay), Tom Perrotta (screenplay), Tom Perrotta (based on the novel by)",Todd Field,Drama,"The lives of two lovelorn spouses from separate marriages, a registered sex offender, and a disgraced ex-police officer intersect as they struggle to resist their vulnerabilities and temptations."
2006,Little Miss Sunshine,pass,pass,9.25,69.22,116.22,101,278063,80,7.9,R,English,USA,Michael Arndt,"Jonathan Dayton, Valerie Faris","Adventure, Comedy, Drama",A family determined to get their young daughter into the finals of a beauty pageant take a cross-country trip in their VW bus.
2006,Marie Antoinette,pass,pass,46.23,18.45,70.34,123,63015,65,6.4,PG-13,"English, Latin, French","USA, France, Japan",Sofia Coppola,Sofia Coppola,"Biography, Drama, History","The retelling of France's iconic but ill-fated queen, Marie Antoinette. From her betrothal and marriage to Louis XVI at 15 to her reign as queen at 19 and to the end of her reign as queen and ultimately the fall of Versailles."
2006,Miss Potter,pass,pass,34.67,3.47,41.48,92,20120,57,7,PG,English,"UK, USA, Isle Of Man",Richard Maltby Jr.,Chris Noonan,"Biography, Drama","The story of Beatrix Potter, the author of the beloved and best-selling children's book, ""The Tale of Peter Rabbit"", and her struggle for love, happiness and success."
2006,Monster House,pass,pass,86.68,85.14,163.28,91,51677,68,6.7,PG,English,USA,"Dan Harmon (screenplay), Rob Schrab (screenplay), Pamela Pettler (screenplay), Dan Harmon (story), Rob Schrab (story)",Gil Kenan,"Animation, Comedy, Family","Three teens discover that their neighbor's house is really a living, breathing, scary monster."
2006,Night at the Museum,pass,pass,127.14,289.95,663.98,108,160881,48,6.3,PG,"English, Italian, Hebrew","USA, UK","Robert Ben Garant (screenplay), Thomas Lennon (screenplay), Robert Ben Garant (screen story), Thomas Lennon (screen story), Milan Trenc (book)",Shawn Levy,"Action, Adventure, Comedy",A newly recruited night security guard at the Museum of Natural History discovers that an ancient curse causes the animals and exhibits on display to come to life and wreak havoc.
2006,Notes on a Scandal,pass,pass,31.78,20.24,57.5,92,55173,73,7.5,R,"English, French",UK,"Patrick Marber (screenplay), Zoe Heller (novel)",Richard Eyre,"Drama, Thriller","A veteran high school teacher befriends a younger art teacher, who is having an affair with one of her 15-year-old students. However, her intentions with this new ""friend"" also go well beyond platonic friendship."
2006,Perfume: The Story of a Murderer,pass,pass,73.62,2.57,154.42,147,149874,56,7.5,R,English,"Germany, France, Spain, USA","Andrew Birkin (screenplay), Bernd Eichinger (screenplay), Tom Tykwer (screenplay), Patrick Süskind (novel)",Tom Tykwer,"Crime, Drama, Fantasy","Jean-Baptiste Grenouille, born with a superior olfactory sense, creates the world's finest perfume. His work, however, takes a dark turn as he searches for the ultimate scent."
2006,Running with Scissors,pass,pass,13.87,7.93,10.06,116,18296,52,6.2,R,English,USA,"Ryan Murphy (screenplay), Augusten Burroughs (book)",Ryan Murphy,"Comedy, Drama","Young Augusten Burroughs absorbs experiences that could make for a shocking memoir: the son of an alcoholic father and an unstable mother, he's handed off to his mother's therapist, Dr. Finch, and spends his adolescent years as a member of Finch's bizarre extended family."
2006,Silent Hill,pass,pass,57.79,54.3,115.56,125,133393,30,6.6,R,English,"Canada, France, Japan, USA",Roger Avary,Christophe Gans,"Horror, Mystery","A woman goes in search for her daughter, within the confines of a strange, desolate town called Silent Hill. Based on the video game."
2006,Slither,pass,pass,17.63,9.02,14.94,95,50784,69,6.5,R,English,"Canada, USA",James Gunn,James Gunn,"Comedy, Horror, Sci-Fi","A small town is taken over by an alien plague, turning residents into zombies and all forms of mutant monsters."
2006,Snakes on a Plane,pass,pass,38.14,39.32,71.68,105,102897,58,5.7,R,English,"Germany, USA, Canada","John Heffernan (screenplay), Sebastian Gutierrez (screenplay), David Dalessandro (story), John Heffernan (story)",David R. Ellis,"Action, Thriller","An FBI agent takes on a plane full of deadly and poisonous snakes, deliberately released to kill a witness being flown from Honolulu to Los Angeles to testify against a mob boss."
2006,Southland Tales,pass,pass,19.65,0.32,0.42,145,29562,44,5.5,R,English,"France, Germany, USA",Richard Kelly,Richard Kelly,"Comedy, Drama, Sci-Fi","Southland Tales is an ensemble piece set in the futuristic landscape of Los Angeles on July 4, 2008, as it stands on the brink of social, economic and environmental disaster. Boxer Santaros..."
2006,Stick It,pass,pass,23.12,31.1,35.14,103,18175,53,6.3,PG-13,English,"Germany, USA",Jessica Bendinger,Jessica Bendinger,"Comedy, Drama, Sport","After a run-in with the law, Haley Graham (Missy Peregrym) is forced to return to the world from which she fled some years ago. Enrolled in an elite gymnastics program run by the legendary Burt Vickerman (Jeff Bridges), Haley's rebellious attitude gives way to something that just might be called team spirit."
2006,Stranger Than Fiction,pass,pass,34.67,46.73,52.28,113,158488,67,7.7,PG-13,English,USA,Zach Helm,Marc Forster,"Comedy, Drama, Fantasy","An IRS auditor suddenly finds himself the subject of narration only he can hear: narration that begins to affect his entire life, from his work, to his love-interest, to his death."
2006,Take the Lead,pass,pass,34.67,40.15,75.58,118,18271,55,6.6,PG-13,English,USA,Dianne Houston,Liz Friedlander,"Drama, Music",The real story of a dance teacher who believed in the talent of a group of problem kids.
2006,The Dead Girl,pass,pass,3.81,0.02,0.02,85,10463,65,6.8,R,English,USA,Karen Moncrieff,Karen Moncrieff,"Drama, Mystery, Thriller",The clues to a young woman's death come together as the lives of seemingly unrelated people begin to intersect.
2006,The Devil Wears Prada,pass,pass,40.45,144.17,377.43,109,201103,62,6.8,PG-13,"English, French",USA,"Aline Brosh McKenna (screenplay), Lauren Weisberger (novel)",David Frankel,"Comedy, Drama, Romance","A naive young woman comes to New York and scores a job as the assistant to one of the city's biggest magazine editors, the ruthless and cynical Miranda Priestly."
2006,The Grudge 2,pass,pass,23.12,45.24,81.77,102,30467,33,4.9,PG-13,"English, Japanese","USA, Japan","Stephen Susco, Takashi Shimizu (film ""Ju-On: The Grudge"")",Takashi Shimizu,"Horror, Thriller","In Tokyo, a young woman (Tamblyn) is exposed to the same mysterious curse that afflicted her sister (Gellar). The supernatural force, which fills a person with rage before spreading to its next victim, brings together a group of previously unrelated people who attempt to unlock its secret to save their lives."
2006,The Holiday,pass,pass,98.24,73.14,237.16,138,137228,52,6.9,PG-13,English,USA,Nancy Meyers,Nancy Meyers,"Comedy, Romance","Two women troubled with guy-problems swap homes in each other's countries, where they each meet a local guy and fall in love."
2006,The Host,pass,pass,57.79,30.77,67.25,119,53186,85,7,R,"Korean, English",South Korea,"Joon-ho Bong (screenplay), Won-jun Ha (screenplay), Chul-hyun Baek (screenplay)",Joon-ho Bong,"Action, Horror, Sci-Fi",A monster emerges from Seoul's Han River and focuses its attention on attacking people. One victim's loving family does what it can to rescue her from its clutches.
2006,Volver,pass,pass,10.86,14.91,98.94,121,62227,84,7.6,R,Spanish,Spain,Pedro Almodóvar,Pedro Almodóvar,"Comedy, Crime, Drama","After her death, a mother returns to her home town in order to fix the situations she couldn't resolve during her life."
2006,When a Stranger Calls,pass,pass,17.34,55.32,77.37,87,28746,27,4.9,PG-13,English,USA,"Jake Wade Wall (screenplay), Steve Feke, Fred Walton",Simon West,"Horror, Thriller","During an otherwise routine babysitting gig, a high-school student is harassed by an increasingly threatening prank caller."
2006,X-Men: The Last Stand,pass,pass,242.72,270.88,530.93,104,261988,58,6.8,PG-13,English,"Canada, USA, UK","Simon Kinberg, Zak Penn",Brett Ratner,"Action, Adventure, Sci-Fi","When a cure is found to treat mutations, lines are drawn amongst the X-Men, led by Professor Charles Xavier, and the Brotherhood, a band of powerful mutants organized under Xavier's former ally, Magneto."
2006,Zoom,pass,pass,40.45,13.86,14.45,83,11817,26,4.1,PG,English,USA,"Adam Rifkin (screenplay), David Berenbaum (screenplay), Adam Rifkin (screen story), Jason Lethcoe (novel)",Peter Hewitt,"Action, Adventure, Family",Former superhero Jack is called back to work to transform an unlikely group of ragtag kids into superheroes at a private Academy.
2007,No Country for Old Men,dubious,fail,28.09,83.45,184.32,122,433918,91,8.2,R,"English, Spanish",USA,"Joel Coen (screenplay), Ethan Coen (screenplay), Cormac McCarthy (novel)","Ethan Coen, Joel Coen","Crime, Drama, Thriller",Violence and mayhem ensue after a hunter stumbles upon a drug deal gone wrong and more than two million dollars in cash near the Rio Grande.
2007,Paranormal Activity,dubious,fail,0.51,121.25,218.17,86,143490,68,6.4,R,English,USA,Oren Peli,Oren Peli,"Horror, Mystery","After moving into a suburban home, a couple becomes increasingly disturbed by a nightly demonic presence."
2007,Teeth,dubious,fail,2.25,0.39,2.64,94,27932,57,5.5,R,English,USA,Mitchell Lichtenstein,Mitchell Lichtenstein,"Comedy, Horror, Thriller","Still a stranger to her own body, a high school student discovers she has a physical advantage when she becomes the object of male violence."
2007,The Visitor,dubious,fail,4.49,10.59,21.54,104,32529,79,7.7,PG-13,"English, French, Arabic, Romanian",USA,Thomas McCarthy,Thomas McCarthy,"Crime, Drama, Music",A college professor travels to New York City to attend a conference and finds a young couple living in his apartment.
2007,30 Days of Night,men,fail,33.71,44.46,90.19,113,114140,53,6.6,R,English,"USA, New Zealand","Steve Niles (screenplay), Stuart Beattie (screenplay), Brian Nelson (screenplay), Steve Niles (comic), Ben Templesmith (comic)",David Slade,"Horror, Thriller","After an Alaskan town is plunged into darkness for a month, it is attacked by a bloodthirsty gang of vampires."
2007,Charlie Bartlett,men,fail,13.48,4.44,5.95,97,47631,54,7.1,R,English,USA,Gustin Nash,Jon Poll,"Comedy, Drama, Romance",A rich kid becomes the self-appointed psychiatrist to the student body of his new high school.
2007,Michael Clayton,men,fail,24.16,55.09,104.48,119,113680,82,7.3,R,English,USA,Tony Gilroy,Tony Gilroy,"Crime, Drama, Mystery","A law firm brings in its ""fixer"" to remedy the situation after a lawyer has a breakdown while representing a chemical company that he knows is guilty in a multi-billion dollar class action suit."
2007,Music and Lyrics,men,fail,44.94,56.82,162.94,96,63743,59,6.6,PG-13,English,USA,Marc Lawrence,Marc Lawrence,"Comedy, Music, Romance","A washed up singer is given a couple days to compose a chart-topping hit for an aspiring teen sensation. Though he's never written a decent lyric in his life, he sparks with an offbeat younger woman with a flair for words."
2007,The Signal,men,fail,0.06,0.28,0.46,103,15809,63,6.1,R,English,USA,"David Bruckner (screenplay), Jacob Gentry (screenplay), Dan Bush (screenplay)","David Bruckner, Dan Bush, Jacob Gentry","Horror, Sci-Fi, Thriller","A horror film told in three parts, from three perspectives, in which a mysterious transmission that turns people into killers invades every cell phone, radio, and television."
2007,88 Minutes,notalk,fail,33.71,19.02,37.03,108,56248,17,5.9,R,English,"USA, Germany, Canada",Gary Scott Thompson,Jon Avnet,"Drama, Mystery, Thriller","On the day that a serial killer that he helped put away is supposed to be executed, a noted forensic psychologist and college professor receives a call informing him that he has 88 minutes left to live."
2007,Hannibal Rising,notalk,fail,56.18,31.09,90.54,121,68550,35,6.2,R,"English, German, Russian","UK, Czech Republic, France, Italy","Thomas Harris (screenplay), Thomas Harris (novel)",Peter Webber,"Crime, Drama, Thriller","After the death of his parents during World War II, young Hannibal Lecter moves in with his beautiful aunt and begins plotting revenge on the barbarians responsible for his sister's death."
2007,Hot Fuzz,notalk,fail,17.98,26.54,91.84,121,264052,81,7.9,R,English,"UK, France, USA","Edgar Wright, Simon Pegg",Edgar Wright,"Action, Comedy","Exceptional London cop Nicholas Angel is involuntarily transferred to a quaint English village and paired with a witless new partner. While on the beat, Nicholas suspects a sinister conspiracy is afoot with the residents."
2007,Hot Rod,notalk,fail,28.09,15.66,16.11,88,47480,43,6.7,PG-13,English,USA,Pam Brady,Akiva Schaffer,Comedy,Self-proclaimed stuntman Rod Kimble is preparing for the jump of his life - to clear fifteen buses to raise money for his abusive stepfather Frank's life-saving heart operation.
2007,Into the Wild,notalk,fail,22.47,20.62,63.36,148,290910,73,8.2,R,"English, Danish",USA,"Sean Penn (screenplay), Jon Krakauer (book)",Sean Penn,"Adventure, Biography, Drama","After graduating from Emory University, top student and athlete Christopher McCandless abandons his possessions, gives his entire $24,000 savings account to charity and hitchhikes to Alaska to live in the wilderness. Along the way, Christopher encounters a series of characters that shape his life."
2007,Live Free or Die Hard,notalk,fail,123.59,151.15,430.91,128,275780,69,7.3,PG-13,"English, Italian, French","USA, UK","Mark Bomback (screenplay), Mark Bomback (story), David Marconi (story), John Carlin (article), Roderick Thorp (certain original characters)",Len Wiseman,"Action, Crime, Thriller",John McClane and a young hacker join forces to take down master cyber-terrorist Thomas Gabriel in Washington D.C.
2007,Shooter,notalk,fail,67.41,52.81,107.53,124,193652,53,7.2,R,English,USA,"Jonathan Lemkin (screenplay), Stephen Hunter (novel)",Antoine Fuqua,"Action, Crime, Drama","A marksman living in exile is coaxed back into action after learning of a plot to kill the president. Ultimately double-crossed and framed for the attempt, he goes on the run to track the real killer and find out who exactly set him up, and why."
2007,Sunshine,notalk,fail,44.94,4.14,35.99,107,146838,64,7.3,R,English,"UK, USA",Alex Garland,Danny Boyle,"Adventure, Sci-Fi, Thriller",A team of international astronauts are sent on a dangerous mission to reignite the dying Sun with a nuclear fission bomb in 2057.
2007,Superbad,notalk,fail,19.66,136.47,190.85,113,326763,76,7.7,R,English,USA,"Seth Rogen, Evan Goldberg",Greg Mottola,Comedy,Two co-dependent high school seniors are forced to deal with separation anxiety after their plan to stage a booze-soaked party goes awry.
2007,The Bucket List,notalk,fail,50.56,105.01,195.85,97,144493,42,7.4,PG-13,English,USA,Justin Zackham,Rob Reiner,"Adventure, Comedy, Drama",Two terminally ill men escape from a cancer ward and head off on a road trip with a wish list of to-dos before they die.
2007,The Number 23,notalk,fail,35.95,39.54,87.18,101,134897,NA,6.4,R,"English, Chinese","USA, Germany",Fernley Phillips,Joel Schumacher,"Mystery, Thriller","Walter Sparrow becomes obsessed with a novel that he believes was written about him. As his obsession increases, more and more similarities seem to arise."
2007,TMNT,notalk,fail,39.32,60.84,107.97,87,44957,41,6.4,PG,English,"Hong Kong, USA","Kevin Munroe, Peter Laird (characters), Kevin Eastman (characters)",Kevin Munroe,"Animation, Action, Adventure","The continued adventures of the four adolescent mutated turtles gifted in the art of the ninja, as they attempt to stop a mysterious evil that threatens to end the world."
2007,Transformers,notalk,fail,169.66,358.69,795.78,144,394261,61,7.2,PG-13,"English, Spanish",USA,"Roberto Orci (screenplay), Alex Kurtzman (screenplay), John Rogers (story), Roberto Orci (story), Alex Kurtzman (story)",Michael Bay,"Action, Adventure, Sci-Fi","An ancient struggle between two Cybertronian races, the heroic Autobots and the evil Decepticons, comes to Earth, with a clue to the ultimate power held by a teenager."
2007,3:10 to Yuma,nowomen,fail,53.93,60.23,79.96,122,191108,76,7.8,R,"English, Chinese",USA,"Halsted Welles (screenplay), Michael Brandt (screenplay), Derek Haas (screenplay), Elmore Leonard (short story)",James Mangold,"Adventure, Crime, Drama",A small-time rancher agrees to hold a captured outlaw who's awaiting a train to go to court in Yuma. A battle of wills ensues as the outlaw tries to psych out the rancher.
2007,Hitman,nowomen,fail,19.66,44.59,112.32,89,111266,35,6.3,R,"English, Russian, Serbo-Croatian","France, USA",Skip Woods,Xavier Gens,"Action, Crime, Drama","A gun-for-hire known only as Agent 47 hired by a group known only as 'The Organization' is ensnared in a political conspiracy, which finds him pursued by both Interpol and the Russian military as he treks across Russia and Eastern Europe."
2007,Ratatouille,nowomen,fail,168.53,231.95,703.96,111,339920,96,8,G,"English, French",USA,"Brad Bird (screenwriter), Jan Pinkava (original story by), Jim Capobianco (original story), Brad Bird (original story), Emily Cook (additional story material), Kathy Greenberg (additional story material), Bob Peterson (additional story material)","Brad Bird, Jan Pinkava","Animation, Comedy, Family","A rat, who can also cook, makes an unusual alliance with a young kitchen worker at a famous restaurant."
2007,The Kite Runner,nowomen,fail,22.47,17.75,83.35,128,58972,61,7.6,PG-13,"Dari, English, Pushto, Russian, Urdu","USA, China","David Benioff (screenplay), Khaled Hosseini (novel)",Marc Forster,Drama,"After spending years in California, Amir returns to his homeland in Afghanistan to help his old friend Hassan, whose son is in trouble."
2007,There Will Be Blood,nowomen,fail,28.09,45.19,86.75,158,272680,92,8.1,R,"English, American Sign Language",USA,"Paul Thomas Anderson (screenplay), Upton Sinclair (novel)",Paul Thomas Anderson,Drama,"A story of family, religion, hatred, oil and madness, focusing on a turn-of-the-century prospector in the early days of the business."
2007,We Own the Night,nowomen,fail,31.46,32.09,62.14,117,63331,59,6.9,R,"English, Russian",USA,James Gray,James Gray,"Crime, Drama, Thriller",A New York nightclub manager tries to save his brother and father from Russian mafia hit men.
2007,1408,pass,pass,25.28,80.88,147.48,104,167687,64,6.8,PG-13,English,USA,"Matt Greenberg (screenplay), Scott Alexander (screenplay), Larry Karaszewski (screenplay), Stephen King (short story)",Mikael Håfström,"Horror, Mystery","A man who specializes in debunking paranormal occurrences checks into the fabled room 1408 in the Dolphin Hotel. Soon after settling in, he confronts genuine terror."
2007,28 Weeks Later,pass,pass,16.85,32.18,72.17,100,166068,78,7,R,English,"UK, Spain","Rowan Joffe (screenplay), Juan Carlos Fresnadillo (screenplay), Enrique López Lavigne (screenplay), Jesús Olmo (screenplay)",Juan Carlos Fresnadillo,"Horror, Sci-Fi, Thriller","Six months after the rage virus was inflicted on the population of Great Britain, the US Army helps to secure a small area of London for the survivors to repopulate and start again. But not everything goes to plan."
2007,Across the Universe,pass,pass,50.56,27.35,33,133,78923,56,7.5,PG-13,English,"USA, UK","Dick Clement (screenplay), Ian La Frenais (screenplay), Julie Taymor (story), Dick Clement (story), Ian La Frenais (story)",Julie Taymor,"Drama, Fantasy, Musical",The music of the Beatles and the Vietnam War form the backdrop for the romance between an upper-class American girl and a poor Liverpudlian artist.
2007,Atonement,pass,pass,33.71,57.28,146.29,123,152257,85,7.8,R,"English, French","UK, France, USA","Ian McEwan (novel), Christopher Hampton (screenplay)",Joe Wright,"Drama, Mystery, Romance","Fledgling writer Briony Tallis, as a 13-year-old, irrevocably changes the course of several lives when she accuses her older sister's lover of a crime he did not commit. Based on the British romance novel by Ian McEwan."
2007,Becoming Jane,pass,pass,18.54,20.97,44.23,120,34159,55,7.1,PG,English,"UK, Ireland","Jane Austen (letters), Kevin Hood, Sarah Williams",Julian Jarrold,"Biography, Drama, Romance",A biographical portrait of a pre-fame Jane Austen and her romance with a young Irishman.
2007,Beowulf,pass,pass,168.53,92.35,219.09,115,122239,59,6.3,PG-13,"English, Old English",USA,"Neil Gaiman (screenplay), Roger Avary (screenplay), Anonymous (epic poem ""Beowulf"")",Robert Zemeckis,"Animation, Action, Adventure","The warrior Beowulf must fight and defeat the monster Grendel who is terrorizing towns, and later, Grendel's mother, who begins killing out of revenge."
2007,Blades of Glory,pass,pass,68.54,133.25,163.58,93,99595,64,6.4,PG-13,"English, Japanese",USA,"Jeff Cox (screenplay), Craig Cox (screenplay), John Altschuler (screenplay), Dave Krinsky (screenplay), Craig Cox (story), Jeff Cox (story), Busy Philipps (story)","Josh Gordon, Will Speck","Comedy, Sport","In 2002, two rival Olympic ice skaters were stripped of their gold medals and permanently banned from men's single competition. Presently, however, they've found a loophole that will allow them to qualify as a pairs team."
2007,Bridge to Terabithia,pass,pass,28.09,92.39,155.03,96,84588,74,7.2,PG,English,USA,"Jeff Stockwell (screenplay), David Paterson (screenplay), Katherine Paterson (book)",Gabor Csupo,"Adventure, Drama, Family",A preteen's life is changed after befriending the new girl at school.
2007,Brooklyn Rules,pass,pass,8.99,0.51,0.51,99,4494,53,6.4,R,English,USA,Terence Winter,Michael Corrente,"Crime, Drama","Brooklyn, 1985. With the mob world as a backdrop, three life-long friends struggle with questions of love, loss and loyalty."
2007,Death at a Funeral,pass,pass,23.59,48.02,55.03,90,74756,67,7.4,R,English,"USA, Germany, UK, Netherlands",Dean Craig,Frank Oz,Comedy,Chaos ensues when a man tries to expose a dark secret regarding a recently deceased patriarch of a dysfunctional British family.
2007,Diary of the Dead,pass,pass,3.09,1.07,6.06,95,35894,66,5.8,R,English,USA,George A. Romero,George A. Romero,Horror,A group of young film students run into real-life zombies while filming a horror movie of their own.
2007,Disturbia,pass,pass,22.47,90.12,132.1,105,158945,62,6.9,PG-13,"English, Spanish",USA,"Christopher Landon (screenplay), Carl Ellsworth (screenplay), Christopher Landon (story)",D.J. Caruso,"Drama, Mystery, Thriller",A teen living under house arrest becomes convinced his neighbor is a serial killer.
2007,Eastern Promises,pass,pass,56.18,19.3,62.21,100,158868,82,7.7,R,"English, Russian, Turkish, Ukrainian, Urdu","USA, UK, Canada",Steven Knight (screenplay),David Cronenberg,"Crime, Mystery, Thriller",A Russian teenager living in London who dies during childbirth leaves clues to a midwife in her journal that could tie her child to a rape involving a violent Russian mob family.
2007,Enchanted,pass,pass,95.5,143.48,382.44,107,110303,75,7.2,PG,English,USA,Bill Kelly,Kevin Lima,"Comedy, Family, Fantasy","A classic Disney fairytale collides with modern-day New York City in a story about a fairytale princess who is sent to our world by an evil queen. Soon after her arrival, Princess Giselle begins to change her views on life and love after meeting a handsome lawyer. Can a storybook view of romance survive in the real world?"
2007,Gone Baby Gone,pass,pass,21.35,22.81,38.9,114,148706,72,7.7,R,English,USA,"Ben Affleck (screenplay), Aaron Stockard (screenplay), Dennis Lehane (novel)",Ben Affleck,"Crime, Drama, Mystery","Two Boston area detectives investigate a little girl's kidnapping, which ultimately turns into a crisis both professionally and personally. Based on the Dennis Lehane novel."
2007,Hairspray,pass,pass,84.27,133.56,227.94,117,77298,81,6.9,PG,English,"USA, UK","Leslie Dixon (screenplay), John Waters, Mark O'Donnell (musical play), Thomas Meehan (musical play)",Adam Shankman,"Comedy, Musical, Romance",Pleasantly plump teenager Tracy Turnblad teaches 1962 Baltimore a thing or two about integration after landing a spot on a local TV dance show.
2007,Halloween,pass,pass,16.85,65.47,87.09,109,72927,47,6.1,R,English,USA,"Rob Zombie (screenplay), John Carpenter, Debra Hill",Rob Zombie,Horror,"After being committed for 17 years, Michael Myers, now a grown man and still very dangerous, escapes from the mental institution (where he was committed as a 10 year old) and he immediately returns to Haddonfield, where he wants to find his baby sister, Laurie. Anyone who crosses his path is in mortal danger."
2007,Harry Potter and the Order of the Phoenix,pass,pass,168.53,328.08,1059.44,138,261515,71,7.4,PG-13,English,"UK, USA","Michael Goldenberg (screenplay), J.K. Rowling (novel)",David Yates,"Adventure, Family, Fantasy","With their warning about Lord Voldemort's return scoffed at, Harry and Dumbledore are targeted by the Wizard authorities as an authoritarian bureaucrat slowly seizes power at Hogwarts."
2007,Hostel: Part II,pass,pass,8.43,19.71,37.76,94,56249,46,5.4,R,"English, Slovak, Italian, Czech",USA,"Eli Roth, Eli Roth (characters)",Eli Roth,Horror,"Three American college students studying abroad are lured to a Slovakian hostel, and discover the grim reality behind it."
2007,I Am Legend,pass,pass,168.53,288.07,657.73,101,375510,65,7.2,PG-13,English,USA,"Mark Protosevich (screenplay), Akiva Goldsman (screenplay), Richard Matheson (novel), John William Corrington, Joyce Hooper Corrington",Francis Lawrence,"Drama, Sci-Fi, Thriller","Years after a plague kills most of humanity and transforms the rest into monsters, the sole survivor in New York City struggles valiantly to find a cure."
2007,Juno,pass,pass,7.86,161.22,260.04,96,323349,81,7.6,PG-13,English,USA,Diablo Cody,Jason Reitman,"Comedy, Drama, Romance","Faced with an unplanned pregnancy, an offbeat young woman makes an unusual decision regarding her unborn child."
2007,Knocked Up,pass,pass,30.9,167.14,246.23,129,237331,85,7.1,R,English,USA,Judd Apatow,Judd Apatow,"Comedy, Drama, Romance","For fun loving party animal Ben Stone, the last thing he ever expected was for his one night stand to show up on his doorstep eight weeks later to tell him she's pregnant."
2007,No Reservations,pass,pass,31.46,48.43,102.99,104,48439,50,6.3,PG,English,"USA, Australia","Carol Fuchs (screenplay), Sandra Nettelbeck (screenplay)",Scott Hicks,"Comedy, Drama, Romance",The life of a top chef changes when she becomes the guardian of her young niece.
2007,Persepolis,pass,pass,8.2,4.99,25.55,96,55274,90,8,PG-13,"French, English, Persian, German","France, USA","Marjane Satrapi (comic), Vincent Paronnaud (scenario)","Vincent Paronnaud, Marjane Satrapi","Animation, Biography, Drama",Poignant coming-of-age story of a precocious and outspoken young Iranian girl that begins during the Islamic Revolution.
2007,Premonition,pass,pass,22.47,53.76,91.53,96,52064,29,5.8,PG-13,English,USA,Bill Kelly,Mennan Yapo,"Drama, Fantasy, Mystery","Depressed housewife learns her husband was killed in a car accident the day previously, awakens the next morning to find him alive and well at home, and then awakens the next day after to a world in which he is still dead."
2007,Resident Evil: Extinction,pass,pass,50.56,56.91,164.22,94,121351,41,6.3,R,English,"France, Australia, Germany, UK, USA",Paul W.S. Anderson,Russell Mulcahy,"Action, Horror, Sci-Fi","Survivors of the Raccoon City catastrophe travel across the Nevada desert, hoping to make it to Alaska. Alice joins the caravan and their fight against the evil Umbrella Corp."
2007,Shrek the Third,pass,pass,179.77,362.59,907.07,93,152131,58,6,PG,English,USA,"William Steig (book), Andrew Adamson (story), Jeffrey Price (screenplay), Peter S. Seaman (screenplay), Chris Miller (screenplay), Aron Warner (screenplay)","Chris Miller, Raman Hui","Animation, Adventure, Comedy","When his new father-in-law, King Harold falls ill, Shrek is looked at as the heir to the land of Far, Far Away. Not one to give up his beloved swamp, Shrek recruits his friends Donkey and Puss in Boots to install the rebellious Artie as the new king. Princess Fiona, however, rallies a band of royal girlfriends to fend off a coup d'etat by the jilted Prince Charming."
2007,Stardust,pass,pass,78.65,43.41,152.3,127,173241,66,7.8,PG-13,English,"UK, USA, Iceland","Jane Goldman (screenplay), Matthew Vaughn (screenplay), Neil Gaiman (novel)",Matthew Vaughn,"Adventure, Family, Fantasy","In a countryside town bordering on a magical land, a young man makes a promise to his beloved that he'll retrieve a fallen star by venturing into the magical realm."
2007,Sydney White,pass,pass,18.54,13.36,15.32,108,27283,45,6.3,PG-13,English,USA,Chad Gomez Creasey,Joe Nussbaum,"Comedy, Romance",A modern retelling of Snow White set against students in their freshman year of college in the greek system.
2007,The Golden Compass,pass,pass,230.33,78.77,418.22,113,122839,51,6.1,PG-13,"English, Icelandic, Russian, French","USA, UK","Chris Weitz (screenplay), Philip Pullman (novel)",Chris Weitz,"Adventure, Family, Fantasy","In a parallel universe, young Lyra Belacqua journeys to the far North to save her best friend and other kidnapped children from terrible experiments by a mysterious organization."
2007,The Messengers,pass,pass,17.98,39.75,60.42,90,28759,34,5.4,PG-13,English,USA,"Mark Wheaton (screenplay), Todd Farmer (story)","Oxide Pang Chun, Danny Pang","Drama, Horror, Thriller","An ominous darkness invades a seemingly serene sunflower farm in North Dakota, and the Solomon family is torn apart by suspicion, mayhem and murder."
2007,The Mist,pass,pass,14.61,28.76,61.54,126,170026,58,7.2,R,English,USA,"Frank Darabont (screenplay), Stephen King (novel)",Frank Darabont,"Horror, Sci-Fi, Thriller","A freak storm unleashes a species of bloodthirsty creatures on a small town, where a small band of citizens hole up in a supermarket and fight for their lives."
2007,The Savages,pass,pass,10.11,7.44,11.96,113,28208,85,7.2,R,"English, German, Cantonese",USA,Tamara Jenkins,Tamara Jenkins,"Comedy, Drama",A sister and brother face the realities of familial responsibility as they begin to care for their ailing father.
2007,The Simpsons Movie,pass,pass,81.46,205.76,592.19,87,205074,80,7.4,PG-13,English,USA,"James L. Brooks (screenplay), Matt Groening (screenplay), Al Jean (screenplay), Ian Maxtone-Graham (screenplay), George Meyer (screenplay), David Mirkin (screenplay), Mike Reiss (screenplay), Mike Scully (screenplay), Matt Selman (screenplay), John Swartzwelder (screenplay), Jon Vitti (screenplay), Joel H. Cohen (consultant writer), John Frink (consultant writer), Tim Long (consultant writer), Michael Price (consultant writer)",David Silverman,"Animation, Adventure, Comedy","After Homer accidentally pollutes the town's water supply, Springfield is encased in a gigantic dome by the EPA and the Simpson family are declared fugitives."
2007,Waitress,pass,pass,1.69,21.46,24.96,108,32461,75,7.1,PG-13,English,USA,Adrienne Shelly,Adrienne Shelly,"Comedy, Drama, Romance","Jenna is a pregnant, unhappily married waitress in the deep south. She meets a newcomer to her town and falls into an unlikely relationship as a last attempt at happiness."
2008,"Synecdoche, New York",dubious,fail,21.65,3.34,4.74,124,39096,67,7.4,R,"English, German",USA,Charlie Kaufman,Charlie Kaufman,Drama,"A theatre director struggles with his work, and the women in his life, as he creates a life-size replica of New York City inside a warehouse as part of his new play."
2008,The Brothers Bloom,dubious,fail,21.65,3.82,5.99,114,35448,55,6.9,PG-13,"English, French, Czech, Japanese",USA,Rian Johnson,Rian Johnson,"Adventure, Comedy, Drama","The Brothers Bloom are the best con men in the world, swindling millionaires with complex scenarios of lust and intrigue. Now they've decided to take on one last job - showing a beautiful and eccentric heiress the time of her life with a romantic adventure that takes them around the world."
2008,The Curious Case of Benjamin Button,dubious,fail,173.16,138,356.94,166,337607,70,7.8,PG-13,"English, Russian, French",USA,"Eric Roth (screenplay), Eric Roth (story), Robin Swicord (story), F. Scott Fitzgerald (short story)",David Fincher,"Drama, Fantasy, Romance","Tells the story of Benjamin Button, a man who starts aging backwards with bizarre consequences."
2008,The Dark Knight,dubious,fail,200.22,577.22,1085.39,152,1151458,82,9,PG-13,"English, Mandarin","USA, UK","Jonathan Nolan (screenplay), Christopher Nolan (screenplay), Christopher Nolan (story), David S. Goyer (story), Bob Kane (characters)",Christopher Nolan,"Action, Crime, Drama","When Batman, Gordon and Harvey Dent launch an assault on the mob, they let the clown out of the box, the Joker, bent on turning Gotham on itself and bringing any heroes down to his level."
2008,The Strangers,dubious,fail,9.74,56.92,89.88,86,73151,47,6.2,R,English,USA,Bryan Bertino,Bryan Bertino,"Horror, Mystery, Thriller",A young couple staying in an isolated vacation home are terrorized by three unknown assailants.
2008,"Welcome Home, Roscoe Jenkins",dubious,fail,29.76,45.93,47.19,114,9111,46,5.2,PG-13,English,USA,Malcolm D. Lee,Malcolm D. Lee,"Comedy, Romance",A successful talk show host leaves Los Angeles to reunite with his family in the Deep South.
2008,Australia,men,fail,140.69,53.63,232.77,165,85411,53,6.6,PG-13,"English, Aboriginal, Chinese, Japanese","Australia, USA, UK","Stuart Beattie (screenplay), Baz Luhrmann (screenplay), Ronald Harwood (screenplay), Richard Flanagan (screenplay), Baz Luhrmann (story)",Baz Luhrmann,"Adventure, Drama, History","Set in northern Australia before World War II, an English aristocrat who inherits a sprawling ranch reluctantly pacts with a stock-man in order to protect her new property from a takeover plot. As the pair drive 2,000 head of cattle over unforgiving landscape, they experience the bombing of Darwin, Australia, by Japanese forces firsthand."
2008,Fireproof,men,fail,0.54,36.21,36.23,122,12093,28,6.5,PG,English,USA,"Alex Kendrick (story), Stephen Kendrick (story)",Alex Kendrick,"Drama, Romance","In an attempt to save his marriage, A firefighter uses a 40-day experiment known as ""The Love Dare""."
2008,Gran Torino,men,fail,27.06,160.28,297.13,116,403468,72,8.2,R,"English, Hmong","USA, Germany","Nick Schenk (screenplay), Dave Johannson (story), Nick Schenk (story)",Clint Eastwood,Drama,"Disgruntled Korean War veteran Walt Kowalski sets out to reform his neighbor, a Hmong teenager who tried to steal Kowalski's prized possession: a 1972 Gran Torino."
2008,Igor,men,fail,32.47,21.13,33.56,87,16965,40,6.1,PG,English,"USA, France","Chris McKenna, John Hoffman (additional screenplay), Anthony Leondis (additional screenplay), Dimitri Toscas (additional screenplay)",Anthony Leondis,"Animation, Comedy, Family","Animated fable about a cliché hunchbacked evil scientist's assistant who aspires to become a scientist himself, much to the displeasure of the rest of the evil science community."
2008,Iron Man,men,fail,201.3,344.81,630.35,126,467927,79,7.9,PG-13,"English, Persian, Urdu, Arabic",USA,"Mark Fergus (screenplay), Hawk Ostby (screenplay), Art Marcum (screenplay), Matt Holloway (screenplay), Stan Lee (characters), Don Heck (characters), Larry Lieber (characters), Jack Kirby (characters)",Jon Favreau,"Action, Adventure, Sci-Fi","When wealthy industrialist Tony Stark is forced to build an armored suit after a life-threatening incident, he ultimately decides to use its technology to fight against evil."
2008,Made of Honor,men,fail,43.29,49.8,115.31,101,42509,37,5.8,PG-13,English,"USA, UK","Adam Sztykiel (screenplay), Deborah Kaplan (screenplay), Harry Elfont (screenplay), Adam Sztykiel (story)",Paul Weiland,"Comedy, Romance",A guy in love with an engaged woman tries to win her over after she asks him to be her maid of honor.
2008,Miracle at St. Anna,men,fail,48.7,8.57,9.86,160,13920,37,6,R,"English, German, Italian","USA, Italy","James McBride (screenplay), James McBride (novel)",Spike Lee,"Action, Crime, Drama","Set in 1944 Italy, the story of four black American soldiers who get trapped in a Tuscan village during WWII."
2008,Pineapple Express,men,fail,28.14,94.53,109.9,111,182654,64,7,R,"English, Cantonese, Korean",USA,"Seth Rogen (screenplay), Evan Goldberg (screenplay), Judd Apatow (story), Seth Rogen (story), Evan Goldberg (story)",David Gordon Green,"Action, Comedy, Crime",A process server and his marijuana dealer wind up on the run from hitmen and a corrupt police officer after he witness his dealer's boss murder a competitor while trying to serve papers on him.
2008,Appaloosa,notalk,fail,21.65,21.87,30.02,115,43411,64,6.8,R,"English, Apache languages, Spanish",USA,"Robert Knott (screenplay), Ed Harris (screenplay), Robert B. Parker (novel)",Ed Harris,"Crime, Drama, Western",Two friends hired to police a small town that is suffering under the rule of a rancher find their job complicated by the arrival of a young widow.
2008,Be Kind Rewind,notalk,fail,21.65,12.09,33.44,102,70667,52,6.4,PG-13,English,"UK, USA",Michel Gondry,Michel Gondry,"Comedy, Drama","Two bumbling store clerks inadvertently erase the footage from all of the tapes in their video rental store. In order to keep the business running, they re-shoot every film in the store with their own camera, with a budget of zero dollars."
2008,Burn After Reading,notalk,fail,40.04,65.32,176.86,96,196285,63,7,R,English,"USA, UK, France","Joel Coen, Ethan Coen","Ethan Coen, Joel Coen","Comedy, Crime, Drama",A disk containing the memoirs of a CIA agent ends up in the hands of two unscrupulous gym employees who attempt to sell it.
2008,Death Race,notalk,fail,70.35,39.3,78.48,105,132344,43,6.4,R,English,"USA, Germany, UK","Paul W.S. Anderson (screenplay), Paul W.S. Anderson (screen story), Robert Thom, Charles B. Griffith, Ib Melchior",Paul W.S. Anderson,"Action, Sci-Fi, Thriller",Ex-con Jensen Ames is forced by the warden of a notorious prison to compete in our post-industrial world's most popular sport: a car race in which inmates must brutalize and kill one another on the road to victory.
2008,Eagle Eye,notalk,fail,86.58,109.78,192.71,118,126202,43,6.6,PG-13,English,"USA, Germany","John Glenn (screenplay), Travis Wright (screenplay), Hillary Seitz (screenplay), Dan McDermott (screenplay), Dan McDermott (story)",D.J. Caruso,"Action, Mystery, Thriller","Jerry and Rachel are two strangers thrown together by a mysterious phone call from a woman they have never met. Threatening their lives and family, she pushes Jerry and Rachel into a series of increasingly dangerous situations, using the technology of everyday life to track and control their every move."
2008,Frost/Nixon,notalk,fail,31.39,20.15,30.46,122,76798,80,7.8,R,English,"USA, UK, France","Peter Morgan (screenplay), Peter Morgan (play)",Ron Howard,"Drama, History",A dramatic retelling of the post-Watergate television interviews between British talk-show host David Frost and former president Richard Nixon.
2008,Ghost Town,notalk,fail,21.65,14.34,28.8,102,52632,72,6.8,PG-13,English,USA,"David Koepp, John Kamps",David Koepp,"Comedy, Fantasy, Romance","Bertram Pincus is a man whose people skills leave much to be desired. When Pincus dies unexpectedly, but is miraculously revived after seven minutes, he wakes up to discover that he now has the annoying ability to see ghosts."
2008,In Bruges,notalk,fail,16.23,8.44,37.37,107,242386,67,8,R,"English, German","UK, USA",Martin McDonagh,Martin McDonagh,"Comedy, Crime, Drama","Guilt-stricken after a job gone wrong, hitman Ray and his partner await orders from their ruthless boss in Bruges, Belgium, the last place in the world Ray wants to be."
2008,Indiana Jones and the Kingdom of the Crystal Skull,notalk,fail,200.22,343.1,851.26,122,254789,65,6.3,PG-13,"English, German, Russian",USA,"David Koepp (screenplay), George Lucas (story), Jeff Nathanson (story), George Lucas (characters), Philip Kaufman (characters)",Steven Spielberg,"Action, Adventure","Famed archaeologist/adventurer Dr. Henry ""Indiana"" Jones is called back into action when he becomes entangled in a Soviet plot to uncover the secret behind mysterious artifacts known as the Crystal Skulls."
2008,Journey to the Center of the Earth,notalk,fail,48.7,110.07,260.72,93,61873,57,5.8,PG,"English, Icelandic, Italian",USA,"Michael D. Weiss (screenplay), Jennifer Flackett (screenplay), Mark Levin (screenplay), Jules Verne (novel)",Eric Brevig,"Action, Adventure, Family","On a quest to find out what happened to his missing brother, a scientist, his nephew and their mountain guide discover a fantastic and dangerous lost world in the center of the earth."
2008,Jumper,notalk,fail,89.29,87.84,241.47,88,188779,35,6,PG-13,English,"USA, Canada","David S. Goyer (screenplay), Jim Uhls (screenplay), Simon Kinberg (screenplay), Steven Gould (novel)",Doug Liman,"Action, Adventure, Sci-Fi",A teenager with teleportation abilities must suddenly finds himself in the middle of an ancient war between those like him and their sworn annihilators.
2008,Kung Fu Panda,notalk,fail,140.69,233.16,683.89,90,209068,73,7.6,PG,English,USA,"Jonathan Aibel (screenplay), Glenn Berger (screenplay), Ethan Reiff (story), Cyrus Voris (story)","Mark Osborne, John Stevenson","Animation, Action, Adventure","In the Valley of Peace, Po the Panda finds himself chosen as the Dragon Warrior despite the fact that he is obese and a complete novice at martial arts."
2008,Meet Dave,notalk,fail,64.94,12.77,54.81,90,25889,43,4.9,PG,English,USA,"Rob Greenberg, Bill Corbett",Brian Robbins,"Adventure, Comedy, Family","A crew of miniature aliens operate a spaceship that has a human form. While trying to save their planet, the aliens encounter a new problem, as their ship becomes smitten with an Earth woman."
2008,Milk,notalk,fail,21.65,34.46,62.01,128,108883,84,7.7,R,English,USA,Dustin Lance Black,Gus Van Sant,"Biography, Drama, History","The story of Harvey Milk, and his struggles as an American gay activist who fought for gay rights and became California's first openly gay elected official."
2008,Quantum of Solace,notalk,fail,248.92,183.3,640.36,106,239525,58,6.7,PG-13,"English, Spanish, Italian, French, Swiss German, German","UK, USA","Paul Haggis, Neal Purvis, Robert Wade",Marc Forster,"Action, Adventure, Crime","James Bond descends into mystery as he tries to stop a mysterious organization from eliminating a country's most valuable resource. All the while, he still tries to seek revenge over the death of his love."
2008,RocknRolla,notalk,fail,19.48,6.17,30.08,114,154522,53,7.3,R,"English, Russian","UK, USA",Guy Ritchie,Guy Ritchie,"Action, Crime, Thriller","In London, a real-estate scam puts millions of pounds up for grabs, attracting some of the city's scrappiest tough guys and its more established underworld types, all of whom are looking to get rich quick. While the city's seasoned criminals vie for the cash, an unexpected player -- a drugged out rock 'n' roller presumed to be dead but very much alive -- has a multi-million dollar prize fall into..."
2008,Slumdog Millionaire,notalk,fail,15.15,152.94,416.15,120,467624,86,8.1,R,"English, Hindi, French",UK,"Simon Beaufoy (screenplay), Vikas Swarup (novel)","Danny Boyle, Loveleen Tandan","Drama, Romance, Thriller","A Mumbai teen who grew up in the slums, becomes a contestant on the Indian version of ""Who Wants To Be A Millionaire?"" He is arrested under suspicion of cheating, and while being interrogated, events from his life history are shown which explain why he knows the answers."
2008,Step Brothers,notalk,fail,70.35,108.73,139.04,98,159452,51,6.8,R,"English, Spanish",USA,"Will Ferrell (screenplay), Adam McKay (screenplay), Will Ferrell (story), Adam McKay (story), John C. Reilly (story)",Adam McKay,Comedy,Two aimless middle-aged losers still living at home are forced against their will to become roommates when their parents get married.
2008,The Forbidden Kingdom,notalk,fail,59.52,56.36,139.69,104,74251,57,6.6,PG-13,"English, Mandarin","USA, China",John Fusco,Rob Minkoff,"Action, Adventure, Fantasy","A discovery made by a kung fu obsessed American teen sends him on an adventure to China, where he joins up with a band of martial arts warriors in order to free the imprisoned Monkey King."
2008,The Hurt Locker,notalk,fail,16.23,18.42,54,131,236443,94,7.6,R,"English, Arabic, Turkish",USA,Mark Boal,Kathryn Bigelow,"Drama, Thriller, War","During the Iraq War, a Sergeant recently assigned to an army bomb squad is put at at odds with his squad mates due to his maverick way of handling his work."
2008,The Incredible Hulk,notalk,fail,148.81,145.9,285.09,112,235963,61,6.9,PG-13,"English, Portuguese, Spanish",USA,"Zak Penn (screenplay), Zak Penn (screen story)",Louis Leterrier,"Action, Sci-Fi, Thriller","Dr. Bruce Banner, thanks to a gamma ray experiment gone wrong, transforms into a giant green-skinned hulk whenever his pulse rate gets too high. Meanwhile, a soldier uses the same technology to become an evil version of the original."
2008,The Reader,notalk,fail,35.17,37.01,122.32,124,148529,58,7.6,R,"English, German, Greek, Latin","USA, Germany","David Hare (screenplay), Bernhard Schlink (book)",Stephen Daldry,"Drama, Romance","Post-WWII Germany: Nearly a decade after his affair with an older woman came to a mysterious end, law student Michael Berg re-encounters his former lover as she defends herself in a war-crime trial."
2008,The Wrestler,notalk,fail,6.49,28.4,50.47,109,217976,81,8,R,English,"USA, France",Robert D. Siegel,Darren Aronofsky,"Drama, Sport","A faded professional wrestler must retire, but finds his quest for a new life outside the ring a dispiriting struggle."
2008,Valkyrie,notalk,fail,97.4,89.91,220.67,121,138638,56,7.1,PG-13,"English, German","USA, Germany","Christopher McQuarrie, Nathan Alexander",Bryan Singer,"Drama, History, Thriller",A dramatization of the 20 July assassination and political coup plot by desperate renegade German Army officers against Hitler during World War II.
2008,Wanted,notalk,fail,81.17,145.57,370.58,110,237319,64,6.7,R,English,"USA, Germany","Michael Brandt (screenplay), Derek Haas (screenplay), Chris Morgan (screenplay), Michael Brandt (story), Derek Haas (story), Mark Millar (comic book series), J.G. Jones (comic book series)",Timur Bekmambetov,"Action, Crime, Thriller","A frustrated office worker learns that he is the son of a professional assassin, and that he shares his father's superhuman killing abilities."
2008,Yes Man,notalk,fail,54.11,105.73,244.58,104,213775,46,6.9,PG-13,"English, Korean, Estonian","USA, Australia","Nicholas Stoller (screenplay), Jarrad Paul (screenplay), Andrew Mogel (screenplay), Danny Wallace (book)",Peyton Reed,"Comedy, Romance","A guy challenges himself to say ""yes"" to everything for an entire year."
2008,Hancock,nowomen,fail,162.34,246.7,675.7,92,231529,49,6.5,PG-13,"English, Japanese",USA,"Vincent Ngo, Vince Gilligan",Peter Berg,"Action, Fantasy",A hard-living superhero who has fallen out of favor with the public enters into a questionable relationship with the wife of the public relations professional who's trying to repair his image.
2008,Tropic Thunder,nowomen,fail,97.4,119.55,203.64,107,239115,71,7,R,"English, Mandarin","USA, UK, Germany","Justin Theroux (screenplay), Ben Stiller (screenplay), Etan Cohen (screenplay), Ben Stiller (story), Justin Theroux (story)",Ben Stiller,"Action, Comedy","Through a series of freak occurrences, a group of actors shooting a big-budget war movie are forced to become the soldiers they are portraying."
2008,Waltz with Bashir,nowomen,fail,2.16,2.47,12.04,90,37597,91,8,R,"Hebrew, Arabic, German, English","Israel, France, Germany, USA, Finland, Switzerland, Belgium, Australia",Ari Folman,Ari Folman,"Documentary, Animation, Biography",An Israeli film director interviews fellow veterans of the 1982 invasion of Lebanon to reconstruct his own memories of his term of service in that conflict.
2008,21,pass,pass,37.88,87.84,170.84,123,157405,48,6.8,PG-13,English,USA,"Peter Steinfeld (screenplay), Allan Loeb (screenplay), Ben Mezrich (book)",Robert Luketic,"Crime, Drama, Thriller","""21"" is the fact-based story about six MIT students who were trained to become experts in card counting and subsequently took Vegas casinos for millions in winnings."
2008,Baby Mama,pass,pass,32.47,65.47,69.69,99,28096,55,6.1,PG-13,English,USA,Michael McCullers,Michael McCullers,"Comedy, Romance","A successful, single businesswoman who dreams of having a baby discovers she is infertile and hires a working class woman to be her unlikely surrogate."
2008,Bedtime Stories,pass,pass,86.58,119.16,236.32,99,57257,33,6.1,PG,English,USA,"Matt Lopez (screenplay), Tim Herlihy (screenplay), Matt Lopez (story)",Adam Shankman,"Comedy, Family, Fantasy",A family comedy about a hotel handyman whose life changes when the lavish bedtime stories he tells his niece and nephew start to magically come true.
2008,Blindness,pass,pass,27.06,3.33,21.7,121,49716,45,6.6,R,"English, Japanese","Canada, Brazil, Japan","José Saramago (novel), Don McKellar (screenplay)",Fernando Meirelles,"Drama, Mystery, Sci-Fi","A city is ravaged by an epidemic of instant ""white blindness"". Those first afflicted are quarantined by the authorities in an abandoned mental hospital where the newly created ""society of ..."
2008,Bolt,pass,pass,162.34,123.44,339.78,96,108261,67,7,PG,English,USA,"Dan Fogelman (screenplay), Chris Williams (screenplay), Byron Howard (additional screenplay material), Jared Stern (additional screenplay material)","Byron Howard, Chris Williams","Animation, Adventure, Comedy",The canine star of a fictional sci-fi/action show that believes his powers are real embarks on a cross country trek to save his co-star from a threat he believes is just as real.
2008,Changeling,pass,pass,59.52,38.68,123.17,141,164219,63,7.8,R,English,USA,J. Michael Straczynski,Clint Eastwood,"Drama, History, Mystery","A grief-stricken mother takes on the LAPD to her own detriment when it stubbornly tries to pass off an obvious impostor as her missing child, while also refusing to give up hope that she will find him one day."
2008,City of Ember,pass,pass,41.13,8.52,12.79,90,41744,58,6.5,PG,English,USA,"Caroline Thompson (screenplay), Jeanne Duprau (book)",Gil Kenan,"Adventure, Family, Fantasy","For generations, the people of the City of Ember have flourished in an amazing world of glittering lights. But Ember's once powerful generator is failing ... and the great lamps that illuminate the city are starting to flicker."
2008,Cloverfield,pass,pass,27.06,86.63,184.81,85,233016,64,7.1,PG-13,"English, Russian",USA,Drew Goddard,Matt Reeves,"Action, Sci-Fi, Thriller",Revolves around a monster attack in New York as told from the point of view of a small group of people.
2008,Defiance,pass,pass,54.11,31,45.75,137,92610,58,7.2,R,"English, German, Russian",USA,"Clayton Frohman (screenplay), Edward Zwick (screenplay), Nechama Tec (book)",Edward Zwick,"Action, Drama, History","Jewish brothers in Nazi-occupied Eastern Europe escape into the Belarussian forests, where they join Russian resistance fighters and endeavor to build a village in order to protect themselves and about 1,000 Jewish non-combatants."
2008,"Definitely, Maybe",pass,pass,7.58,34.89,60.46,112,105226,59,7.2,PG-13,English,"UK, USA, France",Adam Brooks,Adam Brooks,"Comedy, Drama, Romance",A political consultant tries to explain his impending divorce and past relationships to his 11-year-old daughter.
2008,Doomsday,pass,pass,35.71,11.91,23.4,105,55042,51,6,R,English,"UK, USA, South Africa, Germany",Neil Marshall,Neil Marshall,"Action, Sci-Fi",A futuristic action thriller where a team of people work to prevent a disaster threatening the future of the human race.
2008,Doubt,pass,pass,21.65,36.2,55.14,104,80779,68,7.5,PG-13,English,USA,"John Patrick Shanley (screenplay), John Patrick Shanley (play)",John Patrick Shanley,"Drama, Mystery",A Catholic school principal questions a priest's ambiguous relationship with a troubled young student.
2008,Easy Virtue,pass,pass,15.15,2.88,13.7,97,13531,58,6.7,PG-13,"English, French","UK, Canada","Stephan Elliott, Sheridan Jobbins, Noel Coward (play)",Stephan Elliott,"Comedy, Romance","A young Englishman marries a glamorous American. When he brings her home to meet the parents, she arrives like a blast from the future - blowing their entrenched British stuffiness out the window."
2008,Forgetting Sarah Marshall,pass,pass,32.47,68.37,113.82,111,173578,67,7.3,R,"English, Hawaiian, German, Japanese",USA,Jason Segel,Nicholas Stoller,"Comedy, Drama, Romance","Devastated Peter takes a Hawaii vacation in order to deal with recent break-up with his TV star girlfriend, Sarah. Little does he know Sarah's traveling to the same resort as her ex ... and she's bringing along her new boyfriend."
2008,Four Christmases,pass,pass,86.58,130.03,177,88,38594,41,5.6,PG-13,English,"USA, Germany","Matt Allen (screenplay), Caleb Wilson (screenplay), Jon Lucas (screenplay), Scott Moore (screenplay), Matt Allen (story), Caleb Wilson (story)",Seth Gordon,"Comedy, Drama, Romance",A couple struggles to visit all four of their divorced parents on Christmas Day.
2008,Frozen River,pass,pass,1.08,2.72,6.53,97,19026,82,7.2,R,"English, French, Chinese, Urdu",USA,Courtney Hunt,Courtney Hunt,"Crime, Drama","Takes place in the days before Christmas near a little-known border crossing on the Mohawk reservation between New York State and Quebec. Here, the lure of fast money from smuggling ..."
2008,Hamlet 2,pass,pass,9.74,5.29,5.3,92,14119,54,6.4,R,"English, Spanish",USA,"Pam Brady, Andrew Fleming",Andrew Fleming,"Comedy, Music","In this irreverent comedy, a failed actor-turned-worse-high-school-drama-teacher rallies his Tucson, AZ students as he conceives and stages politically incorrect musical sequel to Shakespeare's Hamlet."
2008,High School Musical 3: Senior Year,pass,pass,11.9,98.01,296.96,112,33928,57,4.2,G,English,USA,"Peter Barsocchini, Peter Barsocchini (characters)",Kenny Ortega,"Comedy, Drama, Family","As seniors in high school, Troy and Gabriella struggle with the idea of being separated from one another as college approaches. Along with the rest of the Wildcats, they stage a spring musical to address their experiences, hopes and fears about their future."
2008,Inkheart,pass,pass,64.94,18.73,62.83,106,47563,NA,6.1,PG,English,"Germany, UK, USA","David Lindsay-Abaire (screenplay), Cornelia Funke (novel)",Iain Softley,"Adventure, Family, Fantasy","A young girl discovers her father has an amazing talent to bring characters out of their books and must try to stop a freed villain from destroying them all, with the help of her father, her aunt, and a storybook's hero."
2008,Max Payne,pass,pass,37.88,44.03,92.82,100,91255,31,5.4,PG-13,"English, Russian, Spanish","Canada, USA","Beau Thorne (screenplay), Sam Lake (video game by Remedy Entertainment and 3-D Realms Entertainment)",John Moore,"Action, Crime, Drama","Coming together to solve a series of murders in New York City are a police detective whose family was slain as part of a conspiracy and an assassin out to avenge her sister's death. The duo will be hunted by the police, the mob, and a ruthless corporation."
2008,Possession,pass,pass,27.06,10.93,16.02,85,4870,NA,5.7,PG-13,English,USA,"Michael Petroni (screenplay), Won-mi Byun (screenplay), Min-ho Song (screenplay), Jae-yong Gwak (adaptation)","Joel Bergvall, Simon Sandquist","Drama, Mystery, Romance","A woman's life is thrown into chaos after a freak car accident sends her husband and brother-in-law into comas. Thrills arrive after the brother-in-law wakes up, thinking he's his brother."
2008,Prom Night,pass,pass,19.48,47.48,61.81,88,23377,17,3.8,PG-13,"English, Italian","USA, Canada",J.S. Cardone,Nelson McCormick,"Horror, Mystery, Thriller","Donna's senior prom is supposed to be the best night of her life, though a sadistic killer from her past has different plans for her and her friends."
2008,Quarantine,pass,pass,12.99,34.3,44.69,89,46315,53,6.1,R,English,USA,"John Erick Dowdle (screenplay), Drew Dowdle (screenplay), Jaume Balagueró (motion picture ""Rec""), Luiso Berdejo (motion picture ""Rec""), Paco Plaza (motion picture ""Rec"")",John Erick Dowdle,"Horror, Thriller",A television reporter and her cameraman are trapped inside a building quarantined by the CDC after the outbreak of a mysterious virus which turns humans into bloodthirsty killers.
2008,Rachel Getting Married,pass,pass,12.99,13.85,14.42,113,35913,82,6.7,R,English,USA,Jenny Lumet,Jonathan Demme,"Drama, Romance",A young woman who has been in and out from rehab for the past 10 years returns home for the weekend for her sister's wedding.
2008,Revolutionary Road,pass,pass,48.7,24.8,86.11,119,121409,69,7.4,R,English,"USA, UK","Justin Haythe (screenplay), Richard Yates (novel)",Sam Mendes,"Drama, Romance",A young couple living in a Connecticut suburb during the mid-1950s struggle to come to terms with their personal problems while trying to raise their two children. Based on a novel by Richard Yates.
2008,Seven Pounds,pass,pass,58.44,75.71,180.32,123,181942,36,7.6,PG-13,"English, Spanish",USA,Grant Nieporte,Gabriele Muccino,Drama,A man with a fateful secret embarks on an extraordinary journey of redemption by forever changing the lives of seven strangers.
2008,Sex and the City,pass,pass,62.23,165.2,449.4,145,83425,53,5.4,R,English,USA,"Michael Patrick King, Candace Bushnell (book), Darren Star (television series creator)",Michael Patrick King,"Comedy, Drama, Romance",A New York writer on sex and love is finally getting married to her Mr. Big. But her three best girlfriends must console her after one of them inadvertently leads Mr. Big to jilt her.
2008,Speed Racer,pass,pass,129.87,47.56,101.08,135,50076,37,6.1,PG,English,"USA, Australia, Germany","Andy Wachowski, Lana Wachowski, Tatsuo Yoshida (animated series ""Speed Racer"")","Andy Wachowski, Lana Wachowski","Action, Family, Sport","A young driver, Speed Racer, aspires to be champion of the racing world with the help of his family and his high-tech Mach 5 automobile."
2008,Sunshine Cleaning,pass,pass,5.41,13.05,17.82,91,52505,61,6.9,R,"English, Spanish",USA,Megan Holley,Christine Jeffs,"Comedy, Drama","In order to raise the tuition to send her young son to private school, a mom starts an unusual business -- a biohazard removal/crime scene clean-up service -- with her unreliable sister."
2008,Taken,pass,pass,27.06,156.93,245.61,93,364292,50,7.9,PG-13,"English, French, Albanian, Arabic","France, USA, UK","Luc Besson, Robert Mark Kamen",Pierre Morel,"Action, Crime, Thriller","A retired CIA agent travels across Europe and relies on his old skills to save his estranged daughter, who has been kidnapped while on a trip to Paris."
2008,The Bank Job,pass,pass,21.65,32.53,71.58,111,128389,69,7.3,R,English,"UK, USA, Australia","Dick Clement, Ian La Frenais",Roger Donaldson,"Crime, Drama, Thriller",Martine offers Terry a lead on a foolproof bank hit on London's Baker Street. She targets a roomful of safe deposit boxes worth millions in cash and jewelry. But Terry and his crew don't realize the boxes also contain a treasure trove of dirty secrets - secrets that will thrust them into a deadly web of corruption and illicit scandal.
2008,The Chronicles of Narnia: Prince Caspian,pass,pass,243.51,153.27,454,150,110046,62,6.6,PG,English,"USA, Poland, Slovenia, Czech Republic","Andrew Adamson (screenplay), Christopher Markus (screenplay), Stephen McFeely (screenplay), C.S. Lewis (novel)",Andrew Adamson,"Action, Adventure, Family","The Pevensie siblings return to Narnia, where they are enlisted to once again help ward off an evil king and restore the rightful heir to the land's throne, Prince Caspian."
2008,The Day the Earth Stood Still,pass,pass,86.58,85.9,252.24,104,116397,40,5.5,PG-13,"English, Mandarin","USA, Canada","David Scarpa (screenplay), Edmund H. North",Scott Derrickson,"Drama, Sci-Fi, Thriller",A remake of the 1951 classic sci-fi film about an alien visitor and his giant robot counterpart who visit Earth.
2008,The Eye,pass,pass,12.99,34,61.6,98,36657,36,5.3,PG-13,"English, Spanish","USA, Canada","Sebastian Gutierrez (screenplay), Yuet-Jan Hui, Oxide Pang Chun, Danny Pang","David Moreau, Xavier Palud","Drama, Horror, Thriller","A woman receives an eye transplant that allows her to see into the supernatural world. Remake of the Hong Kong film ""Jian Gui""."
2008,The House Bunny,pass,pass,27.06,52.21,76.01,97,49256,55,5.5,PG-13,English,USA,"Karen McCullah, Kirsten Smith",Fred Wolf,"Comedy, Romance","After Playboy bunny Shelley is kicked out of the playboy mansion, she finds a job as the house mother for a sorority full of socially awkward girls."
2008,The Lucky Ones,pass,pass,15.15,0.29,0.29,115,9916,53,7.1,R,English,USA,"Neil Burger, Dirk Wittenborn",Neil Burger,"Comedy, Drama, War","The story revolves around three soldiers - Colee, TK and Cheever - who return from the war after suffering injuries and learn that life has moved on without them. They end up on an ..."
2008,The Other Boleyn Girl,pass,pass,43.29,29.02,84.11,115,65956,50,6.8,PG-13,English,"UK, USA","Peter Morgan (screenplay), Philippa Gregory (novel)",Justin Chadwick,"Biography, Drama, History",Two sisters contend for the affection of King Henry VIII.
2008,The Secret Life of Bees,pass,pass,11.9,40.88,43.27,114,15440,57,7.3,PG-13,English,USA,"Gina Prince-Bythewood (screenplay), Sue Monk Kidd (novel)",Gina Prince-Bythewood,Drama,"Set in South Carolina in 1964, this is the tale of Lily Owens, a 14 year-old girl who is haunted by the memory of her late mother. To escape her lonely life and troubled relationship with ..."
2008,The Sisterhood of the Traveling Pants 2,pass,pass,29.22,47.72,47.91,117,17634,63,6.2,PG-13,"English, Greek","USA, Greece","Elizabeth Chandler (screenplay), Ann Brashares (novel)",Sanaa Hamri,"Comedy, Drama, Romance","Carmen Lowell is working on the backstage of a play in Yale. When the lead actress and friend Julia invites her to travel to Vermont with her to work in a play with professional cast, she ..."
2008,The Women,pass,pass,17.32,29.11,54.23,114,13802,27,4.9,PG-13,English,USA,"Diane English (screenplay), Clare Boothe Luce (play), Anita Loos, Jane Murfin",Diane English,"Comedy, Drama",A wealthy New Yorker leaves her cheating husband and bonds with other society women at a resort.
2008,Transsiberian,pass,pass,16.23,2.38,6.9,111,35909,72,6.7,R,"English, Russian, Spanish, Chinese, French","Spain, Germany, UK, Lithuania","Brad Anderson, Will Conroy",Brad Anderson,"Crime, Drama, Mystery",A Trans-Siberian train journey from China to Moscow becomes a thrilling chase of deception and murder when an American couple encounters a mysterious pair of fellow travelers.
2008,Twilight,pass,pass,40.04,208.63,430.66,122,279861,56,5.2,PG-13,English,USA,"Melissa Rosenberg (screenplay), Stephenie Meyer (novel)",Catherine Hardwicke,"Drama, Fantasy, Romance",A teenage girl risks everything when she falls in love with a vampire.
2008,Vicky Cristina Barcelona,pass,pass,17.32,25.13,113.1,96,148704,70,7.2,PG-13,"English, Spanish","Spain, USA",Woody Allen,Woody Allen,"Drama, Romance","Two girlfriends on a summer holiday in Spain become enamored with the same painter, unaware that his ex-wife, with whom he has a tempestuous relationship, is about to re-enter the picture."
2008,Wendy and Lucy,pass,pass,0.32,0.94,1.53,80,10000,80,7.1,R,English,USA,"Jonathan Raymond, Jonathan Raymond (story), Kelly Reichardt",Kelly Reichardt,Drama,"A woman's life is derailed en route to a potentially lucrative summer job. When her car breaks down, and her dog is taken to the pound, the thin fabric of her financial situation comes ..."
2009,A Perfect Getaway,dubious,fail,15.2,16.85,24.77,98,46762,63,6.5,R,English,USA,David Twohy,David Twohy,"Adventure, Mystery, Thriller",Two pairs of lovers on a Hawaiian vacation discover that psychopaths are stalking and murdering tourists on the islands.
2009,Astro Boy,dubious,fail,70.57,21.23,47.87,94,20098,53,6.4,PG,English,"Hong Kong, USA, Japan","Osamu Tezuka (manga), David Bowers (story), Timothy Harris, David Bowers",David Bowers,"Animation, Action, Family","When an android replica of a boy is rejected by his aggrieved creator, he goes off to find his own identity in an adventure that would make him his time's greatest hero."
2009,Inglourious Basterds,dubious,fail,76,131.19,344.15,153,556360,69,8.3,R,"English, German, French, Italian","USA, Germany",Quentin Tarantino,"Quentin Tarantino, Eli Roth","Adventure, Drama, War","In Nazi-occupied France during World War II, a plan to assassinate Nazi leaders by a group of Jewish U.S. soldiers coincides with a theatre owner's vengeful plans for the same."
2009,Monsters vs Aliens,dubious,fail,190,215.36,414.41,94,84700,56,6.6,PG,English,USA,"Maya Forbes (screenplay), Wallace Wolodarsky (screenplay), Rob Letterman (screenplay), Jonathan Aibel (screenplay), Glenn Berger (screenplay), Rob Letterman (story), Conrad Vernon (story)","Rob Letterman, Conrad Vernon","Animation, Action, Adventure",A woman transformed into a giant after she is struck by a meteorite on her wedding day becomes part of a team of monsters sent in by the U.S. government to defeat an alien mastermind trying to take over Earth.
2009,Nowhere Boy,dubious,fail,2.06,1.57,8.45,98,22601,67,7.2,R,English,"UK, Canada",Matt Greenhalgh (screenplay),Sam Taylor-Johnson,"Biography, Drama, Music","A chronicle of John Lennon's first years, focused mainly in his adolescence and his relationship with his stern aunt Mimi, who raised him, and his absentee mother Julia, who re-entered his life at a crucial moment in his young life."
2009,The Girl with the Dragon Tattoo,dubious,fail,97.72,111.3,253.16,152,139363,76,7.8,R,"Swedish, English","Sweden, Denmark, Germany, Norway","Nikolaj Arcel (screenplay), Rasmus Heisterberg (screenplay), Stieg Larsson (novel)",Niels Arden Oplev,"Crime, Mystery, Thriller",A journalist is aided in his search for a woman who has been missing -- or dead -- for forty years by a young female hacker.
2009,The Girlfriend Experience,dubious,fail,1.41,0.76,1.09,77,11653,66,5.6,R,"English, French",USA,"David Levien, Brian Koppelman",Steven Soderbergh,Drama,"A drama set in the days leading up to the 2008 Presidential election, and centered on a high-end Manhattan call girl meeting the challenges of her boyfriend, her clients, and her work."
2009,Whatever Works,dubious,fail,16.29,5.76,38.12,92,45912,45,7.2,PG-13,English,"USA, France",Woody Allen,Woody Allen,"Comedy, Romance","A middle-aged, misanthropic divorce surprisingly enters into a fulfilling Pygmalion type relationship with a much younger, unsophisticated Southern girl."
2009,X-Men Origins: Wolverine,dubious,fail,162.86,195.3,406.96,107,227155,40,6.8,PG-13,English,USA,"David Benioff (screenplay), Skip Woods (screenplay)",Gavin Hood,"Action, Adventure, Sci-Fi","A look at Wolverine's early life, in particular his time with the government squad Weapon and the impact it will have on his later years."
2009,A Serious Man,men,fail,7.6,10.02,32.96,106,79779,79,7,R,"English, Yiddish, Hebrew","USA, UK, France","Joel Coen, Ethan Coen","Ethan Coen, Joel Coen","Comedy, Drama","Larry Gopnik, a Midwestern mathematics teacher, watches his life unravel over multiple sudden incidents. Though seeking meaning and answers amidst his turmoils, he seems to keep sinking."
2009,Adam,men,fail,3.47,2.47,3.07,99,23179,56,7.3,PG-13,English,USA,Max Mayer,Max Mayer,"Drama, Romance","Adam, a lonely man with Asperger's Syndrome, develops a relationship with his upstairs neighbor, Beth."
2009,Adventureland,men,fail,10.64,17.42,18.61,107,106482,76,6.8,R,English,USA,Greg Mottola,Greg Mottola,"Comedy, Drama, Romance","In the summer of 1987, a college graduate takes a 'nowhere' job at his local amusement park, only to find it's the perfect course to get him prepared for the real world."
2009,Avatar,men,fail,461.44,825.71,3022.59,162,657389,83,8,PG-13,"English, Spanish","USA, UK",James Cameron,James Cameron,"Action, Adventure, Fantasy",A paraplegic Marine dispatched to the moon Pandora on a unique mission becomes torn between following his orders and protecting the world he feels is his home.
2009,Chloe,men,fail,14.11,3.34,10.5,96,43726,48,6.3,R,English,"USA, Canada, France","Erin Cressida Wilson (screenplay), Anne Fontaine (motion picture ""Nathalie"")",Atom Egoyan,"Drama, Mystery, Thriller","A doctor hires an escort to seduce her husband, whom she suspects of cheating, though unforeseen events put the family in danger."
2009,Friday the 13th,men,fail,18.46,70.57,99.56,97,59029,34,5.6,R,English,USA,"Damian Shannon (screenplay), Mark Swift (screenplay), Damian Shannon (story), Mark Swift (story), Mark Wheaton (story), Victor Miller (characters)",Marcus Nispel,Horror,"A group of young adults discover a boarded up Camp Crystal Lake, where they soon encounter Jason Voorhees and his deadly intentions."
2009,"I Love You, Man",men,fail,43.43,77.56,99.59,105,136399,70,7.1,R,English,USA,"John Hamburg (screenplay), Larry Levin (screenplay), Larry Levin (story)",John Hamburg,Comedy,"Friendless Peter Klaven goes on a series of man-dates to find a Best Man for his wedding. But when his insta-bond with his new B.F.F. puts a strain on his relationship with his fiancée, can the trio learn to live happily ever after?"
2009,Nine,men,fail,86.86,21.36,58.1,118,32732,49,5.9,PG-13,"English, Italian, French","USA, Italy","Michael Tolkin (screenplay), Anthony Minghella (screenplay), Arthur Kopit (Broadway musical ""Nine""), Maury Yeston (Broadway musical ""Nine""), Mario Fratti (Broadway musical ""Nine"" Italian original)",Rob Marshall,"Drama, Musical, Romance","Famous film director Guido Contini struggles to find harmony in his professional and personal lives, as he engages in dramatic relationships with his wife, his mistress, his muse, his agent, and his mother."
2009,Terminator Salvation,men,fail,217.15,136.07,403.49,115,219583,52,6.7,PG-13,"English, Italian","USA, Germany, UK, Italy","John D. Brancato, Michael Ferris",McG,"Action, Drama, Sci-Fi","After Skynet has destroyed much of humanity in a nuclear holocaust, a group of survivors led by John Connor struggles to keep the machines from finishing the job."
2009,The Blind Side,men,fail,38,277.9,331.91,129,154099,53,7.7,PG-13,English,USA,"John Lee Hancock, Michael Lewis (book)",John Lee Hancock,"Biography, Drama, Sport","The story of Michael Oher, a homeless and traumatized boy who became an All American football player and first round NFL draft pick with the help of a caring woman and her family."
2009,The Invention of Lying,men,fail,20.09,20.03,35.48,100,77172,58,6.4,PG-13,English,USA,"Ricky Gervais, Matthew Robinson","Ricky Gervais, Matthew Robinson","Comedy, Fantasy, Romance","A comedy set in a world where no one has ever lied, until a writer seizes the opportunity for personal gain."
2009,The Proposal,men,fail,43.43,178.01,341.69,108,156129,48,6.7,PG-13,English,USA,Pete Chiarelli,Anne Fletcher,"Comedy, Drama, Romance",A pushy boss forces her young assistant to marry her in order to keep her Visa status in the U.S. and avoid deportation to Canada.
2009,The Ugly Truth,men,fail,41.26,96.54,222.82,96,117119,28,6.5,R,English,USA,"Nicole Eastman (screenplay), Karen McCullah (screenplay), Kirsten Smith (screenplay), Nicole Eastman (story)",Robert Luketic,"Comedy, Romance",A romantically challenged morning show producer is reluctantly embroiled in a series of outrageous tests by her chauvinistic correspondent to prove his theories on relationships and help ...
2009,Up in the Air,men,fail,32.57,91.01,181.15,109,219085,83,7.5,R,English,USA,"Walter Kirn (novel), Jason Reitman (screenplay), Sheldon Turner (screenplay)",Jason Reitman,"Drama, Romance","With a job that has him traveling around the country firing people, Ryan Bingham leads an empty life out of a suitcase, until his company does the unexpected: ground him."
2009,Watchmen,men,fail,149.83,116.73,199.85,162,300569,56,7.6,R,English,USA,"David Hayter (screenplay), Alex Tse (screenplay), Dave Gibbons (graphic novel illustrator)",Zack Snyder,"Action, Drama, Mystery","In an alternate 1985 where former superheroes exist, the murder of a colleague sends active vigilante Rorschach into his own sprawling investigation, uncovering something that could completely change the course of history as we know it."
2009,(500) Days of Summer,notalk,fail,8.14,35.17,66.02,95,273790,76,7.8,PG-13,"English, French, Swedish",USA,"Scott Neustadter, Michael H. Weber",Marc Webb,"Comedy, Drama, Romance","An offbeat romantic comedy about a woman who doesn't believe true love exists, and the young man who falls for her."
2009,2012,notalk,fail,217.15,180.35,856,158,211022,49,5.8,PG-13,"English, French, Tibetan, Mandarin, Russian, Hindi, Portuguese, Latin, Italian",USA,"Roland Emmerich, Harald Kloser",Roland Emmerich,"Action, Adventure, Sci-Fi",A frustrated writer struggles to keep his family alive when a series of global catastrophes threatens to annihilate mankind.
2009,A Single Man,notalk,fail,7.6,9.96,30.56,99,66067,77,7.6,R,"English, Spanish",USA,"Christopher Isherwood (novel), Tom Ford (written for the screen by), David Scearce (written for the screen by)",Tom Ford,Drama,"An English professor, one year after the sudden death of his boyfriend, is unable to cope with his typical days in 1960s Los Angeles."
2009,Agora,notalk,fail,76,0.67,42.34,127,40679,55,7.2,R,English,Spain,"Alejandro Amenábar, Mateo Gil",Alejandro Amenábar,"Adventure, Drama, History","A historical drama set in Roman Egypt, concerning a slave who turns to the rising tide of Christianity in the hopes of pursuing freedom while also falling in love with his master, the famous female philosophy and mathematics professor Hypatia of Alexandria."
2009,Capitalism: A Love Story,notalk,fail,21.71,15.59,20.76,127,28876,61,7.4,R,"English, Russian, Spanish",USA,Michael Moore,Michael Moore,Documentary,An examination of the social costs of corporate interests pursuing profits at the expense of the public good.
2009,Cloudy with a Chance of Meatballs,notalk,fail,108.57,135.58,257.13,90,102371,66,7,PG,English,USA,"Phil Lord (written for the screen by), Christopher Miller (written for the screen by), Judi Barrett (book), Ron Barrett (book), Rob Greenberg (additional screenplay material)","Phil Lord, Christopher Miller","Animation, Comedy, Family","The most delicious event since macaroni met cheese. Inspired by the beloved children's book, the film focuses on a town where food falls from the sky like rain."
2009,Daybreakers,notalk,fail,21.71,32.68,55.81,98,86893,57,6.5,R,English,"Australia, USA","Michael Spierig, Peter Spierig","Michael Spierig, Peter Spierig","Action, Drama, Horror","In the year 2019, a plague has transformed almost every human into vampires. Faced with a dwindling blood supply, the fractured dominant race plots their survival; meanwhile, a researcher works with a covert band of vamps on a way to save humankind."
2009,District 9,notalk,fail,32.57,125.56,233.65,112,415390,81,8,R,"English, Nyanja, Afrikaans, Zulu, Xhosa, Southern Sotho","USA, New Zealand, Canada, South Africa","Neill Blomkamp, Terri Tatchell",Neill Blomkamp,"Action, Sci-Fi, Thriller",An extraterrestrial race forced to live in slum-like conditions on Earth suddenly finds a kindred spirit in a government agent who is exposed to their biotechnology.
2009,Fantastic Mr. Fox,notalk,fail,43.43,22.8,50.49,87,98594,83,7.8,PG,"English, French",USA,"Roald Dahl (novel), Wes Anderson (screenplay), Noah Baumbach (screenplay)",Wes Anderson,"Animation, Adventure, Comedy",An urbane fox cannot resist returning to his farm raiding ways and then must help his community survive the farmers' retaliation.
2009,Fired Up!,notalk,fail,21.71,18.71,20.2,90,30741,31,6.2,PG-13,English,USA,Will Gluck,Will Gluck,Comedy,The two most popular guys in high school decide to ditch football camp for cheerleader camp. For the girls and for the glory.
2009,Funny People,notalk,fail,78.72,56.3,78.04,146,87312,60,6.4,R,English,USA,Judd Apatow,Judd Apatow,"Comedy, Drama","When seasoned comedian George Simmons learns of his terminal, inoperable health condition, his desire to form a genuine friendship cause him to take a relatively green performer under his wing as his opening act."
2009,G-Force,notalk,fail,162.86,129.68,312.03,88,26654,41,5.1,PG,English,USA,"Cormac Wibberley (screenplay), Marianne Wibberley (screenplay), Hoyt Yeatman (story), David P.I. James (story)",Hoyt Yeatman,"Action, Adventure, Comedy",A specially trained squad of guinea pigs is dispatched to stop a diabolical billionaire from taking over the world.
2009,G.I. Joe: The Rise of Cobra,notalk,fail,190,163.08,328.4,118,141426,32,5.8,PG-13,"English, French, Scottish Gaelic","USA, Czech Republic","Stuart Beattie (screenplay), David Elliot (screenplay), Paul Lovett (screenplay), Michael Gordon (story), Stuart Beattie (story), Stephen Sommers (story)",Stephen Sommers,"Action, Adventure, Sci-Fi","An elite military unit comprised of special operatives known as G.I. Joe, operating out of The Pit, takes on an evil organization led by a notorious arms dealer."
2009,Gamer,notalk,fail,54.29,22.3,38.07,95,90396,27,5.8,R,English,USA,"Mark Neveldine, Brian Taylor","Mark Neveldine, Brian Taylor","Action, Sci-Fi, Thriller","In a future mind-controlling game, death row convicts are forced to battle in a 'doom'-type environment. Convict Kable, controlled by Simon, a skilled teenage gamer, must survive 30 sessions in order to be set free. Or won't he?"
2009,Get Low,notalk,fail,7.6,9.96,10.53,103,15449,77,7.1,PG-13,English,"USA, Germany, Poland","Chris Provenzano (screenplay), C. Gaby Mitchell (screenplay), Chris Provenzano (story), Scott Seeke (story)",Aaron Schneider,"Drama, Mystery","A movie spun out of equal parts folk tale, fable and real-life legend about the mysterious, 1930s Tennessee hermit who famously threw his own rollicking funeral party... while he was still alive."
2009,Harry Brown,notalk,fail,7.93,1.97,6.83,103,61995,55,7.3,R,English,UK,Gary Young (screenplay),Daniel Barber,"Action, Crime, Drama",An elderly ex-serviceman and widower looks to avenge his best friend's murder by doling out his own form of justice.
2009,I Love You Phillip Morris,notalk,fail,14.11,2.21,16.44,98,62600,65,6.7,R,English,"France, USA","John Requa, Glenn Ficarra, Steve McVicker (book)","Glenn Ficarra, John Requa","Biography, Comedy, Drama","A cop turns con man once he comes out of the closet. Once imprisoned, he meets the second love of his life, whom he'll stop at nothing to be with."
2009,Ice Age: Dawn of the Dinosaurs,notalk,fail,97.72,213.43,963.01,94,112581,50,7.1,PG,English,USA,"Peter Ackerman (screenplay), Michael Berg (screenplay), Yoni Brenner (screenplay), Jason Carter Eaton (story), Mike Reiss (screenplay)","Carlos Saldanha, Mike Thurmeier","Animation, Action, Adventure","When Sid's attempt to adopt three dinosaur eggs gets him abducted by their real mother to an underground lost world, his friends attempt to rescue him."
2009,Invictus,notalk,fail,53.2,40.71,135.16,134,97525,74,7.4,PG-13,"English, Afrikaans, Maori, Zulu, Xhosa, Southern Sotho",USA,"Anthony Peckham (screenplay), John Carlin (book)",Clint Eastwood,"Biography, Drama, History","Nelson Mandela, in his first term as the South African President, initiates a unique venture to unite the apartheid-torn land: enlist the national rugby team on a mission to win the 1995 Rugby World Cup."
2009,Knowing,notalk,fail,54.29,86.81,203.96,121,152925,41,6.2,PG-13,English,"USA, UK, Australia","Ryne Douglas Pearson (screenplay), Juliet Snowden (screenplay), Stiles White (screenplay), Ryne Douglas Pearson (story)",Alex Proyas,"Action, Drama, Mystery",M.I.T. professor John Koestler links a mysterious list of numbers from a time capsule to past and future disasters and sets out to prevent the ultimate catastrophe.
2009,Law Abiding Citizen,notalk,fail,57.54,79.65,142.4,109,167592,34,7.4,R,English,USA,Kurt Wimmer,F. Gary Gray,"Crime, Drama, Thriller",A frustrated man decides to take justice into his own hands after a plea bargain sets one of his family's killers free. He targets not only the killer but also the district attorney and others involved in the deal.
2009,Moon,notalk,fail,5.43,5.44,11.59,97,186219,67,8,R,"English, Spanish",UK,"Duncan Jones (story), Nathan Parker",Duncan Jones,"Drama, Sci-Fi","Astronaut Sam Bell has a quintessentially personal encounter toward the end of his three-year stint on the Moon, where he, working alongside his computer, GERTY, sends back to Earth parcels of a resource that has helped diminish our planet's power problems."
2009,Ninja Assassin,notalk,fail,54.29,41.39,66.91,99,49383,34,6.4,R,English,"USA, Germany","Matthew Sand (screenplay), J. Michael Straczynski (screenplay), Matthew Sand (story)",James McTeigue,"Action, Crime, Thriller","A young ninja turns his back on the orphanage that raised him, leading to a confrontation with a fellow ninja from the clan."
2009,Pandorum,notalk,fail,43.43,11.22,18.49,108,96730,28,6.8,R,"English, Vietnamese, German","Germany, UK","Travis Milloy (screenplay), Travis Milloy (story), Christian Alvart (story)",Christian Alvart,"Action, Horror, Mystery",A pair of crew members aboard a spaceship wake up with no knowledge of their mission or their identities.
2009,Planet 51,notalk,fail,65.14,45.81,118.34,91,33478,39,6.1,PG,"English, Spanish","Spain, UK, USA","Javier Abad (original idea by), Jorge Blanco (original idea by), Marcos Martínez (original idea by), Ignacio Pérez Dolset (original idea by), Joe Stillman","Jorge Blanco, Javier Abad, Marcos Martínez","Animation, Adventure, Comedy","American astronaut Captain Charles ""Chuck"" Baker lands on Planet 51 thinking he's the first person to step foot on it. To his surprise, he finds that this planet is inhabited by little green people who are happily living in a white picket fence world, and whose only fear is that it will be overrun by alien invaders...like Chuck!"
2009,Public Enemies,notalk,fail,111.29,105.43,228.42,140,180880,70,7,R,English,USA,"Ronan Bennett (screenplay), Michael Mann (screenplay), Ann Biderman (screenplay), Bryan Burrough (book)",Michael Mann,"Biography, Crime, Drama","The Feds try to take down notorious American gangsters John Dillinger, Baby Face Nelson and Pretty Boy Floyd during a booming crime wave in the 1930s."
2009,Sherlock Holmes,notalk,fail,97.72,226.95,541.17,128,346449,57,7.6,PG-13,"English, French","USA, Germany","Michael Robert Johnson (screenplay), Anthony Peckham (screenplay), Simon Kinberg (screenplay), Lionel Wigram (screen story), Michael Robert Johnson (screen story), Arthur Conan Doyle (characters: Sherlock Holmes,  Dr. Watson)",Guy Ritchie,"Action, Adventure, Crime",Detective Sherlock Holmes and his stalwart partner Watson engage in a battle of wits and brawn with a nemesis whose plot is a threat to all of England.
2009,Surrogates,notalk,fail,86.86,41.89,129.93,89,128003,45,6.3,PG-13,English,USA,"Michael Ferris (screenplay), John D. Brancato (screenplay), Robert Venditti (graphic novel), Brett Weldele (graphic novel)",Jonathan Mostow,"Action, Sci-Fi, Thriller","Set in a futuristic world where humans live in isolation and interact through surrogate robots, a cop is forced to leave his home for the first time in years in order to investigate the murders of others' surrogates."
2009,The Hangover,notalk,fail,38,301.1,509.81,100,424794,73,7.8,R,English,"USA, Germany","Jon Lucas, Scott Moore",Todd Phillips,Comedy,"Three buddies wake up from a bachelor party in Las Vegas, with no memory of the previous night and the bachelor missing. They make their way around the city in order to find their friend before his wedding."
2009,The Imaginarium of Doctor Parnassus,notalk,fail,32.57,8.35,69.87,123,104363,65,6.9,PG-13,"English, Russian, French","UK, Canada, France","Terry Gilliam, Charles McKeown",Terry Gilliam,"Adventure, Fantasy, Mystery",A traveling theater company gives its audience much more than they were expecting.
2009,The Informant!,notalk,fail,23.89,36.17,45.35,108,45367,66,6.5,R,English,USA,"Scott Z. Burns (screenplay), Kurt Eichenwald (book)",Steven Soderbergh,"Comedy, Crime, Drama","The U.S. government decides to go after an agro-business giant with a price-fixing accusation, based on the evidence submitted by their star witness, vice president-turned-informant Mark Whitacre."
2009,The Messenger,notalk,fail,7.06,1.2,1.53,113,25002,77,7.2,R,"English, Spanish",USA,"Alessandro Camon, Oren Moverman",Oren Moverman,"Drama, Romance, War",An American soldier struggles with an ethical dilemma when he becomes involved with a widow of a fallen officer.
2009,The Road,notalk,fail,27.14,8.81,29.98,111,137408,64,7.3,R,English,USA,"Cormac McCarthy (novel), Joe Penhall (screenplay)",John Hillcoat,"Adventure, Drama",A post-apocalyptic tale of a man and his son trying to survive by any means possible.
2009,The Soloist,notalk,fail,65.14,34.44,41.75,117,37156,61,6.7,PG-13,English,"UK, USA, France","Susannah Grant (screenplay), Steve Lopez (book)",Joe Wright,"Biography, Drama, Music","A Los Angeles journalist befriends a homeless Juilliard-trained musician, while looking for a new article for the paper."
2009,Up,notalk,fail,190,318.12,794.26,96,425485,88,8.3,PG,English,USA,"Pete Docter (story), Bob Peterson (story), Thomas McCarthy (story), Bob Peterson (screenplay), Pete Docter (screenplay)","Pete Docter, Bob Peterson","Animation, Adventure, Drama","By tying thousands of balloons to his home, 78-year-old Carl sets out to fulfill his lifelong dream to see the wilds of South America. Russell, a wilderness explorer 70 years younger, inadvertently becomes a stowaway."
2009,Where the Wild Things Are,notalk,fail,108.57,83.85,107.62,101,73809,71,6.8,PG,English,"USA, Australia, Germany","Spike Jonze (screenplay), Dave Eggers (screenplay), Maurice Sendak (book)",Spike Jonze,"Adventure, Drama, Family","An adaptation of Maurice Sendak's classic children's story, where Max, a disobedient little boy sent to bed without his supper, creates his own world - a forest inhabited by ferocious wild creatures who crown Max as their ruler."
2009,Youth in Revolt,notalk,fail,19.54,16.6,21.37,90,53832,63,6.5,R,"English, French",USA,"Gustin Nash (screenplay), C.D. Payne (novel)",Miguel Arteta,"Comedy, Drama, Romance","While his trailer trash parents teeter on the edge of divorce, Nick Twisp sets his sights on dream girl Sheeni Saunders, hoping that she'll be the one to take away his virginity."
2009,9,nowomen,fail,32.57,34.47,52.72,79,86771,60,7.1,PG-13,English,USA,"Pamela Pettler (screenplay), Shane Acker (story)",Shane Acker,"Animation, Action, Adventure",A rag doll that awakens in a post-apocalyptic future holds the key to humanity's salvation.
2009,Armored,nowomen,fail,21.71,17.36,25.69,88,22916,50,5.7,PG-13,English,USA,James V. Simpson,Nimród Antal,"Action, Crime, Thriller","A newbie guard for an armored truck company is coerced by his veteran coworkers to steal a truck containing $42 million. But a wrinkle in their supposedly foolproof plan divides the group, leading to a potentially deadly resolution."
2009,The Boondock Saints II: All Saints Day,nowomen,fail,8.69,11.15,11.15,118,42735,24,6.4,R,"English, Italian, Spanish",USA,"Troy Duffy (screenplay), Troy Duffy (story), Taylor Duffy (story)",Troy Duffy,"Action, Comedy, Crime","The MacManus brothers are living a quiet life in Ireland with their father, but when they learn that their beloved priest has been killed by mob forces, they go back to Boston to bring justice to those responsible and avenge the priest."
2009,The Men Who Stare at Goats,nowomen,fail,26.06,35.21,73.12,94,91483,54,6.3,R,English,"USA, UK","Peter Straughan (screenplay), Jon Ronson (book)",Grant Heslov,"Comedy, War","A reporter in Iraq might just have the story of a lifetime when he meets Lyn Cassady, a guy who claims to be a former member of the U.S. Army's New Earth Army, a unit that employs paranormal powers in their missions."
2009,17 Again,pass,pass,43.43,69.67,151.43,102,104297,48,6.4,PG-13,English,USA,Jason Filardi,Burr Steers,"Comedy, Drama, Fantasy",About a guy whose life didn't quite turn out how he wanted it to and wishes he could go back to high school and change it. He wakes up one day and is seventeen again and gets the chance to rewrite his life.
2009,All About Steve,pass,pass,16.29,36.77,43.57,99,26284,17,4.8,PG-13,"English, Spanish",USA,Kim Barker,Phil Traill,Comedy,"Convinced that a CCN cameraman is her true love, an eccentric crossword puzzler trails him as he travels all over the country, hoping to convince him that they belong together."
2009,An Education,pass,pass,8.14,13.65,32.19,100,93103,85,7.3,PG-13,"English, French","UK, USA","Lynn Barber (memoir), Nick Hornby (screenplay)",Lone Scherfig,Drama,"A coming-of-age story about a teenage girl in 1960s suburban London, and how her life changes with the arrival of a playboy nearly twice her age."
2009,Away We Go,pass,pass,22.8,10.26,10.97,98,39473,58,7.1,R,English,"USA, UK","Dave Eggers, Vendela Vida",Sam Mendes,"Comedy, Drama, Romance","A couple who is expecting their first child travel around the U.S. in order to find a perfect place to start their family. Along the way, they have misadventures and find fresh connections with an assortment of relatives and old friends who just might help them discover ""home"" on their own terms for the first time."
2009,Bride Wars,pass,pass,32.57,63.75,125.02,89,54072,24,5.3,PG,English,USA,"Greg DePaul (screenplay), Casey Wilson (screenplay), June Diane Raphael (screenplay), Greg DePaul (story)",Gary Winick,"Comedy, Romance",Two best friends become rivals when they schedule their respective weddings on the same day.
2009,Bright Star,pass,pass,9.23,4.83,18.74,119,17272,81,7,PG,"English, French","UK, Australia, France","Jane Campion, Jane Campion (screenplay), Andrew Motion (biography ""Keats"")",Jane Campion,"Biography, Drama, Romance",The three-year romance between 19th century poet John Keats and Fanny Brawne.
2009,Brothers,pass,pass,28.23,30.99,48.91,105,67346,58,7.2,R,English,USA,"David Benioff (screenplay), Susanne Bier (motion picture ""Brødre""), Anders Thomas Jensen (motion picture ""Brødre"")",Jim Sheridan,"Drama, Thriller, War",A young man comforts his older brother's wife and children after he goes missing in Afghanistan.
2009,Case 39,pass,pass,29.31,14.4,31.81,109,45485,25,6.2,R,English,"USA, Canada",Ray Wright,Christian Alvart,"Horror, Mystery, Thriller","A social worker fights to save a girl from her abusive parents, only to discover that the situation is more dangerous than she ever expected."
2009,Coraline,pass,pass,65.14,81.74,136.84,100,110199,80,7.7,PG,"English, Russian",USA,"Henry Selick (screenplay), Neil Gaiman (book)",Henry Selick,"Animation, Fantasy, Thriller","An adventurous girl finds another world that is a strangely idealized version of her frustrating home, but it has sinister secrets."
2009,Drag Me to Hell,pass,pass,32.57,45.71,99.22,99,126305,83,6.7,PG-13,"English, Spanish, Hungarian, Czech",USA,"Sam Raimi, Ivan Raimi",Sam Raimi,"Horror, Thriller","A loan officer who evicts an old woman from her home finds herself the recipient of a supernatural curse. Desperate, she turns to a seer to try and save her soul, while evil forces work to push her to a breaking point."
2009,Harry Potter and the Half-Blood Prince,pass,pass,271.43,327.85,1014.53,153,230099,78,7.4,PG,English,"UK, USA","Steve Kloves (screenplay), J.K. Rowling (novel)",David Yates,"Adventure, Family, Fantasy","As Harry Potter begins his sixth year at Hogwarts, he discovers an old book marked as ""the property of the Half-Blood Prince"" and begins to learn more about Lord Voldemort's dark past."
2009,Life During Wartime,pass,pass,4.89,0.31,0.31,98,4524,69,6.5,R,English,USA,Todd Solondz,Todd Solondz,"Comedy, Drama","Friends, family, and lovers struggle to find love, forgiveness, and meaning in a war-torn world riddled with comedy and pathos."
2009,Mother and Child,pass,pass,7.6,1.21,5.44,125,7735,64,7.3,R,English,"USA, Spain",Rodrigo García,Rodrigo García,"Drama, Romance","A drama centered around three women: A 50-year-old woman, the daughter she gave up for adoption 35 years ago, and an African American woman looking to adopt a child of her own."
2009,Ondine,pass,pass,13.03,0.6,0.6,111,13776,65,6.8,PG-13,"English, Romanian, French","Ireland, USA",Neil Jordan,Neil Jordan,"Drama, Romance",The story of an Irish fisherman who discovers a woman in his fishing net who he believes to be a Selke (a water nymph).
2009,Push,pass,pass,41.26,34.54,48.22,111,74858,36,6.1,PG-13,"English, Cantonese","USA, Canada",David Bourla,Paul McGuigan,"Action, Sci-Fi, Thriller",Two young Americans with special abilities must race to find a girl in Hong Kong before a shadowy government organization called Division does.
2009,Splice,pass,pass,32.57,18.47,24.39,104,66457,66,5.8,R,"English, French","Canada, France, USA","Vincenzo Natali (screenplay), Antoinette Terry Bryant (screenplay), Doug Taylor (screenplay), Vincenzo Natali (story), Antoinette Terry Bryant (story)",Vincenzo Natali,"Horror, Sci-Fi",Genetic engineers Clive Nicoli and Elsa Kast hope to achieve fame by successfully splicing together the DNA of different animals to create new hybrid animals for medical use.
2009,Star Trek,pass,pass,152,279.83,418.75,127,401643,83,8.1,PG-13,English,"USA, Germany","Roberto Orci, Alex Kurtzman, Gene Roddenberry (television series ""Star Trek"")",J.J. Abrams,"Action, Adventure, Sci-Fi","The brash James T. Kirk tries to live up to his father's legacy with Mr. Spock keeping him in check as a vengeful, time-traveling Romulan creates black holes to destroy the Federation one planet at a time."
2009,State of Play,pass,pass,65.14,40.19,99.29,127,95988,64,7.2,PG-13,"English, Cantonese","USA, UK, France","Matthew Michael Carnahan (screenplay), Tony Gilroy (screenplay), Billy Ray (screenplay), Paul Abbott (television series)",Kevin Macdonald,"Drama, Mystery","When a congressional aide is killed, a Washington D.C. journalist starts investigating the case involving the congressman, his old college friend."
2009,The Box,pass,pass,27.14,16.34,28.6,115,63195,47,5.6,PG-13,English,USA,"Richard Kelly (screenplay), Richard Matheson (short story ""Button,  Button"")",Richard Kelly,"Drama, Mystery, Sci-Fi","A small wooden box arrives on the doorstep of a married couple, who know that opening it will grant them a million dollars and kill someone they don't know."
2009,The City of Your Final Destination,pass,pass,9.01,0.54,1.47,117,1911,52,6.4,PG-13,"English, Spanish, French",USA,"Ruth Prawer Jhabvala (screenplay), Peter Cameron (novel)",James Ivory,Drama,28-year-old Kansas University doctoral student Omar Razaghi wins a grant to write a biography of Latin American writer Jules Gund. Omar must get through to three people who were close to ...
2009,The Final Destination,pass,pass,43.43,72.18,203.45,82,57322,30,5.1,R,English,USA,"Eric Bress, Jeffrey Reddick (characters)",David R. Ellis,"Horror, Thriller","After a young man's premonition of a deadly race-car crash helps saves the lives of his peers, Death sets out to collect those who evaded their end."
2009,The Fourth Kind,pass,pass,10.86,28.47,53.73,98,51167,34,5.9,PG-13,"English, Aboriginal","USA, UK","Olatunde Osunsanmi (screenplay), Olatunde Osunsanmi (story), Terry Robbins (story)",Olatunde Osunsanmi,"Mystery, Sci-Fi, Thriller","A thriller involving an ongoing unsolved mystery in Alaska, where one town has seen an extraordinary number of unexplained disappearances during the past 40 years and there are accusations of a federal cover up."
2009,The Good Guy,pass,pass,10.86,0.11,0.11,90,6209,47,5.9,R,English,USA,Julio DePietro,Julio DePietro,"Comedy, Romance","Ambitious young Manhattanite and urban conservationist Beth wants it all: a good job, good friends, and a good guy to share the city with. Of course that last one is often the trickiest of ..."
2009,The Last Station,pass,pass,19.54,7.19,17.04,112,12663,76,7.1,R,English,"Germany, Russia, UK","Michael Hoffman (screenplay), Jay Parini (based on the novel by)",Michael Hoffman,"Biography, Drama, Romance",A historical drama that illustrates Russian author Leo Tolstoy's struggle to balance fame and wealth with his commitment to a life devoid of material things.
2009,The Lovely Bones,pass,pass,103.14,47.9,103.03,135,99186,42,6.7,PG-13,English,"USA, UK, New Zealand","Fran Walsh (screenplay), Philippa Boyens (screenplay), Peter Jackson (screenplay), Alice Sebold (novel)",Peter Jackson,"Drama, Fantasy",Centers on a young girl who has been murdered and watches over her family - and her killer - from purgatory. She must weigh her desire for vengeance against her desire for her family to heal.
2009,The Princess and the Frog,pass,pass,114,113.35,294.23,97,63710,73,7.2,G,"English, French",USA,"Ron Clements (screenplay), John Musker (screenplay), Rob Edwards (screenplay), Ron Clements (story), John Musker (story), Greg Erb (story), Jason Oremland (story), Don Hall (story), E.D. Baker (story), Chris Ure (additional story material), Jared Stern (additional story material), Dean Wellins (additional story material), Will Csaklos (additional source material), Ralph Eggleston (additional source material)","Ron Clements, John Musker","Animation, Family, Fantasy",A fairy tale set in Jazz Age-era New Orleans and centered on a young woman named Tiana and her fateful kiss with a frog prince who desperately wants to be human again.
2009,The Unborn,pass,pass,17.37,46.33,84.91,88,34140,30,4.7,PG-13,"English, Hebrew",USA,David S. Goyer,David S. Goyer,"Horror, Mystery, Thriller",A young woman fights the spirit that is slowly taking possession of her.
2009,The Young Victoria,pass,pass,38,11.94,34.61,105,32219,64,7.3,PG,"English, German","UK, USA",Julian Fellowes,Jean-Marc Vallée,"Biography, Drama, History","A dramatization of the turbulent first years of Queen Victoria's rule, and her enduring romance with Prince Albert."
2009,Transformers: Revenge of the Fallen,pass,pass,228,436.59,908.24,150,238240,35,6,PG-13,"English, Spanish",USA,"Ehren Kruger, Roberto Orci, Alex Kurtzman",Michael Bay,"Action, Adventure, Sci-Fi","Sam Witwicky leaves the Autobots behind for a normal life. But when his mind is filled with cryptic symbols, the Decepticons target him and he is dragged back into the Transformers' war."
2009,Whip It,pass,pass,16.29,14.16,20.47,111,45316,68,6.9,PG-13,English,USA,"Shauna Cross (screenplay), Shauna Cross (novel)",Drew Barrymore,"Drama, Sport","In Bodeen, Texas, an indie-rock loving misfit finds a way of dealing with her small-town misery after she discovers a roller derby league in nearby Austin."
2009,Whiteout,pass,pass,38,11.16,13.31,101,26994,NA,5.5,R,"English, Russian","USA, Canada, France, Turkey","Jon Hoeber (screenplay), Erich Hoeber (screenplay), Chad Hayes (screenplay), Carey Hayes (screenplay), Greg Rucka (graphic novel), Steve Lieber (graphic novel)",Dominic Sena,"Action, Crime, Mystery","U.S. Marshal Carrie Stetko tracks a killer in Antarctica, as the sun is about to set for six months."
2009,Zombieland,pass,pass,25.62,82.07,111,88,275243,73,7.8,R,English,USA,"Rhett Reese, Paul Wernick",Ruben Fleischer,"Comedy, Horror","A shy student trying to reach his family in Ohio, and a gun-toting tough guy trying to find the Last Twinkie and a pair of sisters trying to get to an amusement park join forces to travel across a zombie-filled America."
2010,127 Hours,dubious,fail,19.23,19.59,64.88,94,208624,82,7.7,R,"English, Italian","USA, UK","Danny Boyle (screenplay), Simon Beaufoy (screenplay), Aron Ralston (book)",Danny Boyle,"Adventure, Biography, Drama","A mountain climber becomes trapped under a boulder while canyoneering alone near Moab, Utah and resorts to desperate measures in order to survive."
2010,Clash of the Titans,dubious,fail,133.53,174.35,526.87,106,182029,39,5.8,PG-13,English,USA,"Travis Beacham (screenplay), Phil Hay (screenplay), Matt Manfredi (screenplay), Beverley Cross",Louis Leterrier,"Action, Adventure, Fantasy","Perseus, mortal son of Zeus, battles the minions of the underworld to stop them from conquering heaven and earth."
2010,Inception,dubious,fail,170.92,312.54,889.39,148,931327,74,8.8,PG-13,"English, Japanese, French","USA, UK",Christopher Nolan,Christopher Nolan,"Action, Adventure, Mystery",A skilled extractor is offered a chance to regain his old life as payment for a task considered to be impossible.
2010,Letters to Juliet,dubious,fail,32.05,56.65,84.54,105,49836,50,6.5,PG,"English, Italian, Spanish",USA,"Jose Rivera, Tim Sullivan",Gary Winick,"Comedy, Drama, Romance","Sophie dreams of becoming a writer and travels to Verona, Italy where she meets the ""Secretaries of Juliet""."
2010,Robin Hood,dubious,fail,224.33,112.68,344.46,140,167266,53,6.7,PG-13,"English, French","USA, UK","Brian Helgeland (screenplay), Brian Helgeland (story), Ethan Reiff (story), Cyrus Voris (story)",Ridley Scott,"Action, Adventure, Drama","In 13th century England, Robin and his band of marauders confront corruption in a local village and lead an uprising against the crown that will forever alter the balance of world power."
2010,Skyline,dubious,fail,10.68,22.88,84.06,94,65652,26,4.4,PG-13,English,USA,"Joshua Cordes, Liam O'Donnell","Colin Strause, Greg Strause","Action, Sci-Fi, Thriller","Jarrod and his pregnant girlfriend Elaine travel to Los Angeles to meet his old friend and successful entrepreneur Terry, and his wife Candice. Terry gives a party in his apartment for ..."
2010,Somewhere,dubious,fail,7.48,1.91,15.37,97,28718,67,6.4,R,"English, Italian","USA, UK, Italy, Japan",Sofia Coppola,Sofia Coppola,Drama,"After withdrawing to the Chateau Marmont, a passionless Hollywood actor reexamines his life when his eleven-year-old daughter surprises him with a visit."
2010,The Conspirator,dubious,fail,26.71,12.33,16.99,122,19676,55,7,PG-13,English,USA,"James D. Solomon, James D. Solomon (story), Gregory Bernstein (story)",Robert Redford,"Crime, Drama, History","Mary Surratt is the lone female charged as a co-conspirator in the assassination trial of Abraham Lincoln. As the whole nation turns against her, she is forced to rely on her reluctant lawyer to uncover the truth and save her life."
2010,The Karate Kid,dubious,fail,42.73,188.64,383.59,140,89129,61,6.3,PG,"English, Chinese","USA, China","Christopher Murphey (screenplay), Robert Mark Kamen (story)",Harald Zwart,"Action, Drama, Family","Work causes a single mother to move to China with her young son; in his new home, the boy embraces kung fu, taught to him by a master."
2010,Toy Story 3,dubious,fail,213.65,443.32,1136.34,103,354090,92,8.5,G,"English, Spanish",USA,"John Lasseter (story), Andrew Stanton (story), Lee Unkrich (story), Michael Arndt (screenplay)",Lee Unkrich,"Animation, Adventure, Comedy","The toys are mistakenly delivered to a day-care center instead of the attic right before Andy leaves for college, and it's up to Woody to convince the other toys that they weren't abandoned and to return home."
2010,Unstoppable,dubious,fail,101.48,87.13,181.08,98,113239,69,6.8,PG-13,English,USA,Mark Bomback,Tony Scott,"Action, Thriller","With an unmanned, half-mile-long freight train barreling toward a city, a veteran engineer and a young conductor race against the clock to prevent a catastrophe."
2010,Wall Street: Money Never Sleeps,dubious,fail,74.78,56.06,146.81,133,69099,59,6.3,PG-13,English,USA,"Allan Loeb, Stephen Schiff, Stanley Weiser (characters), Oliver Stone (characters)",Oliver Stone,Drama,"Now out of prison but still disgraced by his peers, Gordon Gekko works his future son-in-law, an idealistic stock broker, when he sees an opportunity to take down a Wall Street enemy and rebuild his empire."
2010,Knight and Day,men,fail,124.98,81.64,280.03,109,112854,46,6.3,PG-13,"English, German, Spanish",USA,Patrick O'Neill,James Mangold,"Action, Comedy, Romance",A story of a girl who gets mixed up with a spy trying to clear his name.
2010,Red,men,fail,64.09,96.55,209.84,111,182197,60,7.1,PG-13,"English, Russian",USA,"Jon Hoeber (screenplay), Erich Hoeber (screenplay), Warren Ellis (graphic novel), Cully Hamner (graphic novel)",Robert Schwentke,"Action, Comedy, Crime","When his peaceful life is threatened by a high-tech assassin, former black-ops agent Frank Moses reassembles his old team in a last ditch effort to survive and uncover his assailants."
2010,The Fighter,men,fail,11.75,100,138.08,116,199602,79,7.9,R,English,USA,"Scott Silver (screenplay), Paul Tamasy (screenplay), Eric Johnson (screenplay), Paul Tamasy (story), Eric Johnson (story), Keith Dorrington (story)",David O. Russell,"Biography, Drama, Sport","A look at the early years of boxer ""Irish"" Micky Ward and his brother who helped train him before going pro in the mid 1980s."
2010,The Switch,men,fail,20.3,29.65,53.26,101,57800,52,6,PG-13,English,USA,"Allan Loeb (screenplay), Jeffrey Eugenides (short story ""Baster"")","Josh Gordon, Will Speck","Comedy, Drama, Romance","Seven years after the fact, a man comes to the realization that he was the sperm donor for his best friend's boy."
2010,Animal Kingdom,notalk,fail,4.49,1.12,8.63,113,35924,83,7.3,R,English,Australia,David Michôd,David Michôd,"Crime, Drama, Thriller",Tells the story of seventeen year-old J (Josh) as he navigates his survival amongst an explosive criminal family and the detective who thinks he can save him.
2010,Beginners,notalk,fail,3.42,6.19,12.35,105,54829,81,7.2,R,"English, French",USA,Mike Mills,Mike Mills,"Comedy, Drama, Romance","A young man is rocked by two announcements from his elderly father: that he has terminal cancer, and that he has a young male lover."
2010,Biutiful,notalk,fail,37.39,5.45,26.81,148,50609,58,7.5,R,"Spanish, Chinese, Wolof","Mexico, Spain","Alejandro González Iñárritu (screenplay), Nicolás Giacobone (screenplay), Armando Bo (screenplay)",Alejandro González Iñárritu,Drama,"This is the story of Uxbal, a man living in this world, but able to see his death, which guides his every move."
2010,Casino Jack,notalk,fail,13.35,2.18,2.22,108,11941,51,6.2,R,English,Canada,Norman Snider,George Hickenlooper,"Biography, Comedy, Crime",A hot shot Washington DC lobbyist and his protégé go down hard as their schemes to peddle influence lead to corruption and murder.
2010,Centurion,notalk,fail,16.02,0.13,7.08,97,51509,62,6.4,R,"English, Scottish Gaelic","UK, France",Neil Marshall,Neil Marshall,"Action, Adventure, Drama",A splinter group of Roman soldiers fight for their lives behind enemy lines after their legion is decimated in a devastating guerrilla attack.
2010,Charlie St. Cloud,notalk,fail,47,33.34,51.79,99,33688,37,6.4,PG-13,English,"USA, Canada","Craig Pearce (screenplay), Lewis Colick (screenplay), Ben Sherwood (novel)",Burr Steers,"Drama, Fantasy, Romance","Charlie St. Cloud has been given the gift of seeing his deceased brother, but when a new love interest is in trouble he must choose between saving a life or continuing to see his brother everyday."
2010,Cop Out,notalk,fail,39.52,47.94,59.72,107,64017,31,5.7,R,"English, Spanish",USA,"Robb Cullen, Mark Cullen",Kevin Smith,"Action, Comedy, Crime","A comedy about a veteran NYPD cop whose rare baseball card is stolen. Since it's his only hope to pay for his daughter's upcoming wedding, he recruits his partner to track down the thief, a memorabilia-obsessed gangster."
2010,Cyrus,notalk,fail,7.48,7.98,10.72,91,25887,74,6.3,R,English,USA,"Mark Duplass, Jay Duplass","Jay Duplass, Mark Duplass","Drama, Romance",A divorced guy meets the woman of his dreams. Then he meets her son.
2010,Dinner for Schmucks,notalk,fail,73.71,78.01,92.72,114,64944,56,5.9,PG-13,English,USA,"David Guion (screenplay), Michael Handelman (screenplay), Francis Veber (film ""Le Diner de Cons"")",Jay Roach,Comedy,"When he finds out that his work superiors host a dinner celebrating the idiocy of their guests, a rising executive questions it when he's invited, just as he befriends a man who would be the perfect guest."
2010,Due Date,notalk,fail,69.44,107.4,226.19,95,215748,51,6.6,R,"English, Spanish",USA,"Alan R. Cohen (screenplay), Alan Freedland (screenplay), Adam Sztykiel (screenplay), Todd Phillips (screenplay), Alan R. Cohen (story), Alan Freedland (story)",Todd Phillips,"Comedy, Drama",High-strung father-to-be Peter Highman is forced to hitch a ride with aspiring actor Ethan Tremblay on a road trip in order to make it to his child's birth on time.
2010,Edge of Darkness,notalk,fail,64.09,46.27,86.75,117,62756,55,6.6,R,English,"UK, USA","William Monahan (screenplay), Andrew Bovell (screenplay), Troy Kennedy-Martin (television series)",Martin Campbell,"Crime, Drama, Mystery","As homicide detective Thomas Craven investigates the death of his activist daughter, he uncovers not only her secret life, but a corporate cover-up and government collusion that attracts an agent tasked with cleaning up the evidence."
2010,Everything Must Go,notalk,fail,5.34,2.9,2.9,97,31814,65,6.5,R,English,USA,"Dan Rush, Raymond Carver (short story ""Why Don't You Dance"")",Dan Rush,"Comedy, Drama","When an alcoholic relapses, causing him to lose his wife and his job, he holds a yard sale on his front lawn in an attempt to start over. A new neighbor might be the key to his return to form."
2010,Frozen,notalk,fail,160.23,419.87,1073.09,93,40785,43,6.2,R,English,USA,Adam Green,Adam Green,"Drama, Thriller",Three skiers are stranded on a chairlift and forced to make life-or-death choices that prove more perilous than staying put and freezing to death
2010,Hot Tub Time Machine,notalk,fail,38.46,53.7,67.52,101,110486,63,6.5,R,"English, Russian",USA,"Josh Heald (screenplay), Sean Anders (screenplay), John Morris (screenplay), Josh Heald (story)",Steve Pink,"Adventure, Comedy, Sci-Fi","A malfunctioning time machine at a ski resort takes a man back to 1986 with his two friends and nephew, where they must relive a fateful night and not change anything to make sure the nephew is born."
2010,Kick-Ass,notalk,fail,29.91,51.35,104.18,117,324419,66,7.8,R,English,"UK, USA","Jane Goldman (screenplay), Matthew Vaughn (screenplay), Mark Millar (comic book), John Romita Jr. (comic book)",Matthew Vaughn,"Action, Comedy","Dave Lizewski is an unnoticed high school student and comic book fan who one day decides to become a super-hero, even though he has no powers, training or meaningful reason to do so."
2010,Let Me In,notalk,fail,21.36,12.96,30.2,116,69576,79,7.2,R,English,"UK, USA","Matt Reeves (screenplay), John Ajvide Lindqvist (screenplay), John Ajvide Lindqvist (novel)",Matt Reeves,"Drama, Horror, Mystery",A bullied young boy befriends a young female vampire who lives in secrecy with her guardian.
2010,Shrek Forever After,notalk,fail,176.26,255.03,807.84,93,99108,58,6.4,PG,English,USA,"William Steig (book), Josh Klausner, Darren Lemke",Mike Mitchell,"Animation, Adventure, Comedy",Rumpelstiltskin tricks a mid-life crisis burdened Shrek into allowing himself to be erased from existence and cast in a dark alternate timeline where Rumpel rules supreme.
2010,Shutter Island,notalk,fail,85.46,136.75,317.08,138,494572,63,8.1,R,"English, German",USA,"Laeta Kalogridis (screenplay), Dennis Lehane (novel)",Martin Scorsese,"Drama, Mystery, Thriller","In 1954, U.S. Marshal Teddy Daniels is investigating the disappearance of a murderess who escaped from a hospital for the criminally insane and is presumed to be hiding nearby."
2010,Submarine,notalk,fail,2.03,0.5,4.89,97,43953,76,7.3,R,English,"UK, USA","Richard Ayoade, Joe Dunthorne (novel)",Richard Ayoade,"Comedy, Drama, Romance","15-year-old Oliver Tate has two objectives: To lose his virginity before his next birthday, and to extinguish the flame between his mother and an ex-lover who has resurfaced in her life."
2010,Super,notalk,fail,2.67,0.35,0.55,96,47722,50,6.8,R,English,USA,James Gunn,James Gunn,"Comedy, Drama","After his wife falls under the influence of a drug dealer, an everyday guy transforms himself into Crimson Bolt, a superhero with the best intentions, though he lacks for heroic skills."
2010,Takers,notalk,fail,34.18,61.68,75.4,107,37192,45,6.2,PG-13,English,USA,"Peter Allen, Gabriel Casseus, John Luessenhop, Avery Duff",John Luessenhop,"Action, Crime, Thriller",A group of bank robbers find their multi-million dollar plan interrupted by a hard-boiled detective.
2010,The Expendables,notalk,fail,87.6,110.1,286.57,103,194645,45,6.5,R,"English, Spanish",USA,"Dave Callaham (screenplay), Sylvester Stallone (screenplay), Dave Callaham (story)",Sylvester Stallone,"Action, Adventure, Thriller",A CIA operative hires a team of mercenaries to eliminate a Latin dictator and a renegade CIA agent.
2010,The Killer Inside Me,notalk,fail,13.89,0.23,3.86,109,23818,NA,6.2,R,English,"USA, Sweden, UK, Canada","John Curran, Jim Thompson (novel)",Michael Winterbottom,"Crime, Drama, Thriller",A West Texas deputy sheriff is slowly unmasked as a psychotic killer.
2010,The Last Airbender,notalk,fail,160.23,140.76,341.53,103,90712,20,4.4,PG,English,USA,M. Night Shyamalan,M. Night Shyamalan,"Action, Adventure, Family","The story follows the adventures of Aang, a young successor to a long line of Avatars, who must put his childhood ways aside and stop the Fire Nation from enslaving the Water, Earth and Air nations."
2010,The Losers,notalk,fail,26.71,25.2,28.54,97,62441,44,6.4,PG-13,English,USA,"Peter Berg (screenplay), James Vanderbilt (screenplay), Andy Diggle (characters)",Sylvain White,"Action, Crime, Drama","A CIA special forces team are betrayed and left for dead by their superiors, galvanizing them to mount an offensive on the CIA."
2010,The Social Network,notalk,fail,42.73,103.58,240.27,120,335226,95,7.8,PG-13,"English, French",USA,"Aaron Sorkin (screenplay), Ben Mezrich (book)",David Fincher,"Biography, Drama","Harvard student Mark Zuckerberg creates the social networking site that would become known as Facebook, but is later sued by two brothers who claimed he stole their idea, and the cofounder who was later squeezed out of the business."
2010,The Town,notalk,fail,39.52,98.48,162.98,125,222873,74,7.6,R,English,USA,"Peter Craig (screenplay), Ben Affleck (screenplay), Aaron Stockard (screenplay), Chuck Hogan (novel)",Ben Affleck,"Crime, Drama, Thriller","As he plans his next job, a longtime thief tries to balance his feelings for a bank manager connected to one of his earlier heists, as well as the FBI agent looking to bring him and his crew down."
2010,The Wolfman,notalk,fail,160.23,66.43,152.37,103,78000,43,5.8,R,"English, Romanian",USA,"Andrew Kevin Walker (screenplay), David Self (screenplay), Curt Siodmak",Joe Johnston,"Drama, Horror, Thriller","Upon his return to his ancestral homeland, an American man is bitten, and subsequently cursed by, a werewolf."
2010,Dear John,nowomen,fail,26.71,85.47,118.96,108,60595,43,6.2,PG-13,English,USA,"Jamie Linden (screenplay), Nicholas Sparks (novel)",Lasse Hallström,"Drama, Romance, War",A romantic drama about a soldier who falls for a conservative college student while he's home on leave.
2010,Dylan Dog: Dead of Night,nowomen,fail,21.36,1.27,6.51,107,11055,31,5.2,PG-13,English,USA,"Thomas Dean Donnelly, Joshua Oppenheimer, Tiziano Sclavi (comic book series ""Dylan Dog"")",Kevin Munroe,"Comedy, Horror, Mystery","The adventures of supernatural private eye, Dylan Dog, who seeks out the monsters of the Louisiana bayou in his signature red shirt, black jacket, and blue jeans."
2010,Faster,nowomen,fail,12.82,24.83,38.09,98,65873,44,6.5,R,English,USA,"Tony Gayton, Joe Gayton",George Tillman Jr.,"Action, Crime, Drama","An ex-con sets out to avenge his brother's death after they were double-crossed during a heist years ago. During his campaign, however, he's tracked by a veteran cop and an egocentric hit man."
2010,Green Zone,nowomen,fail,106.82,37.92,104.18,115,90441,63,6.9,R,"English, Arabic","France, USA, Spain, UK","Brian Helgeland, Rajiv Chandrasekaran (book)",Paul Greengrass,"Action, Drama, Thriller",Discovering covert and faulty intelligence causes a U.S. Army officer to go rogue as he hunts for Weapons of Mass Destruction in an unstable region.
2010,Megamind,nowomen,fail,138.87,158.54,343.85,95,121511,63,7.3,PG,English,USA,"Alan J. Schoolcraft, Brent Simons",Tom McGrath,"Animation, Action, Comedy","The supervillain Megamind finally defeats his nemesis, the superhero Metro Man. But without a hero, he loses all purpose and must find new meaning to his life."
2010,Monsters,nowomen,fail,0.53,0.25,6.02,94,58491,63,6.4,R,"English, Spanish",UK,Gareth Edwards,Gareth Edwards,"Drama, Sci-Fi, Thriller",Six years after Earth has suffered an alien invasion a cynical journalist agrees to escort a shaken American tourist through an infected zone in Mexico to the safety of the US border.
2010,Predators,nowomen,fail,42.73,55.55,135.92,107,137701,51,6.4,R,"English, Spanish, Russian",USA,"Alex Litvak, Michael Finch, Jim Thomas (characters), John Thomas (characters)",Nimród Antal,"Action, Adventure, Sci-Fi",A group of elite warriors are hunted by members of a merciless alien race known as Predators.
2010,Prince of Persia: The Sands of Time,nowomen,fail,213.65,96.95,357.92,116,167050,50,6.6,PG-13,English,USA,"Boaz Yakin (screenplay), Doug Miro (screenplay), Carlo Bernard (screenplay), Jordan Mechner (screen story), Jordan Mechner (video game series ""Prince of Persia"")",Mike Newell,"Action, Adventure, Fantasy",A young fugitive prince and princess must stop a villain who unknowingly threatens to destroy the world with a special dagger that enables the magic sand inside to reverse time.
2010,The A-Team,nowomen,fail,117.51,82.49,189.33,117,167381,47,6.8,PG-13,"English, Spanish, French, Swahili, German",USA,"Joe Carnahan, Brian Bloom, Skip Woods, Frank Lupo (television series ""The A-Team""), Stephen J. Cannell (television series ""The A-Team"")",Joe Carnahan,"Action, Adventure, Comedy","A group of Iraq War veterans looks to clear their name with the U.S. military, who suspect the four men of committing a crime for which they were framed."
2010,The Illusionist,nowomen,fail,17.63,42.59,89.51,80,22721,82,7.5,PG,"English, French, Scottish Gaelic","UK, France","Sylvain Chomet (adaptation), Jacques Tati (original screenplay)",Sylvain Chomet,"Animation, Drama, Fantasy","A French illusionist finds himself out of work and travels to Scotland, where he meets a young woman. Their ensuing adventure changes both their lives forever."
2010,The Other Guys,nowomen,fail,106.82,127.35,182.6,107,139436,64,6.6,PG-13,English,USA,"Adam McKay, Chris Henchy",Adam McKay,"Action, Comedy, Crime",Two mismatched New York City detectives seize an opportunity to step up like the city's top cops whom they idolize -- only things don't quite go as planned.
2010,The Tourist,nowomen,fail,106.82,72.25,297.75,103,128663,37,6,PG-13,"English, French, Italian, Russian, Spanish","USA, France, Italy","Florian Henckel von Donnersmarck (screenplay), Christopher McQuarrie (screenplay), Julian Fellowes (screenplay), Jérôme Salle (motion picture ""Anthony Zimmer"")",Florian Henckel von Donnersmarck,"Action, Romance, Thriller","Revolves around Frank, an American tourist visiting Italy to mend a broken heart. Elise is an extraordinary woman who deliberately crosses his path."
2010,Yogi Bear,nowomen,fail,85.46,107.09,216.09,80,13074,35,4.5,PG,English,"USA, New Zealand","J.R. Ventimilia, Joshua Sternin, Brad Copeland",Eric Brevig,"Animation, Adventure, Comedy","A documentary filmmaker travels to Jellystone Park to shoot a project and soon crosses paths with Yogi Bear, his sidekick Boo-Boo, and Ranger Smith."
2010,Alice in Wonderland,pass,pass,213.65,356.99,1094.29,108,227332,53,6.5,PG,English,USA,"Linda Woolverton (screenplay), Lewis Carroll (books)",Tim Burton,"Adventure, Family, Fantasy","Nineteen-year-old Alice returns to the magical world from her childhood adventure, where she reunites with her old friends and learns of her true destiny: to end the Red Queen's reign of terror."
2010,Another Year,pass,pass,8.55,3.42,19.77,129,19387,80,7.3,PG-13,English,UK,Mike Leigh,Mike Leigh,"Comedy, Drama",A look at four seasons in the lives of a happily married couple and their relationships with their family and friends.
2010,Black Swan,pass,pass,13.89,114.25,353.87,108,413135,79,8.1,R,"English, French, Italian",USA,"Mark Heyman (screenplay), Andres Heinz (screenplay), John J. McLaughlin (screenplay), Andres Heinz (story)",Darren Aronofsky,"Drama, Mystery, Thriller","A ballet dancer wins the lead in ""Swan Lake"" and is perfect for the role of the delicate White Swan - Princess Odette - but slowly loses her mind as she becomes more and more like Odile, the Black Swan."
2010,Burlesque,pass,pass,58.75,42.13,95.77,119,46865,47,6.3,PG-13,English,USA,Steve Antin,Steve Antin,"Drama, Musical, Romance",A small-town girl ventures to Los Angeles and finds her place in a neo-burlesque club run by a former dancer.
2010,Conviction,pass,pass,13.35,7.26,10.82,107,27841,61,7.2,R,English,USA,Pamela Gray,Tony Goldwyn,"Biography, Drama","A working mother puts herself through law school in an effort to represent her brother, who has been wrongfully convicted of murder and has exhausted his chances to appeal his conviction through public defenders."
2010,Country Strong,pass,pass,16.02,21.6,21.95,117,12413,45,6.3,PG-13,English,USA,Shana Feste,Shana Feste,"Drama, Music","A rising country-music songwriter works with a fallen star to work their way fame, causing romantic complications along the way."
2010,Date Night,pass,pass,58.75,105.45,162.66,88,102062,56,6.3,PG-13,"English, Hebrew",USA,Josh Klausner,Shawn Levy,"Comedy, Crime, Romance","In New York City, a case of mistaken identity turns a bored married couple's attempt at a glamorous and romantic evening into something more thrilling and dangerous."
2010,Despicable Me,pass,pass,73.71,268.68,580.58,95,241480,72,7.7,PG,English,USA,"Cinco Paul (screenplay), Ken Daurio (screenplay), Sergio Pablos (story)","Pierre Coffin, Chris Renaud","Animation, Comedy, Crime","When a criminal mastermind uses a trio of orphan girls as pawns for a grand scheme, he finds their love is profoundly changing him for the better."
2010,Devil,pass,pass,10.68,35.98,67.68,80,82073,44,6.3,PG-13,"English, Ukrainian, Spanish",USA,"Brian Nelson (screenplay), M. Night Shyamalan (story)",John Erick Dowdle,"Horror, Mystery, Thriller",A group of people are trapped in an elevator and the Devil is mysteriously amongst them.
2010,Diary of a Wimpy Kid,pass,pass,16.02,68.37,82.21,94,24068,56,6.2,PG,English,USA,"Jackie Filgo (screenplay), Jeff Filgo (screenplay), Gabe Sachs (screenplay), Jeff Judah (screenplay), Jeff Kinney (book)",Thor Freudenthal,"Comedy, Family",Live-action adaptation of Jeff Kinney's illustrated novel about a wise-cracking sixth grade student.
2010,Easy A,pass,pass,8.55,62.39,81.4,92,182792,72,7.2,PG-13,English,USA,Bert V. Royal,Will Gluck,"Comedy, Romance",A clean-cut high school student relies on the school's rumor mill to advance her social and financial standing.
2010,Fair Game,pass,pass,53.41,12.28,27.88,108,31841,69,6.8,PG-13,"English, Arabic, French","USA, United Arab Emirates","Jez Butterworth (screenplay), John-Henry Butterworth (screenplay), Joseph Wilson (book), Valerie Plame Wilson (book)",Doug Liman,"Biography, Drama, Thriller",CIA operative Valerie Plame discovers her identity is allegedly leaked by the government as payback for an op-ed article her husband wrote criticizing the Bush administration.
2010,For Colored Girls,pass,pass,22.43,40.3,40.61,133,5276,50,5.8,R,English,USA,"Tyler Perry (screenplay), Ntozake Shange (play)",Tyler Perry,Drama,"Each of the women portray one of the characters represented in the collection of twenty poems, revealing different issues that impact women in general and women of color in particular."
2010,Going the Distance,pass,pass,34.18,19.02,42.72,102,41809,51,6.4,R,English,USA,Geoff LaTulippe,Nanette Burstein,"Comedy, Romance",A romantic comedy centered on a guy and a gal who try to keep their love alive as they shuttle back and forth between New York and San Francisco to see one another.
2010,Grown Ups,pass,pass,80.12,173.05,290.8,102,130952,30,5.9,PG-13,"English, Spanish",USA,"Adam Sandler, Fred Wolf",Dennis Dugan,Comedy,"After their high school basketball coach passes away, five good friends and former teammates reunite for a Fourth of July holiday weekend."
2010,Harry Potter and the Deathly Hallows: Part 1,pass,pass,133.53,316.18,1021.66,146,234235,65,7.7,PG-13,English,"UK, USA","Steve Kloves (screenplay), J.K. Rowling (novel)",David Yates,"Adventure, Family, Fantasy","As Harry races against time and evil to destroy the Horcruxes, he uncovers the existence of three most powerful objects in the wizarding world: the Deathly Hallows."
2010,How to Train Your Dragon,pass,pass,176.26,232.43,528.64,98,284039,74,8.2,PG,English,USA,"William Davies (screenplay), Dean DeBlois (screenplay), Chris Sanders (screenplay), Cressida Cowell (book)","Dean DeBlois, Chris Sanders","Animation, Adventure, Comedy","A hapless young Viking who aspires to hunt dragons becomes the unlikely friend of a young dragon himself, and learns there may be more to the creatures than he assumed."
2010,Insidious,pass,pass,1.6,57.69,106.69,103,123032,52,6.8,PG-13,English,"USA, Canada",Leigh Whannell,James Wan,"Horror, Thriller",A family looks to prevent evil spirits from trapping their comatose child in a realm called The Further.
2010,Iron Man 2,pass,pass,181.6,333.75,666.11,124,337808,57,7.1,PG-13,"English, French, Russian",USA,"Justin Theroux (screenplay), Stan Lee (Marvel comic book), Don Heck (Marvel comic book), Larry Lieber (Marvel comic book), Jack Kirby (Marvel comic book)","Jon Favreau, Kenneth Branagh","Action, Adventure, Sci-Fi","With the world now aware of his identity as Iron Man, Tony Stark must contend with both his declining health and a vengeful mad man with ties to his father's legacy."
2010,Legion,pass,pass,27.77,42.91,73.55,100,63773,32,5.1,R,English,USA,"Peter Schink, Scott Stewart",Scott Stewart,"Action, Fantasy, Horror",A group of strangers fight for the welfare of humanity.
2010,Machete,pass,pass,13.35,28.41,47.36,105,137848,60,6.7,R,"English, Spanish, Hungarian",USA,"Robert Rodriguez, Álvaro Rodríguez","Ethan Maniquis, Robert Rodriguez","Action, Crime, Thriller","After being set-up and betrayed by the man who hired him to assassinate a Texas Senator, an ex-Federale launches a brutal rampage of revenge against his former boss."
2010,Morning Glory,pass,pass,42.73,33.13,64.14,107,46999,57,6.5,PG-13,"English, Ukrainian",USA,Aline Brosh McKenna,Roger Michell,"Comedy, Drama, Romance",An upstart television producer accepts the challenge of reviving a struggling morning show program with warring co-hosts.
2010,Never Let Me Go,pass,pass,16.02,2.6,12.29,103,81692,69,7.2,R,English,"UK, USA","Kazuo Ishiguro (novel), Alex Garland (screenplay)",Mark Romanek,"Drama, Romance, Sci-Fi","A love triangle develops between three friends who came of age at a mysterious, secluded boarding school and are destined to lead brief lives."
2010,Paranormal Activity 2,pass,pass,3.2,90.54,189.62,91,62806,53,5.7,R,"English, Spanish",USA,"Michael R. Perry (screenplay), Christopher Landon (screenplay), Tom Pabst (screenplay), Michael R. Perry (story), Oren Peli (film ""Paranormal Activity"")",Tod Williams,Horror,"After experiencing what they think are a series of ""break-ins"", a family sets up security cameras around their home, only to realize that the events unfolding before them are more sinister than they seem."
2010,Please Give,pass,pass,3.2,4.31,4.88,90,8600,78,6.6,R,English,USA,Nicole Holofcener,Nicole Holofcener,"Comedy, Drama","In New York City, a husband and wife butt heads with the granddaughters of the elderly woman who lives in apartment the couple owns."
2010,Rabbit Hole,pass,pass,5.34,2.38,6.24,91,34420,76,7,PG-13,English,USA,"David Lindsay-Abaire (screenplay), David Lindsay-Abaire (based on his play: ""Rabbit Hole"")",John Cameron Mitchell,Drama,Life for a happy couple is turned upside down after their young son dies in an accident.
2010,Ramona and Beezus,pass,pass,16.02,27.95,29.34,103,10806,56,6.7,G,English,USA,"Laurie Craig (screenplay), Nick Pustay (screenplay), Beverly Cleary (novels)",Elizabeth Allen Rosenbaum,"Adventure, Comedy, Family",Follows the misadventures of young grade schooler Ramona Quimby from Beverly Cleary's popular children's book series.
2010,Remember Me,pass,pass,17.09,20.37,60.36,113,82994,40,7.2,PG-13,"English, Chinese",USA,Will Fetters,Allen Coulter,"Drama, Romance","A romantic drama centered on two new lovers: Tyler, whose parents have split in the wake of his brother's suicide, and Ally, who lives each day to the fullest since witnessing her mother's murder."
2010,Repo Men,pass,pass,34.18,14.89,19.44,111,74403,32,6.3,R,"English, Spanish","USA, Canada","Eric Garcia (screenplay), Garrett Lerner (screenplay), Eric Garcia (novel)",Miguel Sapochnik,"Action, Crime, Sci-Fi","Set in the near future when artificial organs can be bought on credit, it revolves around a man who struggles to make the payments on a heart he has purchased. He must therefore go on the run before said ticker is repossessed."
2010,Salt,pass,pass,138.87,126.38,315.89,100,190682,65,6.4,PG-13,"English, Russian, Korean",USA,Kurt Wimmer,Phillip Noyce,"Action, Crime, Mystery",A CIA agent goes on the run after a defector accuses her of being a Russian spy.
2010,Scott Pilgrim vs. the World,pass,pass,90.8,33.77,51.37,112,200557,69,7.5,PG-13,English,"USA, UK, Canada, Japan","Michael Bacall (screenplay), Edgar Wright (screenplay), Bryan Lee O'Malley (Oni Press graphic novels)",Edgar Wright,"Action, Comedy, Fantasy",Scott Pilgrim must defeat his new girlfriend's seven evil exes in order to win her heart.
2010,Secretariat,pass,pass,37.39,63.77,64.5,123,16504,61,7.2,PG,English,USA,"Mike Rich, William Nack (book)",Randall Wallace,"Drama, Family, History","Penny Chenery Tweedy and colleagues guide her long-shot but precocious stallion to set, in 1973, the unbeaten record for winning the Triple Crown."
2010,Tangled,pass,pass,277.74,214.52,626.61,100,175102,71,7.9,PG,English,USA,"Dan Fogelman (screenplay), Jacob Grimm (fairy tale), Wilhelm Grimm (fairy tale), Dean Wellins (additional story)","Nathan Greno, Byron Howard","Animation, Comedy, Family","The magically long-haired Rapunzel has spent her entire life in a tower, but now that a runaway thief has stumbled upon her, she is about to discover the world for the first time, and who she really is."
2010,The Back-up Plan,pass,pass,37.39,40.05,80.42,106,31036,34,5.1,PG-13,English,USA,Kate Angelo,Alan Poul,"Comedy, Romance","A romantic comedy centered on a woman who conceives twins through artificial insemination, only to meet the man of her dreams on the very same day."
2010,The Chronicles of Narnia: The Voyage of the Dawn Treader,pass,pass,165.58,111.51,446.72,113,74574,53,6.4,PG,English,USA,"Christopher Markus (screenplay), Stephen McFeely (screenplay), Michael Petroni (screenplay), C.S. Lewis (novel)",Michael Apted,"Adventure, Family, Fantasy","Lucy and Edmund Pevensie return to Narnia with their cousin Eustace where they meet up with Prince Caspian for a trip across the sea aboard the royal ship The Dawn Treader. Along the way they encounter dragons, dwarves, merfolk, and a band of lost warriors before reaching the edge of the world."
2010,The Crazies,pass,pass,20.3,41.79,58.71,101,75288,55,6.6,R,English,"USA, United Arab Emirates","Scott Kosar (screenplay), Ray Wright (screenplay), George A. Romero",Breck Eisner,"Horror, Mystery, Thriller",About the inhabitants of a small Iowa town suddenly plagued by insanity and then death after a mysterious toxin contaminates their water supply.
2010,The Debt,pass,pass,21.36,33.3,49.78,113,46879,65,6.9,R,"English, German, Russian","USA, UK, Hungary, Israel","Matthew Vaughn (screenplay), Jane Goldman (screenplay), Peter Straughan (screenplay), Assaf Bernstein (film ""Ha-Hov""), Ido Rosenblum (film ""Ha-Hov"")",John Madden,"Drama, Thriller","In 1965, three Mossad agents cross into East Berlin to apprehend a notorious Nazi war criminal. Thirty years later, the secrets the agents share come back to haunt them."
2010,The Kids Are All Right,pass,pass,4.27,22.23,38.75,106,90934,86,7.1,R,English,USA,"Lisa Cholodenko, Stuart Blumberg",Lisa Cholodenko,"Comedy, Drama",Two children conceived by artificial insemination bring their father into their family life.
2010,The Last Exorcism,pass,pass,1.92,43.83,74.95,87,33830,63,5.6,PG-13,English,"USA, France","Huck Botko, Andrew Gurland",Daniel Stamm,"Drama, Horror, Thriller",A troubled evangelical minister agrees to let his last exorcism be filmed by a documentary crew.
2010,The Next Three Days,pass,pass,32.05,22.59,71.84,133,113406,52,7.4,PG-13,English,"USA, France","Paul Haggis (screenplay), Fred Cavayé (screenplay), Guillaume Lemans (screenplay)",Paul Haggis,"Crime, Drama, Romance",A married couple's life is turned upside down when the wife is accused of a murder.
2010,The Runaways,pass,pass,10.15,3.82,5.64,106,31874,65,6.6,R,English,USA,"Floria Sigismondi (screenplay), Cherie Currie (book)",Floria Sigismondi,"Biography, Drama, Music",A coming-of-age biopic about '70s teenage band The Runaways.
2010,The Spy Next Door,pass,pass,29.91,25.97,54.46,94,22443,27,5.4,PG,English,USA,"Jonathan Bernstein (screenplay), James Greer (screenplay), Gregory Poirier (screenplay), Jonathan Bernstein (story), James Greer (story)",Brian Levant,"Action, Comedy, Family","Former CIA spy Bob Ho takes on his toughest assignment to date: looking after his girlfriend's three kids, who haven't exactly warmed to their mom's beau."
2010,The Tempest,pass,pass,21.36,0.3,0.3,110,4763,43,5.4,PG-13,English,USA,"Julie Taymor (screenplay), William Shakespeare (play)",Julie Taymor,"Comedy, Drama, Fantasy","Shakespeare's epic play is translated from page to screen, with the gender of the main character, Prospero, changed from male to female."
2010,The Twilight Saga: Eclipse,pass,pass,72.64,321.04,747.33,124,144112,58,4.9,PG-13,English,USA,"Melissa Rosenberg (screenplay), Stephenie Meyer (novel)",David Slade,"Adventure, Drama, Fantasy","As a string of mysterious killings grips Seattle, Bella, whose high school graduation is fast approaching, is forced to choose between her love for vampire Edward and her friendship with werewolf Jacob."
2010,True Grit,pass,pass,37.39,182.93,269.49,110,184711,80,7.7,PG-13,English,USA,"Joel Coen (screenplay), Ethan Coen (screenplay), Charles Portis (novel)","Ethan Coen, Joel Coen","Adventure, Drama, Western",A tough U.S. Marshal helps a stubborn young woman track down her father's murderer.
2010,Welcome to the Rileys,pass,pass,10.68,0.16,0.33,110,15740,50,7,R,English,"UK, USA",Ken Hixon,Jake Scott,Drama,"On a business trip to New Orleans, a damaged man seeks salvation by caring for a wayward young woman."
2010,You Again,pass,pass,21.36,27.46,35.08,105,31804,28,5.8,PG,English,USA,Moe Jelline,Andy Fickman,"Comedy, Romance","When a young woman realizes her brother is about to marry the girl who bullied her in high school, she sets out to expose the fiancée's true colors."
2010,You Will Meet a Tall Dark Stranger,pass,pass,16.02,3.47,36.58,98,27427,51,6.3,R,English,"USA, Spain",Woody Allen,Woody Allen,"Comedy, Drama, Romance",Sally's parents' marriage breaks up when her father undergoes a mid-lie crisis and impulsively weds a prostitute as Sally's own marriage also begins to disintegrate.
2011,A Dangerous Method,dubious,fail,20.71,5.91,15.34,99,61249,76,6.5,R,English,"UK, Germany, Canada, Switzerland","Christopher Hampton (screenplay), Christopher Hampton (play), John Kerr (book)",David Cronenberg,"Biography, Drama, Thriller",A look at how the intense relationship between Carl Jung and Sigmund Freud gives birth to psychoanalysis.
2011,Conan the Barbarian,dubious,fail,20.71,39.63,81.94,113,69325,36,5.2,R,English,USA,"Thomas Dean Donnelly, Joshua Oppenheimer, Sean Hood, Robert E. Howard (character of Conan)",Marcus Nispel,"Action, Adventure, Fantasy",A vengeful barbarian warrior sets off to get his revenge on the evil warlord who attacked his village and murdered his father when he was a boy.
2011,Drive,dubious,fail,15.54,36.31,80.84,100,334747,78,7.9,R,"English, Spanish",USA,"Hossein Amini (screenplay), James Sallis (book)",Nicolas Winding Refn,"Crime, Drama","A mysterious Hollywood stuntman, mechanic and getaway driver lands himself in trouble when he helps out his neighbor."
2011,Fright Night,dubious,fail,31.07,18.95,41.97,106,69493,64,6.4,R,English,USA,"Marti Noxon (screenplay), Tom Holland (story), Tom Holland (film ""Fright Night"")",Craig Gillespie,"Comedy, Horror",A teenager suspects that his new neighbor is a vampire.
2011,Hugo,dubious,fail,186.42,76.5,191.64,126,189943,83,7.6,PG,English,USA,"John Logan (screenplay), Brian Selznick (book)",Martin Scorsese,"Adventure, Drama, Family","Set in 1930s Paris, an orphan who lives in the walls of a train station is wrapped up in a mystery involving his late father and an automaton."
2011,Johnny English Reborn,dubious,fail,46.61,8.6,170.41,101,68398,46,6.3,PG,"English, Mandarin, Swiss German, Cantonese, Russian","USA, France, UK","Hamish McColl (screenplay), William Davies (story), Neal Purvis (characters), Robert Wade (characters)",Oliver Parker,"Adventure, Comedy, Crime",Johnny English goes up against international assassins hunting down the Chinese premier.
2011,Just Go with It,dubious,fail,82.86,106.71,222.65,117,124675,33,6.4,PG-13,English,USA,"Allan Loeb (screenplay), Timothy Dowling (screenplay), I.A.L. Diamond (screenplay), Abe Burrows (stage play), Pierre Barillet (French play), Jean-Pierre Grédy (French play)",Dennis Dugan,"Comedy, Romance","On a weekend trip to Hawaii, a plastic surgeon convinces his loyal assistant to pose as his soon-to-be-divorced wife in order to cover up a careless lie he told to his much-younger girlfriend."
2011,Mars Needs Moms,dubious,fail,155.35,22.16,40.96,88,14083,49,5.4,PG,English,USA,"Simon Wells (screenplay), Wendy Wells (screenplay), Berkeley Breathed (book)",Simon Wells,"Animation, Action, Adventure",A young boy named Milo gains a deeper appreciation for his mom after Martians come to Earth to take her away.
2011,The Adjustment Bureau,dubious,fail,51.99,64.73,132.35,106,160323,60,7.1,PG-13,English,USA,"George Nolfi (screenplay), Philip K. Dick (short story ""Adjustment Team"")",George Nolfi,"Fantasy, Romance, Thriller",The affair between a politician and a ballerina is affected by mysterious forces keeping the lovers apart.
2011,The Rite,dubious,fail,38.32,34.23,99.48,114,61248,38,6,PG-13,"English, Welsh, Italian, Latin, Russian, Hungarian","USA, Hungary, Italy","Michael Petroni, Matt Baglio (book)",Mikael Håfström,"Drama, Horror, Thriller",An American seminary student travels to Italy to take an exorcism course.
2011,50/50,men,fail,8.29,36.27,42.81,100,207865,72,7.8,R,English,USA,Will Reiser,Jonathan Levine,"Comedy, Drama","Inspired by a true story, a comedy centered on a 27-year-old guy who learns of his cancer diagnosis, and his subsequent struggle to beat the disease."
2011,Cars 2,men,fail,207.14,198.28,580.15,106,68226,57,6.4,G,"English, Japanese, Italian, French",USA,"John Lasseter (original story by), Brad Lewis (original story by), Dan Fogelman (original story by), Ben Queen (screenplay)","John Lasseter, Brad Lewis","Animation, Adventure, Comedy",Star race car Lightning McQueen and his pal Mater head overseas to compete in the World Grand Prix race. But the road to the championship becomes rocky as Mater gets caught up in an intriguing adventure of his own: international espionage.
2011,Coriolanus,men,fail,10.36,0.78,1.09,123,22126,79,6.1,R,English,UK,"John Logan (screenplay), William Shakespeare (play)",Ralph Fiennes,"Drama, Thriller, War",A banished hero of Rome allies with a sworn enemy to take his revenge on the city.
2011,Dolphin Tale,men,fail,38.32,74.87,99.5,113,12619,64,6.9,PG,English,USA,"Karen Janszen, Noam Dromi",Charles Martin Smith,"Drama, Family",A story centered on the friendship between a boy and a dolphin whose tail was lost in a crab trap.
2011,Final Destination 5,men,fail,41.43,44.11,163.52,92,64357,50,5.9,R,"English, Cantonese","USA, Canada","Eric Heisserer, Jeffrey Reddick (characters)",Steven Quale,"Horror, Thriller",Survivors of a suspension-bridge collapse learn there's no way you can cheat Death.
2011,Hall Pass,men,fail,37.28,46.67,86.68,105,86487,45,5.9,R,English,USA,"Pete Jones (screenplay), Peter Farrelly (screenplay), Kevin Barnett (screenplay), Bobby Farrelly (screenplay), Pete Jones (story)","Bobby Farrelly, Peter Farrelly","Comedy, Romance","Rick and Fred, two husbands who are having difficulty in their marriages, are given a Hall Pass by their wives: for one week, they can do whatever they want."
2011,Hop,men,fail,65.25,111.94,191.52,95,18398,41,5.5,PG,English,USA,"Cinco Paul (screenplay), Ken Daurio (screenplay), Brian Lynch (screenplay), Cinco Paul (story), Ken Daurio (story)",Tim Hill,"Animation, Comedy, Family","E.B., the Easter Bunny's teenage son, heads to Hollywood, determined to become a drummer in a rock 'n' roll band. In LA, he's taken in by Fred after the out-of-work slacker hits E.B. with his car."
2011,Immortals,men,fail,77.68,86.48,219.11,110,112273,46,6.1,R,"English, Greek",USA,"Charley Parlapanides, Vlas Parlapanides",Tarsem Singh,"Action, Drama, Fantasy","Theseus is a mortal man chosen by Zeus to lead the fight against the ruthless King Hyperion, who is on a rampage across Greece to obtain a weapon that can destroy humanity."
2011,The Three Musketeers,men,fail,93.21,21.11,144.87,110,69603,35,5.8,PG-13,English,"Germany, France, UK, USA","Alex Litvak (screenplay), Andrew Davies (screenplay), Alexandre Dumas père (novel)",Paul W.S. Anderson,"Action, Adventure, Romance",The hot-headed young D'Artagnan along with three former legendary but now down on their luck Musketeers must unite and defeat a beautiful double agent and her villainous employer from seizing the French throne and engulfing Europe in war.
2011,We Bought a Zoo,men,fail,51.78,78.32,123.17,124,83832,58,7.2,PG,English,USA,"Aline Brosh McKenna (screenplay), Cameron Crowe (screenplay), Benjamin Mee (book)",Cameron Crowe,"Drama, Family","Set in Southern California, a father moves his young family to the countryside to renovate and re-open a struggling zoo."
2011,30 Minutes or Less,notalk,fail,29,38.38,42.43,83,63927,49,6.2,R,"English, German, Spanish","Germany, Canada, USA","Michael Diliberti (screenplay), Michael Diliberti (story), Matthew Sullivan (story)",Ruben Fleischer,"Action, Comedy, Crime","Two fledgling criminals kidnap a pizza delivery guy, strap a bomb to his chest, and inform him that he has mere hours to rob a bank or else..."
2011,Arthur Christmas,notalk,fail,88.03,48.12,152.89,97,25736,69,7.1,PG,English,"UK, USA","Peter Baynham (screenplay), Sarah Smith (screenplay)","Sarah Smith, Barry Cook","Animation, Comedy, Drama","On Christmas night at the North Pole, Santa's youngest son looks to use his father's high-tech operation for an urgent mission."
2011,Beastly,notalk,fail,17.61,28.86,39.39,86,45885,40,5.5,PG-13,English,USA,"Daniel Barnz (screenplay), Alex Flinn (novel)",Daniel Barnz,"Drama, Fantasy, Romance","A modern-day take on the ""Beauty and the Beast"" tale where a New York teen is transformed into a hideous monster in order to find true love."
2011,Blackthorn,notalk,fail,4.66,0.21,1.29,102,5372,61,6.6,R,"English, Spanish","Spain, USA, Bolivia, France",Miguel Barros (scriptwriter),Mateo Gil,"Action, Adventure, Western","In Bolivia, Butch Cassidy (now calling himself James Blackthorne) pines for one last sight of home, an adventure that aligns him with a young robber and makes the duo a target for gangs and lawmen alike."
2011,Captain America: The First Avenger,notalk,fail,145,182.96,383.8,124,277792,66,6.8,PG-13,"English, Norwegian, French",USA,"Christopher Markus (screenplay), Stephen McFeely (screenplay), Joe Simon (comic books), Jack Kirby (comic books)",Joe Johnston,"Action, Adventure, Sci-Fi","After being deemed unfit for military service, Steve Rogers volunteers for a top secret research project that turns him into Captain America, a superhero dedicated to defending USA ideals."
2011,Colombiana,notalk,fail,41.43,37.97,74.26,108,60079,45,6.4,PG-13,"English, Spanish",France,"Luc Besson (screenplay), Robert Mark Kamen (screenplay)",Olivier Megaton,"Action, Crime, Drama","A young woman, after witnessing her parents' murder as a child in Bogota, grows up to be a stone-cold assassin."
2011,Diary of a Wimpy Kid: Rodrick Rules,notalk,fail,18.64,54.58,76.33,99,13675,51,6.6,PG,English,USA,"Gabe Sachs (screenplay), Jeff Judah (screenplay), Jeff Kinney (book)",David Bowers,"Comedy, Family","Back in middle school after summer vacation, Greg Heffley and his older brother Rodrick must deal with their parents' misguided attempts to have them bond."
2011,Green Lantern,notalk,fail,207.14,120.76,239.45,114,169039,39,5.7,PG-13,English,USA,"Greg Berlanti (screenplay), Michael Green (screenplay), Marc Guggenheim (screenplay), Michael Goldenberg (screenplay), Greg Berlanti (screen story), Michael Green (screen story), Marc Guggenheim (screen story)",Martin Campbell,"Action, Adventure, Sci-Fi",A test pilot is granted an alien ring that bestows him with otherworldly powers that inducts him into an intergalactic police force.
2011,Harry Potter and the Deathly Hallows: Part 2,notalk,fail,129.46,394.61,1375.51,130,344216,87,8.1,PG-13,English,"USA, UK","Steve Kloves (screenplay), J.K. Rowling (novel)",David Yates,"Adventure, Fantasy, Mystery","Harry, Ron and Hermione search for Voldemort's remaining Horcruxes in their effort to destroy the Dark Lord."
2011,I Am Number Four,notalk,fail,51.78,57.07,151.19,109,149524,36,6.1,PG-13,"English, French",USA,"Alfred Gough (screenplay), Miles Millar (screenplay), Marti Noxon (screenplay), Jobie Hughes (novel), James Frey (novel)",D.J. Caruso,"Drama, Romance, Sci-Fi","Aliens and their Guardians are hiding on Earth from intergalactic bounty hunters. They can only be killed in numerical order, and Number Four is next on the list. This is his story."
2011,In Time,notalk,fail,36.25,38.89,176.13,109,213311,53,6.6,PG-13,English,USA,Andrew Niccol,Andrew Niccol,"Action, Sci-Fi, Thriller","In a future where people stop aging at 25, but are engineered to live only one more year, having the means to buy your way out of the situation is a shot at immortal youth. Here, Will Salas finds himself accused of murder and on the run with a hostage - a connection that becomes an important part of the way against the system."
2011,Limitless,notalk,fail,27.96,82.08,175.8,105,288788,59,7.4,PG-13,"English, Russian, Italian, Mandarin, French",USA,"Leslie Dixon (screenplay), Alan Glynn (novel)",Neil Burger,"Mystery, Sci-Fi, Thriller","With the help of a mysterious pill that enables the user to access 100 percent of his brain abilities, a struggling writer becomes a financial wizard, but it also puts him in a new world with lots of dangers."
2011,Margin Call,notalk,fail,3.52,5.54,18.51,107,68508,76,7.1,R,English,USA,J.C. Chandor,J.C. Chandor,"Drama, Thriller","Follows the key people at an investment bank, over a 24-hour period, during the early stages of the financial crisis."
2011,Mission: Impossible - Ghost Protocol,notalk,fail,150.18,216.87,719.51,133,266646,73,7.4,PG-13,"English, Russian, French, Arabic, Swedish","USA, United Arab Emirates, Czech Republic","Josh Appelbaum, André Nemec, Bruce Geller (television series ""Mission: Impossible"")",Brad Bird,"Action, Thriller","The IMF is shut down when it's implicated in the bombing of the Kremlin, causing Ethan Hunt and his new team to go rogue to clear their organization's name."
2011,Moneyball,notalk,fail,51.78,78.3,115.14,133,220664,87,7.6,PG-13,English,USA,"Steven Zaillian (screenplay), Aaron Sorkin (screenplay), Stan Chervin (story), Michael Lewis (book)",Bennett Miller,"Biography, Drama, Sport",Oakland A's general manager Billy Beane's successful attempt to assemble a baseball team on a lean budget by employing computer-generated analysis to acquire new players.
2011,Pirates of the Caribbean: On Stranger Tides,notalk,fail,258.92,249.67,1080.91,136,258392,45,6.7,PG-13,"English, Spanish",USA,"Ted Elliott (screenplay), Terry Rossio (screenplay), Ted Elliott (screen story), Terry Rossio (screen story), Ted Elliott (characters), Terry Rossio (characters), Stuart Beattie (characters), Jay Wolpert (characters), Tim Powers (novel)",Rob Marshall,"Action, Adventure, Fantasy","Jack Sparrow and Barbossa embark on a quest to find the elusive fountain of youth, only to discover that Blackbeard and his daughter are after it too."
2011,Priest,notalk,fail,62.14,30.18,87.16,87,78938,41,5.7,PG-13,English,USA,"Cory Goodman, Min-Woo Hyung (graphic novel series ""Priest"")",Scott Stewart,"Action, Fantasy, Horror",A priest disobeys church law to track down the vampires who kidnapped his niece.
2011,Puss in Boots,notalk,fail,134.64,154.59,574.8,90,85506,65,6.7,PG,English,USA,"Charles Perrault (character), Tom Wheeler (screenplay), Brian Lynch (story), William Davies (story), Tom Wheeler (story)",Chris Miller,"Animation, Adventure, Comedy",The events leading up to the sword fighting cat's meeting with Shrek and his friends.
2011,Rango,notalk,fail,139.82,127.66,254.27,107,134510,75,7.3,PG,English,USA,"John Logan, John Logan (story), Gore Verbinski (story), James Ward Byrkit (story)",Gore Verbinski,"Animation, Adventure, Comedy","Rango is an ordinary chameleon who accidentally winds up in the town of Dirt, a lawless outpost in the Wild West in desperate need of a new sheriff."
2011,Real Steel,notalk,fail,113.93,88.51,303.7,127,193734,56,7.1,PG-13,English,"USA, India","John Gatins (screenplay), Dan Gilroy (story), Jeremy Leven (story), Richard Matheson (short story ""Steel"")",Shawn Levy,"Action, Drama, Sci-Fi","Set in the near future, where robot boxing is a top sport, a struggling promoter feels he's found a champion in a discarded robot. During his hopeful rise to the top, he discovers he has an 11-year-old son who wants to know his father."
2011,Rio,notalk,fail,93.21,148.75,504.92,96,116302,63,7,G,"English, Portuguese",USA,"Carlos Saldanha (story), Earl Richey Jones (story), Todd R. Jones (story), Don Rhymer (screenplay), Joshua Sternin (screenplay), J.R. Ventimilia (screenplay), Sam Harper (screenplay)",Carlos Saldanha,"Animation, Adventure, Comedy","When Blu, a domesticated macaw from small-town Minnesota, meets the fiercely independent Jewel, he takes off on an adventure to Rio de Janeiro with this bird of his dreams."
2011,Rise of the Planet of the Apes,notalk,fail,96.32,183.07,500.09,105,272305,68,7.6,PG-13,"English, Sign Languages",USA,"Rick Jaffa, Amanda Silver, Pierre Boulle (novel)",Rupert Wyatt,"Action, Drama, Sci-Fi","A substance, designed to help the brain repair itself, gives rise to a super-intelligent chimp who leads an ape uprising."
2011,Source Code,notalk,fail,33.14,56.66,145.44,93,269620,74,7.5,PG-13,English,"USA, Canada",Ben Ripley,Duncan Jones,"Mystery, Sci-Fi, Thriller",An action thriller centered on a soldier who wakes up in the body of an unknown man and discovers he's part of a mission to find the bomber of a Chicago commuter train.
2011,The Adventures of Tintin,notalk,fail,134.64,80.36,387.34,107,139438,68,7.4,PG,English,"USA, New Zealand","Steven Moffat (screenplay), Edgar Wright (screenplay), Joe Cornish (screenplay), Hergé (comic book series ""The Adventures of Tintin"")",Steven Spielberg,"Animation, Action, Adventure",Intrepid reporter Tintin and Captain Haddock set off on a treasure hunt for a sunken ship commanded by Haddock's ancestor.
2011,The Artist,notalk,fail,16.57,46.26,132.83,100,145446,89,8,PG-13,English,"France, Belgium, USA",Michel Hazanavicius,Michel Hazanavicius,"Comedy, Drama, Romance","A silent movie star meets a young dancer, but the arrival of talking pictures sends their careers in opposite directions."
2011,The Girl with the Dragon Tattoo,notalk,fail,93.21,106.17,241.49,158,243346,71,7.9,R,English,"USA, Sweden, Norway","Steven Zaillian (screenplay), Stieg Larsson (novel)",David Fincher,"Crime, Drama, Mystery","Journalist Mikael Blomkvist is aided in his search for a woman who has been missing for forty years by Lisbeth Salander, a young computer hacker."
2011,The Green Hornet,notalk,fail,113.93,102.31,236.12,119,112103,39,5.9,PG-13,"English, Mandarin",USA,"Seth Rogen, Evan Goldberg, George W. Trendle (radio series ""The Green Hornet"")",Michel Gondry,"Action, Comedy, Crime","Following the death of his father, Britt Reid, heir to his father's large company, teams up with his late dad's assistant Kato to become a masked crime fighting team."
2011,The Guard,notalk,fail,6.21,5.55,16.51,96,45826,78,7.3,R,"English, Irish",Ireland,John Michael McDonagh,John Michael McDonagh,"Comedy, Crime, Thriller",An unorthodox Irish policeman with a confrontational personality is teamed up with an uptight FBI agent to investigate an international drug-smuggling ring.
2011,The Lincoln Lawyer,notalk,fail,41.43,60.08,90.26,118,132105,63,7.3,R,English,USA,"John Romano (screenplay), Michael Connelly (novel)",Brad Furman,"Crime, Drama, Thriller",A defense attorney has a crisis of conscience when he represents a wealthy client who has a foolproof plan to beat the system.
2011,The Muppets,notalk,fail,46.61,91.79,166.72,103,61841,75,7.2,PG,English,USA,"Jason Segel, Nicholas Stoller, Jim Henson (based on)",James Bobin,"Comedy, Family, Musical","With the help of three fans, The Muppets must reunite to save their old theater from a greedy oil tycoon."
2011,Tinker Tailor Soldier Spy,notalk,fail,21.75,25.01,84.36,127,114859,85,7.1,R,"English, Russian, Hungarian, French","France, UK, Germany","Bridget O'Connor (screenplay), Peter Straughan (screenplay), John le Carré (novel)",Tomas Alfredson,"Drama, Mystery, Thriller","In the bleak days of the Cold War, espionage veteran George Smiley is forced from semi-retirement to uncover a Soviet agent within MI6."
2011,Tower Heist,notalk,fail,88.03,80.83,158.95,104,87578,59,6.2,PG-13,"English, Spanish, Chinese",USA,"Ted Griffin (screenplay), Jeff Nathanson (screenplay), Adam Cooper (story), Bill Collage (story), Ted Griffin (story)",Brett Ratner,"Action, Comedy, Crime","When a group of hard working guys find out they've fallen victim to a wealthy business man's Ponzi scheme, they conspire to rob his high-rise residence."
2011,War Horse,notalk,fail,72.5,82.73,162.41,146,87756,72,7.3,PG-13,"English, German",USA,"Lee Hall (screenplay), Richard Curtis (screenplay), Michael Morpurgo (novel), Nick Stafford (stage play)",Steven Spielberg,"Drama, War",Young Albert enlists to serve in World War I after his beloved horse is sold to the cavalry. Albert's hopeful journey takes him out of England and to the front lines as the war rages on.
2011,Warrior,notalk,fail,25.89,14.14,25.08,140,220255,71,8.3,PG-13,English,USA,"Gavin O'Connor (screenplay), Anthony Tambakis (screenplay), Cliff Dorfman (screenplay), Gavin O'Connor (story), Cliff Dorfman (story)",Gavin O'Connor,"Drama, Sport","The youngest son of an alcoholic former boxer returns home, where he's trained by his father for competition in a mixed martial arts tournament - a path that puts the fighter on a collision corner with his older brother."
2011,Apollo 18,nowomen,fail,5.18,18.32,27.46,86,39560,24,5.2,PG-13,English,"USA, Canada",Brian Miller,Gonzalo López-Gallego,"Horror, Sci-Fi, Thriller","Decades-old found footage from NASA's abandoned Apollo 18 mission, where two American astronauts were sent on a secret expedition, reveals the reason the U.S. has never returned to the moon."
2011,Haywire,nowomen,fail,23.82,19.62,22.97,93,60876,67,5.8,R,"English, Spanish","USA, Ireland",Lem Dobbs,Steven Soderbergh,"Action, Thriller",A black ops super soldier seeks payback after she is betrayed and set up during a mission.
2011,Killer Elite,nowomen,fail,72.5,26.02,59.84,116,83654,44,6.5,R,"English, Arabic, French, Spanish","UK, Australia","Matt Sherring (screenplay), Ranulph Fiennes (book)",Gary McKendry,"Action, Crime, Thriller","When his mentor is taken captive, a retired member of Britain's Elite Special Air Service is forced into action. His mission: kill three assassins dispatched by their cunning leader."
2011,The Mechanic,nowomen,fail,44.02,30.16,79.07,93,89911,49,6.5,R,English,USA,"Richard Wenk (screenplay), Lewis John Carlino (screenplay), Lewis John Carlino (story)",Simon West,"Action, Crime, Thriller",Follows an elite hit man as he teaches his trade to an apprentice who has a connection to one of his previous victims.
2011,The Tree of Life,nowomen,fail,36.25,13.78,64.53,139,108439,85,6.7,PG-13,English,USA,Terrence Malick,Terrence Malick,"Drama, Fantasy","The story of a family in Waco, Texas in 1956. The eldest son witnesses the loss of innocence and struggles with his parents' conflicting teachings."
2011,Winnie the Pooh,nowomen,fail,31.07,27.65,51.94,63,12040,74,7.3,G,English,USA,"Stephen J. Anderson (story), Clio Chiang (story), Don Dougherty (story), Don Hall (story), Kendelle Hoyer (story), Brian Kesinger (story), Nicole Mitchell (story), Jeremy Spears (story), A.A. Milne (""Winnie the Pooh"" works), Ernest Shepard (""Winnie the Pooh"" works), Paul Briggs (additional story material), Chris Ure (additional story material)","Stephen J. Anderson, Don Hall","Animation, Adventure, Comedy","Eeyore has lost his tail, and Winnie the Pooh and his friends hold a contest to get him a new one."
2011,Another Earth,pass,pass,0.18,1.37,1.84,92,46993,66,7,PG-13,English,USA,"Mike Cahill, Brit Marling",Mike Cahill,"Drama, Sci-Fi","On the night of the discovery of a duplicate Earth in the Solar system, an ambitious young student and an accomplished composer cross paths in a tragic accident."
2011,Attack the Block,pass,pass,13.46,1.06,5.6,88,65878,75,6.6,R,English,"UK, France",Joe Cornish,Joe Cornish,"Action, Comedy, Sci-Fi",A teen gang in South London defend their block from an alien invasion.
2011,Bad Teacher,pass,pass,19.68,103.87,224.14,92,123366,47,5.7,R,English,USA,"Gene Stupnitsky, Lee Eisenberg",Jake Kasdan,Comedy,"A lazy, incompetent middle school teacher who hates her job and her students is forced to return to her job to make enough money for a boob job after her rich fiancé dumps her."
2011,Bridesmaids,pass,pass,33.66,175.14,299.59,125,166930,75,6.9,R,English,USA,"Kristen Wiig, Annie Mumolo",Paul Feig,"Comedy, Romance","Competition between the maid of honor and a bridesmaid, over who is the bride's best friend, threatens to upend the life of an out-of-work pastry chef."
2011,Circumstance,pass,pass,0.93,0.47,0.47,107,5178,65,6,R,"Persian, English, French","France, USA, Iran",Maryam Keshavarz,Maryam Keshavarz,Drama,A wealthy Iranian family struggles to contain a teenager's growing sexual rebellion and her brother's dangerous obsession.
2011,Contagion,pass,pass,62.14,78.36,142.46,106,146589,70,6.7,PG-13,"English, Mandarin, Cantonese","USA, United Arab Emirates",Scott Z. Burns,Steven Soderbergh,"Drama, Sci-Fi, Thriller",The CDC races against time to develop a vaccine against an extremely lethal virus.
2011,Dream House,pass,pass,51.78,22.06,41.36,92,35372,35,5.9,PG-13,English,"USA, Canada",David Loucka,Jim Sheridan,"Drama, Mystery, Thriller","Soon after moving into their seemingly idyllic new home, a family learns of a brutal crime committed against former residents of the dwelling."
2011,Fast Five,pass,pass,129.46,217.33,652.32,130,203990,67,7.3,PG-13,"English, Portuguese, Spanish, Italian",USA,"Chris Morgan, Gary Scott Thompson (characters)",Justin Lin,"Action, Crime, Thriller",Dominic Toretto and his crew of street racers plan a massive heist to buy their freedom while in the sights of a powerful Brazilian drug lord and a dangerous federal agent.
2011,Footloose,pass,pass,24.86,53.65,65.68,113,26507,58,5.8,PG-13,English,USA,"Dean Pitchford (screenplay), Craig Brewer (screenplay), Dean Pitchford (story)",Craig Brewer,"Comedy, Drama, Music","City teenager Ren MacCormack moves to a small town where rock music and dancing have been banned, and his rebellious spirit shakes up the populace."
2011,Hanna,pass,pass,31.07,41.7,67.68,111,130829,65,6.8,PG-13,"English, French, German, Italian, Arabic, Spanish","USA, UK, Germany","Seth Lochhead (screenplay), David Farr (screenplay), Seth Lochhead (story)",Joe Wright,"Action, Adventure, Thriller","A sixteen-year-old girl who was raised by her father to be the perfect assassin is dispatched on a mission across Europe, tracked by a ruthless intelligence agent and her operatives."
2011,Higher Ground,pass,pass,1.86,0.87,0.89,109,2166,74,6.3,R,English,USA,"Carolyn S. Briggs (screenplay), Tim Metcalfe (screenplay), Carolyn S. Briggs (memoir ""This Dark World"")",Vera Farmiga,Drama,A chronicle of one woman's lifelong struggle with her faith.
2011,Horrible Bosses,pass,pass,36.25,121.73,222.2,98,256896,57,6.9,R,English,USA,"Michael Markowitz (screenplay), John Francis Daley (screenplay), Jonathan M. Goldstein (screenplay), Michael Markowitz (story)",Seth Gordon,"Comedy, Crime",Three friends conspire to murder their awful bosses when they realize they are standing in the way of their happiness.
2011,Jumping the Broom,pass,pass,7.25,38.63,39.52,112,6432,56,5.5,PG-13,English,USA,"Elizabeth Hunter (screenplay), Arlene Gibbs (screenplay), Elizabeth Hunter (story)",Salim Akil,"Comedy, Drama",Two very different families converge on Martha's Vineyard one weekend for a wedding.
2011,Kung Fu Panda 2,pass,pass,155.35,171.15,688.57,91,118131,67,7.4,PG,English,USA,"Jonathan Aibel, Glenn Berger",Jennifer Yuh,"Animation, Action, Adventure","Po and his friends fight to stop a peacock villain from conquering China with a deadly new weapon, but first the Dragon Warrior must come to terms with his past."
2011,Like Crazy,pass,pass,0.26,3.52,3.86,90,32682,71,6.7,PG-13,English,USA,"Drake Doremus, Ben York Jones",Drake Doremus,"Drama, Romance","A British college student falls for an American student, only to be separated from him when she's banned from the U.S. after overstaying her visa."
2011,Margaret,pass,pass,14.5,0.05,0.05,150,9436,61,6.4,R,English,USA,Kenneth Lonergan,Kenneth Lonergan,Drama,"A young woman witnesses a bus accident, and is caught up in the aftermath, where the question of whether or not it was intentional affects many people's lives."
2011,Martha Marcy May Marlene,pass,pass,1.04,3.09,3.66,102,31339,76,7,R,English,USA,Sean Durkin,Sean Durkin,"Drama, Thriller","Haunted by painful memories and increasing paranoia, a damaged woman struggles to re-assimilate with her family after fleeing an abusive cult."
2011,Melancholia,pass,pass,9.74,3.14,18.69,136,93960,80,7.1,R,English,"Denmark, Sweden, France, Germany",Lars von Trier,Lars von Trier,"Drama, Sci-Fi",Two sisters find their already strained relationship challenged as a mysterious new planet threatens to collide with Earth.
2011,Midnight in Paris,pass,pass,31.07,58.84,160.34,94,219955,81,7.7,PG-13,"English, French, Spanish, German","Spain, USA",Woody Allen,Woody Allen,"Comedy, Fantasy, Romance","While on a trip to Paris with his fiancée's family, a nostalgic screenwriter finds himself mysteriously going back to the 1920s every day at midnight."
2011,No Strings Attached,pass,pass,25.89,73.18,154.55,108,118876,50,6.2,R,English,USA,"Elizabeth Meriwether (screenplay), Michael Samonek (story), Elizabeth Meriwether (story)",Ivan Reitman,"Comedy, Romance","A guy and girl try to keep their relationship strictly physical, but it's not long before they learn that they want something more."
2011,October Baby,pass,pass,1.04,5.55,5.55,107,4475,32,6.7,PG-13,English,USA,"Andrew Erwin (story), Jon Erwin (story), Jon Erwin, Theresa Preston, Cecil Stokes (story)","Andrew Erwin, Jon Erwin",Drama,A college freshman's world is rocked when she learns she is the adopted survivor of an attempted foeticide.
2011,Our Idiot Brother,pass,pass,5.18,25.7,26.78,90,62515,60,6.5,R,English,USA,"Jesse Peretz (story), Evgenia Peretz (story), David Schisgall (story), Evgenia Peretz (screenplay), David Schisgall (screenplay)",Jesse Peretz,"Comedy, Drama",A comedy centered on an idealist who barges into the lives of his three sisters.
2011,Paranormal Activity 3,pass,pass,5.18,107.74,214.43,83,60142,59,5.9,R,English,USA,"Christopher Landon, Oren Peli (film ""Paranormal Activity"")","Henry Joost, Ariel Schulman",Horror,"In 1988, young sisters Katie and Kristi befriend an invisible entity who resides in their home."
2011,Paul,pass,pass,41.43,38.75,103.76,104,145230,57,7.1,R,"English, Klingon","USA, UK","Simon Pegg, Nick Frost",Greg Mottola,"Adventure, Comedy, Sci-Fi",Two British comic-book geeks traveling across the U.S. encounter an alien outside Area 51.
2011,Red Riding Hood,pass,pass,43.5,39.01,93.52,100,68028,29,5.4,PG-13,English,"USA, Canada",David Johnson,Catherine Hardwicke,"Fantasy, Horror, Mystery","Set in a medieval village that is haunted by a werewolf, a young girl falls for an orphaned woodcutter, much to her family's displeasure."
2011,Red State,pass,pass,4.14,1.1,1.1,88,41629,50,6.2,R,English,USA,Kevin Smith,Kevin Smith,"Action, Horror, Thriller","Set in Middle America, a group of teens receive an online invitation for sex, though they soon encounter fundamentalists with a much more sinister agenda."
2011,Restless,pass,pass,8.29,0.17,2.92,91,11603,47,6.8,PG-13,English,USA,Jason Lew,Gus Van Sant,"Drama, Romance",The story of a terminally ill teenage girl who falls for a boy who likes to attend funerals and their encounters with the ghost of a Japanese kamikaze pilot from WWII.
2011,Snow Flower and the Secret Fan,pass,pass,6.21,1.4,11.75,120,2414,42,6,PG-13,"English, Chinese","China, USA","Angela Workman (screenplay), Ronald Bass (screenplay), Michael Ray (screenplay), Lisa See (novel)",Wayne Wang,"Drama, History",A story set in nineteenth-century China and focusing on the life-long friendship between two girls who develop their own secret code as a way to contend with the rigid social norms imposed on women.
2011,Soul Surfer,pass,pass,18.64,45.42,48.84,106,25316,53,7.1,PG,English,USA,"Sean McNamara (screenplay), Deborah Schwartz (screenplay), Douglas Schwartz (screenplay), Michael Berk (screenplay), Sean McNamara (screen story), Deborah Schwartz (screen story), Douglas Schwartz (screen story), Michael Berk (screen story), Matt Allen (screen story), Caleb Wilson (screen story), Brad Gann (screen story), Bethany Hamilton (book), Sheryl Berk (book), Rick Bundschuh (book)",Sean McNamara,"Biography, Drama, Sport",Teenage surfer Bethany Hamilton overcomes the odds and her own fears of returning to the water after losing her left arm in a shark attack.
2011,Straw Dogs,pass,pass,25.89,10.69,11.66,110,22187,45,5.8,R,English,USA,"Rod Lurie (screenplay), David Zelag Goodman (earlier screenplay), Sam Peckinpah (earlier screenplay), Gordon Williams (novel)",Rod Lurie,Thriller,"L.A. screenwriter David Sumner relocates with his wife to her hometown in the deep South. There, while tensions build between them, a brewing conflict with locals becomes a threat to them both."
2011,Sucker Punch,pass,pass,77.68,37.69,92.96,110,158207,33,6.1,PG-13,"English, German","USA, Canada","Zack Snyder (screenplay), Steve Shibuya (screenplay), Zack Snyder (story)",Zack Snyder,"Action, Fantasy, Thriller","A young girl is institutionalized by her abusive stepfather. Retreating to an alternative reality as a coping strategy, she envisions a plan which will help her escape from the mental facility."
2011,Super 8,pass,pass,51.78,131.54,269.38,112,224040,72,7.1,PG-13,English,USA,J.J. Abrams,J.J. Abrams,"Mystery, Sci-Fi, Thriller","During the summer of 1979, a group of friends witness a train crash and investigate subsequent unexplained events in their small town."
2011,Take Shelter,pass,pass,4.92,1.79,3.24,120,49111,85,7.5,R,English,USA,Jeff Nichols,Jeff Nichols,"Drama, Thriller","Plagued by a series of apocalyptic visions, a young husband and father questions whether to shelter his family from a coming storm, or from himself."
2011,The Best Exotic Marigold Hotel,pass,pass,10.36,48.04,139.54,124,51072,62,7.3,PG-13,"English, Hindi","UK, USA, United Arab Emirates","Ol Parker (screenplay), Deborah Moggach (novel)",John Madden,"Comedy, Drama","British retirees travel to India to take up residence in what they believe is a newly restored hotel. Less luxurious than its advertisements, the Marigold Hotel nevertheless slowly begins to charm in unexpected ways."
2011,The Darkest Hour,pass,pass,36.04,22.21,65.07,89,40928,16,4.9,PG-13,"English, Russian",USA,"Jon Spaihts (screenplay), Leslie Bohem (story), M.T. Ahern (story), Jon Spaihts (story)",Chris Gorak,"Action, Horror, Sci-Fi","In Moscow, five young people lead the charge against an alien race who have attacked Earth via our power supply."
2011,The Divide,pass,pass,3.11,0.02,0.02,112,24717,28,5.8,R,English,"Germany, USA, Canada","Karl Mueller, Eron Sheean",Xavier Gens,"Drama, Sci-Fi, Thriller","Survivors of a nuclear attack are grouped together for days in the basement of their apartment building, where fear and dwindling supplies wear away at their dynamic."
2011,The Future,pass,pass,1.04,0.59,0.59,91,5533,67,6.1,R,English,"Germany, USA",Miranda July,Miranda July,"Comedy, Drama, Sci-Fi","When a couple decides to adopt a stray cat their perspective on life changes radically, literally altering the course of time and space and testing their faith in each other and themselves."
2011,The Help,pass,pass,25.89,175.76,220.73,146,219574,62,8.1,PG-13,English,"USA, India, United Arab Emirates","Tate Taylor (screenplay), Kathryn Stockett (novel)",Tate Taylor,Drama,"An aspiring author during the civil rights movement of the 1960s decides to write a book detailing the African-American maids' point of view on the white families for which they work, and the hardships they go through on a daily basis."
2011,The Iron Lady,pass,pass,14.5,31.03,119.72,105,59325,54,6.4,PG-13,English,"UK, France",Abi Morgan (screenplay),Phyllida Lloyd,"Biography, Drama, History","An elderly Margaret Thatcher talks to the imagined presence of her recently deceased husband as she struggles to come to terms with his death while scenes from her past life, from girlhood to British prime minister, intervene."
2011,The Roommate,pass,pass,16.57,38.63,41.94,91,23351,23,4.8,PG-13,English,USA,"Sonny Mallhi, Nick Bylsma, Chris Bylsma, Richard Robertson",Christian E. Christiansen,"Drama, Horror, Thriller","College student Sara finds that her new roommate Rebecca has an obsession with her, which quickly turns violent."
2011,The Smurfs,pass,pass,113.93,147.7,583.16,103,52458,30,5.5,PG,English,USA,"J. David Stem (screenplay), David N. Weiss (screenplay), Jay Scherick (screenplay), David Ronn (screenplay), J. David Stem (story), David N. Weiss (story), Peyo (characters)",Raja Gosnell,"Animation, Adventure, Comedy","When the evil wizard Gargamel chases the tiny blue Smurfs out of their village, they tumble from their magical world into New York City."
2011,The Twilight Saga: Breaking Dawn - Part 1,pass,pass,132.05,291.33,735.28,117,141847,45,4.9,PG-13,"English, Portuguese",USA,"Melissa Rosenberg (screenplay), Stephenie Meyer (novel)",Bill Condon,"Adventure, Drama, Fantasy","The Quileutes close in on expecting parents Edward and Bella, whose unborn child poses a threat to the Wolf Pack and the towns people of Forks."
2011,Thor,pass,pass,155.35,187.49,465.36,115,338213,57,7,PG-13,English,USA,"Ashley Miller (screenplay), Zack Stentz (screenplay), Don Payne (screenplay), J. Michael Straczynski (story), Mark Protosevich (story), Stan Lee (comic book), Larry Lieber (comic book), Jack Kirby (comic book)","Kenneth Branagh, Joss Whedon","Action, Adventure, Fantasy","The powerful but arrogant god Thor is cast out of Asgard to live amongst humans in Midgard (Earth), where he soon becomes one of their finest defenders."
2011,Transformers: Dark of the Moon,pass,pass,201.96,364.97,1163.9,154,238527,42,6.4,PG-13,English,USA,Ehren Kruger,Michael Bay,"Action, Adventure, Sci-Fi","The Autobots learn of a Cybertronian spacecraft hidden on the moon, and race against the Decepticons to reach it and to learn its secrets."
2011,X-Men: First Class,pass,pass,165.71,151.63,368.09,132,340539,65,7.8,PG-13,"English, German, French, Spanish, Russian","USA, UK","Ashley Miller (screenplay), Zack Stentz (screenplay), Jane Goldman (screenplay), Matthew Vaughn (screenplay), Sheldon Turner (story), Bryan Singer (story)",Matthew Vaughn,"Action, Adventure, Sci-Fi","In 1962, the United States government enlists the help of Mutants with superhuman abilities to stop a malicious dictator who is determined to start world war III."
2011,Young Adult,pass,pass,12.43,16.89,23.56,94,54117,71,6.3,R,English,USA,Diablo Cody,Jason Reitman,"Comedy, Drama","Soon after her divorce, a fiction writer returns to her home in small-town Minnesota, looking to rekindle a romance with her ex-boyfriend, who is now happily married and has a newborn daughter."
2012,Abraham Lincoln: Vampire Hunter,dubious,fail,68.49,38.07,116.8,105,100839,42,6,R,English,USA,"Seth Grahame-Smith (screenplay), Seth Grahame-Smith (based on the novel by)",Timur Bekmambetov,"Action, Fantasy, Horror","Abraham Lincoln, the 16th President of the United States, discovers vampires are planning to take over the United States. He makes it his mission to eliminate them."
2012,Amour,dubious,fail,9.84,6.84,26.3,127,50986,94,7.8,PG-13,"French, English","France, Germany, Austria",Michael Haneke (screenplay),Michael Haneke,"Drama, Romance","Georges and Anne are an octogenarian couple. They are cultivated, retired music teachers. Their daughter, also a musician, lives in Britain with her family. One day, Anne has a stroke, and the couple's bond of love is severely tested."
2012,Beasts of the Southern Wild,dubious,fail,1.83,12.98,21.39,93,55490,86,7.3,PG-13,English,USA,"Lucy Alibar (screenplay), Benh Zeitlin (screenplay), Lucy Alibar (stage play ""Juicy and Delicious"")",Benh Zeitlin,"Drama, Fantasy","Faced with both her hot-tempered father's fading health and melting ice-caps that flood her ramshackle bayou community and unleash ancient aurochs, six-year-old Hushpuppy must learn the ways of courage and love."
2012,Flight,dubious,fail,31.45,95.15,164.14,138,193334,76,7.3,R,English,USA,John Gatins,Robert Zemeckis,"Drama, Thriller","An airline pilot saves almost all his passengers on his malfunctioning airliner which eventually crashed, but an investigation into the accident reveals something troubling."
2012,Mirror Mirror,dubious,fail,86.24,65.89,171.08,106,54869,46,5.6,PG,English,"USA, Canada","Marc Klein (screenplay), Jason Keller (screenplay), Melisa Wallack (screen story)",Tarsem Singh,"Adventure, Comedy, Drama",An evil queen steals control of a kingdom and an exiled princess enlists the help of seven resourceful rebels to win back her birthright.
2012,Much Ado About Nothing,dubious,fail,8.12,22.88,22.88,109,8899,78,7.4,PG-13,English,USA,"Joss Whedon (written for the screen by), William Shakespeare (play)",Joss Whedon,"Comedy, Drama, Romance",A modern retelling of Shakespeare's classic comedy about two pairs of lovers with different takes on romance and a way with words.
2012,Skyfall,dubious,fail,202.93,308.82,1124.92,143,376186,81,7.8,PG-13,English,"UK, USA","Neal Purvis, Robert Wade, John Logan",Sam Mendes,"Action, Adventure, Thriller","Bond's loyalty to M is tested when her past comes back to haunt her. Whilst MI6 comes under attack, 007 must track down and destroy the threat, no matter how personal the cost."
2012,The Twilight Saga: Breaking Dawn - Part 2,dubious,fail,138.19,296.6,844.85,115,133930,52,5.6,PG-13,English,USA,"Melissa Rosenberg (screenplay), Stephenie Meyer (novel)",Bill Condon,"Adventure, Drama, Fantasy","After the birth of Renesmee, the Cullens gather other vampire clans in order to protect the child from a false allegation that puts the family in front of the Volturi."
2012,Anna Karenina,men,fail,49.72,13,71.77,129,48320,63,6.6,R,English,UK,"Tom Stoppard (screenplay), Leo Tolstoy (novel)",Joe Wright,Drama,"In late-19th-century Russian high society, St. Petersburg aristocrat Anna Karenina enters into a life-changing affair with the dashing Count Alexei Vronsky."
2012,Red Tails,men,fail,58.85,50.61,51.1,125,23329,46,5.9,PG-13,"English, Italian, German",USA,"John Ridley (story), John Ridley (screenplay), Aaron McGruder (screenplay), John B. Holway (book)",Anthony Hemingway,"Action, Adventure, Drama","A crew of African American pilots in the Tuskegee training program, having faced segregation while kept mostly on the ground during World War II, are called into duty under the guidance of Col. A.J. Bullard."
2012,Sinister,men,fail,3.04,48.79,89.01,110,82436,53,6.8,R,"English, Portuguese, French, Breton","USA, UK","Scott Derrickson, C. Robert Cargill",Scott Derrickson,"Horror, Mystery, Thriller",A true-crime writer finds a cache of 8mm home movies films that suggest the murder he is currently researching is the work of a serial killer whose career dates back to the 1960s.
2012,Ted,men,fail,50.73,221.87,557.49,106,321504,62,7.1,R,English,USA,"Seth MacFarlane (screenplay), Alec Sulkin (screenplay), Wellesley Wild (screenplay), Seth MacFarlane (story)",Seth MacFarlane,"Comedy, Fantasy","As the result of a childhood wish, John Bennett's teddy bear, Ted, came to life and has been by John's side ever since - a friendship that's tested when Lori, John's girlfriend of four years, wants more from their relationship."
2012,The Amazing Spider-Man,men,fail,223.22,265.87,768.98,136,293750,66,7.2,PG-13,English,USA,"James Vanderbilt (screenplay), Alvin Sargent (screenplay), Steve Kloves (screenplay), James Vanderbilt (story), Stan Lee (based on the Marvel comic book by), Steve Ditko (based on the Marvel comic book by)",Marc Webb,"Action, Adventure, Fantasy","Peter Parker finds a clue that might help him understand why his parents disappeared when he was young. His path puts him on a collision course with Dr. Curt Connors, his father's former partner."
2012,The Impossible,men,fail,40.59,19.3,172.07,114,106866,73,7.6,PG-13,"English, Thai, Swedish",Spain,"Sergio G. Sánchez, María Belón (story)",J.A. Bayona,"Drama, History, Thriller",The story of a tourist family in Thailand caught in the destruction and chaotic aftermath of the 2004 Indian Ocean tsunami.
2012,The Watch,men,fail,55.81,34.86,68.34,102,79597,36,5.7,R,English,USA,"Jared Stern, Seth Rogen, Evan Goldberg",Akiva Schaffer,"Comedy, Sci-Fi",Four men who form a neighborhood watch group as a way to get out of their day-to-day family routines find themselves defending the Earth from an alien invasion.
2012,Battleship,notalk,fail,212.06,66.19,308.59,131,156293,41,5.9,PG-13,English,USA,"Jon Hoeber, Erich Hoeber",Peter Berg,"Action, Adventure, Sci-Fi",A fleet of ships is forced to do battle with an armada of unknown origins in order to discover and thwart their destructive goals.
2012,Chernobyl Diaries,notalk,fail,1.01,18.38,38.95,86,41471,NA,5,R,English,USA,"Oren Peli (screenplay), Carey Van Dyke (screenplay), Shane Van Dyke (screenplay), Oren Peli (story)",Bradley Parker,"Horror, Thriller","Six tourists hire an extreme tour guide who takes them to the abandoned city Pripyat, the former home to the workers of the Chernobyl nuclear reactor. During their exploration, they soon discover they are not alone."
2012,Chronicle,notalk,fail,12.18,65.52,128.94,84,155497,69,7.1,PG-13,English,USA,"Max Landis (screenplay), Max Landis (story), Josh Trank (story)",Josh Trank,"Drama, Sci-Fi, Thriller","Whilst attending a party, three high school friends gain superpowers after making an incredible discovery underground. Soon, though, they find their lives spinning out of control and their bond tested as they embrace their darker sides."
2012,Django Unchained,notalk,fail,101.46,165.19,431.6,165,568931,81,8.5,R,"English, German, French",USA,Quentin Tarantino,Quentin Tarantino,"Adventure, Drama, Western","With the help of a German bounty hunter, a freed slave sets out to rescue his wife from a brutal Mississippi plantation owner."
2012,Jack Reacher,notalk,fail,60.88,81.24,220.55,130,152015,50,7,PG-13,English,USA,"Christopher McQuarrie (screenplay), Lee Child (based on the book ""One Shot"" by)",Christopher McQuarrie,"Action, Crime, Thriller",A homicide investigator digs deeper into a case involving a trained military sniper who shot five random victims.
2012,Life of Pi,notalk,fail,121.76,126.82,616.89,127,297300,79,8.1,PG,"English, Tamil, French, Japanese, Hindi, Chinese","USA, Taiwan, UK","Yann Martel (novel), David Magee (screenplay)",Ang Lee,"Adventure, Drama, Fantasy","A young man who survives a disaster at sea is hurtled into an epic journey of adventure and discovery. While cast away, he forms an unexpected connection with another survivor: a fearsome Bengal tiger."
2012,ParaNorman,notalk,fail,60.88,56.82,109.74,92,53396,72,7,PG,English,USA,Chris Butler,"Chris Butler, Sam Fell","Animation, Adventure, Comedy","A misunderstood boy takes on ghosts, zombies and grown-ups to save his town from a centuries-old curse."
2012,Red Dawn,notalk,fail,65.95,45.46,48.87,93,47281,31,5.5,PG-13,"English, Korean",USA,"Carl Ellsworth (screenplay), Jeremy Passmore (screenplay), Kevin Reynolds, John Milius, Kevin Reynolds (story)",Dan Bradley,"Action, Thriller, War",A group of teenagers look to save their town from an invasion of North Korean soldiers.
2012,Rise of the Guardians,notalk,fail,147.12,104.93,311.39,97,80153,57,7.3,PG,"English, French",USA,"David Lindsay-Abaire (screenplay), William Joyce (book)",Peter Ramsey,"Animation, Adventure, Family","When the evil spirit Pitch launches an assault on Earth, the Immortal Guardians team up to protect the innocence of children all around the world."
2012,Safe,notalk,fail,33.48,17.39,42.1,94,58002,55,6.5,R,"English, Mandarin, Russian",USA,Boaz Yakin,Boaz Yakin,"Action, Crime, Thriller","Mei, a young girl whose memory holds a priceless numerical code, finds herself pursued by the Triads, the Russian mob, and corrupt NYC cops. Coming to her aid is an ex-cage fighter whose life was destroyed by the gangsters on Mei's trail."
2012,Seven Psychopaths,notalk,fail,13.7,15.24,23.84,110,134215,66,7.2,R,"English, Vietnamese",UK,Martin McDonagh,Martin McDonagh,"Comedy, Crime, Thriller",A struggling screenwriter inadvertently becomes entangled in the Los Angeles criminal underworld after his oddball friends kidnap a gangster's beloved Shih Tzu.
2012,The Avengers,notalk,fail,60.88,23.73,49.3,143,630936,69,8.2,PG-13,"English, Russian",USA,"Joss Whedon (screenplay), Zak Penn (story), Joss Whedon (story)",Joss Whedon,"Action, Fantasy",Nick Fury of S.H.I.E.L.D. assembles a team of superheroes to save the planet from Loki and his army.
2012,The Dark Knight Rises,notalk,fail,279.03,454.7,1095.14,165,753594,78,8.6,PG-13,English,"USA, UK","Jonathan Nolan (screenplay), Christopher Nolan (screenplay), Christopher Nolan (story), David S. Goyer (story), Bob Kane (creator)",Christopher Nolan,"Action, Crime, Thriller","Eight years on, a new evil rises from where the Batman and Commissioner Gordon tried to bury it, causing the Batman to resurface and fight to protect Gotham City... the very city which brands him an enemy."
2012,The Dictator,notalk,fail,65.95,60.52,182.01,83,157623,58,6.4,R,"English, Hebrew",USA,"Sacha Baron Cohen, Alec Berg, David Mandel, Jeff Schaffer",Larry Charles,Comedy,The heroic story of a dictator who risks his life to ensure that democracy would never come to the country he so lovingly oppressed.
2012,The Man with the Iron Fists,notalk,fail,15.22,15.86,22.31,95,43153,51,5.4,R,English,"USA, Hong Kong","RZA (story), RZA (screenplay), Eli Roth (screenplay)",RZA,Action,"On the hunt for a fabled treasure of gold, a band of warriors, assassins, and a rogue British soldier descend upon a village in feudal China, where a humble blacksmith looks to defend himself and his fellow villagers."
2012,The Master,notalk,fail,38.05,16.48,25.48,144,69893,86,7.1,R,English,USA,Paul Thomas Anderson,Paul Thomas Anderson,Drama,A Naval veteran arrives home from war unsettled and uncertain of his future - until he is tantalized by The Cause and its charismatic leader.
2012,The Pirates! Band of Misfits,notalk,fail,55.81,31.51,124.86,88,30169,NA,6.7,PG,English,"UK, USA","Gideon Defoe (book), Gideon Defoe (screenplay)","Peter Lord, Jeff Newitt","Animation, Adventure, Comedy",Pirate Captain sets out on a mission to defeat his rivals Black Bellamy and Cutlass Liz for the Pirate of the year Award. The quest takes Captain and his crew from the shores of Blood Island to the foggy streets of Victorian London.
2012,The Place Beyond the Pines,notalk,fail,15.22,21.72,47.7,140,126215,68,7.4,R,"English, Spanish",USA,"Derek Cianfrance (story), Ben Coccio (story), Derek Cianfrance (screenplay), Ben Coccio (screenplay), Darius Marder (screenplay)",Derek Cianfrance,"Crime, Drama","A motorcycle stunt rider turns to robbing banks as a way to provide for his lover and their newborn child, a decision that puts him on a collision course with an ambitious rookie cop navigating a department ruled by a corrupt detective."
2012,The Woman in Black,notalk,fail,15.22,55.13,130.84,95,100483,62,6.5,PG-13,English,"UK, Canada, Sweden","Susan Hill (novel), Jane Goldman (screenplay)",James Watkins,"Drama, Horror, Thriller",A young lawyer travels to a remote village where he discovers the vengeful ghost of a scorned woman is terrorizing the locals.
2012,The Words,notalk,fail,6.09,11.66,12.31,102,42229,37,7.1,PG-13,"English, French",USA,"Brian Klugman, Lee Sternthal","Brian Klugman, Lee Sternthal","Drama, Mystery, Romance",A writer at the peak of his literary success discovers the steep price he must pay for stealing another man's work.
2012,Total Recall,notalk,fail,126.83,59.74,201.52,118,155966,43,6.3,PG-13,English,"USA, Canada","Kurt Wimmer (screenplay), Mark Bomback (screenplay), Ronald Shusett (screen story by), Dan O'Bannon (screen story by), Jon Povill (screen story by), Kurt Wimmer (screen story by), Ronald Shusett (based on the motion picture ""Total Recall"",  screenplay by), Dan O'Bannon (based on the motion picture ""Total Recall"",  screenplay by), Gary Goldman (based on the motion picture ""Total Recall"",  screenplay by), Ronald Shusett (based on the motion picture ""Total Recall"",  screen story by), Dan O'Bannon (based on the motion picture ""Total Recall"",  screen story by), Jon Povill (based on the motion picture ""Total Recall"",  screen story by)",Len Wiseman,"Action, Adventure, Sci-Fi","A factory worker, Douglas Quaid, begins to suspect that he is a spy after visiting Rekall - a company that provides its clients with implanted fake memories of a life they would like to have led - goes wrong and he finds himself on the run."
2012,Wrath of the Titans,notalk,fail,152.2,84.89,306.39,99,117567,37,5.8,PG-13,English,"USA, Spain","Dan Mazeau (screenplay), David Johnson (screenplay), Greg Berlanti (story), David Johnson (story), Dan Mazeau (story), Beverley Cross",Jonathan Liebesman,"Action, Adventure, Fantasy","Perseus braves the treacherous underworld to rescue his father, Zeus, captured by his son, Ares, and brother Hades who unleash the ancient Titans upon the world."
2012,Act of Valor,nowomen,fail,12.18,71.04,83.7,110,47427,40,6.5,R,"English, Russian",USA,Kurt Johnstad,"Mike McCoy, Scott Waugh","Action, Thriller, War",An elite team of Navy SEALs embark on a covert mission to recover a kidnapped CIA agent.
2012,Bullet to the Head,nowomen,fail,55.81,9.63,13.76,92,28954,48,5.8,R,English,USA,"Alessandro Camon (screenplay), Alexis Nolent (based on the graphic novel ""Du plomb dans la tête"" by), Colin Wilson (based on the graphic novel ""Du plomb dans la tête"" illustrated by)",Walter Hill,"Action, Crime, Thriller","After watching their respective partners die, a New Orleans hitman and a Washington D.C. detective form an alliance in order to bring down their common enemy."
2012,Frankenweenie,nowomen,fail,39.57,35.8,82.34,87,52987,74,7,PG,English,USA,"Leonard Ripps, Tim Burton (original idea), John August (screenplay)",Tim Burton,"Animation, Comedy, Family","Young Victor conducts a science experiment to bring his beloved dog Sparky back to life, only to face unintended, sometimes monstrous, consequences."
2012,Killing Them Softly,nowomen,fail,15.22,15.16,37.78,97,85170,64,6.2,R,English,USA,"Andrew Dominik (screenplay), George V. Higgins (based on the novel ""Cogan's Trade"" by)",Andrew Dominik,"Crime, Thriller","Jackie Cogan is an enforcer hired to restore order after three dumb guys rob a Mob protected card game, causing the local criminal economy to collapse."
2012,The Hobbit: An Unexpected Journey,nowomen,fail,253.66,307.44,1029.56,169,435346,58,8.1,PG-13,English,"USA, New Zealand","Fran Walsh (screenplay), Philippa Boyens (screenplay), Peter Jackson (screenplay), Guillermo del Toro (screenplay), J.R.R. Tolkien (novel)",Peter Jackson,"Adventure, Fantasy","A reluctant hobbit, Bilbo Baggins, sets out to the Lonely Mountain with a spirited group of dwarves to reclaim their mountain home - and the gold within it - from the dragon Smaug."
2012,Argo,pass,pass,45.15,138.02,224.54,120,307042,86,7.8,R,"English, Persian",USA,"Chris Terrio (screenplay), Tony Mendez (based on a selection from ""The Master of Disguise"" by), Joshuah Bearman (based on the Wired Magazine article ""The Great Escape"" by)",Ben Affleck,"Biography, Drama, History","Acting under the cover of a Hollywood producer scouting a location for a science fiction film, a CIA agent launches a dangerous operation to rescue six Americans in Tehran during the U.S. hostage crisis in Iran in 1980."
2012,Blue Like Jazz,pass,pass,1.22,0.6,0.6,108,2016,48,6,PG-13,English,USA,"Donald Miller (screenplay), Donald Miller (story), Ben Pearson (screenplay), Steve Taylor (screenplay)",Steve Taylor,"Comedy, Drama","Don, a nineteen-year-old sophomore at a Texas junior college, tries to escape his Bible Belt upbringing for life in the Pacific Northwest at the most godless campus in America."
2012,Brave,pass,pass,187.71,240.76,562.73,93,165044,69,7.2,PG,English,USA,"Brenda Chapman (story), Mark Andrews (screenplay), Steve Purcell (screenplay), Brenda Chapman (screenplay), Irene Mecchi (screenplay), Michael Arndt (additional screenplay material)","Mark Andrews, Brenda Chapman, Steve Purcell","Animation, Action, Adventure","Determined to make her own path in life, Princess Merida defies a custom that brings chaos to her kingdom. Granted one wish, Merida must rely on her bravery and her archery skills to undo a beastly curse."
2012,Cloud Atlas,pass,pass,103.49,27.51,127.86,172,210794,55,7.6,R,"English, Spanish","Germany, USA, Hong Kong, Singapore","David Mitchell (novel), Lana Wachowski (written for the screen by), Tom Tykwer (written for the screen by), Andy Wachowski (written for the screen by)","Tom Tykwer, Andy Wachowski, Lana Wachowski","Adventure, Drama, Sci-Fi","An exploration of how the actions of individual lives impact one another in the past, present and future, as one soul is shaped from a killer into a hero, and an act of kindness ripples across centuries to inspire a revolution."
2012,Contraband,pass,pass,25.37,67.5,99.85,109,82090,51,6.5,R,"English, Spanish","USA, UK, France","Aaron Guzikowski (screenplay), Arnaldur Indriðason (film ""Reykjavik-Rotterdam""), Óskar Jónasson (film ""Reykjavik-Rotterdam"")",Baltasar Kormákur,"Action, Crime, Drama","To protect his brother-in-law from a drug lord, a former smuggler heads to Panama to score millions of dollars in counterfeit bills."
2012,Hotel Transylvania,pass,pass,86.24,150.48,364.48,91,96774,47,7.1,PG,English,USA,"Peter Baynham (screenplay), Robert Smigel (screenplay), Todd Durham (story), Dan Hageman (story), Kevin Hageman (story)",Genndy Tartakovsky,"Animation, Comedy, Family","Dracula, who operates a high-end resort away from the human world, goes into overprotective mode when a boy discovers the resort and falls for the count's teen-aged daughter."
2012,John Carter,pass,pass,279.03,74.13,286.92,132,165198,51,6.6,PG-13,English,USA,"Andrew Stanton (screenplay), Mark Andrews (screenplay), Michael Chabon (screenplay), Edgar Rice Burroughs (story)",Andrew Stanton,"Action, Adventure, Fantasy","Transplanted to Mars, a Civil War vet discovers a lush planet inhabited by 12-foot tall barbarians. Finding himself a prisoner of these creatures, he escapes, only to encounter a princess who is in desperate need of a savior."
2012,Lincoln,pass,pass,65.95,184.88,277,150,146470,86,7.5,PG-13,English,USA,"Tony Kushner (screenplay), Doris Kearns Goodwin (book)",Steven Spielberg,"Biography, Drama, History","As the Civil War continues to rage, America's president struggles with continuing carnage on the battlefield and as he fights with many inside his own cabinet on the decision to emancipate the slaves."
2012,Moonrise Kingdom,pass,pass,16.23,46.18,64.95,94,160434,84,7.8,PG-13,English,USA,"Wes Anderson, Roman Coppola",Wes Anderson,"Comedy, Drama, Romance","A pair of young lovers flee their New England town, which causes a local search party to fan out and find them."
2012,One for the Money,pass,pass,42.61,26.8,36.73,91,26958,22,5.3,PG-13,English,USA,"Stacy Sherman (screenplay), Karen Ray (screenplay), Liz Brixius (screenplay), Janet Evanovich (novel)",Julie Anne Robinson,"Action, Comedy, Crime","Unemployed and newly-divorced Stephanie Plum lands a job at her cousin's bail-bond business, where her first assignment puts her on the trail of a wanted local cop from her romantic past."
2012,Paranormal Activity 4,pass,pass,5.07,54.69,144.88,88,37335,40,4.5,R,English,USA,"Christopher Landon (screenplay), Chad Feehan (story), Oren Peli (film ""Paranormal Activity"")","Henry Joost, Ariel Schulman",Horror,"It has been five years since the disappearance of Katie and Hunter, and a suburban family witness strange events in their neighborhood when a woman and a mysterious child move in."
2012,Parental Guidance,pass,pass,25.37,78.4,121.93,105,16467,36,6.1,PG,English,USA,"Lisa Addario, Joe Syracuse",Andy Fickman,Comedy,Artie and Diane agree to look after their three grandkids when their type-A helicopter parents need to leave town for work. Problems arise when the kids' 21st-century behavior collides with Artie and Diane's old-school methods.
2012,People Like Us,pass,pass,16.23,12.61,12.61,114,25171,49,7.1,PG-13,English,USA,"Alex Kurtzman, Roberto Orci, Jody Lambert",Alex Kurtzman,Drama,"While settling his recently deceased father's estate, a salesman discovers he has a sister whom he never knew about, leading both siblings to re-examine their perceptions about family and life choices."
2012,Pitch Perfect,pass,pass,17.25,65.95,117.02,112,123857,66,7.3,PG-13,English,USA,"Kay Cannon (screenplay), Mickey Rapkin (based on the book by)",Jason Moore,"Comedy, Music, Romance","Beca, a freshman at Barden University, is cajoled into joining The Bellas, her school's all-girls singing group. Injecting some much needed energy into their repertoire, The Bellas take on their male rivals in a campus competition."
2012,Premium Rush,pass,pass,35.51,20.57,31.85,91,72434,66,6.5,PG-13,"English, Mandarin",USA,"David Koepp, John Kamps",David Koepp,"Action, Crime, Thriller","In Manhattan, a bike messenger picks up an envelope that attracts the interest of a dirty cop, who pursues the cyclist throughout the city."
2012,Rock of Ages,pass,pass,71.02,39.08,50.85,123,48362,47,5.9,PG-13,English,USA,"Justin Theroux (screenplay), Chris D'Arienzo (screenplay), Allan Loeb (screenplay), Chris D'Arienzo (musical book)",Adam Shankman,"Comedy, Drama, Musical","A small town girl and a city boy meet on the Sunset Strip, while pursuing their Hollywood dreams."
2012,Safety Not Guaranteed,pass,pass,0.76,4.07,4.48,86,69915,72,7.1,R,English,USA,Derek Connolly,Colin Trevorrow,"Comedy, Drama, Romance",Three magazine employees head out on an assignment to interview a guy who placed a classified ad seeking a companion for time travel.
2012,Silent Hill: Revelation 3D,pass,pass,20.29,17.79,48.65,94,37082,15,5.1,R,English,"France, USA, Canada","Michael J. Bassett, Laurent Hadida (adaptation)",Michael J. Bassett,"Horror, Mystery, Thriller","When her father disappears, Heather Mason is drawn into a strange and terrifying alternate reality that holds answers to the horrific nightmares that have plagued her since childhood."
2012,Silver Linings Playbook,pass,pass,21.31,134.03,230.64,122,354215,81,7.9,R,English,USA,"David O. Russell (screenplay), Matthew Quick (novel)",David O. Russell,"Comedy, Drama, Romance","After a stint in a mental institution, former teacher Pat Solitano moves back in with his parents and tries to reconcile with his ex-wife. Things get more challenging when Pat meets Tiffany, a mysterious girl with problems of her own."
2012,Snow White and the Huntsman,pass,pass,172.49,157.41,406.78,127,172153,57,6.2,PG-13,English,USA,"Evan Daugherty (screenplay), John Lee Hancock (screenplay), Hossein Amini (screenplay), Evan Daugherty (screen story)",Rupert Sanders,"Adventure, Drama, Fantasy","In a twist to the fairy tale, the Huntsman ordered to take Snow White into the woods to be killed winds up becoming her protector and mentor in a quest to vanquish the Evil Queen."
2012,Sparkle,pass,pass,10.15,24.75,25.02,116,4268,54,5.5,PG-13,English,USA,"Mara Brock Akil (screenplay), Joel Schumacher (story), Howard Rosenman (story)",Salim Akil,"Drama, Music","In the 1960s, three sisters form a girl group and soon become local sensations with major label interest, but fame becomes a challenge as the close-knit family begins to fall apart."
2012,Spring Breakers,pass,pass,5.07,14.33,31.12,94,77960,63,5.4,R,English,USA,Harmony Korine,Harmony Korine,"Crime, Drama",Four college girls hold up a restaurant in order to fund their spring break vacation. While partying/drinking/taking drugs they are arrested only to be bailed out by a drug and arms dealer.
2012,Step Up Revolution,pass,pass,33.48,35.59,167.98,99,30464,43,6.5,PG-13,English,USA,"Amanda Brody, Duane Adler (characters)",Scott Speer,"Drama, Music, Romance","Emily arrives in Miami with aspirations to become a professional dancer. She sparks with Sean, the leader of a dance crew whose neighborhood is threatened by Emily's father's development plans."
2012,The Devil Inside,pass,pass,1.01,54.04,103.25,83,25837,18,4.1,R,English,USA,"William Brent Bell, Matthew Peterman",William Brent Bell,Horror,"In Italy, a woman becomes involved in a series of unauthorized exorcisms during her mission to discover what happened to her mother, who allegedly murdered three people during her own exorcism."
2012,The Expendables 2,pass,pass,101.46,86.27,316.55,103,179914,51,6.8,R,English,USA,"Richard Wenk (screenplay), Sylvester Stallone (screenplay), Ken Kaufman (story), David Agosto (story), Richard Wenk (story), Dave Callaham (characters)",Simon West,"Action, Adventure, Thriller","Mr. Church reunites the Expendables for what should be an easy paycheck, but when one of their men is murdered on the job, their quest for revenge puts them deep in enemy territory and up against an unexpected threat."
2012,The Hunger Games,pass,pass,81.17,413.98,694.53,142,469100,67,7.3,PG-13,English,USA,"Gary Ross (screenplay), Suzanne Collins (screenplay), Billy Ray (screenplay), Suzanne Collins (novel)",Gary Ross,"Adventure, Sci-Fi, Thriller","Katniss Everdeen voluntarily takes her younger sister's place in the Hunger Games, a televised fight to the death in which two teenagers from each of the twelve Districts of Panem are chosen at random to compete."
2012,The Vow,pass,pass,8.87,126.84,200.51,104,91287,43,6.8,PG-13,English,"USA, France, Australia, UK, Germany","Jason Katims, Abby Kohn (screenplay), Stuart Sender (story), Marc Silverstein (screenplay)",Michael Sucsy,"Drama, Romance","A car accident puts Paige in a coma, and when she wakes up with severe memory loss, her husband Leo works to win her heart again."
2012,Think Like a Man,pass,pass,12.18,92.89,97.56,122,22905,51,6.5,PG-13,English,USA,"Keith Merryman (screenplay), David A. Newman (screenplay), Steve Harvey (book)",Tim Story,"Comedy, Romance",Four friends conspire to turn the tables on their women when they discover the ladies have been using Steve Harvey's relationship advice against them.
2012,Underworld: Awakening,pass,pass,71.02,63.23,162.73,88,86922,39,6.4,R,"English, Russian",USA,"Len Wiseman (screenplay), John Hlavin (screenplay), J. Michael Straczynski (screenplay), Allison Burnett (screenplay), Len Wiseman (story), John Hlavin (story), Kevin Grevioux (characters), Len Wiseman (characters), Danny McBride (characters)","Måns Mårlind, Björn Stein","Action, Fantasy, Horror","When human forces discover the existence of the Vampire and Lycan clans, a war to eradicate both species commences. The vampire warrioress Selene leads the battle against humankind."
2012,Wanderlust,pass,pass,32.98,17.54,24.51,98,49323,53,5.6,R,English,USA,"David Wain, Ken Marino",David Wain,Comedy,"Rattled by sudden unemployment, a Manhattan couple surveys alternative living options, ultimately deciding to experiment with living on a rural commune where free love rules."
2012,Wreck-It Ralph,pass,pass,167.42,192.19,480.34,108,167471,72,7.8,PG,English,USA,"Rich Moore (story), Phil Johnston (story), Jim Reardon (story), Phil Johnston (screenplay), Jennifer Lee (screenplay), John C. Reilly (additional story material), Sam J. Levine (additional story material), Jared Stern (additional story material)",Rich Moore,"Animation, Adventure, Comedy","A video game villain wants to be a hero and sets out to fulfill his dream, but his quest brings havoc to the whole arcade where he lives."
2012,Zero Dark Thirty,pass,pass,53.27,97.12,139.74,157,161319,95,7.4,R,"English, Arabic",USA,Mark Boal,Kathryn Bigelow,"Drama, History, Thriller","A chronicle of the decade-long hunt for al-Qaeda terrorist leader Osama bin Laden after the September 2001 attacks, and his death at the hands of the Navy S.E.A.L. Team 6 in May 2011."
2013,Don Jon,dubious,fail,5.5,24.48,26.38,90,105210,66,6.8,R,English,USA,Joseph Gordon-Levitt,Joseph Gordon-Levitt,"Comedy, Drama, Romance","A New Jersey guy dedicated to his family, friends, and church, develops unrealistic expectations from watching porn and works to find happiness and intimacy with his potential true love."
2013,Iron Man 3,dubious,fail,200,408.99,1212.69,130,350466,62,7.4,PG-13,English,"USA, China","Drew Pearce (screenplay), Shane Black (screenplay), Stan Lee (based on the Marvel comic book by), Don Heck (based on the Marvel comic book by), Larry Lieber (based on the Marvel comic book by), Jack Kirby (based on the Marvel comic book by), Warren Ellis (based on the ""Extremis"" mini-series written by), Adi Granov (based on the ""Extremis"" mini-series illustrated by)",Shane Black,"Action, Adventure, Fantasy","When Tony Stark's world is torn apart by a formidable terrorist called the Mandarin, he starts an odyssey of rebuilding and retribution."
2013,Peeples,dubious,fail,15,9.18,9.18,95,2664,52,5,PG-13,English,USA,Tina Gordon Chism,Tina Gordon Chism,"Comedy, Romance",Sparks fly when Wade Walker crashes the Peeples annual reunion in the Hamptons to ask for their precious daughter Grace's hand in marriage.
2013,The Great Gatsby,dubious,fail,190,144.84,351.04,143,226010,55,7.4,PG-13,English,"Australia, USA","Baz Luhrmann (screenplay), Craig Pearce (screenplay), F. Scott Fitzgerald (based on the novel by)",Baz Luhrmann,"Drama, Romance",A Midwestern war veteran finds himself drawn to the past and lifestyle of his millionaire neighbor.
2013,The Host,dubious,fail,50,26.62,58.19,125,61180,35,5.9,PG-13,English,USA,"Andrew Niccol (screenplay), Stephenie Meyer (novel)",Andrew Niccol,"Adventure, Romance, Sci-Fi","When an unseen enemy threatens mankind by taking over their bodies and erasing their memories, Melanie will risk everything to protect the people she cares most about, proving that love can conquer all in a dangerous new world."
2013,The Purge,dubious,fail,3,64.47,91.1,85,68599,41,5.5,R,English,"USA, France",James DeMonaco,James DeMonaco,"Horror, Sci-Fi, Thriller","In the future, a wealthy family is held hostage for harboring the target of a murderous syndicate during the Purge, a 12-hour period in which any and all crime is legalized."
2013,Thor: The Dark World,dubious,fail,170,204.67,631.67,112,195634,54,7.3,PG-13,English,USA,"Christopher Yost (screenplay), Christopher Markus (screenplay), Stephen McFeely (screenplay), Don Payne (story), Robert Rodat (story), Stan Lee (comic book), Larry Lieber (comic book), Jack Kirby (comic book)",Alan Taylor,"Action, Adventure, Fantasy","When Jane Foster is possessed by a great power, Thor must protect her from a new threat of old times: the Dark Elves."
2013,Turbo,dubious,fail,135,83.03,283.83,96,32555,58,6.5,PG,English,USA,"Darren Lemke (screenplay), Robert D. Siegel (screenplay), David Soren (screenplay)",David Soren,"Animation, Adventure, Comedy",A freak accident might just help an everyday garden snail achieve his biggest dream: winning the Indy 500.
2013,World War Z,dubious,fail,190,202.36,539.56,116,274016,63,7.1,PG-13,"English, Spanish, Hebrew, Arabic","USA, Malta","Matthew Michael Carnahan (screenplay), Drew Goddard (screenplay), Damon Lindelof (screenplay), Matthew Michael Carnahan (screen story), J. Michael Straczynski (screen story), Max Brooks (based on the novel by)",Marc Forster,"Action, Adventure, Horror","United Nations employee Gerry Lane traverses the world in a race against time to stop the Zombie pandemic that is toppling armies and governments, and threatening to destroy humanity itself."
2013,42,men,fail,40,95.02,95.02,128,43608,62,7.6,PG-13,English,USA,Brian Helgeland,Brian Helgeland,"Biography, Drama, Sport",The life story of Jackie Robinson and his history-making signing with the Brooklyn Dodgers under the guidance of team executive Branch Rickey.
2013,47 Ronin,men,fail,225,38.36,145.8,118,25735,29,6.6,PG-13,"English, Japanese",USA,"Chris Morgan (screenplay), Hossein Amini (screenplay), Chris Morgan (screen story by), Walter Hamada (screen story by)",Carl Rinsch,"Action, Adventure, Fantasy",A band of samurai set out to avenge the death and dishonor of their master at the hands of a ruthless shogun.
2013,Escape Plan,men,fail,70,25.21,103.81,115,79262,49,6.8,R,"English, German, Arabic, Urdu",USA,"Miles Chapman (screenplay), Jason Keller (screenplay), Miles Chapman (story)",Mikael Håfström,"Action, Mystery, Thriller","When a structural-security authority finds himself set up and incarcerated in the world's most secret and secure prison, he has to use his skills to escape with help from the inside."
2013,Grown Ups 2,men,fail,80,133.67,247.02,101,60641,19,5.4,PG-13,English,USA,"Fred Wolf, Adam Sandler, Tim Herlihy, Adam Sandler (based on characters created by), Fred Wolf (based on characters created by)",Dennis Dugan,Comedy,"After moving his family back to his hometown to be with his friends and their kids, Lenny finds out that between old bullies, new bullies, schizo bus drivers, drunk cops on skis, and 400 costumed party crashers sometimes crazy follows you."
2013,Her,men,fail,23,25,33.03,126,89605,90,8.3,R,English,USA,Spike Jonze,Spike Jonze,"Drama, Romance, Sci-Fi",A lonely writer develops an unlikely relationship with his newly purchased operating system that's designed to meet his every need.
2013,Identity Thief,men,fail,35,134.51,176.27,111,65325,35,5.7,R,English,USA,"Craig Mazin (screenplay), Jerry Eeten (story), Craig Mazin (story)",Seth Gordon,"Comedy, Crime",Mild-mannered businessman Sandy Patterson travels from Denver to Florida to confront the deceptively harmless-looking woman who has been living it up after stealing Sandy's identity.
2013,Insidious: Chapter 2,men,fail,5,83.59,161.91,106,47327,40,6.7,PG-13,English,"USA, Canada","Leigh Whannell (based on characters created by), James Wan (story), Leigh Whannell (story), Leigh Whannell (screenplay)",James Wan,"Horror, Thriller",The haunted Lambert family seeks to uncover the mysterious childhood secret that has left them dangerously connected to the spirit world.
2013,Oblivion,men,fail,120,89.11,287.54,124,240839,54,7,PG-13,English,USA,"Karl Gajdusek (screenplay), Michael Arndt (screenplay), Joseph Kosinski (graphic novel original story)",Joseph Kosinski,"Action, Adventure, Mystery",A veteran assigned to extract Earth's remaining resources begins to question what he knows about his mission and himself.
2013,The Croods,men,fail,135,187.17,573.07,98,90775,55,7.3,PG,English,USA,"Chris Sanders (screenplay), Kirk De Micco (screenplay), John Cleese (story), Kirk De Micco (story), Chris Sanders (story)","Kirk De Micco, Chris Sanders","Animation, Adventure, Comedy","After their cave is destroyed, a caveman family must trek through an unfamiliar fantastical world with the help of an inventive boy."
2013,The Family,men,fail,30,36.92,51.08,111,46576,42,6.4,R,"English, French","USA, France","Luc Besson (screenplay), Michael Caleo (screenplay), Tonino Benacquista (based on the book by)",Luc Besson,"Comedy, Crime, Thriller","The Manzoni family, a notorious mafia clan, is relocated to Normandy, France under the witness protection program, where fitting in soon becomes challenging as their old habits die hard."
2013,Warm Bodies,men,fail,30,66.38,116.64,98,129637,59,7,PG-13,English,USA,"Jonathan Levine (screenplay), Isaac Marion (novel)",Jonathan Levine,"Comedy, Horror, Romance","After a highly unusual zombie saves a still-living girl from an attack, the two form a relationship that sets in motion events that might transform the entire lifeless world."
2013,White House Down,men,fail,150,73.1,205.44,131,90549,52,6.4,PG-13,English,USA,James Vanderbilt,Roland Emmerich,"Action, Drama, Thriller","While on a tour of the White House with his young daughter, a Capitol policeman springs into action to save his child and protect the president from a heavily armed group of paramilitary invaders."
2013,12 Years a Slave,notalk,fail,20,53.11,158.61,134,143446,97,8.3,R,English,"USA, UK","John Ridley (screenplay), Solomon Northup (based on ""Twelve Years a Slave"" by)",Steve McQueen,"Biography, Drama, History","In the antebellum United States, Solomon Northup, a free black man from upstate New York, is abducted and sold into slavery."
2013,2 Guns,notalk,fail,61,75.61,132.49,109,87301,55,6.8,R,"English, Spanish",USA,"Blake Masters (screenplay), Steven Grant (based on the Boom! Studios graphic novels by)",Baltasar Kormákur,"Action, Comedy, Crime","A DEA agent and a naval intelligence officer find themselves on the run after a botched attempt to infiltrate a drug cartel. While fleeing, they learn the secret of their shaky alliance: Neither knew that the other was an undercover agent."
2013,A Good Day to Die Hard,notalk,fail,92,67.35,304.25,98,123837,28,5.4,R,"English, Russian, Hindi",USA,"Skip Woods, Roderick Thorp (certain original characters by)",John Moore,"Action, Crime, Thriller","John McClane travels to Russia to help out his seemingly wayward son, Jack, only to discover that Jack is a CIA operative working undercover, causing the father and son to team up against underworld forces."
2013,After Earth,notalk,fail,130,60.52,244.37,100,108264,33,5,PG-13,English,USA,"Gary Whitta (screenplay), M. Night Shyamalan (screenplay), Will Smith (story)",M. Night Shyamalan,"Action, Adventure, Sci-Fi","A crash landing leaves Kitai Raige and his father Cypher stranded on Earth, a millennium after events forced humanity's escape. With Cypher injured, Kitai must embark on a perilous journey to signal for help."
2013,Captain Phillips,notalk,fail,55,107.14,218.74,134,167886,83,8,PG-13,"English, Somali",USA,"Billy Ray (screenplay), Richard Phillips (based upon the book ""A Captain's Duty: Somali Pirates,  Navy SEALS,  and Dangerous Days at Sea"" by), Stephan Talty (based upon the book ""A Captain's Duty: Somali Pirates,  Navy SEALS,  and Dangerous Days at Sea"" by)",Paul Greengrass,"Biography, Drama, Thriller","The true story of Captain Richard Phillips and the 2009 hijacking by Somali pirates of the US-flagged MV Maersk Alabama, the first American cargo ship to be hijacked in two hundred years."
2013,Gangster Squad,notalk,fail,60,46,104.1,113,130219,40,6.8,R,English,USA,"Will Beall, Paul Lieberman (book)",Ruben Fleischer,"Action, Crime, Drama","Los Angeles, 1949: A secret crew of police officers led by two determined sergeants work together in an effort to take down the ruthless mob king Mickey Cohen who runs the city."
2013,Last Vegas,notalk,fail,28,63.91,112.91,105,53687,48,6.7,PG-13,English,USA,Dan Fogelman,Jon Turteltaub,Comedy,Three sixty-something friends take a break from their day-to-day lives to throw a bachelor party in Las Vegas for their last remaining single pal.
2013,Now You See Me,notalk,fail,75,117.72,351.72,115,280199,50,7.3,PG-13,English,"France, USA","Ed Solomon (screenplay), Boaz Yakin (screenplay), Edward Ricourt (screenplay), Boaz Yakin (story), Edward Ricourt (story)",Louis Leterrier,"Crime, Mystery, Thriller",An FBI agent and an Interpol detective track a team of illusionists who pull off bank heists during their performances and reward their audiences with the money.
2013,Olympus Has Fallen,notalk,fail,70,98.93,150.56,119,132564,41,6.5,R,"English, Korean",USA,"Creighton Rothenberger, Katrin Benedikt",Antoine Fuqua,"Action, Thriller","Disgraced former Presidential guard Mike Banning finds himself trapped inside the White House in the wake of a terrorist attack; using his inside knowledge, Banning works with national security to rescue the President from his kidnappers."
2013,Pacific Rim,notalk,fail,190,101.8,411,131,226148,64,7.1,PG-13,"English, Japanese, Cantonese, Mandarin",USA,"Travis Beacham (screenplay), Guillermo del Toro (screenplay), Travis Beacham (story)",Guillermo del Toro,"Action, Adventure, Sci-Fi","As a war between humankind and monstrous sea creatures wages on, a former pilot and a trainee are paired up to drive a seemingly obsolete special weapon in a desperate effort to save the world from the apocalypse."
2013,R.I.P.D.,notalk,fail,130,33.62,79.02,96,54542,25,5.6,PG-13,English,USA,"Phil Hay (screenplay), Matt Manfredi (screenplay), David Dobkin (story), Phil Hay (story), Matt Manfredi (story), Peter M. Lenkov (Dark Horse comic)",Robert Schwentke,"Action, Comedy, Crime",A recently slain cop joins a team of undead police officers working for the Rest in Peace Department and tries to find the man who murdered him.
2013,Riddick,notalk,fail,38,42.03,92.43,119,74501,49,6.4,R,English,"USA, UK","David Twohy, Jim Wheat (based on characters created by), Ken Wheat (based on characters created by)",David Twohy,"Action, Sci-Fi, Thriller","Left for dead on a sun-scorched planet, Riddick finds himself up against an alien race of predators. Activating an emergency beacon alerts two ships: one carrying a new breed of mercenary, the other captained by a man from Riddick's past."
2013,Rush,notalk,fail,38,26.95,43.05,123,140946,75,8.3,R,"English, German, Italian, French","USA, Germany, UK",Peter Morgan,Ron Howard,"Action, Biography, Drama",The merciless 1970s rivalry between Formula One rivals James Hunt and Niki Lauda.
2013,Star Trek Into Darkness,notalk,fail,190,228.78,466.98,132,272221,72,7.9,PG-13,"English, Klingon",USA,"Roberto Orci, Alex Kurtzman, Damon Lindelof, Gene Roddenberry (television series ""Star Trek"")",J.J. Abrams,"Action, Adventure, Sci-Fi","After the crew of the Enterprise find an unstoppable force of terror from within their own organization, Captain Kirk leads a manhunt to a war-zone world to capture a one-man weapon of mass destruction."
2013,The Fifth Estate,notalk,fail,26,3.25,6.15,128,12244,49,6.1,R,"English, Icelandic, Swahili, Arabic","USA, Belgium","Daniel Domscheit-Berg (book), David Leigh (book), Luke Harding (book), Josh Singer (screenplay)",Bill Condon,"Biography, Drama, Thriller",A dramatic thriller based on real events that reveals the quest to expose the deceptions and corruptions of power that turned an Internet upstart into the 21st century's most fiercely debated organization.
2013,The Hobbit: The Desolation of Smaug,notalk,fail,250,257.4,937.4,161,224066,66,8.2,PG-13,English,"USA, New Zealand","Fran Walsh (screenplay), Philippa Boyens (screenplay), Peter Jackson (screenplay), Guillermo del Toro (screenplay), J.R.R. Tolkien (novel)",Peter Jackson,"Adventure, Fantasy","The dwarves, along with Bilbo Baggins and Gandalf the Grey, continue their quest to reclaim Erebor, their homeland, from Smaug. Bilbo Baggins is in possession of a mysterious and magical ring."
2013,The Incredible Burt Wonderstone,notalk,fail,32,22.54,24.26,100,44758,44,5.9,PG-13,English,USA,"Jonathan M. Goldstein (screenplay), John Francis Daley (screenplay), Chad Kultgen (story), Tyler Mitchell (story), Jonathan M. Goldstein (story), John Francis Daley (story)",Don Scardino,Comedy,"When a street magician's stunts begins to make their show look stale, superstar magicians Burt Wonderstone and Anton Marvelton look to salvage on their act - and their friendship - by staging their own daring stunt."
2013,The Internship,notalk,fail,58,44.67,93.67,119,90875,42,6.4,PG-13,"English, Tagalog, Cantonese, Mandarin, Spanish",USA,"Vince Vaughn (screenplay), Jared Stern (screenplay), Vince Vaughn (story)",Shawn Levy,Comedy,"Two salesmen whose careers have been torpedoed by the digital age find their way into a coveted internship at Google, where they must compete with a group of young, tech-savvy geniuses for a shot at employment."
2013,The Lone Ranger,notalk,fail,275,89.29,259.99,149,116599,37,6.6,PG-13,"English, North American Indian",USA,"Justin Haythe (screenplay), Ted Elliott (screenplay), Terry Rossio (screenplay), Ted Elliott (screen story), Terry Rossio (screen story), Justin Haythe (screen story)",Gore Verbinski,"Action, Adventure, Western","Native American warrior Tonto recounts the untold tales that transformed John Reid, a man of the law, into a legend of justice."
2013,The Wolf of Wall Street,notalk,fail,100,115.7,365.7,180,256980,75,8.5,R,"English, French",USA,"Terence Winter (screenplay), Jordan Belfort (book)",Martin Scorsese,"Biography, Comedy, Crime","Based on the true story of Jordan Belfort, from his rise to a wealthy stockbroker living the high life to his fall involving crime, corruption and the federal government."
2013,This Is the End,notalk,fail,32,101.47,126.29,107,188103,67,6.9,R,"English, Spanish",USA,"Seth Rogen (screenplay), Evan Goldberg (screenplay), Seth Rogen (screen story), Evan Goldberg (screen story), Jason Stone (based on the short film ""Jay and Seth vs. The Apocalypse"" by)","Evan Goldberg, Seth Rogen","Comedy, Fantasy","While attending a party at James Franco's house, Seth Rogen, Jay Baruchel and many other celebrities are faced with the apocalypse."
2013,Cloudy with a Chance of Meatballs 2,nowomen,fail,78,119.64,271.73,95,26133,59,6.5,PG,English,USA,"Erica Rivinoja (screenplay), John Francis Daley (screenplay), Jonathan M. Goldstein (screenplay), Phil Lord (story), Christopher Miller (story), Erica Rivinoja (story), Judi Barrett (characters), Ron Barrett (characters)","Cody Cameron, Kris Pearn","Animation, Comedy, Family",Flint Lockwood now works at The Live Corp Company for his idol Chester V. But he's forced to leave his post when he learns that his most infamous machine is still operational and is churning out menacing food-animal hybrids.
2013,Gravity,nowomen,fail,110,271.81,708.71,91,327703,96,8.2,PG-13,"English, Greenlandic","USA, UK","Alfonso Cuarón, Jonás Cuarón",Alfonso Cuarón,"Drama, Sci-Fi, Thriller",A medical engineer and an astronaut work together to survive after an accident leaves them adrift in space.
2013,Jack the Giant Slayer,nowomen,fail,195,65.19,197.39,114,74855,51,6.3,PG-13,English,USA,"Darren Lemke (screenplay), Christopher McQuarrie (screenplay), Dan Studney (screenplay), Darren Lemke (story), David Dobkin (story)",Bryan Singer,"Adventure, Fantasy","The ancient war between humans and a race of giants is reignited when Jack, a young farmhand fighting for a kingdom and the love of a princess, opens a gateway between the two worlds."
2013,Runner Runner,nowomen,fail,30,19.32,62.62,91,30777,36,5.6,R,English,USA,"Brian Koppelman, David Levien",Brad Furman,"Crime, Drama, Thriller","When a poor college student who cracks an online poker game goes bust, he arranges a face-to-face with the man he thinks cheated him, a sly offshore entrepreneur."
2013,Trance,nowomen,fail,16,2.32,22.59,101,60795,61,7,R,"English, French","UK, France","Joe Ahearne (screenplay), John Hodge (screenplay), Joe Ahearne (story)",Danny Boyle,"Crime, Drama, Mystery",An art auctioneer who has become mixed up with a group of criminals partners with a hypnotherapist in order to recover a lost painting.
2013,About Time,pass,pass,12,15.32,87.32,123,85871,55,7.8,R,English,UK,Richard Curtis,Richard Curtis,"Drama, Fantasy, Romance","At the age of 21, Tim discovers he can travel in time and change what happens and has happened in his own life. His decision to make his world a better place by getting a girlfriend turns out not to be as easy as you might think."
2013,Admission,pass,pass,13,18.01,18.01,107,18973,48,5.7,PG-13,English,USA,"Karen Croner (screenplay), Jean Hanff Korelitz (based on the novel by)",Paul Weitz,"Comedy, Drama, Romance",A Princeton admissions officer who is up for a major promotion takes a professional risk after she meets a college-bound alternative school kid who just might be the son she gave up years ago in a secret adoption.
2013,American Hustle,pass,pass,40,148.43,249.48,138,150073,90,7.5,R,"English, Arabic",USA,"Eric Warren Singer, David O. Russell",David O. Russell,"Crime, Drama","A con man, Irving Rosenfeld, along with his seductive partner Sydney Prosser, is forced to work for a wild FBI agent, Richie DiMaso, who pushes them into a world of Jersey powerbrokers and mafia."
2013,August: Osage County,pass,pass,25,37.3,50.3,121,29369,58,7.4,R,English,USA,"Tracy Letts (screenplay), Tracy Letts (play)",John Wells,Drama,"A look at the lives of the strong-willed women of the Weston family, whose paths have diverged until a family crisis brings them back to the Oklahoma house they grew up in, and to the dysfunctional woman who raised them."
2013,Beautiful Creatures,pass,pass,50,19.45,55.94,124,42988,52,6.2,PG-13,English,USA,"Richard LaGravenese (screenplay), Kami Garcia (based on the novel ""Beautiful Creatures"" by), Margaret Stohl (based on the novel ""Beautiful Creatures"" by)",Richard LaGravenese,"Drama, Fantasy, Romance","Ethan longs to escape his small Southern town. He meets a mysterious new girl, Lena. Together, they uncover dark secrets about their respective families, their history and their town."
2013,Blue Jasmine,pass,pass,18,33.35,68.45,98,64127,78,7.4,PG-13,English,USA,Woody Allen,Woody Allen,"Comedy, Drama","A New York socialite, deeply troubled and in denial, arrives in San Francisco to impose upon her sister. She looks a million, but isn't bringing money, peace, or love..."
2013,Carrie,pass,pass,30,35.27,85,100,57766,53,6,R,English,USA,"Lawrence D. Cohen (screenplay), Roberto Aguirre-Sacasa (screenplay), Stephen King (novel)",Kimberly Peirce,"Drama, Horror","A reimagining of the classic horror tale about Carrie White, a shy girl outcast by her peers and sheltered by her deeply religious mother, who unleashes telekinetic terror on her small town after being pushed too far at her senior prom."
2013,Despicable Me 2,pass,pass,76,368.07,970.77,98,160919,62,7.6,PG,English,USA,"Cinco Paul, Ken Daurio","Pierre Coffin, Chris Renaud","Animation, Adventure, Comedy",Gru is recruited by the Anti-Villain League to help deal with a powerful new super criminal.
2013,Elysium,pass,pass,120,93.05,286.19,109,194012,61,6.7,R,"English, Spanish, French, Afrikaans",USA,Neill Blomkamp,Neill Blomkamp,"Action, Drama, Sci-Fi","In the year 2154, the very wealthy live on a man-made space station while the rest of the population resides on a ruined Earth. A man takes on a mission that could bring equality to the polarized worlds."
2013,Epic,pass,pass,100,107.52,268.42,102,55536,52,6.7,PG,English,USA,"James V. Hart (screenplay), William Joyce (screenplay), Daniel Shere (screenplay), Tom J. Astle (screenplay), Matt Ember (screenplay), William Joyce (story), James V. Hart (story), Chris Wedge (story), William Joyce (inspired by the book ""The Leaf Men and the Brave Good Bugs"")",Chris Wedge,"Animation, Adventure, Family",A teenager finds herself transported to a deep forest setting where a battle between the forces of good and the forces of evil is taking place. She bands together with a rag-tag group of characters in order to save their world -- and ours.
2013,Escape from Planet Earth,pass,pass,40,57.01,66.45,89,14047,35,5.9,PG,English,"USA, Canada","Bob Barlen, Cal Brunker, Tony Leech (story), Cory Edwards (story)",Cal Brunker,"Animation, Adventure, Comedy",Astronaut Scorch Supernova finds himself caught in a trap when he responds to an SOS from a notoriously dangerous alien planet.
2013,Evil Dead,pass,pass,17,54.24,97.4,91,86833,57,6.5,R,English,USA,"Fede Alvarez (screenplay), Rodo Sayagues (screenplay), Sam Raimi (based on the motion picture ""The Evil Dead"",  written by)",Fede Alvarez,Horror,"Five friends head to a remote cabin, where the discovery of a Book of the Dead leads them to unwittingly summon up demons living in the nearby woods. The evil presence possesses them until only one is left to fight for survival."
2013,Frozen,pass,pass,150,393.05,1004.55,102,166804,74,7.9,PG,English,USA,"Jennifer Lee (screenplay), Hans Christian Andersen (inspired by the story ""The Snow Queen"" by), Chris Buck (story), Jennifer Lee (story), Shane Morris (story), Dean Wellins (additional story)","Chris Buck, Jennifer Lee","Animation, Adventure, Comedy","Fearless optimist Anna teams up with Kristoff in an epic journey, encountering Everest-like conditions, and a hilarious snowman named Olaf in a race to find Anna's sister Elsa, whose icy powers have trapped the kingdom in eternal winter."
2013,G.I. Joe: Retaliation,pass,pass,140,122.52,371.92,110,103584,41,5.9,PG-13,English,USA,"Rhett Reese, Paul Wernick",Jon M. Chu,"Action, Adventure, Sci-Fi",The G.I. Joes are not only fighting their mortal enemy Cobra; they are forced to contend with threats from within the government that jeopardize their very existence.
2013,Gloria,pass,pass,30,4.17,4.97,110,2578,83,7,R,"Spanish, English","Chile, Spain","Sebastián Lelio (screenplay), Gonzalo Maza (screenplay)",Sebastián Lelio,"Comedy, Drama","A story set in Santiago and centered on Gloria, a free-spirited older woman, and the realities of her whirlwind relationship with a former naval officer whom she meets out in the clubs."
2013,Kick-Ass 2,pass,pass,28,28.8,60.84,103,115230,41,6.8,R,English,"USA, UK","Jeff Wadlow (screenplay), Mark Millar (comic book), John Romita Jr. (comic book)",Jeff Wadlow,"Action, Comedy, Crime","The costumed high-school hero Kick-Ass joins with a group of normal citizens who have been inspired to fight crime in costume. Meanwhile, the Red Mist plots an act of revenge that will affect everyone Kick-Ass knows."
2013,Machete Kills,pass,pass,2,8.01,9.41,107,30043,41,5.8,R,"English, Spanish","Russia, USA","Kyle Ward (screenplay), Robert Rodriguez (story), Marcel Rodriguez (story)",Robert Rodriguez,"Action, Comedy, Crime",The U.S. government recruits Machete to battle his way through Mexico in order to take down an arms dealer who looks to launch a weapon into space.
2013,Mama,pass,pass,15,71.63,148.04,100,84452,57,6.3,PG-13,English,"Canada, Spain","Andrés Muschietti (story), Barbara Muschietti (story), Neil Cross (screenplay), Andrés Muschietti (screenplay), Barbara Muschietti (screenplay)",Andrés Muschietti,"Horror, Thriller",Annabel and Lucas are faced with the challenge of raising his young nieces that were left alone in the forest for 5 years.... but how alone were they?
2013,Man of Steel,pass,pass,225,291.05,688,143,359556,55,7.4,PG-13,English,"USA, Canada, UK","David S. Goyer (screenplay), David S. Goyer (story), Christopher Nolan (story), Jerry Siegel (Superman created by), Joe Shuster (Superman created by)",Zack Snyder,"Action, Adventure, Fantasy",A young itinerant worker is forced to confront his secret extrastellar origin when Earth is invaded by members of his own race.
2013,Nebraska,pass,pass,12,17.48,17.48,115,33503,86,7.9,R,"English, Spanish",USA,Bob Nelson,Alexander Payne,"Adventure, Drama","An aging, booze-addled father makes the trip from Montana to Nebraska with his estranged son in order to claim a million-dollar Mega Sweepstakes Marketing prize."
2013,Oz the Great and Powerful,pass,pass,200,234.77,489.57,130,135860,44,6.4,PG,English,USA,"Mitchell Kapner (screenplay), David Lindsay-Abaire (screenplay), Mitchell Kapner (screen story), L. Frank Baum (""Oz"" works)",Sam Raimi,"Adventure, Family, Fantasy",A small-time magician is swept away to an enchanted land and is forced into a power struggle between three witches.
2013,Parker,pass,pass,35,17.62,46.35,118,59992,43,6.2,R,English,USA,"John J. McLaughlin (screenplay), Donald E. Westlake (novel)",Taylor Hackford,"Action, Crime, Thriller","A thief with a unique code of professional ethics is double-crossed by his crew and left for dead. Assuming a new disguise and forming an unlikely alliance with a woman on the inside, he looks to hijack the score of the crew's latest heist."
2013,Percy Jackson: Sea of Monsters,pass,pass,90,68.56,200.86,106,52311,39,6,PG,English,USA,"Marc Guggenheim (screenplay), Rick Riordan (based upon the novel ""Percy Jackson and the Olympians: The Sea of Monsters"" written by)",Thor Freudenthal,"Adventure, Family, Fantasy","In order to restore their dying safe haven, the son of Poseidon and his friends embark on a quest to the Sea of Monsters to find the mythical Golden Fleece while trying to stop an ancient evil from rising."
2013,Prisoners,pass,pass,46,61,113.4,153,178743,74,8.1,R,English,USA,Aaron Guzikowski,Denis Villeneuve,"Crime, Drama, Thriller","When Keller Dover's daughter and her friend go missing, he takes matters into his own hands as the police pursue multiple leads and the pressure mounts. But just how far will this desperate father go to protect his family?"
2013,Safe Haven,pass,pass,28,71.4,93.94,115,41770,34,6.7,PG-13,"English, Portuguese",USA,"Dana Stevens (screenplay), Gage Lansky (screenplay), Nicholas Sparks (based upon the novel by)",Lasse Hallström,"Drama, Mystery, Romance","A young woman with a mysterious past lands in Southport, North Carolina where her bond with a widower forces her to confront the dark secret that haunts her."
2013,Saving Mr. Banks,pass,pass,35,82.83,100.73,125,40567,65,7.7,PG-13,English,"USA, UK, Australia","Kelly Marcel, Sue Smith",John Lee Hancock,"Biography, Comedy, Drama","Author P.L. Travers reflects on her childhood after reluctantly meeting with Walt Disney, who seeks to adapt her Mary Poppins books for the big screen."
2013,Side Effects,pass,pass,30,32.17,60.29,106,102888,75,7.1,R,"English, French",USA,Scott Z. Burns,Steven Soderbergh,"Crime, Drama, Thriller",A young woman's world unravels when a drug prescribed by her psychiatrist has unexpected side effects.
2013,Texas Chainsaw 3D,pass,pass,20,34.34,39.09,92,24491,NA,4.8,R,English,USA,"Adam Marcus (screenplay), Debra Sullivan (screenplay), Kirsten Elms (screenplay), Stephen Susco (story), Adam Marcus (story), Debra Sullivan (story), Kim Henkel (characters), Tobe Hooper (characters)",John Luessenhop,"Horror, Thriller",A young woman travels to Texas to collect an inheritance; little does she know that an encounter with a chainsaw-wielding killer is part of the reward.
2013,The Big Wedding,pass,pass,32.5,21.82,35.77,89,23323,28,5.6,R,"English, Spanish, Latin",USA,"Justin Zackham (screenplay), Jean-Stéphane Bron (motion picture ""Mon frère se marie""), Karine Sudan (motion picture ""Mon frère se marie"")",Justin Zackham,Comedy,A long-divorced couple fakes being married as their family unites for a wedding.
2013,The Book Thief,pass,pass,19,21.35,62.05,131,30846,53,7.7,PG-13,"English, German","USA, Germany","Markus Zusak (novel), Michael Petroni (adaptation)",Brian Percival,"Drama, War","While subjected to the horrors of World War II Germany, young Liesel finds solace by stealing books and sharing them with others. In the basement of her home, a Jewish refugee is being sheltered by her adoptive parents."
2013,The Call,pass,pass,13,51.87,58.94,94,59802,51,6.7,R,English,USA,"Richard D'Ovidio (screenplay), Richard D'Ovidio (story), Nicole D'Ovidio (story), Jon Bokenkamp (story)",Brad Anderson,"Crime, Thriller","When a veteran 911 operator takes a life-altering call from a teenage girl who has just been abducted, she realizes that she must confront a killer from her past in order to save the girl's life."
2013,The Conjuring,pass,pass,20,137.4,318,112,162810,68,7.6,R,"English, Latin",USA,"Chad Hayes, Carey Hayes",James Wan,"Horror, Thriller",Paranormal investigators Ed and Lorraine Warren work to help a family terrorized by a dark presence in their farmhouse.
2013,The Counselor,pass,pass,25,16.97,70.37,117,38384,48,5.5,R,English,"USA, UK",Cormac McCarthy,Ridley Scott,"Crime, Drama, Thriller",A lawyer finds himself in over his head when he gets involved in drug trafficking.
2013,The Heat,pass,pass,43,159.58,230.78,117,84789,60,6.7,R,"English, Spanish, Bulgarian",USA,Katie Dippold,Paul Feig,"Action, Comedy, Crime",An uptight FBI Special Agent is paired with a foul-mouthed Boston cop to take down a ruthless drug lord.
2013,The Hunger Games: Catching Fire,pass,pass,130,424.09,857.09,146,238814,75,7.9,PG-13,English,USA,"Simon Beaufoy (screenplay), Michael Arndt (screenplay), Suzanne Collins (novel)",Francis Lawrence,"Action, Adventure, Sci-Fi",Katniss Everdeen and Peeta Mellark become targets of the Capitol after their victory in the 74th Hunger Games sparks a rebellion in the Districts of Panem.
2013,The Last Exorcism Part II,pass,pass,4,15.18,18.54,88,9373,35,3.9,PG-13,English,USA,"Damien Chazelle (screenplay), Ed Gass-Donnelly (screenplay), Damien Chazelle (story), Huck Botko (characters created by), Andrew Gurland (characters created by)",Ed Gass-Donnelly,"Drama, Horror, Thriller","As Nell Sweetzer tries to build a new life after the events of the first movie, the evil force that once possessed her returns with an even more horrific plan."
2013,The Mortal Instruments: City of Bones,pass,pass,60,31.17,75.97,130,63524,33,6,PG-13,English,"USA, Germany, Canada","Jessica Postigo (screenplay), Cassandra Clare (based on the novel by)",Harald Zwart,"Action, Adventure, Drama","When her mother disappears, Clary Fray learns that she descends from a line of warriors who protect our world from demons. She joins forces with others like her and heads into a dangerous alternate New York called Downworld."
2013,The Smurfs 2,pass,pass,110,71.02,348.55,105,16291,34,5.4,PG,"English, French",USA,"J. David Stem (screenplay), David N. Weiss (screenplay), Jay Scherick (screenplay), David Ronn (screenplay), Karey Kirkpatrick (screenplay), J. David Stem (story), David N. Weiss (story), Jay Scherick (story), David Ronn (story), Peyo (characters and works)",Raja Gosnell,"Animation, Comedy, Family","The Smurfs team up with their human friends to rescue Smurfette, who has been kidnapped by Gargamel since she knows a secret spell that can turn the evil sorcerer's newest creation - creatures called the Naughties - into real Smurfs."
2013,The To Do List,pass,pass,1.5,3.49,3.49,104,14790,61,5.8,R,English,USA,Maggie Carey (screenplay),Maggie Carey,Comedy,"Feeling pressured to become more sexually experienced before she goes to college, Brandy Klark makes a list of things to accomplish before hitting campus in the fall."
2013,The Way Way Back,pass,pass,5,21.5,26.16,103,60520,68,7.5,PG-13,English,USA,"Nat Faxon, Jim Rash","Nat Faxon, Jim Rash","Comedy, Drama","Shy 14-year-old Duncan goes on summer vacation with his mother, her overbearing boyfriend, and her boyfriend's daughter. Having a rough time fitting in, Duncan finds an unexpected friend in Owen, manager of the Water Wizz water park."
2013,The Wolverine,pass,pass,115,132.56,416.46,126,187381,60,6.8,PG-13,"English, Japanese","USA, UK","Mark Bomback (screenplay), Scott Frank (screenplay)",James Mangold,"Action, Adventure, Fantasy","When Wolverine is summoned to Japan by an old acquaintance, he is embroiled in a conflict that forces him to confront his own demons."
