height,weight,scars,color,lost_teeth,lifespan,birth_year,spikes
55.479842,14.20788434,6,black,4,956,-1999,spikes
54.12511092,15.9246182,2,green,39,1460,-1994,without
51.66676971,13.36120365,10,red,24,1504,-1992,spikes
42.5053421,11.22236416,37,red,26,2571,-1992,spikes
48.41299909,13.50264839,15,green,9,1339,-1990,without
52.12706991,13.23433107,2,black,15,988,-1988,spikes
50.20587571,13.50039919,13,red,38,1877,-1987,spikes
50.77550508,13.88055512,5,black,5,879,-1986,spikes
58.52957446,16.08432585,21,blue,28,2017,-1984,without
40.87973477,13.71827463,3,red,23,1177,-1983,spikes
55.36528368,15.86366868,0,red,36,1294,-1983,spikes
53.06457397,15.22952727,5,red,23,1246,-1981,without
51.47374848,13.83543333,8,red,16,1220,-1977,spikes
44.68944734,12.35632664,13,blue,2,1142,-1976,without
50.1234309,13.67932931,25,red,33,2252,-1972,spikes
42.59568523,12.27455554,5,red,9,972,-1969,spikes
49.89838052,13.16970012,2,red,1,722,-1967,spikes
40.41795965,10.72087245,4,blue,14,1034,-1965,without
46.08754443,11.86454302,12,red,27,1614,-1965,spikes
59.28812746,16.82493997,6,red,36,1615,-1964,spikes
49.5323181,12.74516142,1,red,1,641,-1962,spikes
52.99576295,16.06400509,18,red,36,2059,-1959,spikes
39.3423772,12.29981716,5,red,1,836,-1957,without
42.91076437,11.0145433,40,red,14,2496,-1955,spikes
46.02784055,11.51888394,10,blue,26,1532,-1954,spikes
40.69775726,10.40461805,8,black,27,1458,-1953,spikes
50.38563467,13.71954447,14,red,22,1577,-1951,spikes
51.99300122,14.18237408,19,blue,7,1487,-1950,spikes
48.18378525,13.7196143,10,blue,25,1487,-1948,without
49.37172788,12.614312,9,blue,23,1437,-1947,spikes
51.76496848,12.94412763,8,red,11,1126,-1945,spikes
58.16982806,14.56574817,2,blue,24,1136,-1944,spikes
45.64529725,11.50035146,21,black,9,1640,-1934,without
52.98478982,14.67543225,3,red,17,1051,-1933,spikes
59.10947514,16.92175896,2,red,37,1422,-1932,spikes
55.60795885,14.59662446,0,red,16,945,-1931,without
53.72462886,13.74808309,4,red,12,1014,-1930,without
48.14164056,14.94092633,26,red,7,1779,-1930,without
60.66092873,16.30659598,3,blue,22,1169,-1929,without
60.87143971,16.00201767,8,green,10,1103,-1928,without
48.39880319,12.12494859,1,blue,10,813,-1927,spikes
49.52455028,12.66099722,2,blue,2,711,-1925,without
59.73349752,14.97367649,1,blue,11,865,-1925,spikes
64.87637895,16.38413715,1,green,16,985,-1922,without
53.80029547,15.66806877,32,blue,16,2215,-1917,without
67.41273555,17.33017398,19,blue,10,1569,-1914,spikes
53.62995003,16.33408635,6,blue,30,1440,-1909,without
61.72851891,16.10293425,3,green,20,1157,-1907,without
50.47798381,13.09490043,8,green,38,1656,-1907,without
48.27345174,12.62467816,1,red,38,1402,-1900,spikes
46.86368938,11.8370933,25,green,8,1783,-1900,without
45.35948778,12.36826187,12,blue,14,1353,-1897,without
51.06693644,12.79182014,6,blue,29,1414,-1895,without
50.00407703,13.27488574,14,green,2,1226,-1894,without
49.54313308,12.51222844,17,blue,20,1643,-1890,spikes
40.95912651,11.84717992,14,red,26,1719,-1887,spikes
42.06679066,10.98455607,17,red,25,1762,-1887,spikes
38.2641311,10.31066916,4,blue,17,1087,-1881,spikes
53.9067177,14.86261778,51,red,17,2975,-1879,spikes
45.38506065,11.79114657,3,blue,1,750,-1877,without
52.80649553,14.48555602,4,blue,29,1325,-1859,spikes
56.20401589,15.94231604,4,red,4,845,-1858,spikes
45.96746077,11.58724333,6,green,26,1376,-1857,without
49.56555738,12.50217458,7,blue,10,1092,-1854,without
51.04739124,13.41369143,6,blue,19,1259,-1854,spikes
49.47731753,15.09278185,8,blue,40,1735,-1848,without
46.91843637,13.0750983,10,blue,40,1789,-1848,without
47.16004171,11.93815081,0,red,9,799,-1847,spikes
37.43646426,15.37748727,3,red,10,932,-1845,spikes
47.11507362,13.83366894,7,red,17,1240,-1844,without
33.70672964,8.669674517,2,blue,8,872,-1843,spikes
47.10817231,12.6627041,9,red,6,1076,-1835,spikes
57.92277358,16.3009831,19,green,26,1866,-1828,without
55.04186887,15.23476917,20,red,31,2015,-1825,spikes
58.96968982,15.53667925,25,red,33,2288,-1825,without
41.92315097,12.18700991,9,blue,21,1391,-1821,without
55.99553859,14.04822084,21,blue,15,1748,-1818,without
54.51218517,14.73632737,25,red,35,2333,-1818,without
44.19130964,11.45620976,24,blue,3,1635,-1815,without
52.593238,13.64575261,7,blue,5,992,-1812,spikes
64.04272749,22.37218085,6,red,36,1546,-1812,spikes
38.46414047,10.01951062,4,green,35,1463,-1810,without
46.55812194,12.11579708,3,blue,0,710,-1807,spikes
53.82596319,13.62437152,12,green,1,1135,-1806,without
54.92731528,17.01614856,26,red,39,2434,-1805,spikes
55.99960647,14.54050349,2,red,35,1399,-1804,spikes
47.54363538,13.00481982,13,green,30,1690,-1804,without
57.96098081,16.84063294,1,green,39,1412,-1803,without
57.92486233,16.55769319,15,red,21,1617,-1801,without
49.66401859,14.25371376,5,blue,22,1256,-1798,without
51.14757799,12.84769252,10,blue,20,1386,-1796,without
59.22456217,15.08809939,16,blue,30,1863,-1796,spikes
45.36652707,13.95658487,20,green,35,2116,-1796,without
53.35792237,15.43182518,4,green,4,843,-1791,without
53.97079368,14.25623362,4,blue,25,1279,-1791,spikes
51.3807464,13.56167689,2,blue,15,950,-1790,spikes
44.77608491,11.48212797,16,red,14,1479,-1789,spikes
43.99386621,11.51340676,13,red,8,1260,-1787,without
54.30337693,14.4136849,2,red,13,906,-1785,spikes
53.99594365,13.61035714,16,red,34,1947,-1780,spikes
47.12522159,13.33313056,35,red,32,2606,-1780,spikes
58.51882863,17.0292954,9,red,5,1073,-1779,spikes
47.49062592,12.16838754,18,red,10,1516,-1777,spikes
45.87459479,13.13803022,5,green,12,1014,-1775,without
46.32320774,12.0281305,1,red,32,1239,-1771,spikes
51.52434068,13.05195552,0,red,21,1029,-1768,spikes
44.13433853,12.10130721,16,green,21,1618,-1767,without
53.81748231,13.59832981,3,blue,28,1267,-1766,without
37.55803194,9.828600926,17,blue,11,1521,-1765,without
60.56157021,15.69894923,15,red,8,1353,-1764,spikes
58.27498676,15.35430573,1,black,4,703,-1763,without
52.86925193,14.30253972,10,blue,0,986,-1762,without
50.47957202,13.31533287,1,red,25,1135,-1760,spikes
51.06555311,15.3322539,6,green,33,1497,-1759,without
46.20484737,11.96627107,14,red,25,1657,-1759,without
51.7523163,17.37195754,1,red,39,1415,-1755,spikes
46.5321079,12.57655121,21,green,32,2075,-1747,without
46.14618618,14.42415241,8,blue,4,1016,-1746,spikes
57.70282993,15.63866403,18,red,30,1931,-1745,spikes
48.36486333,12.18147043,2,red,31,1259,-1744,spikes
41.81845331,12.3322906,21,red,30,2048,-1744,without
54.39051885,14.25196627,36,green,23,2514,-1744,without
52.51107546,13.26509889,14,green,30,1770,-1743,without
50.93066305,13.63736808,1,red,17,965,-1733,spikes
42.494023,13.53351322,2,red,8,823,-1732,spikes
55.46015364,14.3387103,26,red,6,1739,-1732,without
49.61096263,13.82438532,23,red,33,2168,-1731,spikes
44.77122121,12.28775942,5,blue,13,1046,-1729,spikes
53.19008709,16.96724779,0,red,17,928,-1728,spikes
61.48017138,15.98538931,4,blue,37,1482,-1728,spikes
51.57638904,15.71520868,18,green,22,1780,-1726,without
48.52793764,14.06038226,7,green,12,1113,-1725,without
48.33757977,12.4622473,19,green,14,1652,-1725,without
54.13525069,14.69525577,7,red,12,1125,-1720,spikes
56.37828438,14.97453974,3,green,20,1084,-1719,without
50.43586579,12.7112094,1,red,19,1037,-1717,spikes
41.97702856,10.88985946,32,blue,33,2540,-1717,without
42.7224149,14.16964659,0,red,5,722,-1716,spikes
57.77250353,14.91615741,10,blue,4,1097,-1714,without
49.61327235,13.18766805,22,green,21,1898,-1712,without
57.88318405,14.56079687,17,red,10,1471,-1709,spikes
49.03614043,12.75331043,13,blue,11,1320,-1706,spikes
55.9481138,16.11637842,20,blue,22,1812,-1704,spikes
30.59742619,9.156688905,15,blue,31,1791,-1702,spikes
53.26972566,13.60134854,2,red,15,970,-1694,spikes
76.2798023,19.67100826,10,red,0,996,-1694,without
43.93169489,13.17750542,10,red,25,1505,-1693,spikes
54.70494283,13.69648282,13,red,33,1756,-1693,spikes
67.0156817,16.89907601,56,blue,15,3106,-1691,spikes
60.61514167,15.56508575,27,red,35,2378,-1688,spikes
62.15352923,18.8401646,9,blue,36,1704,-1683,spikes
45.01301407,13.97168399,7,green,32,1522,-1681,without
57.37945832,14.94906424,11,red,32,1659,-1679,without
45.31875151,12.16607067,11,green,39,1809,-1679,without
41.96355572,11.52221054,13,blue,6,1234,-1678,without
57.24231632,14.85828706,6,blue,9,1012,-1675,without
53.30171984,13.61908807,5,red,9,994,-1674,spikes
60.99481488,15.40849869,3,blue,2,750,-1669,without
59.05845243,15.07348224,15,blue,40,2015,-1667,without
55.72458874,14.44483946,5,red,24,1244,-1666,spikes
47.67223534,11.94719048,6,red,8,961,-1665,spikes
46.02232375,11.83637791,4,red,0,755,-1664,spikes
51.49349741,13.70815378,5,red,23,1249,-1662,spikes
51.53744512,13.60318286,5,red,8,946,-1661,spikes
42.22922452,13.1119833,19,red,36,2105,-1660,spikes
53.90978549,13.67355837,4,blue,21,1162,-1658,without
43.48090348,10.91823105,18,red,15,1632,-1655,spikes
43.94890505,11.85838717,11,red,27,1568,-1652,spikes
45.19215247,11.33289116,10,blue,9,1177,-1651,without
46.52782969,12.25318504,2,blue,37,1463,-1651,spikes
52.61571332,13.82920203,44,green,7,2507,-1651,without
50.77034534,12.94682664,5,red,15,1108,-1649,spikes
52.20992299,13.50765297,18,blue,3,1384,-1641,spikes
46.67854439,11.7537317,3,red,3,762,-1640,spikes
40.12558475,10.2697154,7,blue,22,1336,-1640,without
63.9094267,17.43357263,6,blue,13,1070,-1634,without
47.01583967,12.55431406,16,green,7,1378,-1632,without
53.37474983,13.6391648,50,blue,29,3187,-1631,spikes
51.10484213,13.09859263,4,red,38,1472,-1625,spikes
47.28900617,17.04269526,5,red,14,1105,-1623,without
48.42980439,12.48433353,15,red,14,1467,-1621,without
44.3192629,12.80354451,1,red,38,1400,-1620,spikes
41.5627446,11.26527103,9,red,8,1107,-1617,without
40.13185373,10.72171444,13,blue,27,1647,-1617,spikes
49.52756145,12.46525616,25,red,20,1962,-1616,spikes
43.98980005,11.51745549,0,red,22,1032,-1614,spikes
63.17077846,17.20887405,7,red,34,1579,-1614,spikes
34.55333002,10.0185138,17,red,20,1689,-1611,spikes
45.59267552,14.29498091,34,red,28,2542,-1609,spikes
58.38873999,18.30671704,5,green,22,1196,-1605,without
51.35688458,12.98082102,13,blue,31,1741,-1604,spikes
60.28458518,15.34522509,1,blue,11,831,-1603,spikes
45.13295884,13.91935709,3,blue,3,764,-1602,spikes
59.50998879,16.22739406,4,green,0,768,-1602,without
44.7062252,11.27201163,2,blue,25,1160,-1599,spikes
43.84264495,12.22030042,17,green,23,1777,-1599,without
49.27852957,12.58915385,3,red,23,1179,-1595,spikes
45.80353846,11.8346576,37,red,15,2382,-1595,spikes
59.92501219,16.12138555,11,red,30,1631,-1591,spikes
56.01161581,16.11567626,4,blue,15,1089,-1589,without
54.53703911,14.44048513,5,green,29,1387,-1584,without
43.75520907,11.42210763,5,red,11,1046,-1576,spikes
53.48943017,13.37457601,2,red,29,1228,-1574,spikes
49.86479333,12.49144951,7,green,11,1107,-1573,without
44.12223524,13.16479808,0,red,16,943,-1572,spikes
41.08717072,11.36684736,63,red,36,3841,-1571,without
57.41699798,14.37518684,15,blue,21,1616,-1570,without
50.10213502,12.67216662,10,green,17,1343,-1567,without
50.64996899,15.1962111,26,blue,35,2360,-1567,spikes
47.71705354,12.93205919,19,red,15,1647,-1560,spikes
57.68482474,16.42759118,2,red,11,873,-1559,spikes
50.73455302,14.51622187,3,black,28,1255,-1557,without
35.97275026,9.394338745,10,red,3,1051,-1556,spikes
48.49118389,13.7821737,2,blue,17,1020,-1555,without
36.04253621,9.027765288,0,red,39,1373,-1555,without
43.57061081,11.15547018,1,blue,18,1005,-1554,spikes
57.46292897,14.77498999,9,red,38,1717,-1554,spikes
47.59641029,12.39857513,3,red,20,1104,-1552,spikes
49.43021081,12.96938715,5,red,34,1510,-1551,spikes
46.21840914,11.66253899,6,red,4,950,-1547,spikes
41.06811862,10.29189214,1,red,31,1259,-1547,spikes
63.5247692,16.74502566,4,blue,35,1495,-1547,without
46.50260828,11.80629692,3,green,7,872,-1546,without
61.88353321,18.05913563,11,green,3,1096,-1546,without
58.98471295,16.53000945,7,red,35,1563,-1546,spikes
47.29280363,14.07893679,1,green,4,692,-1544,without
41.1181955,10.42289349,13,red,32,1764,-1542,spikes
49.7326013,14.95645298,0,red,23,1036,-1538,spikes
49.65139772,13.17162819,8,green,17,1285,-1537,without
41.46820497,10.83529402,7,black,3,937,-1535,without
40.84110784,10.46785487,0,green,26,1128,-1534,without
48.876478,12.70124599,2,blue,21,1088,-1531,without
47.9238477,13.50630609,5,red,27,1342,-1531,spikes
51.54773184,13.84010752,6,red,1,841,-1529,spikes
39.78994682,10.16581484,2,blue,40,1507,-1529,without
42.71989337,15.30515906,24,blue,12,1840,-1529,spikes
42.58185657,10.94563485,22,red,35,2180,-1527,spikes
49.38696399,13.464275,0,green,9,743,-1524,without
51.9211061,13.88881171,16,green,8,1411,-1518,without
40.7539589,11.05957882,1,red,16,953,-1515,spikes
54.04607078,18.34621311,26,green,24,2091,-1514,without
53.87728445,13.72456148,5,red,25,1291,-1512,spikes
57.09680792,14.58200782,8,green,14,1220,-1510,without
67.18917349,17.02775982,4,red,28,1317,-1509,without
46.90057992,13.34094064,37,red,7,2216,-1508,spikes
42.5488902,13.22422285,6,blue,4,876,-1506,without
51.2781266,13.83654972,12,green,4,1158,-1506,without
48.63238182,12.36422885,3,red,30,1312,-1505,spikes
48.43290489,13.07557594,3,red,25,1211,-1504,spikes
47.34101982,13.55291137,12,red,11,1277,-1504,spikes
40.70028855,11.10800568,2,blue,38,1434,-1496,spikes
48.68077453,12.48052829,2,red,19,1020,-1495,spikes
53.25343966,13.99277818,6,blue,26,1334,-1493,spikes
62.90811255,15.9207574,2,red,35,1393,-1493,spikes
64.62210859,19.10209776,4,blue,21,1174,-1492,spikes
56.00286213,15.24446173,5,red,23,1288,-1492,spikes
47.60521576,12.18318429,1,blue,10,845,-1491,spikes
54.94389496,14.03467982,2,red,22,1141,-1488,spikes
54.00388152,14.5592261,5,green,20,1206,-1487,without
47.08277032,11.91593108,3,blue,31,1339,-1484,without
62.29859988,17.10730783,4,blue,21,1178,-1480,spikes
43.65521221,11.64068448,9,red,9,1110,-1479,without
67.78501772,19.33187441,5,red,15,1115,-1479,spikes
47.95747938,13.31863083,4,red,22,1197,-1474,without
43.99691592,11.73446921,2,red,25,1142,-1472,spikes
45.61063399,11.60969834,3,green,40,1493,-1472,without
44.79370018,13.60845724,4,red,2,754,-1467,spikes
45.10285343,11.67247542,6,red,19,1227,-1467,spikes
49.9511029,14.03614942,4,red,25,1250,-1467,spikes
44.03620022,11.86207862,13,blue,12,1354,-1460,spikes
50.89530837,14.44744937,25,blue,20,2001,-1457,spikes
45.77279131,11.54452492,11,red,33,1698,-1456,spikes
49.73054347,13.14322441,2,red,27,1222,-1455,spikes
45.0432601,12.15532927,2,green,9,842,-1453,without
35.80504335,9.109126194,7,blue,8,1072,-1451,spikes
54.59379208,13.84114798,15,red,5,1301,-1450,spikes
39.650431,10.66622767,8,red,23,1371,-1446,without
65.09381855,18.98603568,12,red,21,1532,-1446,spikes
57.53872602,14.56958774,10,red,12,1226,-1444,spikes
54.49174464,14.20246675,24,red,14,1848,-1444,spikes
51.48195146,13.39215334,0,red,39,1406,-1442,spikes
61.22959325,15.6928963,4,red,3,827,-1440,spikes
53.68657133,15.47130066,14,blue,3,1222,-1437,spikes
55.02587695,15.08445322,0,red,23,1036,-1434,without
32.88106688,8.535810821,20,blue,6,1545,-1433,spikes
59.43731654,15.49517379,2,red,11,927,-1432,spikes
55.98084648,14.62388606,2,red,35,1394,-1430,without
45.69227076,13.56451459,20,red,7,1519,-1430,spikes
45.60573726,12.01396198,1,red,5,728,-1429,spikes
56.95362898,15.97783093,0,green,30,1213,-1429,without
36.72879873,10.9948476,1,red,26,1163,-1426,spikes
56.70700735,14.29658769,13,red,11,1317,-1421,without
56.82939936,14.48364378,24,red,33,2220,-1421,spikes
40.65028673,11.1492119,32,red,12,2124,-1417,spikes
59.3414709,15.29095393,5,red,8,957,-1416,spikes
45.91571458,13.09493981,3,red,35,1416,-1415,without
55.09818164,13.92195358,8,blue,33,1576,-1412,spikes
47.81669456,13.2779331,14,green,11,1376,-1410,without
43.01661844,11.2473255,1,red,17,1000,-1407,without
47.31568139,12.47634716,3,blue,34,1392,-1406,spikes
48.95238368,12.66284645,4,blue,20,1178,-1401,spikes
45.13717765,12.84599554,4,red,21,1231,-1399,spikes
47.64882756,12.39490128,27,blue,35,2388,-1399,spikes
53.69264894,14.88598647,7,red,7,997,-1395,without
49.99826782,13.38583999,1,red,25,1127,-1393,spikes
62.72029112,15.7863331,20,red,23,1875,-1391,spikes
48.94115168,12.52970595,10,blue,4,1078,-1389,spikes
38.94977099,11.54201792,8,red,39,1680,-1389,spikes
50.23982104,12.76676616,1,green,22,1058,-1387,without
41.60822264,11.38251385,16,blue,13,1511,-1387,spikes
49.38976162,13.1555207,4,green,20,1107,-1383,without
47.14911633,13.90999188,24,red,12,1797,-1383,spikes
43.92917561,12.88373749,30,red,7,1927,-1382,spikes
42.02992354,10.98133496,4,red,0,757,-1379,spikes
52.58465498,13.40430858,18,red,35,2028,-1378,spikes
58.54293979,14.96718575,22,red,33,2156,-1377,without
49.30218055,12.49927904,22,blue,26,2020,-1376,spikes
56.1536728,14.12160356,32,blue,25,2346,-1372,spikes
42.89119132,10.83376542,10,green,32,1659,-1371,without
64.47399428,16.72103148,5,red,34,1488,-1369,spikes
44.98569007,11.40855671,14,blue,7,1326,-1368,spikes
57.61459412,14.45720651,19,blue,13,1622,-1368,spikes
55.99775692,17.57991313,3,blue,1,753,-1366,spikes
48.46726234,12.86474109,1,red,36,1330,-1364,spikes
43.06689133,10.98940136,1,red,10,810,-1359,without
47.26781087,11.90743898,24,red,10,1759,-1357,spikes
53.04756723,13.43697851,8,red,37,1672,-1356,without
46.71330988,12.1454187,2,red,13,928,-1355,without
53.09729214,16.14113382,5,blue,3,868,-1353,spikes
52.87004357,13.55906667,2,blue,21,1086,-1353,spikes
56.68126994,14.56479487,3,red,10,931,-1350,spikes
49.63718963,12.78271638,7,red,17,1189,-1349,spikes
51.33818806,12.94687485,11,red,19,1404,-1348,spikes
44.87004193,16.35286458,9,red,8,1131,-1346,spikes
49.16326376,13.50065373,11,blue,7,1210,-1346,spikes
46.93827124,12.26794884,3,red,4,786,-1345,spikes
64.92902438,16.99323179,15,red,27,1702,-1342,spikes
43.0263589,11.52222722,1,green,7,763,-1337,without
54.99396183,14.75874764,2,red,34,1358,-1337,spikes
71.3089549,22.24264742,18,red,11,1531,-1337,without
39.33026707,11.34330106,39,blue,20,2571,-1336,without
36.32899708,9.185805013,3,red,19,1100,-1335,without
47.97899401,12.65994471,4,red,40,1540,-1335,spikes
48.52981744,12.82782971,1,red,1,625,-1333,spikes
66.21814424,18.07490145,2,red,8,840,-1331,spikes
54.06002608,14.09506646,1,green,14,880,-1331,without
52.71942648,13.3961214,4,green,10,975,-1331,without
47.02875021,11.76176568,7,black,3,941,-1329,spikes
39.77737798,10.34705683,10,red,33,1639,-1326,spikes
54.84479702,15.39835067,11,red,24,1537,-1323,spikes
50.15256878,12.66849886,17,red,21,1696,-1322,spikes
48.76251256,12.41072087,7,blue,27,1393,-1317,spikes
56.35668449,14.97479783,1,red,32,1277,-1314,without
50.54184893,13.65620314,12,red,21,1461,-1314,spikes
54.60771473,14.32573959,3,blue,7,830,-1313,spikes
49.09112538,12.36523022,7,green,7,1017,-1310,without
42.19759234,10.75359994,11,green,16,1378,-1310,without
52.39628934,14.60412104,2,blue,20,1047,-1307,spikes
37.16677838,9.759090074,6,blue,25,1364,-1306,spikes
60.29884737,15.68210861,3,red,25,1261,-1305,without
52.24236444,14.75456537,6,blue,34,1505,-1303,without
44.65460909,11.90113298,2,red,18,1003,-1300,spikes
43.31395983,11.08209151,5,green,15,1136,-1298,without
59.40365015,15.32391085,7,red,25,1368,-1291,spikes
51.96921167,13.18696009,23,red,5,1649,-1291,spikes
55.64069492,18.39980204,5,red,15,1114,-1286,spikes
40.56350839,11.37397301,5,blue,33,1490,-1285,spikes
55.46733177,15.18471962,15,red,25,1729,-1283,spikes
44.24342989,11.49030347,2,red,7,817,-1280,spikes
44.16521055,11.13905026,6,red,13,1096,-1277,spikes
43.4028303,11.03582279,8,blue,8,1090,-1276,spikes
48.35804038,14.07131694,13,red,9,1291,-1276,without
39.8778706,11.44919684,4,red,23,1217,-1275,spikes
49.5598599,12.8615183,5,red,27,1382,-1275,spikes
37.9996991,11.56128306,0,green,6,696,-1274,without
50.39719096,13.59271618,4,red,24,1239,-1274,spikes
60.73297119,15.65771148,2,blue,34,1383,-1274,without
65.60807675,17.39455945,31,red,12,2102,-1274,spikes
52.72403581,13.87681971,3,red,39,1494,-1272,spikes
50.47946304,12.91212609,8,green,3,968,-1271,without
42.35638713,12.29388418,13,blue,37,1874,-1271,without
50.07725817,14.69236167,13,red,19,1505,-1268,spikes
50.75025126,14.22736948,2,red,0,688,-1267,without
43.36903611,10.95677163,2,red,7,774,-1264,without
39.18893862,10.21883835,1,red,13,915,-1264,without
53.53991044,13.51037083,27,red,30,2289,-1263,spikes
49.81483358,14.68651806,1,blue,17,991,-1252,without
44.53774557,11.15387968,3,blue,23,1157,-1250,without
49.09800559,12.62586188,9,red,22,1416,-1250,spikes
44.57449588,12.28919306,2,red,21,1112,-1249,spikes
43.01025114,11.53504719,4,black,34,1443,-1243,spikes
66.91373757,17.9016831,0,red,26,1117,-1238,spikes
58.57291706,15.49341576,14,red,27,1690,-1238,spikes
50.77803423,13.15728877,5,blue,3,886,-1229,spikes
51.87253391,13.06088291,1,blue,27,1192,-1226,spikes
40.45236894,10.1775124,26,blue,36,2361,-1225,without
53.27814648,15.40181598,11,red,12,1283,-1223,spikes
41.29829255,16.61552008,1,blue,34,1338,-1220,without
57.11913823,14.46322991,55,red,39,3564,-1217,spikes
39.94157506,10.18570923,23,red,23,1999,-1216,spikes
63.50437154,19.88646986,4,red,23,1219,-1213,spikes
56.10271893,15.74265928,9,green,8,1106,-1212,without
48.1680452,12.25313256,7,red,2,923,-1211,spikes
41.21512682,10.66130117,1,red,15,923,-1210,without
38.43382125,10.55632073,13,blue,22,1569,-1201,spikes
38.09219519,10.0194682,10,red,14,1294,-1200,spikes
52.09300356,13.03628541,17,red,1,1316,-1198,without
55.51582503,14.41711551,17,red,13,1527,-1197,spikes
46.19001328,12.75589252,27,green,8,1847,-1196,without
44.3656824,11.19109618,10,blue,27,1504,-1195,without
52.20532726,14.50455654,1,green,25,1105,-1190,without
68.33364818,17.50974813,3,red,27,1294,-1187,spikes
40.1701241,10.50375816,3,red,10,930,-1186,spikes
44.30801035,11.12073197,18,red,8,1551,-1186,spikes
43.52351658,11.11030261,7,red,30,1478,-1183,spikes
54.26050423,13.76801352,5,blue,30,1392,-1181,without
57.57043333,15.02277203,4,green,8,930,-1179,without
50.63856038,13.68085284,14,red,14,1416,-1174,spikes
48.0051559,12.84763577,3,red,35,1448,-1174,spikes
43.72845323,11.31705993,1,green,33,1282,-1173,without
44.55949488,12.08605806,30,red,22,2261,-1172,spikes
40.2766019,11.2383871,3,red,6,823,-1169,spikes
44.74257285,12.14711957,35,red,32,2606,-1167,spikes
56.55111779,14.1834659,7,blue,29,1458,-1166,without
49.30097448,12.95262543,2,blue,28,1249,-1164,without
44.2825245,11.71384811,4,red,22,1218,-1163,without
49.93664967,13.24516992,5,green,14,1101,-1161,without
42.32151335,13.19857556,2,blue,19,1040,-1159,without
54.88448548,13.94663547,5,red,26,1263,-1155,without
57.673058,14.45135088,8,red,33,1587,-1155,spikes
48.82079604,13.0367423,7,red,13,1111,-1154,spikes
30.31414085,8.995309736,0,green,3,663,-1151,without
55.66553078,15.41537454,2,blue,28,1222,-1148,spikes
53.5541051,13.39763999,14,red,1,1154,-1145,spikes
55.0019154,16.03923688,4,red,17,1110,-1144,spikes
45.45112111,11.93572834,7,blue,29,1499,-1144,spikes
62.85971816,16.28363726,8,red,27,1472,-1143,spikes
58.09384485,17.40451286,6,green,1,868,-1139,without
45.32252614,12.41476832,4,blue,39,1545,-1138,spikes
52.64871072,13.45890414,21,red,17,1776,-1135,spikes
43.13000152,11.42604697,3,blue,28,1312,-1131,spikes
45.9556579,12.40792516,1,blue,31,1263,-1129,spikes
49.26140009,14.84782479,27,red,1,1687,-1125,spikes
54.95632357,14.06603956,0,red,18,965,-1123,spikes
50.81734851,12.72460364,6,red,17,1201,-1121,without
48.2537213,13.43684171,3,red,14,1018,-1118,spikes
59.75378376,15.82470893,10,red,29,1607,-1116,spikes
52.56020092,13.22194123,0,red,32,1236,-1111,spikes
55.06478452,15.05543271,10,red,13,1250,-1111,spikes
45.27285353,11.85123175,19,red,5,1425,-1110,spikes
56.1610243,14.32573642,14,black,4,1259,-1109,without
49.7250279,13.94077404,13,blue,10,1303,-1108,spikes
52.75848884,13.94344804,0,blue,11,807,-1106,without
54.6808446,14.92877849,7,red,25,1360,-1106,spikes
53.56682026,14.81869611,7,blue,33,1544,-1103,without
46.53797801,12.47664518,7,red,18,1225,-1102,spikes
54.60725739,13.75693448,10,blue,31,1611,-1100,spikes
55.27766447,13.89160903,16,red,37,1979,-1100,without
51.95793488,13.63133405,25,green,5,1681,-1097,without
50.20380005,13.18882148,0,blue,8,743,-1095,spikes
36.69085578,9.83356305,15,red,39,2001,-1094,spikes
52.02841224,14.44742221,11,red,14,1335,-1091,spikes
52.16695226,13.36693687,15,red,2,1199,-1088,spikes
43.46450371,11.34732221,6,red,8,1007,-1087,spikes
52.62667559,13.98050306,25,red,31,2267,-1087,without
53.00692539,14.70921733,2,red,19,1049,-1083,spikes
57.50137813,14.899325,15,red,10,1403,-1082,spikes
47.08897684,12.2950403,8,red,38,1713,-1081,spikes
45.72967948,15.55974033,23,green,3,1571,-1079,without
42.723365,11.03536911,2,blue,9,862,-1076,spikes
37.76826017,11.16768468,10,blue,32,1666,-1076,without
40.87058908,10.26419062,18,red,37,2049,-1075,without
61.45465952,18.02364807,2,green,6,837,-1068,without
54.70320316,14.14753123,14,green,35,1851,-1067,without
48.68282375,12.17179935,6,red,12,1102,-1066,spikes
49.26454787,12.44913632,18,green,8,1489,-1064,without
45.36235152,12.68753358,1,red,3,740,-1059,spikes
50.54041529,12.81243559,6,green,10,1016,-1056,without
65.81284447,17.62550564,7,red,14,1185,-1056,spikes
51.82517088,14.04486349,8,green,15,1224,-1054,without
46.86401199,14.90572735,15,red,11,1379,-1054,without
47.98167462,14.64403477,9,red,39,1722,-1053,spikes
41.39542716,12.88113105,6,red,18,1193,-1050,spikes
53.44290965,13.40812123,14,red,22,1620,-1050,spikes
45.22484792,11.58800848,16,blue,27,1782,-1048,without
37.36840465,9.938354287,11,blue,5,1131,-1045,without
54.18660485,14.56719913,21,red,25,1902,-1042,spikes
41.74850865,11.38901691,22,blue,10,1717,-1037,without
37.64378974,9.849414309,11,green,22,1445,-1035,without
45.84423943,13.64800114,1,red,25,1135,-1034,spikes
44.79003757,11.67270211,7,red,14,1181,-1034,without
50.65235144,12.92912798,10,blue,20,1456,-1034,without
55.04859208,13.88102115,4,red,2,799,-1031,spikes
60.21282221,15.46017107,7,red,40,1669,-1031,without
53.04096414,15.46708433,6,blue,5,915,-1029,without
50.44859203,16.92837977,6,red,23,1307,-1028,spikes
57.89894711,15.69520932,13,green,13,1379,-1028,without
50.10651853,13.12228646,6,blue,17,1176,-1022,spikes
52.50369935,18.29999077,4,red,18,1090,-1020,spikes
48.37059818,12.92245192,1,blue,21,1089,-1018,spikes
55.32056043,14.90407717,5,green,21,1203,-1017,without
53.06574327,14.44976403,8,red,16,1223,-1017,spikes
60.92261055,15.87743991,4,red,10,951,-1012,spikes
57.99542032,14.82269734,12,green,33,1738,-1007,without
36.71783959,9.275319096,0,red,34,1286,-1005,spikes
56.37680589,14.92033359,4,blue,26,1303,-1002,without
42.51589387,11.66689136,0,blue,30,1185,-1000,spikes
39.03746608,10.19049834,36,red,8,2231,-999,spikes
42.01937264,11.26167286,6,red,30,1478,-998,spikes
55.5638691,16.04553279,19,blue,13,1627,-998,without
57.8437797,15.14657831,6,green,18,1206,-997,without
47.01205893,13.46852329,2,red,4,749,-995,without
58.78184174,15.0360554,1,blue,35,1338,-995,without
56.52881666,16.62674415,8,red,33,1566,-995,without
56.05119927,14.03637133,4,red,25,1235,-993,spikes
59.30998169,15.38675276,8,blue,15,1215,-987,without
45.24308845,11.57820857,6,red,39,1649,-987,spikes
57.83421585,15.38165451,3,red,12,1000,-983,spikes
49.08504614,13.94311438,6,red,23,1284,-983,spikes
42.18694373,10.85377674,2,red,3,744,-981,without
48.35177933,12.66111399,47,red,37,3195,-979,without
43.66473048,11.75231904,1,green,29,1219,-975,without
49.05900768,14.07694431,5,red,3,865,-974,without
52.13725401,14.94104983,3,red,40,1545,-969,spikes
48.77217834,15.61419068,11,red,16,1345,-968,spikes
48.17858099,12.82534998,10,blue,31,1593,-968,spikes
44.92074229,11.40156836,5,green,2,838,-964,without
48.42126493,12.99681015,1,green,39,1445,-964,without
44.75921813,11.50607379,5,green,9,990,-960,without
46.71342474,12.96545201,4,red,31,1420,-960,spikes
59.61378768,15.00773596,1,red,33,1275,-959,without
55.35280247,15.14234034,6,blue,19,1242,-958,spikes
42.22600265,14.07461779,7,green,11,1102,-954,without
54.54767482,14.37925163,0,red,5,703,-951,spikes
53.53397502,13.47724795,0,red,39,1369,-949,spikes
41.3503017,10.51945791,20,green,15,1680,-949,without
57.88444172,14.69190446,14,red,15,1431,-948,spikes
52.19321633,13.53777764,1,red,1,662,-947,without
58.35724537,14.92204236,23,red,36,2257,-947,spikes
50.92935439,13.2379578,9,green,35,1664,-945,without
49.07811695,13.776965,2,red,36,1394,-944,spikes
51.61275752,13.64231851,26,blue,26,2162,-944,spikes
52.08100403,13.96931739,29,black,39,2561,-943,spikes
50.7571185,13.22190305,7,blue,23,1319,-939,without
52.81267023,13.74194641,3,red,12,929,-937,spikes
55.69314687,14.7288713,7,red,16,1190,-937,without
49.52298206,13.69425278,22,blue,29,2030,-935,without
59.38349364,15.06690383,8,blue,15,1231,-931,without
58.5146346,16.41553222,3,red,24,1231,-930,spikes
54.32712998,15.47310614,15,green,33,1862,-929,without
61.52147731,17.75184232,1,blue,9,857,-928,without
53.07629775,13.4113901,11,blue,20,1452,-927,without
55.94181931,14.69552396,26,red,2,1699,-927,spikes
39.06833394,11.33281914,3,red,10,911,-924,spikes
40.84528182,14.5528617,21,red,28,1996,-923,spikes
50.47771514,13.03224059,5,red,19,1218,-922,spikes
41.27520759,10.41990141,31,blue,26,2343,-917,spikes
45.22906958,13.00837943,5,red,25,1336,-914,spikes
54.11833674,14.403359,5,red,35,1504,-912,spikes
58.98461956,15.7972013,5,green,28,1353,-909,without
39.62782994,10.58937987,20,blue,33,2069,-909,spikes
53.82718753,13.92823554,13,blue,9,1310,-908,spikes
50.52020339,12.74746044,11,red,40,1822,-907,spikes
50.36159958,13.23709098,0,red,2,665,-906,spikes
43.18775119,14.30051493,45,green,4,2491,-905,without
48.53189148,18.42421104,27,blue,1,1664,-903,spikes
43.11615629,12.65228328,2,red,12,951,-902,without
50.71350321,12.79015675,3,blue,13,982,-902,spikes
48.83956086,12.81605384,1,green,13,868,-901,without
45.95036889,11.65677854,2,blue,32,1312,-901,spikes
52.59998478,13.9940377,2,green,7,817,-900,without
46.70617545,12.85003203,2,red,23,1118,-899,spikes
38.4402515,9.805851779,0,blue,29,1193,-899,spikes
53.32798997,14.79676378,3,black,27,1288,-897,spikes
48.37176829,12.40397983,7,green,16,1213,-893,without
57.37019827,14.47365363,17,red,31,1891,-892,spikes
41.99464484,10.97237296,12,green,4,1125,-889,without
48.10124489,12.06184809,3,green,36,1470,-889,without
47.57770297,13.39175358,5,red,36,1556,-888,spikes
59.48080403,14.89040697,11,red,28,1606,-888,spikes
44.79585542,11.42354357,24,red,24,2021,-888,spikes
50.30710147,13.47266535,11,red,38,1803,-884,without
46.09341911,11.64419686,14,red,7,1291,-880,spikes
42.93346473,11.16955751,3,red,37,1464,-876,spikes
49.44778977,12.88859462,21,red,29,2059,-873,without
58.71855357,16.23500976,4,red,1,790,-872,spikes
69.73125288,19.00363976,3,blue,36,1446,-870,spikes
67.13100106,17.08944511,37,blue,37,2840,-869,spikes
54.37347968,13.60134723,29,blue,1,1786,-866,without
41.44680143,10.45927272,3,red,2,775,-865,spikes
43.09265489,12.29549901,30,red,31,2397,-863,without
44.39405015,11.30039853,9,red,11,1166,-862,without
54.1909343,16.47825321,8,red,22,1370,-862,spikes
44.53481021,11.76155182,6,red,24,1352,-860,without
47.57751475,14.06424418,3,red,6,832,-857,without
44.00068235,11.082899,1,green,23,1081,-855,without
53.47676729,13.54316099,5,red,28,1358,-853,spikes
43.73372169,12.75638008,20,blue,28,1948,-853,spikes
50.87998209,13.26798313,0,red,7,731,-850,spikes
39.00110798,11.49329201,2,blue,23,1166,-849,spikes
42.56317547,14.82080702,2,red,25,1166,-849,spikes
41.29428596,12.92041515,18,red,33,1985,-846,spikes
45.10656229,11.41944405,0,blue,39,1375,-845,spikes
42.99714337,12.41696968,6,green,25,1351,-844,without
51.96140941,13.10244151,0,red,40,1393,-843,spikes
58.36321869,15.05473297,0,blue,9,809,-841,spikes
40.04785023,15.22109539,2,red,9,850,-840,spikes
54.66998259,15.17122353,18,green,19,1682,-838,without
50.14466726,12.87788787,19,green,13,1626,-835,without
52.13281859,13.07587536,13,red,6,1242,-834,spikes
51.80031378,13.10814145,0,red,14,863,-830,spikes
49.00741554,12.67661743,10,green,30,1606,-829,without
35.84498071,9.133674398,2,red,20,1081,-826,spikes
66.91048283,17.46025328,9,green,28,1547,-826,without
38.15416301,9.650882752,12,red,33,1762,-825,without
48.97939108,12.72866033,6,red,27,1368,-823,without
38.8146275,13.93999132,7,green,39,1685,-823,without
52.17444982,15.18385524,23,red,3,1538,-821,spikes
46.71134273,12.33000739,9,green,15,1244,-819,without
40.83378368,11.21853557,13,blue,2,1146,-817,spikes
55.24603848,14.12237621,19,red,36,2077,-817,spikes
41.43472068,10.41687566,5,red,26,1298,-814,spikes
47.07868746,11.97049243,7,black,37,1630,-814,spikes
47.40957055,13.84969415,11,green,32,1683,-814,without
43.61184305,11.66525824,4,blue,16,1108,-812,without
62.86970026,18.29512568,4,red,38,1520,-812,spikes
67.19925093,17.8381168,1,blue,20,1029,-810,spikes
37.9332354,9.698285836,1,red,1,628,-809,without
51.57789458,14.01018766,6,blue,12,1046,-807,spikes
52.63442679,13.27218586,6,red,8,997,-806,spikes
46.89848702,12.76208368,17,green,24,1751,-805,without
46.50731373,11.99027261,37,black,19,2444,-805,without
42.71903218,12.40329494,33,red,20,2338,-803,spikes
50.25959303,15.31471108,30,blue,13,2065,-801,spikes
50.22177555,12.66946738,3,red,37,1439,-799,spikes
37.60116989,9.941349622,76,red,15,3953,-797,without
47.94601507,12.36128998,1,blue,21,1036,-795,spikes
44.22856897,13.30022315,13,green,15,1385,-795,without
51.99293155,13.3552729,9,red,20,1314,-794,without
44.69473849,11.5980659,6,blue,7,993,-792,without
52.02482637,14.24480363,7,green,14,1144,-791,without
38.98540181,10.06765387,6,red,18,1229,-788,spikes
50.77095568,13.11224988,12,blue,35,1778,-788,spikes
66.16346183,17.85023073,17,red,33,1978,-785,spikes
46.72781059,11.74238554,1,red,12,898,-783,spikes
54.96859729,13.97070011,4,red,21,1157,-783,without
53.1796232,15.13404886,1,red,39,1411,-781,spikes
53.09664086,14.71173576,9,blue,7,1108,-780,without
51.16670666,14.190352,0,red,26,1125,-778,spikes
52.57225931,15.45028999,7,red,29,1427,-778,without
44.39207769,11.25221279,1,blue,29,1251,-776,spikes
54.67303031,15.35261947,11,red,16,1337,-775,spikes
52.69658507,13.42372392,2,red,33,1330,-774,spikes
36.13732158,9.727455693,4,red,30,1368,-772,spikes
59.06060531,16.92318678,21,red,24,1921,-771,spikes
51.88283679,13.50480407,17,blue,13,1550,-770,without
46.98457075,12.69554774,5,red,7,968,-769,without
52.29421451,14.4133581,2,red,39,1457,-767,spikes
62.43304873,16.52514676,10,red,26,1552,-764,spikes
41.0855656,10.5371216,6,blue,6,969,-762,without
48.76800579,13.87582043,8,blue,20,1309,-761,spikes
60.68687043,15.48545087,7,green,25,1367,-760,without
55.72187974,14.51173944,2,red,30,1270,-755,spikes
70.52478733,18.97824193,29,red,27,2337,-753,without
39.2338932,12.51126883,6,red,30,1416,-747,spikes
59.27457999,14.88504728,12,red,16,1428,-746,spikes
53.21413127,13.5525999,9,red,26,1478,-746,spikes
49.87647144,12.48198742,2,red,14,979,-741,spikes
53.87213073,16.43428052,10,red,24,1484,-739,without
51.32721132,15.3243158,0,blue,18,966,-733,spikes
54.4722652,13.62963976,16,red,31,1850,-733,spikes
50.59008471,15.81462135,0,red,7,756,-729,spikes
61.77991331,15.94853826,22,red,11,1712,-729,spikes
48.25478223,13.43797478,7,red,0,852,-726,spikes
61.03796196,15.46118114,29,red,9,1978,-726,spikes
38.57024792,9.811906856,3,blue,16,1043,-725,spikes
39.95046181,11.35659628,2,blue,33,1368,-724,without
46.28322355,11.89712668,1,red,37,1387,-723,spikes
56.03764212,15.20973617,9,red,36,1682,-721,spikes
42.16861864,11.70036729,20,blue,39,2183,-721,spikes
48.69781472,13.26334065,4,red,17,1090,-720,without
39.75525802,11.1350861,8,red,2,959,-719,without
55.25053448,14.98157909,35,blue,24,2489,-717,without
42.62019994,12.62637967,14,blue,9,1362,-715,spikes
41.7478226,12.349107,9,red,18,1322,-714,spikes
49.01530283,14.36836817,2,red,29,1269,-713,spikes
45.1725642,11.62085559,1,red,38,1387,-712,spikes
50.19100727,12.88478977,2,red,7,797,-709,without
43.75400201,13.02058,4,blue,38,1538,-706,spikes
48.51354237,12.78575196,2,blue,19,1053,-705,without
51.94931494,13.22872651,1,red,18,991,-703,spikes
57.25013583,14.45396826,1,green,14,929,-701,without
48.39926192,12.22276322,1,red,19,1034,-697,without
49.19789081,12.8028653,28,red,37,2432,-694,spikes
54.63354887,15.7050652,11,red,37,1783,-689,without
50.56392753,12.97572881,2,red,27,1209,-688,spikes
66.59955464,17.12186834,1,red,15,961,-686,spikes
38.66648768,9.967695949,31,red,11,2076,-684,spikes
39.00890947,10.27528031,4,blue,35,1438,-683,without
44.51677511,13.72163018,7,green,6,1018,-682,without
41.85884145,11.38976161,3,green,8,866,-681,without
59.42146038,16.19961245,2,red,27,1219,-676,spikes
51.43679086,13.38114121,22,blue,26,2019,-675,spikes
46.7606795,12.83362246,15,red,6,1345,-670,spikes
48.28456068,12.80805846,16,green,37,1997,-664,without
51.25343156,13.4926434,7,red,8,1030,-661,spikes
44.26240386,11.38051257,5,red,35,1508,-661,spikes
49.42768863,12.55999653,5,blue,40,1584,-656,spikes
56.28914682,18.66461334,3,blue,6,865,-655,without
57.19147446,14.30640608,1,blue,30,1224,-652,spikes
49.17662224,16.50012876,29,blue,17,2105,-646,spikes
49.84848371,13.66605218,6,red,1,885,-645,spikes
57.09560969,15.399473,27,green,27,2212,-645,without
50.62743296,13.18575263,5,red,27,1304,-642,spikes
45.15904291,12.14603466,10,red,16,1309,-642,spikes
60.95118933,15.85946463,3,blue,6,834,-641,without
59.00492057,15.1690588,8,red,15,1211,-639,without
59.06248247,16.28303846,16,green,32,1898,-639,without
54.76895389,17.39483387,16,green,33,1932,-639,without
42.32435098,12.16600942,8,blue,9,1123,-638,spikes
45.6070271,11.71833081,3,red,26,1254,-636,spikes
43.43544605,12.37522524,1,green,20,1054,-633,without
53.51942638,14.70523109,6,red,38,1633,-633,without
40.49550586,10.76392102,1,red,8,825,-632,without
52.57482193,15.22928752,14,red,28,1691,-630,spikes
53.42657038,15.11661338,2,red,23,1130,-627,spikes
52.50109721,13.14394253,1,red,0,630,-624,spikes
47.32181911,12.73632595,3,blue,14,996,-622,spikes
44.3816529,12.3367816,18,blue,24,1773,-621,without
35.07596579,9.087971205,22,red,30,2089,-617,spikes
39.06851992,9.822761029,2,blue,8,842,-615,spikes
60.47947246,15.87246365,24,red,9,1742,-615,spikes
54.72101391,14.127282,27,red,32,2322,-615,spikes
50.55229409,17.86695993,8,blue,24,1445,-613,spikes
60.20112872,15.21244448,12,green,26,1573,-608,without
67.88080195,17.69052235,43,red,29,2914,-606,spikes
45.14610204,11.54318136,2,green,6,769,-602,without
56.70262177,14.87620052,4,blue,24,1215,-601,spikes
59.83904195,16.01598474,60,red,1,3028,-601,without
53.34160676,16.38422198,3,red,19,1140,-599,spikes
57.86525449,16.03392315,1,red,10,829,-597,without
59.72162143,17.19294998,23,blue,2,1551,-596,spikes
47.21095768,12.94381007,6,blue,38,1603,-595,without
45.08293234,12.98793364,12,red,1,1085,-594,spikes
56.97799403,14.58567356,39,blue,15,2493,-593,spikes
33.21372859,8.405294525,2,green,5,745,-591,without
61.89394861,16.49743771,2,black,2,726,-585,spikes
43.27872831,12.32242774,5,blue,6,918,-583,without
41.18190779,10.39284808,9,red,26,1495,-577,spikes
54.8850258,14.95337348,8,red,7,1041,-576,spikes
42.88699499,13.73751981,2,red,8,840,-575,spikes
59.74031878,15.91331996,1,red,17,978,-575,spikes
45.37407259,13.18737655,6,red,30,1451,-575,spikes
57.08509081,14.38538202,1,blue,37,1358,-573,without
53.13875564,13.63075091,6,blue,18,1195,-570,spikes
50.64583016,14.55397628,3,red,31,1348,-567,spikes
66.21354354,18.80524502,0,blue,5,674,-566,spikes
54.10450993,14.02311686,8,blue,10,1112,-560,without
42.6731476,11.85530336,2,red,1,721,-559,spikes
43.92099835,12.03657852,9,red,21,1379,-551,spikes
36.74342758,9.381244275,1,blue,16,937,-550,spikes
56.42749954,14.38871474,21,red,11,1655,-550,spikes
54.63574566,13.66626831,8,red,2,985,-546,without
60.83419029,15.33238542,6,red,11,1017,-544,spikes
50.96845617,14.25701685,35,red,37,2754,-544,without
40.8246795,11.12634148,1,green,40,1432,-543,without
40.25683745,10.43763279,3,red,10,906,-542,spikes
45.68130351,11.52679127,5,blue,31,1410,-541,without
52.45301051,13.66235871,4,blue,19,1127,-539,without
42.38940788,11.17838844,19,red,13,1663,-537,spikes
44.65850191,11.21199861,2,blue,30,1302,-536,spikes
49.02382965,12.26253864,18,green,33,1987,-536,without
41.93674328,10.9576087,8,red,13,1181,-533,spikes
45.46677349,11.8071729,0,blue,36,1313,-532,without
31.53181679,7.921088155,7,blue,32,1514,-527,without
54.24431315,13.87453409,2,red,20,1073,-526,spikes
48.5670602,13.88276453,5,red,18,1146,-524,spikes
51.60768454,14.92371784,20,red,11,1625,-522,spikes
45.42874304,11.84431735,10,green,26,1504,-517,without
57.26573965,14.42519579,28,red,13,1977,-517,spikes
42.37149505,11.06891864,2,green,26,1213,-516,without
44.88465453,12.19655394,4,blue,12,1006,-515,spikes
34.54130318,9.629425227,10,green,29,1596,-515,without
52.84196466,13.44224632,25,black,14,1851,-515,spikes
52.21930214,13.09314948,0,red,2,635,-513,spikes
57.54180412,14.73806581,1,blue,37,1381,-510,spikes
42.24992794,12.25117122,5,red,36,1522,-506,spikes
46.28005581,13.02855308,25,blue,16,1903,-506,without
54.31377846,14.40635825,5,red,30,1404,-505,without
60.417576,15.4394792,1,red,2,710,-504,spikes
58.82894441,15.17073494,4,red,9,920,-504,spikes
36.78758909,9.670870525,2,blue,17,1042,-503,without
50.89692336,13.70441998,36,red,21,2470,-502,spikes
44.88768161,12.03497357,9,blue,35,1683,-499,without
53.22626548,13.99931047,10,green,25,1484,-498,without
50.13609801,13.47369347,18,black,31,1953,-497,without
44.37735212,12.42112252,0,green,24,1093,-495,without
39.6556411,10.70108921,1,red,39,1418,-490,spikes
56.89002599,14.94982206,15,red,25,1670,-487,spikes
51.91772656,14.16792765,14,blue,24,1651,-484,without
53.97192815,16.57826374,4,green,20,1164,-481,without
51.10843853,14.5570349,15,blue,11,1474,-481,without
58.9091866,15.43086436,15,red,33,1859,-477,spikes
52.12416048,15.02241156,11,green,25,1519,-475,without
56.81776032,14.69951432,7,blue,36,1640,-475,spikes
59.42162608,17.79115633,7,blue,1,892,-470,spikes
53.07221866,14.44430022,1,red,15,959,-467,without
53.2724509,13.43944271,4,blue,21,1195,-467,spikes
48.93206382,14.38285263,15,blue,28,1765,-466,without
45.12585776,12.80023004,1,red,7,770,-464,spikes
61.34502034,15.66514674,4,red,34,1448,-463,spikes
48.11207736,13.7486629,5,red,8,958,-461,spikes
36.68618721,10.3258344,2,green,23,1140,-459,without
39.66673988,11.46245013,13,red,13,1389,-455,spikes
47.77859311,14.2744625,10,red,2,1030,-453,spikes
42.73934248,12.4288041,0,red,35,1276,-451,spikes
46.56059997,13.27054278,36,blue,31,2645,-451,spikes
45.12894632,11.52268101,35,blue,17,2336,-450,spikes
62.23575428,15.87620014,6,red,24,1299,-446,spikes
48.99848159,12.93996722,12,blue,15,1367,-446,without
50.15800128,13.42205142,7,red,7,1032,-438,without
52.6976722,13.20126413,3,red,33,1346,-436,spikes
46.37045174,12.38579862,1,red,38,1388,-433,spikes
49.16513304,14.2573316,10,green,28,1540,-425,without
51.89204239,13.47722586,10,green,37,1671,-423,without
58.8292721,15.31024136,12,red,37,1808,-422,spikes
44.61287736,12.99243772,9,green,6,1115,-418,without
56.64571786,14.96931189,23,red,22,1958,-412,without
51.40633935,13.61362702,1,blue,5,752,-411,spikes
58.14747853,16.51022565,10,red,21,1410,-410,spikes
49.90328628,12.58904093,12,red,30,1669,-410,spikes
55.4060719,14.13581458,2,red,13,939,-407,spikes
62.98187908,17.11561916,17,blue,28,1817,-404,without
41.86118888,11.21547959,23,green,24,1984,-404,without
46.02435942,11.81769544,5,red,25,1331,-403,without
62.6645973,16.67843349,3,red,4,800,-400,spikes
57.40709696,14.52551714,3,blue,28,1281,-400,spikes
51.45965194,12.90053103,9,blue,24,1408,-396,spikes
48.71110698,12.50249373,28,red,34,2420,-391,spikes
42.97585019,12.18407349,0,blue,18,969,-387,without
44.48707351,11.32498623,7,blue,33,1535,-385,spikes
52.46074196,13.63024895,0,blue,18,953,-376,without
47.32144208,11.85435467,5,red,31,1438,-370,spikes
45.68457195,11.67834142,19,blue,32,1963,-369,without
44.95683606,12.67344885,2,blue,25,1187,-364,spikes
43.93038829,11.18595163,20,green,23,1877,-363,without
42.95141109,11.05782265,9,red,13,1202,-361,spikes
37.16677956,11.00712014,5,red,6,915,-360,spikes
54.15794092,13.77217905,5,green,19,1197,-356,without
46.46591607,14.21766046,11,blue,19,1410,-356,without
53.65020268,13.65701713,2,blue,18,1032,-355,spikes
42.2087066,10.59892302,17,red,3,1337,-351,without
44.21677736,11.4007544,4,blue,34,1391,-351,without
55.04994778,18.67125058,3,blue,11,953,-350,without
50.40982385,13.36325678,1,red,29,1229,-349,spikes
61.53380519,17.24392953,10,red,9,1142,-346,spikes
52.75403275,14.37713075,11,red,8,1165,-345,without
41.67012246,13.40347824,10,red,37,1766,-344,without
45.87725502,11.51019749,2,red,3,746,-342,spikes
54.30430782,14.32118108,0,green,35,1335,-337,without
59.1027933,16.94513763,5,blue,4,907,-333,without
40.94353641,10.98788633,1,green,5,780,-332,without
71.85887635,18.32655615,3,blue,31,1351,-332,spikes
46.61631117,13.33568641,1,red,30,1241,-328,without
42.6741498,11.24026969,7,red,0,900,-327,spikes
51.0032894,13.52010572,7,blue,5,938,-322,without
47.88749431,12.480441,3,green,19,1083,-317,without
48.5989602,13.69742795,13,blue,31,1739,-317,without
40.16145941,11.09186709,16,blue,4,1368,-314,without
41.67944725,11.08288032,2,red,37,1409,-314,without
44.17562134,11.44219785,7,green,37,1620,-314,without
58.01168214,15.72629555,23,green,27,2075,-311,without
53.22982678,13.81196671,3,blue,0,714,-310,spikes
52.41037347,13.2815467,8,blue,9,1105,-310,without
65.66029984,17.98173745,10,red,19,1365,-310,spikes
50.87746781,13.55914847,1,green,0,671,-307,without
39.09163986,11.52115684,1,red,5,722,-307,spikes
57.36849754,14.58524945,16,blue,11,1456,-301,spikes
47.20853549,14.51612611,49,green,34,3273,-301,without
52.27782822,13.19045115,0,red,1,607,-300,spikes
47.58667931,12.12130185,10,red,10,1211,-298,spikes
69.53350977,18.19041774,25,blue,3,1692,-296,without
45.35074366,12.25586544,6,green,14,1088,-292,without
44.74845331,12.04527029,12,blue,21,1493,-290,without
51.67734198,13.37396246,22,green,25,1979,-290,without
53.35437384,16.80432133,11,green,32,1713,-288,without
52.06277044,15.37525787,5,red,0,772,-287,without
53.63692703,14.93544477,3,blue,32,1340,-287,spikes
48.92115495,13.41256326,0,green,18,974,-286,without
67.30066988,16.95036442,0,blue,20,978,-285,without
42.7804407,11.83108031,22,red,25,1958,-285,spikes
49.53199392,12.73353601,2,red,34,1377,-283,spikes
47.79118618,12.10395779,11,blue,21,1436,-283,without
41.60359242,11.68698418,9,blue,29,1491,-283,without
49.5108297,13.15834949,5,blue,33,1450,-281,spikes
58.56677232,15.92204902,8,blue,4,999,-278,without
51.14801843,13.74093314,10,red,37,1799,-276,spikes
50.90395029,13.22207977,11,red,37,1794,-266,without
56.98248965,15.71786799,2,red,36,1460,-264,spikes
48.50731389,12.44803059,6,red,12,1090,-263,spikes
45.26134343,11.41151068,17,green,20,1714,-263,without
51.08069684,14.90432474,6,red,19,1211,-262,spikes
47.98351032,13.13804434,5,blue,22,1242,-260,without
51.43162951,15.08786905,0,green,14,870,-258,without
40.54533337,12.09000896,4,red,8,913,-256,spikes
50.561295,13.67228833,8,green,14,1194,-256,without
45.90632435,11.96131348,4,red,11,965,-255,spikes
44.39852578,11.85456974,0,green,26,1124,-254,without
46.47657389,11.8692811,10,red,7,1142,-252,without
55.08931012,14.02622857,4,blue,8,909,-251,without
46.22851741,13.95532546,3,green,40,1517,-249,without
58.95996054,17.2513589,1,red,38,1402,-245,spikes
47.47533265,13.493741,4,red,28,1289,-244,without
51.91828438,14.85207843,11,blue,3,1104,-243,spikes
46.09841844,12.29239473,13,red,35,1796,-243,without
47.8501948,13.57403811,10,red,34,1669,-241,spikes
48.54326034,14.35187583,27,green,1,1710,-239,without
47.26413082,12.27438519,5,blue,37,1526,-235,spikes
52.38757365,13.94086051,3,blue,5,822,-233,without
52.81714532,13.58108909,3,blue,39,1472,-233,spikes
40.80323442,10.40032067,5,red,21,1210,-231,spikes
47.0483027,13.41574883,15,red,13,1467,-231,without
60.88813141,15.35295301,12,red,15,1380,-229,spikes
50.04158911,12.99154777,5,red,35,1511,-229,spikes
50.57766774,13.65946609,6,green,35,1546,-229,without
56.64083918,15.0230246,11,blue,33,1684,-229,without
64.43933742,16.74883135,8,red,27,1452,-224,without
53.92418299,15.19459147,10,blue,16,1378,-223,without
49.12931179,12.35383593,8,red,29,1498,-223,without
50.62689893,13.5597466,17,red,18,1650,-223,spikes
46.71820244,14.68528546,1,blue,33,1322,-222,without
40.94826634,10.91513407,11,red,23,1488,-219,spikes
53.24930882,15.99849021,13,blue,27,1690,-219,without
42.3091356,11.26872677,16,red,18,1621,-216,spikes
61.30397313,16.68641345,5,red,29,1397,-204,without
45.95939617,12.50512057,14,blue,37,1898,-204,spikes
38.97508376,9.829104756,23,red,5,1613,-201,without
51.72810909,14.1196011,34,red,28,2526,-201,spikes
45.26249889,13.50333732,4,red,30,1330,-200,spikes
51.26692635,13.02826097,16,red,29,1798,-198,spikes
46.51886007,13.0989294,6,green,17,1197,-193,without
41.58254397,11.66445208,5,red,16,1136,-188,spikes
42.47263599,13.33970339,13,blue,21,1540,-186,without
53.6708543,14.88938384,3,red,0,725,-184,without
54.48121626,16.00500855,15,red,16,1546,-184,without
47.71109402,14.37371843,15,green,15,1483,-183,without
59.516132,15.53912847,12,blue,17,1423,-182,spikes
52.85788404,15.20047772,35,red,13,2239,-181,spikes
45.01697197,11.25433431,4,red,35,1426,-178,spikes
54.41092239,14.95393675,4,blue,34,1463,-174,spikes
61.49656577,16.0280087,21,green,2,1476,-172,without
49.81161515,16.02191331,0,blue,14,899,-171,without
59.57348256,16.42962743,7,green,27,1445,-171,without
42.81215082,11.31731829,9,red,34,1630,-171,without
44.07473696,11.71442461,10,green,8,1181,-169,without
65.3976381,16.86263545,21,red,31,2041,-165,spikes
54.20567684,14.2958608,32,red,22,2299,-165,spikes
58.95600691,14.84709125,0,blue,18,937,-162,without
41.74110524,10.45782028,2,green,14,957,-159,without
48.68817177,12.91923146,10,green,20,1386,-157,without
55.061038,15.79497052,2,blue,29,1230,-155,spikes
61.85544907,15.75366099,17,black,39,2081,-153,without
54.11485678,14.52171343,7,red,21,1281,-151,spikes
43.03260686,11.35040162,3,blue,12,990,-147,spikes
47.26163246,12.13793661,3,green,12,1005,-142,without
50.35012621,13.7854643,10,blue,5,1100,-138,spikes
48.23107925,12.84544083,25,red,38,2380,-137,spikes
60.09602157,15.95648617,3,blue,34,1387,-130,spikes
48.35336083,14.36970343,6,red,33,1498,-123,spikes
45.065065,11.88199545,12,red,30,1659,-115,without
48.27699078,12.45903837,12,red,32,1695,-115,spikes
41.70657717,12.19452075,3,red,9,927,-113,without
63.50278477,18.08006156,17,red,24,1743,-113,spikes
56.62285526,14.24136825,1,red,10,846,-112,without
59.05369349,16.67008952,1,red,37,1395,-109,spikes
47.51709853,12.59518012,22,green,22,1884,-107,without
59.57272763,15.41466731,3,red,1,706,-106,spikes
59.72777324,15.28855199,8,green,22,1355,-104,without
44.0321932,13.89745699,7,red,12,1120,-103,spikes
55.13534299,16.68509506,3,green,39,1494,-100,without
57.53348911,15.97430898,9,green,23,1441,-94,without
48.98661152,12.37568152,11,blue,33,1703,-93,without
48.62529235,12.91252925,13,red,31,1784,-92,without
57.0545058,15.7878859,23,red,30,2108,-90,spikes
60.13112707,15.90231751,7,blue,4,953,-88,spikes
47.79149218,12.4383961,4,green,31,1398,-86,without
52.8699276,17.92820246,14,blue,18,1523,-86,spikes
37.96257671,10.53207537,21,blue,2,1471,-84,spikes
62.10654941,17.5541184,45,blue,38,3178,-82,spikes
48.93226805,13.29130766,0,red,38,1353,-79,spikes
55.84335931,14.74189944,19,red,18,1747,-77,spikes
51.58134422,13.00031937,2,blue,19,1102,-73,without
51.52152932,13.19051394,9,red,23,1397,-72,without
52.14772109,13.13529234,2,blue,40,1448,-71,without
53.69620197,17.55139357,6,green,20,1269,-70,without
47.45248576,12.33333499,3,green,32,1343,-68,without
36.85684759,9.489953188,65,blue,22,3658,-68,without
48.02605857,13.0468464,14,black,32,1810,-67,spikes
65.72122349,17.7593324,6,red,2,887,-66,spikes
59.20113457,14.81293054,2,red,34,1346,-66,spikes
40.29413211,10.11576987,14,blue,14,1432,-66,without
65.81615763,16.74622143,22,blue,17,1845,-66,spikes
56.1916454,14.13780688,15,blue,20,1600,-63,spikes
53.7017398,13.68626654,12,red,3,1126,-62,spikes
52.53047817,14.07081371,4,red,36,1486,-61,spikes
46.51637037,12.66096017,19,red,13,1621,-53,spikes
49.73166068,13.46374284,1,red,29,1239,-47,without
50.54930719,13.28663988,6,red,35,1563,-46,spikes
43.15795952,11.13189612,14,black,24,1659,-46,spikes
56.82174035,15.17441148,5,green,12,1043,-44,without
52.51646187,14.62783916,3,red,25,1252,-38,spikes
36.94516492,11.98994005,4,red,29,1320,-34,spikes
45.87344904,12.19748819,12,blue,19,1445,-30,without
53.2855994,14.46760407,23,red,40,2369,-30,spikes
45.30039486,11.56180257,4,green,15,1086,-29,without
55.25290569,14.14383962,11,red,5,1112,-29,spikes
46.89123904,12.40385455,11,red,5,1145,-29,spikes
60.90311097,15.82809126,17,blue,35,1957,-27,spikes
42.71277146,12.20242299,4,blue,6,877,-26,spikes
51.69613406,13.20246795,14,red,38,1943,-25,without
44.81028662,11.78470226,14,red,1,1176,-24,spikes
43.32622991,10.94685615,0,red,17,955,-23,spikes
40.56200874,11.44256471,4,green,19,1155,-22,without
47.54505597,12.06390863,3,blue,15,1030,-21,without
48.2431101,13.04698628,8,red,24,1418,-20,spikes
49.73300505,14.21649272,8,blue,13,1157,-18,spikes
67.75804485,18.48506519,1,blue,18,973,-17,without
53.59096567,13.81754656,4,blue,16,1106,-17,without
41.573244,10.52166467,4,red,1,761,-14,spikes
60.24182594,15.62013195,5,red,4,883,-13,spikes
44.28355242,11.91070838,8,black,10,1154,-13,spikes
47.78833245,11.96666076,13,red,3,1199,-11,spikes
42.24726237,12.59826153,21,blue,9,1607,-10,without
44.71758674,11.35383835,8,blue,35,1618,-9,without
49.99679263,13.08756523,1,red,18,985,-8,spikes
54.6450566,14.00680811,3,blue,7,879,-6,spikes
47.75522326,13.28497204,6,red,10,1040,-6,without
57.23026724,15.28551939,3,green,25,1222,-5,without
51.13935703,12.92618168,4,red,7,885,-1,spikes
57.18375421,15.02881039,2,blue,27,1190,-1,spikes
54.75357265,14.35947669,7,blue,2,930,2,without
58.18655623,14.59956161,8,blue,4,980,2,spikes
54.70314017,14.4862379,3,red,38,1506,2,spikes
40.90482493,10.30466308,3,green,29,1301,3,without
53.76252915,13.61207284,16,green,26,1782,7,without
47.99136736,13.5533138,21,red,5,1554,9,spikes
53.95367915,13.71866748,4,red,21,1203,10,without
49.29975757,15.83751035,29,red,31,2373,10,spikes
43.69229735,11.78318867,3,red,11,936,11,spikes
54.79148095,13.83592816,11,green,19,1440,12,without
49.00296895,12.50573371,6,red,10,1036,16,without
44.99504889,12.16824285,12,blue,7,1231,19,spikes
46.89571418,13.95726472,15,blue,23,1674,20,spikes
44.6146171,12.53251543,1,blue,14,918,22,without
43.14271995,10.89765053,7,blue,33,1538,22,without
46.80650369,12.32519492,11,green,19,1369,25,without
60.67544736,21.0708281,17,red,8,1424,26,spikes
45.81253737,11.88113508,6,blue,14,1112,27,without
44.22249581,11.30853329,4,red,38,1551,28,spikes
55.33171799,14.22568159,3,red,32,1386,29,spikes
50.37331325,14.27432992,17,red,20,1697,29,spikes
53.0031587,13.34437344,1,red,38,1403,30,without
56.39100074,14.66811141,0,red,40,1377,31,spikes
57.67921084,16.7305536,9,green,39,1776,38,without
48.68657466,12.2396617,6,blue,33,1481,39,spikes
49.24148701,13.05408799,21,blue,17,1768,40,spikes
34.55933536,8.774664843,1,green,22,1117,43,without
39.42944683,10.52472392,6,red,24,1339,45,spikes
40.7655592,10.72678026,6,blue,16,1174,49,spikes
52.14298702,13.16786476,2,blue,7,790,51,spikes
60.37399724,15.49039,14,red,25,1623,51,spikes
44.91094497,11.52086915,5,red,1,806,52,spikes
54.18595046,14.98200697,1,green,35,1360,58,without
47.38162541,12.70662663,9,blue,31,1549,58,spikes
51.7700014,16.29216062,3,green,14,987,60,without
58.10279241,14.65453578,4,red,25,1285,69,spikes
52.81488319,18.13002626,1,red,29,1203,71,without
51.81086498,13.35829472,3,red,18,1050,72,spikes
52.91710473,13.79203855,5,red,35,1502,72,spikes
49.54112478,12.71843849,3,red,23,1177,73,without
53.42663368,14.35140483,5,blue,32,1444,73,without
50.48134469,13.40650245,1,green,20,1025,75,without
49.18722573,12.53586,21,green,13,1729,75,without
53.94209945,14.0944134,2,blue,9,888,76,spikes
57.19682023,15.53704583,16,red,18,1598,79,without
39.68092465,9.921057665,12,red,32,1746,80,without
49.31539237,14.36173416,21,red,32,2055,82,without
56.5381448,15.266309,20,red,16,1737,84,spikes
48.71643634,13.13886927,25,green,32,2207,84,without
56.3413451,17.02682767,37,blue,27,2613,85,without
43.82501898,10.96245299,4,red,13,1063,86,without
48.5468314,12.30666906,3,red,27,1251,86,spikes
48.42482903,12.72043118,4,red,25,1278,92,without
52.44413373,15.22876547,0,red,30,1217,94,spikes
45.40598758,15.10975739,57,red,27,3442,96,spikes
56.75617943,15.85920156,6,red,2,847,101,spikes
52.24628441,13.07475449,1,green,14,943,101,without
70.58790927,18.04923345,4,green,34,1491,107,without
49.32351265,12.4010991,5,green,7,933,108,without
51.26464792,12.83614564,2,red,8,824,110,spikes
56.72199504,14.40551957,9,red,14,1260,111,spikes
44.43234444,11.18300276,6,blue,20,1220,112,spikes
47.88789991,13.70626444,12,red,37,1826,112,spikes
41.82089271,11.48146746,30,green,21,2210,118,without
47.52125455,14.89675027,0,red,20,994,120,spikes
47.03633332,11.95841065,2,green,2,729,125,without
56.70928433,16.99965454,1,blue,16,947,126,without
51.000413,13.7470902,1,green,36,1385,127,without
52.09946646,14.86969793,6,blue,27,1386,131,without
36.93820218,9.715168158,0,blue,8,762,132,without
47.33578933,17.0535992,4,red,11,953,132,spikes
39.43088469,10.59848298,2,blue,18,1046,135,without
41.93431941,10.57685036,1,blue,29,1216,135,without
39.09228559,10.04841749,24,blue,17,1886,141,spikes
48.30412763,14.79069919,1,red,22,1040,145,without
45.84296916,11.77381362,13,red,15,1415,145,spikes
52.07574295,15.06131042,14,blue,26,1685,146,spikes
54.5507096,13.76323583,14,red,5,1258,147,spikes
61.62594012,16.26634465,4,blue,1,791,152,without
64.14904709,16.43118449,1,green,20,997,152,without
55.53497411,16.71441786,9,blue,22,1383,154,without
45.78887814,11.55156383,2,red,9,906,155,spikes
63.44814592,15.96598893,9,green,13,1229,155,without
48.37502548,13.37708239,21,red,22,1878,156,spikes
60.86351843,15.96229057,7,green,27,1409,157,without
48.74532613,12.62369697,5,blue,32,1443,158,without
48.68606356,12.44796807,5,red,39,1591,161,without
55.96634396,16.6699889,6,red,2,926,172,spikes
35.85656054,10.42604439,5,red,14,1071,175,spikes
53.00045806,15.02698333,3,red,16,984,177,spikes
56.99080311,14.29579196,1,green,30,1281,177,without
48.35404835,12.85908247,4,green,13,1024,178,without
50.37534559,13.06782073,10,blue,33,1680,182,spikes
55.03910896,13.76095427,11,red,26,1567,183,spikes
48.10435948,12.56014816,20,blue,13,1640,186,without
49.35734753,12.94475992,7,green,9,1051,188,without
47.08000654,11.8726856,5,red,29,1386,189,spikes
47.58582169,14.36463809,2,green,37,1429,191,without
34.91146918,9.128954295,6,blue,36,1535,196,without
51.72443686,14.38944238,4,blue,22,1207,199,spikes
45.92577628,12.14710433,11,red,2,1079,200,spikes
51.68741903,13.46212943,3,red,1,752,202,without
46.89031062,13.05420972,22,red,39,2292,205,spikes
39.28157955,9.904617533,4,blue,24,1201,207,spikes
47.76794615,12.71052979,20,green,3,1445,207,without
59.60313631,14.99188752,9,blue,33,1632,211,without
48.79515837,13.55529113,1,red,33,1312,216,spikes
61.15285767,15.79364112,4,blue,36,1481,218,without
51.61116478,13.53369767,2,green,27,1242,219,without
46.05492674,11.74926902,0,blue,31,1228,220,spikes
51.4952945,13.14855767,10,blue,17,1359,224,without
54.92055819,13.9407637,4,red,0,768,225,without
40.72660014,10.84759531,9,green,36,1689,227,without
41.10325144,10.60659917,10,blue,36,1721,227,without
51.55813699,13.12432806,0,green,11,837,230,without
50.16683766,12.9898044,37,red,21,2476,231,without
34.06746432,10.89206076,1,green,28,1216,235,without
66.26207286,17.04397566,17,green,6,1400,237,without
44.92303085,12.5271386,11,green,38,1785,237,without
54.52431415,14.83616771,22,green,37,2226,237,without
48.17360362,12.09761632,0,red,34,1250,244,spikes
50.77739396,13.18651535,35,blue,5,2084,244,without
49.79788357,12.56534448,1,red,8,805,251,without
42.50253155,13.1003442,3,blue,17,1053,251,without
52.55445087,15.17778737,22,red,18,1855,254,spikes
69.27341646,18.3502572,18,blue,37,2056,254,spikes
43.44235884,14.32301273,10,blue,5,1108,255,without
51.18077574,13.15201787,13,blue,15,1437,259,spikes
48.59785582,12.79633115,25,red,11,1828,259,spikes
36.37895687,9.809694882,10,green,7,1156,267,without
51.45616123,15.57858774,3,red,38,1459,270,spikes
42.11551298,11.07490934,3,red,39,1523,273,spikes
53.5072455,14.62190933,1,red,6,744,274,spikes
48.06806115,12.96595224,22,red,4,1576,274,spikes
46.2077206,12.77325093,10,red,16,1306,275,without
41.25754724,10.55470218,7,red,37,1656,275,spikes
45.47530997,11.56030614,5,red,28,1372,281,spikes
61.11916943,15.5546892,6,green,5,929,283,without
40.87685144,10.73143191,25,red,30,2198,284,spikes
56.72357776,14.18838608,24,blue,26,2088,287,spikes
53.64099524,14.45700133,29,blue,3,1812,291,without
56.3439348,14.21121538,10,red,24,1498,293,spikes
46.74515719,14.13699804,8,red,28,1466,297,spikes
48.55845922,17.62224224,3,red,15,1038,298,without
45.31932061,13.00662756,4,blue,22,1227,298,without
39.13003934,9.866344175,9,red,36,1690,298,without
43.4141742,11.62861794,5,red,5,899,300,spikes
54.99131403,15.85130313,1,blue,27,1155,302,spikes
48.04382841,13.07306513,0,red,4,676,304,spikes
46.33144785,11.73481325,9,blue,22,1410,304,spikes
52.18078766,13.49692994,3,blue,36,1447,319,without
51.31244295,15.04661542,7,blue,21,1309,320,spikes
49.17158946,12.53312113,4,red,23,1213,323,spikes
61.72256573,16.05048641,1,green,32,1300,323,without
53.64089989,13.76429595,16,green,28,1819,329,without
48.98110333,12.49012793,23,red,23,1983,330,spikes
52.66679954,13.93345954,63,red,23,3594,330,spikes
40.92519105,10.96647071,2,green,23,1146,332,without
39.29982048,11.47374811,6,black,33,1518,334,without
32.30429438,8.453731934,6,blue,36,1565,334,without
46.7371606,12.73372782,8,red,19,1330,335,spikes
61.90147636,15.73521496,0,blue,39,1380,342,spikes
54.00081201,15.13423525,3,blue,9,883,343,without
43.44626818,11.80079977,1,red,34,1285,344,without
50.56555717,14.20656238,12,blue,36,1805,345,without
38.5078204,11.74595246,4,green,1,787,347,without
70.10001232,18.52482842,6,blue,32,1507,351,without
56.08115041,14.52193528,48,red,22,2995,351,spikes
55.03338911,15.99525462,18,blue,40,2099,354,without
44.94854977,12.23359434,3,red,8,892,357,spikes
45.73117733,13.65021664,13,blue,20,1520,359,spikes
45.70103713,11.48654636,2,blue,9,912,363,without
37.82005816,11.86780375,5,red,34,1503,365,without
51.49347309,12.9742172,19,red,34,2039,365,spikes
56.25791896,15.92630125,6,red,4,941,367,spikes
43.50816938,11.79149447,13,green,5,1230,369,without
53.86705521,14.65487261,7,blue,27,1412,370,spikes
54.98269669,14.17962017,2,red,18,1040,373,spikes
57.18997659,14.98259505,0,blue,1,588,377,spikes
48.37430287,13.03513739,0,red,10,819,378,spikes
60.7160948,16.83432264,13,red,32,1794,378,without
48.5287167,12.27849913,8,red,37,1654,379,spikes
47.86700294,14.87835414,5,red,16,1113,380,spikes
44.14173792,11.08403004,1,green,16,986,381,without
46.64538294,12.85309299,1,red,26,1152,382,spikes
36.29668123,9.35479537,12,red,24,1571,384,spikes
39.6383625,10.29989816,3,red,30,1322,387,spikes
56.77056333,14.59012474,13,black,26,1641,387,without
50.46574973,13.34503574,0,blue,36,1290,388,without
55.09173435,17.5311766,1,red,25,1122,390,spikes
51.87469537,13.02252807,13,red,5,1218,394,spikes
44.30686804,11.39218368,10,red,5,1089,395,without
44.70998943,12.46043393,16,red,12,1465,395,spikes
48.41148135,12.64823086,1,green,31,1267,396,without
48.63731433,12.4195477,1,green,8,813,399,without
56.49669942,15.76720544,5,red,28,1390,399,spikes
70.49958991,18.40753471,10,blue,21,1447,399,spikes
56.29429596,15.61252549,7,red,16,1216,400,spikes
43.48419488,12.73473939,4,green,37,1451,400,without
50.07222805,13.49652198,11,red,40,1847,400,spikes
48.78417617,12.44720339,21,red,29,2030,403,spikes
47.68309971,14.0850691,5,blue,23,1243,410,without
46.41511409,12.60439631,4,red,18,1113,414,without
46.84770466,11.85045203,5,red,32,1411,415,spikes
54.51544483,15.27154117,18,red,33,1990,415,spikes
46.5361456,15.06910605,15,green,9,1363,421,without
48.78689008,13.68051962,16,red,18,1621,422,without
39.15278898,11.12794633,22,blue,36,2155,422,without
42.70207645,11.1298019,1,red,33,1283,423,spikes
54.14948799,14.41250636,2,green,1,711,425,without
63.24381606,16.25591547,6,red,9,1013,426,spikes
47.18807083,11.88696995,8,red,25,1423,427,spikes
42.56596415,12.43014673,23,red,28,2088,429,spikes
49.46389,13.93143475,19,red,3,1389,431,spikes
58.83255383,16.21252976,0,green,22,1061,433,without
58.25938582,14.98661293,13,blue,16,1445,433,without
60.60408135,15.56823563,4,red,36,1489,438,without
38.78894233,9.829524532,5,red,2,818,440,without
56.1088604,14.38284194,3,red,2,761,445,spikes
44.72155722,11.43409367,17,green,23,1761,445,without
44.06505392,12.89150934,10,blue,30,1593,447,spikes
48.61169262,12.3695578,14,red,3,1216,450,spikes
43.082437,10.87496258,12,blue,15,1394,450,without
48.93948673,12.98966546,1,green,1,659,452,without
40.84537654,10.25409535,5,red,36,1505,452,spikes
50.87945994,13.98413455,11,blue,38,1805,452,without
52.77156527,13.24429282,9,green,13,1228,453,without
55.8377485,14.48593552,14,green,8,1312,457,without
61.92798954,15.67608854,2,green,25,1172,461,without
49.51726163,14.6997856,12,blue,37,1804,462,without
53.43243879,14.73058818,7,red,13,1087,467,spikes
51.44767155,12.98186429,1,blue,38,1435,468,spikes
57.19403927,14.36317054,19,red,25,1835,469,spikes
55.01527631,14.07118905,11,green,38,1786,472,without
42.62597291,11.34839811,4,blue,0,775,473,without
48.34803677,13.0288912,9,red,12,1196,477,without
58.93405476,16.07147362,1,blue,15,939,478,spikes
43.91703,12.99568576,5,red,27,1335,480,spikes
48.38708561,14.15151937,12,blue,30,1672,480,without
42.49186485,14.32783691,19,red,34,2019,480,spikes
54.45083211,15.16585274,45,green,36,3131,480,without
54.48294016,15.29287023,5,red,15,1105,481,without
51.06560538,12.94366956,13,blue,29,1681,481,without
59.99511158,15.07029916,5,green,15,1099,482,without
50.91989045,14.6644247,1,red,6,759,492,spikes
41.60328804,11.31083481,9,blue,32,1620,493,without
47.79571955,13.17539932,21,red,27,1951,494,spikes
54.3753779,13.65730158,4,blue,17,1097,496,without
43.77126735,13.5586015,5,blue,13,1067,497,without
48.90962436,12.3971856,2,red,15,865,500,spikes
53.3401304,14.88051175,17,red,18,1530,500,spikes
56.19183561,14.04870902,23,blue,9,1585,500,spikes
46.11511809,11.8915289,2,red,7,712,501,spikes
70.0690716,17.92673361,0,red,25,1028,503,spikes
48.48618627,13.06516956,12,green,20,1345,506,without
49.11417377,12.51314457,5,green,5,820,507,without
56.94093789,14.89593126,1,red,24,1058,508,without
47.04449466,12.50790802,7,red,15,1083,514,without
70.21185721,18.28329641,0,red,30,1140,516,without
68.27099418,22.29263918,12,red,0,988,517,spikes
44.16788561,11.26321176,13,red,0,1057,518,without
42.67786421,11.59991369,15,red,3,1180,523,spikes
44.51736677,11.55962914,1,blue,9,719,526,spikes
52.49666795,14.32905168,15,red,24,1561,529,spikes
57.64784537,14.6654479,1,red,29,1110,531,spikes
49.8515151,13.42440654,2,green,11,808,533,without
58.29720414,16.39653364,4,red,4,761,534,spikes
46.85809546,12.45333662,0,blue,38,1282,534,spikes
48.90454228,13.3209397,16,blue,34,1834,538,without
57.48969732,14.76118798,3,black,10,825,540,without
45.71463729,12.43993859,5,red,38,1488,541,spikes
49.35369137,15.32572022,7,red,22,1217,543,spikes
41.76590393,11.09906082,2,blue,0,612,545,without
62.61307232,18.66886458,6,blue,17,1066,545,without
64.36812494,17.24881306,21,green,1,1323,545,without
44.97505325,11.29768834,10,red,34,1587,545,spikes
54.0404609,13.83839131,2,red,15,866,556,spikes
40.28466816,10.82451602,2,green,11,787,557,without
53.15001877,13.34055679,0,red,22,901,561,spikes
50.22783374,12.6665988,16,red,2,1157,561,without
45.0526812,11.7721805,1,red,38,1287,561,spikes
44.8713566,11.66086648,5,red,37,1459,561,without
47.74401452,12.20775349,6,red,34,1426,562,spikes
43.22056257,10.81342432,13,red,28,1545,562,spikes
43.87813092,10.98041331,8,green,38,1609,565,without
48.62427642,12.22604657,16,green,1,1174,566,without
60.32982011,15.41209342,4,blue,30,1252,566,spikes
46.90564465,13.41674199,8,red,8,995,567,spikes
45.4347514,11.54502474,4,green,11,924,568,without
50.88246934,15.11134202,0,blue,39,1277,568,without
48.91404409,13.05327245,3,green,26,1127,574,without
50.03585006,13.33693318,15,green,4,1169,575,without
42.87897135,12.31686946,13,blue,15,1331,577,spikes
61.61884727,15.95206558,15,blue,35,1786,579,spikes
53.10097659,13.30266733,11,red,24,1391,584,spikes
42.75748444,10.70412769,5,red,2,726,586,spikes
51.02173089,13.67477651,0,blue,13,750,588,spikes
52.3387319,13.63210708,17,red,9,1334,589,spikes
33.22500163,11.19206372,12,red,30,1588,591,without
43.83460036,12.14915345,27,green,8,1731,591,without
45.60439381,11.81455889,7,red,18,1154,596,spikes
43.73108068,13.45289668,20,blue,4,1407,596,without
45.55678735,11.46985693,2,blue,18,982,599,without
52.40212499,13.18112667,1,red,15,888,600,without
63.50862426,16.38872919,13,green,37,1742,602,without
55.0632173,15.33669085,24,blue,24,1938,603,without
44.05680783,11.38566844,18,green,7,1364,605,without
58.88492265,15.83890133,19,green,24,1774,605,without
55.69073799,14.33821436,15,red,32,1720,606,without
61.49475671,17.70081031,6,red,38,1509,615,spikes
60.03976804,15.31507518,9,red,33,1521,615,spikes
53.05049868,14.26053096,13,red,27,1558,617,spikes
71.01100382,18.07977129,2,red,40,1376,618,spikes
47.31813171,13.03631078,22,red,14,1648,618,spikes
53.44596162,19.74786915,2,green,20,1003,622,without
48.30451239,13.71953527,28,blue,38,2409,623,without
54.5406487,14.33319608,3,red,36,1335,626,spikes
48.29915612,12.98261495,4,red,4,747,629,spikes
47.63542493,12.963063,11,red,19,1328,629,spikes
43.75271305,11.45587535,19,blue,17,1623,629,without
54.26715399,14.10564266,6,green,18,1097,630,without
43.01958884,10.94345263,4,red,33,1317,637,without
45.07392915,12.80553179,1,red,21,970,639,spikes
40.5909873,10.28279755,17,red,19,1597,639,without
50.33802341,12.72104814,8,red,7,971,640,spikes
57.9772255,15.56742018,30,green,4,1752,643,without
49.46777923,12.72309354,0,blue,31,1108,646,without
62.00147242,16.19020742,6,blue,12,969,647,without
50.72852964,13.03079871,1,red,17,935,648,spikes
57.26297624,15.85078642,1,blue,19,947,648,without
51.36539727,13.28046991,1,green,36,1281,649,without
39.46735283,12.11445589,3,red,32,1300,650,without
43.94687162,11.01025758,4,blue,1,666,652,spikes
51.6312158,13.35522326,5,red,2,754,657,spikes
45.86701871,11.76625621,0,blue,9,650,659,spikes
47.39039119,12.99354477,10,blue,5,989,665,without
53.30023917,13.631067,10,red,24,1360,669,spikes
56.70631683,14.41911632,13,blue,19,1446,669,without
56.01510866,14.97450892,7,red,18,1136,670,spikes
37.67583936,9.846973344,14,red,25,1557,671,without
50.53273148,15.16321343,0,green,19,886,675,without
50.94578077,14.76591124,10,green,23,1361,676,without
40.81115557,10.63827273,3,green,9,835,682,without
42.13332325,11.65667043,16,blue,16,1456,682,without
58.30771747,16.40537104,4,blue,26,1180,683,without
48.71785889,12.31770506,4,blue,29,1255,683,spikes
62.5053568,15.67897095,8,blue,26,1366,686,spikes
44.58420026,11.75377289,0,red,17,787,688,spikes
47.15537606,13.05409298,2,green,3,637,689,without
53.47748563,13.8633902,10,green,7,1053,694,without
36.23998076,9.378648752,9,red,37,1611,697,spikes
53.83916745,14.28739082,3,green,14,900,698,without
40.73163173,12.39469487,37,red,25,2445,698,spikes
59.364417,15.17838769,2,red,5,687,699,spikes
44.06339094,12.27795555,18,green,7,1351,700,without
54.04434078,16.33741009,10,blue,28,1460,702,without
46.8903967,11.93297683,19,red,27,1802,702,spikes
47.38635666,12.1279331,13,blue,7,1158,703,without
58.16335932,14.87925721,2,red,17,910,704,spikes
50.41661649,14.33497611,2,red,21,1015,704,spikes
45.79936179,11.60636063,6,blue,11,952,710,without
54.04946678,14.14829777,12,green,3,1029,710,without
58.09177212,14.77546834,8,blue,9,1008,712,without
56.28815518,14.88954675,5,red,28,1278,713,without
49.8935435,12.82467951,16,red,12,1378,713,spikes
52.5281891,14.89545283,18,blue,28,1797,715,without
43.64191063,11.14326387,1,red,23,1016,716,spikes
47.08689918,12.49105143,13,blue,29,1558,717,without
51.00777097,13.07997455,2,blue,21,1008,720,without
65.66603028,17.64707727,2,red,35,1276,721,spikes
61.93553577,15.58361627,32,red,13,2071,723,spikes
53.31487606,14.20531601,39,blue,26,2561,724,spikes
47.41089705,12.01683902,3,green,21,1021,727,without
40.46596004,10.12564028,15,green,33,1749,727,without
56.45673066,14.35026757,29,blue,19,2040,730,without
56.56190111,15.03615609,5,green,5,820,731,without
58.97052309,15.65457547,10,red,0,914,731,spikes
53.89940926,14.60173725,3,red,27,1170,731,spikes
40.71277965,11.15952755,12,green,40,1799,731,without
43.13706378,12.49772958,2,red,17,915,732,spikes
61.7026184,15.49396953,12,red,6,1097,732,spikes
42.81659887,11.43290102,18,blue,3,1284,733,spikes
55.93419454,14.41285745,20,red,14,1552,734,without
50.07374815,14.39920908,40,blue,4,2155,734,without
49.46529288,12.63786,0,green,34,1190,735,without
41.00979451,10.42865461,3,red,4,730,739,spikes
50.1373765,13.73751986,5,red,30,1322,739,without
51.16472755,14.16032032,8,blue,32,1465,741,spikes
64.10664474,16.58656279,3,green,19,1003,742,without
49.58898874,12.90686115,4,red,5,782,744,spikes
47.2193453,13.81756993,28,red,12,1835,744,without
40.01723182,10.29649874,3,red,19,1013,745,spikes
48.77332866,14.87841898,1,green,37,1291,746,without
60.8852229,16.90184313,6,red,34,1420,747,spikes
53.3678095,14.22203046,3,blue,2,670,749,spikes
47.32984153,13.41127696,9,blue,2,925,750,spikes
51.62081012,13.30522973,2,red,37,1325,750,spikes
54.60150382,13.82887163,5,red,24,1189,753,spikes
55.20597387,15.66790034,1,blue,7,655,755,without
39.02097198,10.15301544,7,red,39,1601,756,spikes
43.63802059,11.14409968,14,blue,33,1683,756,without
60.98042076,16.22721908,7,green,1,796,758,without
55.2995673,16.47849896,2,green,21,1028,762,without
51.20863485,14.63006987,25,red,14,1772,762,without
47.34635714,11.90558596,1,red,0,566,763,spikes
43.35754813,11.11104713,8,red,21,1233,763,without
43.80544395,11.88870468,6,blue,9,945,765,spikes
50.23807059,12.7031059,3,blue,26,1146,766,without
46.52159469,12.15134231,13,green,19,1431,766,without
52.46327264,13.49584218,3,red,28,1155,769,without
50.10522583,12.80938984,6,red,37,1514,769,without
46.37383585,12.59301066,6,blue,20,1138,770,without
48.93023316,12.73048672,1,blue,16,881,771,without
55.55465238,15.07307699,7,red,14,1026,774,without
41.69367843,14.366811,28,red,3,1676,776,spikes
53.29734201,13.45043353,50,blue,15,2812,776,without
53.83938505,14.95477164,32,green,21,2167,777,without
44.23484099,11.6066427,26,red,1,1584,778,without
49.88549923,13.14570233,8,red,23,1325,783,spikes
48.80166816,12.24987852,0,green,6,622,786,without
50.29930931,13.13214187,8,red,14,1092,787,spikes
49.17149474,12.64119529,46,green,12,2587,788,without
55.37877463,17.3843308,4,red,36,1344,790,spikes
52.22742345,14.25361396,3,green,11,834,791,without
53.76985588,15.78655871,2,green,8,720,793,without
53.78845555,13.95739312,11,blue,37,1688,795,without
40.99823789,10.72362143,6,red,34,1384,796,spikes
42.39140386,12.5222776,18,red,1,1246,797,spikes
36.15757395,9.199865717,4,red,23,1123,800,without
49.02892645,12.60065363,22,red,35,2062,801,spikes
41.18384194,10.95252393,7,blue,25,1272,802,spikes
49.1980767,12.88835131,1,red,13,819,806,without
52.05044259,13.63507807,15,red,10,1292,807,without
55.9612368,14.11172214,1,red,11,760,808,spikes
40.00711901,10.29108296,2,red,25,1137,812,spikes
51.56318552,13.38426756,3,red,34,1323,812,spikes
50.28336274,13.05930334,20,blue,27,1855,813,without
69.20438846,17.81108554,3,blue,36,1353,815,without
48.83336096,12.58243391,1,blue,8,674,822,without
52.68808988,14.28125486,0,green,29,1091,823,without
46.17848687,11.90526531,1,red,3,632,824,spikes
46.40525599,11.95512002,32,blue,6,1902,824,without
45.90855631,14.0093138,6,blue,37,1480,827,without
42.90826918,11.04493439,20,red,26,1837,827,without
51.45824438,13.54820189,13,blue,20,1410,829,spikes
57.23367272,17.38714465,27,blue,6,1711,829,without
41.13771982,10.85003009,6,green,6,860,831,without
44.49979921,11.91486037,7,red,1,819,832,spikes
36.13792459,10.53547969,7,blue,2,856,832,without
48.08849301,13.12077897,2,red,27,1138,832,without
60.51771802,15.58761033,19,black,11,1481,834,without
65.62803014,17.20832043,28,red,29,2220,838,spikes
48.35205883,12.30995584,7,red,1,788,840,spikes
56.08850821,14.42588141,2,blue,29,1180,841,spikes
42.558983,10.81700028,2,red,5,687,848,without
61.23923094,16.43969453,18,red,1,1279,848,spikes
55.9315609,14.1564502,30,blue,36,2438,854,without
39.73469115,10.30464574,2,red,16,912,855,spikes
64.49745156,16.4239825,4,red,36,1350,855,spikes
50.82259785,14.11843702,1,red,8,650,858,without
44.97768586,11.43575914,9,blue,2,916,858,spikes
53.27344362,14.34490817,13,red,20,1441,861,spikes
45.50902511,12.05699228,10,red,11,1152,862,spikes
35.41225038,9.63357685,1,red,8,691,867,spikes
51.05597471,14.00822835,10,red,40,1714,868,spikes
41.89035278,11.53613569,9,red,39,1617,870,spikes
43.51492832,11.44952018,24,green,26,1990,870,without
47.64584869,12.88214313,20,green,17,1631,871,without
55.72440323,14.83572478,0,blue,4,581,873,without
45.4530291,13.42159955,5,red,12,969,873,spikes
71.61482406,18.04768355,6,blue,11,959,875,spikes
61.85668403,16.02854925,2,blue,32,1223,875,without
42.60042346,10.94405138,14,blue,5,1147,877,without
42.60273338,11.04171919,4,red,7,824,883,without
45.87347827,14.9687466,8,green,33,1488,883,without
43.80586379,12.04849304,4,red,26,1178,885,spikes
56.61658491,15.28933948,14,red,34,1732,885,spikes
55.87959521,15.52648822,1,blue,30,1150,893,without
52.76180718,13.26703454,4,red,26,1198,895,without
51.65981388,13.87894492,6,red,15,1046,897,spikes
51.2155768,13.81753283,46,blue,9,2500,897,spikes
43.8787021,12.21846947,7,red,38,1545,898,spikes
62.12656765,16.48789824,19,red,17,1585,898,spikes
54.85074487,15.16868713,4,red,1,672,900,spikes
54.96613126,14.3115564,0,red,39,1296,901,without
60.01540561,15.95993825,5,red,31,1310,901,spikes
46.40965163,11.73893732,2,red,14,861,902,spikes
54.81008644,13.87392399,2,red,20,957,905,spikes
53.0417574,13.91185447,9,green,40,1656,907,without
48.51801151,12.53341815,3,blue,24,1098,909,spikes
53.23803485,14.33354658,3,blue,2,655,911,spikes
42.47571205,12.00944005,6,green,11,961,912,without
45.40876448,11.48717317,2,red,20,970,915,spikes
42.87090261,12.02019439,7,red,25,1253,917,spikes
45.06243122,11.9529738,3,red,26,1139,918,spikes
47.64964766,15.47179472,3,blue,18,982,920,spikes
60.58856478,16.14485674,6,red,27,1267,923,spikes
50.04029658,13.22152614,7,red,26,1317,925,spikes
48.17659597,13.23590368,4,blue,12,885,928,spikes
53.28802857,15.99239193,25,blue,35,2211,931,without
47.72071051,12.29381419,5,blue,15,1035,935,spikes
39.54250031,10.3740423,5,green,36,1408,936,without
38.5726043,10.33545999,12,red,28,1554,938,spikes
48.9434715,12.2984921,10,blue,36,1632,945,without
58.32900382,15.17055556,0,red,18,839,949,without
44.17175548,11.29237903,16,blue,27,1704,949,without
46.12528136,15.84114912,25,green,12,1723,951,without
59.63989144,15.04333167,13,red,32,1662,956,spikes
50.92885532,16.77957649,3,blue,2,658,957,without
73.50984572,18.72196717,34,green,24,2351,957,without
53.43855451,13.36178096,4,red,34,1367,963,spikes
60.61987839,15.33257066,0,blue,17,875,964,spikes
50.91726192,14.34615119,13,blue,21,1444,967,without
51.14457959,14.97936142,18,red,35,1918,967,spikes
39.30971928,10.00257391,6,blue,33,1399,968,without
42.42827872,13.89602001,21,red,37,2099,971,spikes
48.37567,14.54980293,4,red,10,846,972,spikes
47.22002252,12.04768633,4,blue,17,987,978,without
44.22248305,11.82677601,14,blue,7,1221,980,without
44.46275704,11.1406508,4,red,29,1250,980,spikes
42.37129444,11.60883855,9,blue,11,1066,983,spikes
58.96433265,15.20127833,8,red,39,1620,984,without
49.34591952,12.68571133,8,red,7,943,987,spikes
59.22610934,15.47150512,9,red,17,1201,990,spikes
41.5109692,10.74024657,7,red,14,1068,991,spikes
29.94389943,7.524046658,1,green,17,895,992,without
46.31616558,14.73058514,3,blue,6,716,999,without
59.55441855,15.65736683,21,red,25,1866,1001,spikes
38.9617269,9.932316558,2,green,38,1349,1002,without
53.99679392,14.50388756,44,blue,38,3042,1003,without
59.10155501,16.26667284,12,red,26,1496,1004,spikes
49.22036078,13.32088612,4,red,13,949,1005,without
48.88521265,12.63556363,12,blue,8,1157,1005,without
51.2703028,13.98614413,4,blue,18,1041,1006,spikes
49.69666948,12.7815428,51,green,23,3045,1006,without
46.95602572,14.85368899,6,red,9,931,1008,spikes
50.22828657,12.63337987,5,red,13,957,1008,without
44.72890568,11.63946461,18,red,38,1957,1016,without
53.332143,13.62029794,4,green,5,764,1020,without
54.37931827,14.39967129,1,red,6,680,1022,spikes
66.68506649,17.3078575,34,green,11,2061,1023,without
59.0944721,15.42591813,6,green,15,1030,1024,without
51.89061517,13.1488598,7,green,3,829,1026,without
39.4235783,10.35263319,8,blue,19,1215,1027,without
55.19470429,13.98001985,2,blue,38,1359,1028,without
58.32675837,15.36223934,0,blue,2,535,1029,without
50.28815478,14.80503483,26,blue,33,2212,1030,without
45.89121314,11.52175564,12,blue,6,1097,1031,without
49.1159175,12.33177653,4,red,27,1211,1031,spikes
58.98381382,15.07429704,8,red,5,909,1032,spikes
43.39716629,11.88805514,25,red,31,2081,1035,spikes
45.40055417,11.95732019,22,red,40,2153,1038,spikes
40.31946309,11.87208492,30,green,24,2169,1038,without
43.67328879,11.2346127,14,red,4,1143,1039,without
66.69096071,16.98841444,2,red,13,847,1045,spikes
53.00171913,13.55845527,31,blue,23,2218,1046,spikes
36.03099555,11.19976903,3,red,4,719,1051,spikes
51.08103601,14.10164071,6,blue,20,1139,1054,spikes
66.28403708,17.06021027,4,blue,7,806,1055,without
64.04937543,16.40589086,1,green,35,1273,1062,without
51.07711162,14.76929352,10,red,7,1030,1065,spikes
45.92636461,12.51196429,6,blue,32,1359,1068,without
51.06363062,13.87445823,5,blue,27,1220,1072,without
60.47560134,15.7667899,11,blue,6,1063,1073,without
50.84805199,13.55600729,0,red,24,1005,1074,without
52.30017854,13.47940081,9,green,3,946,1076,without
47.54075358,12.58373747,5,red,3,731,1080,spikes
47.9017235,12.94353099,4,red,17,997,1080,spikes
44.47328091,11.58593626,19,green,21,1682,1081,without
62.96649867,17.10504953,7,red,26,1274,1082,spikes
41.47212891,11.03399956,8,blue,35,1517,1086,spikes
54.36002463,14.30776496,17,green,30,1732,1086,without
41.7384503,15.05247157,9,green,2,884,1088,without
54.46424022,13.63120838,1,green,30,1129,1089,without
46.23545449,11.88842804,6,blue,25,1245,1091,spikes
56.52678372,14.73918945,1,red,11,735,1092,spikes
50.70449735,12.90960629,6,blue,12,1009,1092,spikes
49.04418725,16.0138515,30,blue,35,2396,1092,spikes
43.81588076,13.41162906,20,red,22,1714,1093,spikes
60.11343751,15.1554133,0,red,9,709,1099,without
44.89128338,11.49359544,26,red,10,1769,1099,spikes
37.1139317,12.00625035,15,green,39,1903,1100,without
51.15359047,13.11094438,47,blue,36,3105,1103,spikes
42.41393082,11.30508653,13,green,32,1681,1105,without
51.463349,13.50280551,7,blue,12,990,1109,without
42.09899302,11.19288915,1,red,34,1245,1109,spikes
51.40340876,15.99906684,8,red,22,1246,1110,spikes
37.91494164,10.57654008,23,red,3,1496,1112,spikes
48.74428008,12.20508684,10,blue,26,1409,1114,spikes
64.6386098,17.80823115,6,green,7,897,1117,without
52.13699636,14.55939049,5,green,15,989,1117,without
48.75749351,12.23073066,3,red,12,833,1122,spikes
51.84088936,13.0890737,21,blue,38,2089,1122,without
46.05366582,11.85751323,1,red,39,1320,1123,spikes
47.72765426,12.04581113,0,green,16,812,1127,without
51.66584695,13.42451688,7,red,31,1411,1127,without
52.44366634,13.7316283,10,red,40,1680,1131,without
36.86346434,10.3617126,21,blue,24,1808,1131,without
54.82505603,14.62164301,23,red,34,2115,1133,spikes
49.61118578,12.83589739,8,red,26,1360,1135,spikes
44.57742328,11.29404543,13,red,37,1775,1137,spikes
42.10444536,11.05693441,10,red,27,1446,1138,without
38.94329585,10.49963241,21,green,27,1858,1139,without
44.79856744,11.57512788,4,red,12,910,1142,spikes
42.5065823,11.01435598,17,blue,19,1557,1146,spikes
44.34905471,11.15943061,0,blue,9,693,1147,spikes
45.15423556,11.77466161,19,red,24,1729,1147,spikes
43.80241659,11.17998828,9,red,2,883,1148,spikes
53.93265447,13.53203781,1,green,24,1050,1149,without
48.44979718,12.51663404,13,red,23,1495,1149,spikes
54.83827385,15.18267795,15,blue,21,1537,1149,without
45.75395093,12.03250612,15,red,30,1718,1149,without
55.67590428,14.02908078,5,blue,39,1478,1156,spikes
52.79956937,13.78988641,29,red,31,2248,1157,spikes
51.46985838,13.34118675,9,red,25,1351,1158,spikes
51.3439268,12.85824616,1,blue,30,1130,1159,spikes
58.69345494,16.04047218,4,blue,33,1329,1159,without
47.72001739,14.0649905,4,green,23,1134,1161,without
47.04928976,11.93031841,2,red,15,874,1163,spikes
51.50804218,15.94579122,8,blue,21,1248,1164,without
52.58587918,14.64609662,9,blue,3,919,1166,spikes
42.52448521,13.47088392,8,blue,30,1451,1166,without
42.18921864,13.55208107,8,red,14,1107,1173,spikes
56.55916143,14.45251756,29,green,1,1658,1173,without
62.62324506,17.82527263,5,blue,11,920,1177,without
47.54250008,12.25321386,12,red,40,1791,1179,spikes
60.89470942,15.79523769,9,blue,12,1091,1182,spikes
65.77443562,16.46162568,14,red,33,1727,1182,spikes
41.83432139,11.568464,4,blue,12,891,1183,spikes
44.3348476,15.46498488,3,red,6,708,1184,spikes
52.48271434,13.85365757,13,red,39,1787,1187,spikes
54.93093685,14.55229319,24,red,28,1999,1187,spikes
55.84117156,14.38785528,4,green,8,792,1188,without
41.13451696,11.83939355,5,red,13,971,1199,without
47.31737673,12.229794,10,green,6,1058,1202,without
52.64307446,13.69019088,0,red,36,1205,1203,without
49.78910081,13.68234517,47,red,16,2706,1203,spikes
46.34794881,11.75979736,4,red,7,830,1204,spikes
66.45205647,17.71400011,51,green,14,2838,1206,without
46.03007792,11.93365379,2,red,20,982,1209,spikes
50.54801374,13.69445902,5,red,4,743,1212,spikes
45.14694592,11.81624582,2,green,12,803,1212,without
45.18751161,12.15034759,53,green,8,2761,1215,without
46.35023378,11.92794848,9,red,20,1263,1217,without
55.79353443,15.14790929,26,red,0,1531,1217,spikes
58.97057599,15.3518043,11,red,21,1386,1219,spikes
54.62180471,13.99900148,0,green,5,580,1220,without
47.04466915,12.13410335,3,green,17,958,1220,without
47.64562265,12.19162842,11,red,7,1078,1226,without
45.95896242,12.18002093,9,red,25,1320,1230,without
48.00297043,12.49792595,9,blue,30,1449,1230,without
48.21975146,12.61246669,2,red,6,702,1232,without
54.36591458,14.88501483,14,red,13,1306,1233,spikes
44.19540167,12.10898642,6,red,1,783,1234,spikes
54.44761385,13.75347999,4,red,32,1304,1234,spikes
50.11830265,14.97456225,8,red,9,1020,1235,spikes
57.60624642,15.07212751,6,blue,16,1059,1235,spikes
58.58139927,14.66113839,19,red,13,1518,1235,spikes
48.56940873,14.26640132,0,green,16,810,1236,without
43.67222235,12.86498094,13,red,10,1236,1236,spikes
43.6971174,11.29941072,15,blue,6,1212,1237,spikes
53.98061507,14.75549003,2,blue,13,831,1242,spikes
55.9853936,15.58077873,3,blue,15,928,1242,spikes
39.90317538,10.50159512,7,red,29,1370,1243,spikes
44.21197814,11.37497587,27,blue,29,2145,1243,without
37.52386085,11.2646676,0,blue,0,511,1245,without
44.72688091,11.33202156,8,red,14,1099,1246,spikes
42.36633106,11.58953645,5,blue,39,1499,1256,spikes
50.87554685,12.7572295,5,red,3,751,1260,spikes
46.20864791,11.80092867,2,red,26,1090,1261,spikes
48.41611667,12.32692994,11,red,13,1207,1262,without
61.75194621,15.82525085,0,red,7,632,1265,spikes
37.66402783,11.20272267,3,blue,9,761,1272,without
60.61894959,16.64769802,34,red,13,2114,1272,spikes
42.12865578,11.05808564,2,red,31,1231,1274,spikes
50.02833419,13.99528997,24,red,32,2092,1274,without
54.29649552,13.58614165,3,red,12,853,1276,spikes
49.14726555,12.4279858,50,red,13,2754,1279,without
48.44241239,12.3787712,3,blue,16,950,1280,spikes
62.63019856,16.90220545,0,red,26,999,1281,spikes
46.90876546,12.25802666,1,blue,16,832,1282,without
53.87226139,13.68565094,2,red,35,1263,1282,spikes
43.6944942,10.93699814,2,green,3,658,1283,without
59.70455573,15.00055061,6,red,12,1019,1283,spikes
59.01209444,15.11394622,5,blue,33,1337,1288,without
47.37019716,12.39510437,26,red,7,1664,1288,spikes
38.83283581,11.79038099,2,red,6,712,1296,without
46.09693009,12.51794842,19,red,28,1811,1296,without
41.04725973,10.41087873,5,red,14,969,1297,spikes
51.82709637,13.15780725,25,green,18,1882,1297,without
42.74151668,12.89358319,24,green,31,2058,1297,without
41.77635693,11.7790758,22,blue,0,1375,1298,without
48.70413904,12.26600244,9,red,32,1489,1299,without
36.42166908,10.09021869,7,red,1,799,1301,spikes
44.99033149,11.66617202,24,green,13,1686,1304,without
53.65379783,13.5420062,44,blue,32,2898,1305,spikes
56.72387161,14.84412251,17,red,31,1806,1306,spikes
63.40601065,16.17636634,32,red,14,2069,1310,spikes
58.95869801,15.43265591,5,green,26,1248,1311,without
41.65907668,13.74003633,10,green,34,1555,1312,without
52.50958643,14.03957942,5,red,17,1037,1316,spikes
47.01385815,13.73814025,25,red,1,1506,1316,spikes
56.83081538,14.61829088,45,red,16,2596,1319,spikes
51.14939048,14.61670487,5,red,14,997,1321,spikes
44.88855464,11.83871606,1,red,22,979,1322,without
52.96506332,13.93167275,4,red,38,1424,1323,spikes
53.34817522,13.52478585,0,red,10,688,1324,spikes
43.64400723,11.96812387,12,red,26,1493,1324,spikes
60.42517448,16.93943107,6,blue,18,1091,1326,without
45.36958276,11.75725683,9,red,11,1107,1326,without
52.78253827,14.21080979,1,red,5,613,1330,spikes
41.90793887,12.35279439,9,green,26,1379,1331,without
51.38684288,13.89218479,1,green,19,952,1335,without
48.45134475,12.87806121,13,blue,18,1390,1336,without
53.95728618,13.98142698,6,black,38,1527,1338,spikes
51.2859268,12.97363954,2,blue,30,1163,1342,without
58.5613744,15.82853522,14,green,23,1517,1348,without
49.60931069,13.35831297,15,red,33,1763,1351,spikes
54.48088796,13.87270589,1,blue,3,604,1352,without
43.57030728,13.07291721,4,red,21,1091,1358,spikes
51.64905564,13.68638879,14,red,4,1121,1361,spikes
53.95312522,14.92182451,4,green,29,1255,1371,without
62.39551425,15.90135917,9,blue,3,904,1372,spikes
57.3810654,16.54800126,8,red,22,1254,1373,without
49.1595685,12.43849633,13,red,27,1536,1374,spikes
59.12842148,15.4648977,8,red,10,1009,1375,spikes
33.40669285,10.7105235,2,blue,26,1119,1375,spikes
48.10739216,12.39337694,3,blue,27,1165,1381,without
40.5396349,11.30029489,19,green,25,1747,1382,without
42.36159114,10.82001655,10,red,12,1132,1384,without
48.54023161,12.78072859,19,blue,15,1614,1384,without
37.68916125,10.22053017,4,blue,5,768,1386,without
49.49146967,13.98775786,9,red,1,881,1386,without
38.61750913,9.804823129,0,green,33,1182,1390,without
34.36168295,9.165984304,16,red,22,1548,1390,spikes
47.99184271,12.88675709,30,red,25,2224,1390,without
42.75294602,11.05780837,22,red,29,1959,1396,without
54.26391325,15.02995267,14,blue,38,1843,1397,without
54.70927834,14.87008861,3,red,21,1058,1400,spikes
51.1536967,14.079049,11,red,29,1498,1400,spikes
56.96620585,14.82292643,3,red,25,1096,1403,spikes
48.86428737,12.80814992,1,red,11,779,1405,spikes
49.5215255,14.23565639,7,red,31,1356,1406,spikes
59.21150414,15.47499043,25,blue,3,1555,1406,without
41.37447685,11.60290706,1,blue,5,634,1408,spikes
61.33125213,15.34755508,3,green,16,941,1411,without
59.99182253,15.57745056,20,blue,34,2010,1413,without
56.62665865,15.01188143,27,blue,39,2343,1413,without
58.26712635,14.95157358,18,black,38,1989,1415,spikes
31.87173671,8.047552277,1,blue,18,894,1416,without
41.07692033,11.03658007,11,red,13,1186,1418,spikes
46.91429726,11.7758753,3,blue,33,1279,1421,spikes
39.86143256,11.766984,5,red,30,1282,1423,spikes
43.30581717,12.38689067,17,red,26,1726,1425,spikes
48.80919424,14.43598823,2,blue,1,602,1426,spikes
44.13438347,11.72634651,24,red,38,2212,1428,without
51.79194255,13.54914896,2,blue,39,1382,1429,spikes
43.40264332,10.964525,2,red,12,804,1431,without
56.52545243,14.30976394,8,green,31,1436,1431,without
45.55930427,11.60927243,16,blue,34,1790,1433,spikes
44.0645383,11.68522071,45,blue,14,2597,1437,spikes
44.93611877,11.86100273,19,green,3,1370,1438,without
51.98403027,13.30838858,9,red,20,1254,1439,spikes
51.72900826,13.16651028,1,blue,6,646,1442,without
41.18300247,11.09221448,6,green,17,1100,1443,without
48.81511183,12.50551339,37,red,16,2309,1443,spikes
38.56356352,10.22401959,1,green,14,864,1444,without
53.41595643,13.79337131,25,red,14,1777,1444,without
45.20974261,12.84180056,8,green,15,1123,1452,without
53.49930453,16.7437933,19,blue,1,1286,1452,without
58.10039738,14.64351749,1,red,8,663,1455,without
53.20571354,15.0124443,28,red,24,2074,1456,without
57.31986648,14.43251722,0,red,13,731,1460,spikes
40.58046342,10.77979942,5,red,34,1372,1466,spikes
48.07854401,12.02414654,1,blue,22,1034,1467,without
48.49006709,12.33995868,10,red,26,1453,1468,spikes
51.51225228,13.2941998,10,green,39,1702,1468,without
46.55759608,11.68007869,3,blue,6,738,1472,spikes
41.54345467,10.86764043,19,red,39,1983,1472,spikes
64.36536231,18.34586163,2,red,19,946,1473,without
56.90735683,15.94926052,20,red,22,1747,1473,spikes
43.84261717,11.22021601,8,green,16,1131,1474,without
40.22712191,10.67328478,11,red,12,1188,1476,spikes
45.17496436,11.33297914,13,blue,14,1295,1477,spikes
36.99493113,11.71254775,15,red,29,1690,1477,without
51.04744556,12.94306791,20,red,13,1530,1480,without
56.53491761,14.44950583,19,blue,37,1985,1481,spikes
53.68978842,13.77399448,4,red,11,890,1483,spikes
37.49524032,11.90586633,8,green,25,1338,1483,without
59.76795917,15.90573943,13,red,25,1527,1484,spikes
53.375814,13.99834788,0,red,19,883,1489,spikes
51.01414105,13.30710443,9,green,39,1653,1489,without
62.20597473,17.67688989,3,blue,19,1011,1492,without
45.62852035,11.64985385,1,red,25,1051,1492,spikes
55.70264356,15.53188353,12,red,39,1776,1492,without
46.67566798,12.62699724,5,green,14,979,1493,without
52.93185686,14.37514676,15,blue,30,1697,1493,without
53.24475504,13.98855433,5,red,14,953,1497,without
54.14804231,14.67790247,4,green,5,795,1498,without
52.01060282,13.51882838,24,red,37,2333,1501,spikes
52.30798709,13.41720758,7,red,31,1514,1502,spikes
46.51965749,11.8698036,18,blue,40,2083,1502,spikes
47.08473739,12.15021165,20,red,4,1489,1504,spikes
50.8746701,14.76491403,4,red,3,848,1505,spikes
48.67853341,12.95018794,38,green,14,2403,1505,without
50.58132278,13.17073962,8,blue,8,1083,1509,without
53.34202318,16.17149267,1,green,39,1419,1510,without
56.66389939,14.61730984,12,red,40,1860,1511,spikes
41.97862278,10.55684742,2,red,32,1297,1512,spikes
41.53047891,11.71685322,23,blue,17,1878,1513,without
47.43367697,12.75595571,10,red,20,1404,1514,spikes
40.54201826,15.65725399,4,red,15,1029,1517,spikes
43.91291694,11.84793733,30,red,33,2450,1521,without
47.21249722,11.94486605,40,green,14,2470,1521,without
48.43047441,13.31196014,53,red,23,3200,1521,spikes
45.49389858,11.43891798,19,red,13,1614,1526,spikes
59.73637485,16.41641334,8,red,9,1099,1527,spikes
49.1723317,13.34481589,6,red,38,1604,1528,spikes
53.82689876,13.64749888,8,green,11,1132,1529,without
68.76886731,17.98829686,3,red,5,848,1531,spikes
49.87538627,12.92247959,9,blue,19,1345,1531,without
59.60339732,15.70173527,14,blue,36,1914,1531,without
44.23454949,11.2312292,8,green,3,984,1535,without
50.1528736,13.41474677,2,red,36,1442,1535,spikes
57.17932678,16.49176259,62,red,27,3608,1535,spikes
58.15678903,14.78247403,28,red,14,1992,1538,spikes
43.98928293,12.50642195,1,blue,24,1137,1539,without
39.61061611,10.19526469,2,red,29,1261,1542,spikes
53.89360062,14.22616215,40,red,23,2652,1546,spikes
48.92864494,12.88987014,21,green,3,1529,1548,without
48.67415823,13.67101333,5,blue,14,1093,1549,spikes
46.36084714,12.49080015,14,red,17,1474,1549,spikes
43.22088493,13.51140648,25,blue,30,2210,1552,spikes
42.25034622,10.76872662,9,green,1,971,1553,without
53.60976864,14.95869963,1,red,36,1352,1553,spikes
51.15781183,12.90487015,14,green,25,1620,1553,without
57.5745636,14.86370434,18,red,16,1658,1559,spikes
38.17863108,9.987570643,13,red,4,1205,1561,spikes
46.09851157,11.63414291,41,red,17,2593,1561,without
51.12829453,12.88740659,20,red,16,1706,1564,spikes
35.5480184,9.506478288,5,green,14,1087,1565,without
47.40195241,16.18428671,2,blue,7,815,1566,spikes
54.03890295,15.33278685,14,red,17,1495,1574,spikes
56.5937202,16.92908433,8,blue,32,1531,1576,without
60.4961397,15.2301026,17,green,18,1647,1577,without
41.78782386,10.59537551,4,green,20,1160,1578,without
54.60128766,15.25179769,24,green,17,1934,1582,without
58.31535072,16.01139933,5,red,31,1441,1583,spikes
48.98388202,15.72398037,13,red,22,1585,1583,spikes
45.58835342,11.64217203,36,green,39,2832,1583,without
51.68507311,15.26930301,2,red,19,1078,1584,spikes
52.67038947,13.71337857,2,red,23,1151,1584,spikes
47.41008444,12.92684999,2,red,3,737,1587,spikes
46.2137371,11.80819412,5,red,28,1377,1589,spikes
49.14198727,14.95066728,1,green,4,716,1591,without
43.26943107,10.95477574,5,green,17,1152,1592,without
48.23217563,12.79477159,2,red,11,922,1596,spikes
44.86336659,11.51299338,3,green,18,1095,1596,without
54.3546258,13.95681971,2,black,20,1104,1599,without
43.09295787,11.84371996,10,blue,6,1133,1599,without
51.71173673,14.96922947,9,red,40,1743,1599,without
43.48207045,10.87668032,34,red,2,1984,1600,spikes
44.47025643,12.41745609,1,red,27,1211,1604,spikes
61.38732095,17.56027681,6,red,28,1397,1610,spikes
46.14246286,12.17518925,0,red,39,1340,1612,spikes
53.58506419,13.54763558,8,red,37,1678,1613,spikes
44.31523331,12.56274487,1,red,29,1228,1614,spikes
51.16244052,13.0914966,1,blue,17,1003,1616,spikes
50.24783703,13.27023234,1,red,37,1390,1620,spikes
33.41579144,9.088213428,5,blue,3,855,1621,spikes
52.16284109,13.90174541,10,red,24,1477,1621,without
58.18038871,16.49378591,1,green,18,1035,1626,without
41.52634902,10.38961238,15,red,38,1950,1626,spikes
46.7782044,12.08527444,5,red,0,790,1628,spikes
40.49862102,10.20186689,2,red,7,820,1635,spikes
52.59288216,15.01519706,13,red,15,1438,1635,without
57.32529912,15.24491863,3,blue,35,1411,1636,without
45.59171618,11.49690853,30,blue,1,1808,1636,without
46.47879865,11.8537969,9,red,20,1345,1640,spikes
42.59797873,10.886615,14,red,38,1884,1640,spikes
48.90389039,12.95050976,10,blue,19,1346,1642,spikes
49.3650648,14.55362725,11,red,18,1421,1644,spikes
48.29176753,13.27427105,5,green,33,1434,1645,without
60.0579827,15.62858476,30,red,38,2551,1645,spikes
51.58864879,14.39596951,13,red,4,1203,1646,spikes
54.54069459,14.33804296,24,green,19,1955,1646,without
46.88548069,13.46392913,12,black,6,1205,1652,spikes
53.98348894,14.98387703,5,green,33,1445,1655,without
51.83634999,14.18117939,2,green,7,823,1656,without
57.43425588,15.08045301,10,red,23,1436,1661,spikes
51.98810352,13.84445307,2,blue,13,972,1663,spikes
53.93485559,13.51526666,2,green,5,790,1664,without
56.62582606,14.63285921,2,red,13,921,1664,spikes
57.6087626,16.09862701,6,green,39,1591,1664,without
48.84131504,13.32280784,2,blue,19,1035,1665,spikes
33.07747405,10.40741979,28,red,8,1886,1666,without
46.01165364,12.3378679,4,green,35,1475,1667,without
76.04207937,19.69964839,9,red,31,1577,1667,spikes
49.66624719,14.44371079,6,blue,6,956,1673,without
54.75686967,13.74411995,25,red,9,1793,1678,spikes
54.49341032,15.2634758,20,red,12,1620,1683,spikes
53.09265207,15.84988798,3,red,13,986,1687,without
65.04969664,17.22516631,40,green,11,2396,1687,without
38.67365261,13.40437275,5,blue,3,884,1688,spikes
55.87597368,16.52762372,14,blue,30,1805,1688,without
57.06085567,15.28487481,12,red,38,1854,1688,spikes
51.72593113,12.94489295,7,red,6,995,1694,spikes
55.60664537,14.19977909,14,blue,8,1307,1706,without
54.43127929,14.24044254,2,green,1,676,1707,without
59.49851989,17.35584436,4,red,33,1375,1713,without
38.18072218,10.73228235,17,red,10,1450,1714,spikes
50.09910266,12.89430533,46,blue,7,2568,1714,without
46.32754301,11.96602482,9,blue,39,1728,1718,spikes
55.30412984,15.48245064,9,green,15,1255,1719,without
47.1301922,12.06777799,5,blue,12,1071,1720,without
43.69284007,11.21231274,7,blue,38,1641,1721,without
46.15292393,11.59017198,1,blue,31,1260,1723,spikes
47.24343404,11.85782275,1,blue,8,804,1725,spikes
42.88345747,11.25685273,1,blue,15,961,1727,spikes
43.06175052,11.50008101,31,red,18,2174,1727,spikes
51.47185454,12.95192133,9,red,1,995,1728,spikes
57.94455174,14.49261956,9,green,12,1187,1728,without
57.97339225,16.4005151,0,green,12,849,1729,without
49.21113878,12.4257187,4,red,6,873,1729,spikes
35.03485968,9.691665599,19,red,28,1951,1733,without
38.54938364,10.01488464,2,blue,1,715,1735,spikes
50.74010908,12.88983405,6,red,39,1601,1739,without
47.30664188,12.3252565,4,blue,37,1523,1742,without
53.0790887,13.74800773,30,green,16,2100,1742,without
46.99167211,13.26927714,1,red,0,683,1745,spikes
40.58693071,10.61357212,7,green,27,1416,1746,without
47.88796777,12.31958188,17,red,27,1856,1747,without
48.97270943,13.2042402,18,red,14,1620,1749,spikes
39.3777584,10.54694829,22,blue,11,1710,1749,spikes
55.94822327,14.2017129,1,green,9,826,1753,without
44.31362865,13.30761859,11,red,19,1446,1757,spikes
55.25712999,15.08191824,2,red,13,976,1760,without
44.64628458,12.40255753,5,blue,32,1420,1760,without
52.2016305,13.16125476,20,red,10,1608,1760,without
55.57741942,14.09922167,3,red,8,887,1764,spikes
50.11492432,12.54941094,1,red,40,1468,1765,spikes
56.26862535,15.17172053,21,green,21,1832,1765,without
51.51329539,14.17683305,1,red,15,930,1766,without
52.89718977,13.79323492,10,red,10,1178,1768,spikes
51.40305442,13.11661021,1,blue,9,815,1774,spikes
65.37698423,17.1795899,6,red,24,1322,1780,spikes
44.65993413,11.27876468,5,red,39,1564,1780,spikes
48.83559552,12.3292794,20,blue,11,1614,1783,without
39.50281239,10.15512958,29,red,4,1851,1784,spikes
40.99863599,10.41048413,1,green,23,1112,1788,without
66.13301985,16.7868349,0,red,30,1181,1788,spikes
45.13296681,13.26307176,6,red,35,1554,1789,without
47.28798779,12.06507697,11,red,33,1690,1791,spikes
44.72288723,11.90941432,3,blue,5,833,1795,without
56.45376166,14.24895707,29,red,25,2261,1796,spikes
48.54782378,12.53483963,7,red,12,1118,1797,spikes
59.4387323,15.12986924,11,red,17,1397,1797,without
48.44766261,12.62050262,11,blue,19,1428,1797,spikes
41.89895106,10.701212,1,green,39,1441,1797,without
37.57175461,9.618009203,4,red,21,1221,1800,spikes
