respondentID,travel_frequency,recline,height,children,arm_rests,middle_arm_rest,window_shade,unsold_seat,talkative,get_up,recline_obligation,rude_recline,remove_recline,switch_friend,switch_family,wakeup_bathroom,wakeup_walk,baby,unruly_children,electronics,smoke,gender,age,income,education,college,region
1,Monthly,About half the time,74,No,The arm rests should be shared,The arm rests should be shared,Everyone in the row should have some say,No,No,More than five times times,"No, the person on the flight has no obligation to the person behind them",No,Yes,No,No,No,No,No,No,No,No,not_Female,27,$100-150k,Graduate degree,college,South Atlantic
2,Monthly,Usually,67,No,The arm rests should be shared,The arm rests should be shared,Everyone in the row should have some say,No,No,Three times,"Yes, they should not recline their chair if the person behind them asks them not to",No,No,No,No,No,No,No,Somewhat,No,No,not_Female,24,<$25k,Some college or Associate degree,college,West North Central
3,Monthly,Once in a while,76,No,The person in the middle seat gets both arm rests,The person in aisle,The person in the window seat should have exclusive control,No,No,Twice,"Yes, they should not recline their chair if the person behind them asks them not to",Somewhat,Yes,No,No,No,Somewhat,No,No,No,No,not_Female,41,>$150k,Graduate degree,college,Pacific
4,Monthly,Usually,64,No,The arm rests should be shared,The arm rests should be shared,Everyone in the row should have some say,No,Somewhat,More than five times times,"No, the person on the flight has no obligation to the person behind them",No,No,Yes,Somewhat,No,No,No,No,No,No,Female,69,$100-150k,Graduate degree,college,South Atlantic
5,Monthly,Always,68,Yes,Whoever puts their arm on the arm rest first,Whoever puts their arm on the arm rest first,The person in the window seat should have exclusive control,No,No,Once,"Yes, they should not recline their chair if the person behind them asks them not to",No,No,No,No,No,Somewhat,No,Somewhat,No,No,Female,43,$100-150k,Bachelor degree,college,South Atlantic
6,Monthly,Never,71,Yes,The person in the middle seat gets both arm rests,The person by the window,Everyone in the row should have some say,No,No,Three times,"Yes, they should not recline their chair if the person behind them asks them not to",Yes,Yes,Somewhat,No,No,Somewhat,No,Somewhat,No,No,not_Female,47,$100-150k,Graduate degree,college,West South Central
7,Monthly,Always,63,No,The arm rests should be shared,The arm rests should be shared,Everyone in the row should have some say,No,Somewhat,Three times,"No, the person on the flight has no obligation to the person behind them",No,No,No,No,No,Yes,Yes,Yes,No,No,Female,33,>$150k,Graduate degree,college,Middle Atlantic
8,Monthly,Usually,66,No,The arm rests should be shared,Whoever puts their arm on the arm rest first,The person in the window seat should have exclusive control,No,Somewhat,Three times,"No, the person on the flight has no obligation to the person behind them",No,No,No,No,Somewhat,Somewhat,No,Yes,No,No,Female,46,$100-150k,Bachelor degree,college,East South Central
9,Monthly,Always,65,No,The arm rests should be shared,Whoever puts their arm on the arm rest first,The person in the window seat should have exclusive control,No,Somewhat,Three times,"No, the person on the flight has no obligation to the person behind them",No,No,No,No,No,Somewhat,No,Yes,No,No,Female,50,$50-100k,Bachelor degree,college,Middle Atlantic
10,Monthly,About half the time,66,Yes,Other (please specify),Other (please specify),Everyone in the row should have some say,No,No,More than five times times,"Yes, they should not recline their chair if the person behind them asks them not to",No,No,No,No,No,No,No,No,No,No,Female,53,>$150k,Bachelor degree,college,West South Central
11,Monthly,Always,70,No,The arm rests should be shared,The arm rests should be shared,The person in the window seat should have exclusive control,No,No,Twice,"Yes, they should not recline their chair if the person behind them asks them not to",No,No,No,No,No,Somewhat,No,Somewhat,Yes,No,not_Female,49,>$150k,Graduate degree,college,West South Central
12,Monthly,Never,68,No,The person in the middle seat gets both arm rests,The arm rests should be shared,Everyone in the row should have some say,No,Somewhat,Once,"Yes, they should not recline their chair if the person behind them asks them not to",Somewhat,Yes,Somewhat,Somewhat,No,Somewhat,Yes,Yes,No,No,not_Female,58,>$150k,Some college or Associate degree,college,Pacific
13,Monthly,About half the time,73,No,The arm rests should be shared,The arm rests should be shared,The person in the window seat should have exclusive control,No,No,Twice,"No, the person on the flight has no obligation to the person behind them",No,No,No,No,No,No,No,Somewhat,Yes,No,not_Female,71,>$150k,Bachelor degree,college,Pacific
14,Monthly,Never,71,No,The person in the middle seat gets both arm rests,The arm rests should be shared,The person in the window seat should have exclusive control,Somewhat,No,Twice,"Yes, they should not recline their chair if the person behind them asks them not to",Yes,Yes,No,No,No,No,Yes,Yes,No,No,not_Female,48,$100-150k,Some college or Associate degree,college,South Atlantic
15,Monthly,Once in a while,69,Yes,The arm rests should be shared,The arm rests should be shared,Everyone in the row should have some say,Somewhat,Somewhat,Twice,"Yes, they should not recline their chair if the person behind them asks them not to",Somewhat,Yes,No,No,No,Yes,No,Yes,No,No,not_Female,52,>$150k,Bachelor degree,college,East North Central
16,Monthly,Never,72,No,Other (please specify),The arm rests should be shared,The person in the window seat should have exclusive control,Somewhat,No,Twice,"Yes, they should not recline their chair if the person behind them asks them not to",Yes,Yes,No,No,No,No,Yes,Yes,No,No,not_Female,57,$100-150k,Some college or Associate degree,college,South Atlantic
17,Monthly,Always,66,No,The arm rests should be shared,The arm rests should be shared,Everyone in the row should have some say,No,Somewhat,Twice,"Yes, they should not recline their chair if the person behind them asks them not to",No,No,No,No,Somewhat,Somewhat,Somewhat,Yes,Yes,No,not_Female,58,$100-150k,Some college or Associate degree,college,South Atlantic
18,Monthly,Never,63,No,The arm rests should be shared,Other (please specify),Everyone in the row should have some say,No,No,More than five times times,"Yes, they should not recline their chair if the person behind them asks them not to",Yes,Yes,No,No,No,No,No,No,Yes,No,not_Female,20,$50-100k,Bachelor degree,college,New England
19,Monthly,Usually,74,No,The person in the middle seat gets both arm rests,The person by the window,The person in the window seat should have exclusive control,No,Somewhat,Three times,"No, the person on the flight has no obligation to the person behind them",No,No,No,No,No,Somewhat,No,No,Yes,No,not_Female,46,>$150k,Graduate degree,college,East North Central
20,Monthly,Once in a while,67,No,Whoever puts their arm on the arm rest first,The arm rests should be shared,The person in the window seat should have exclusive control,No,No,Four times,"Yes, they should not recline their chair if the person behind them asks them not to",Somewhat,Yes,No,No,No,Somewhat,No,Yes,No,No,Female,85,$50-100k,Graduate degree,college,South Atlantic
21,Monthly,Never,69,No,The arm rests should be shared,The arm rests should be shared,The person in the window seat should have exclusive control,No,No,Twice,"Yes, they should not recline their chair if the person behind them asks them not to",Yes,No,No,No,Somewhat,Yes,Somewhat,Somewhat,Yes,No,Female,23,$50-100k,Some college or Associate degree,college,New England
22,Monthly,Never,70,No,Other (please specify),Other (please specify),The person in the window seat should have exclusive control,Yes,No,It is not okay to get up during flight,"No, the person on the flight has no obligation to the person behind them",Somewhat,Yes,Somewhat,Somewhat,Yes,Yes,Yes,Yes,No,No,not_Female,32,$100-150k,Bachelor degree,college,South Atlantic
23,Monthly,Once in a while,68,Yes,Whoever puts their arm on the arm rest first,Whoever puts their arm on the arm rest first,Everyone in the row should have some say,Somewhat,Somewhat,It is not okay to get up during flight,"Yes, they should not recline their chair if the person behind them asks them not to",Somewhat,No,No,No,Somewhat,Yes,Yes,Yes,No,No,not_Female,24,>$150k,Bachelor degree,college,Middle Atlantic
24,Monthly,Once in a while,69,No,The arm rests should be shared,The arm rests should be shared,Everyone in the row should have some say,Yes,No,More than five times times,"Yes, they should not recline their chair if the person behind them asks them not to",Yes,No,No,No,No,No,No,Yes,No,No,not_Female,58,>$150k,Graduate degree,college,Pacific
25,Monthly,Always,72,No,Other (please specify),Other (please specify),The person in the window seat should have exclusive control,No,No,More than five times times,"No, the person on the flight has no obligation to the person behind them",No,No,No,No,No,Somewhat,Yes,Yes,Yes,No,not_Female,23,$25-50k,Some college or Associate degree,college,East North Central
26,Monthly,Never,70,Yes,The arm rests should be shared,The arm rests should be shared,The person in the window seat should have exclusive control,No,No,Three times,"No, the person on the flight has no obligation to the person behind them",Yes,Yes,No,No,No,No,No,Somewhat,Yes,No,not_Female,52,>$150k,Graduate degree,college,Mountain
27,Monthly,Once in a while,64,Yes,The arm rests should be shared,The arm rests should be shared,Everyone in the row should have some say,No,No,Twice,"Yes, they should not recline their chair if the person behind them asks them not to",No,No,No,No,No,Somewhat,No,Somewhat,No,No,Female,33,$50-100k,Graduate degree,college,Pacific
28,Monthly,Always,64,No,The arm rests should be shared,The arm rests should be shared,Everyone in the row should have some say,No,Somewhat,Four times,"No, the person on the flight has no obligation to the person behind them",No,No,No,No,No,Somewhat,Yes,Yes,Yes,No,Female,54,>$150k,Some college or Associate degree,college,Pacific
29,Monthly,Once in a while,73,Yes,The person in the middle seat gets both arm rests,Other (please specify),Everyone in the row should have some say,No,Somewhat,Once,"No, the person on the flight has no obligation to the person behind them",Somewhat,Yes,No,No,Somewhat,Somewhat,Somewhat,Somewhat,No,No,not_Female,31,>$150k,Graduate degree,college,Pacific
30,Weekly,Always,77,Yes,Other (please specify),Other (please specify),Everyone in the row should have some say,No,No,More than five times times,"No, the person on the flight has no obligation to the person behind them",No,No,No,No,No,No,No,No,Yes,Yes,not_Female,58,$50-100k,Bachelor degree,college,South Atlantic
31,Weekly,Never,65,No,The person in the middle seat gets both arm rests,The arm rests should be shared,The person in the window seat should have exclusive control,Yes,Somewhat,Twice,"Yes, they should not recline their chair if the person behind them asks them not to",Somewhat,Yes,Somewhat,Somewhat,Somewhat,Somewhat,Somewhat,Somewhat,Yes,Yes,not_Female,37,>$150k,High school degree,HS,New England
32,Daily,Usually,67,Yes,Whoever puts their arm on the arm rest first,The person in aisle,The person in the window seat should have exclusive control,Somewhat,Somewhat,Once,"No, the person on the flight has no obligation to the person behind them",Yes,Yes,Somewhat,Somewhat,Somewhat,Somewhat,Yes,Yes,Yes,No,not_Female,20,<$25k,Some college or Associate degree,college,Pacific
33,Daily,Always,80,Yes,Other (please specify),Other (please specify),The person in the window seat should have exclusive control,Yes,Yes,It is not okay to get up during flight,"Yes, they should not recline their chair if the person behind them asks them not to",Yes,Yes,Yes,Yes,Yes,Yes,Yes,Yes,Yes,Yes,Female,41,$50-100k,Bachelor degree,college,Pacific
34,Daily,Once in a while,69,,The people in the aisle and window seats get both arm rests,The person in aisle,Everyone in the row should have some say,Somewhat,Somewhat,Three times,"Yes, they should not recline their chair if the person behind them asks them not to",Yes,Yes,Somewhat,Somewhat,Somewhat,No,Somewhat,Somewhat,No,No,not_Female,26,$25-50k,Less than high school degree,HS,West South Central
35,Semiannually,About half the time,67,No,The person in the middle seat gets both arm rests,The person in aisle,Everyone in the row should have some say,No,No,Twice,"No, the person on the flight has no obligation to the person behind them",No,No,No,No,Somewhat,Somewhat,Somewhat,Yes,Yes,No,not_Female,39,$50-100k,Bachelor degree,college,Pacific
36,Semiannually,Once in a while,74,Yes,The person in the middle seat gets both arm rests,Whoever puts their arm on the arm rest first,Everyone in the row should have some say,No,Somewhat,Twice,"No, the person on the flight has no obligation to the person behind them",Somewhat,Yes,Somewhat,No,No,No,No,Somewhat,No,No,not_Female,40,>$150k,Some college or Associate degree,college,Pacific
37,Semiannually,Usually,72,No,The arm rests should be shared,The arm rests should be shared,Everyone in the row should have some say,Yes,No,Four times,"Yes, they should not recline their chair if the person behind them asks them not to",No,No,No,No,Somewhat,Yes,Somewhat,Yes,No,No,not_Female,43,$50-100k,High school degree,HS,Mountain
38,Semiannually,Once in a while,74,No,The arm rests should be shared,The arm rests should be shared,The person in the window seat should have exclusive control,No,No,Twice,"Yes, they should not recline their chair if the person behind them asks them not to",Somewhat,Yes,No,No,No,No,No,Yes,No,No,not_Female,32,$50-100k,Bachelor degree,college,East North Central
39,Semiannually,Once in a while,71,No,The arm rests should be shared,The arm rests should be shared,Everyone in the row should have some say,Somewhat,No,Twice,"No, the person on the flight has no obligation to the person behind them",No,No,No,No,Somewhat,Somewhat,No,No,No,No,not_Female,20,$25-50k,Bachelor degree,college,Pacific
40,Semiannually,Usually,79,No,The arm rests should be shared,The arm rests should be shared,The person in the window seat should have exclusive control,No,No,Three times,"No, the person on the flight has no obligation to the person behind them",No,No,No,No,No,No,No,Somewhat,Yes,No,not_Female,43,$100-150k,Graduate degree,college,Pacific
41,Semiannually,Usually,74,No,The arm rests should be shared,The arm rests should be shared,Everyone in the row should have some say,No,No,More than five times times,"No, the person on the flight has no obligation to the person behind them",No,No,No,No,No,Somewhat,No,No,Yes,No,not_Female,38,<$25k,Graduate degree,college,Pacific
42,Semiannually,Once in a while,68,No,The arm rests should be shared,The person in aisle,The person in the window seat should have exclusive control,No,No,Twice,"Yes, they should not recline their chair if the person behind them asks them not to",Somewhat,No,No,Somewhat,Somewhat,Yes,No,Somewhat,No,No,not_Female,27,$100-150k,Some college or Associate degree,college,Pacific
43,Semiannually,Once in a while,69,No,Whoever puts their arm on the arm rest first,Whoever puts their arm on the arm rest first,Everyone in the row should have some say,No,No,Three times,"No, the person on the flight has no obligation to the person behind them",No,No,No,No,No,Somewhat,Somewhat,Yes,No,No,not_Female,35,$100-150k,Graduate degree,college,East North Central
44,Semiannually,Once in a while,67,Yes,The arm rests should be shared,The arm rests should be shared,Everyone in the row should have some say,No,No,Three times,"Yes, they should not recline their chair if the person behind them asks them not to",No,No,No,No,Somewhat,Somewhat,No,Somewhat,No,No,not_Female,38,$100-150k,Graduate degree,college,West North Central
45,Semiannually,Once in a while,71,No,The arm rests should be shared,The arm rests should be shared,The person in the window seat should have exclusive control,No,No,Three times,"Yes, they should not recline their chair if the person behind them asks them not to",No,No,No,No,No,Somewhat,Somewhat,Yes,No,No,not_Female,42,$100-150k,Bachelor degree,college,Pacific
46,Semiannually,Never,68,Yes,The arm rests should be shared,The arm rests should be shared,The person in the window seat should have exclusive control,No,No,Three times,"Yes, they should not recline their chair if the person behind them asks them not to",Somewhat,Yes,No,No,No,No,No,Somewhat,Yes,No,not_Female,39,$100-150k,Bachelor degree,college,Pacific
47,Semiannually,Always,70,No,The arm rests should be shared,The arm rests should be shared,Everyone in the row should have some say,No,No,Twice,"No, the person on the flight has no obligation to the person behind them",No,No,Somewhat,Somewhat,No,Somewhat,No,Somewhat,No,No,not_Female,32,$100-150k,Bachelor degree,college,Mountain
48,Semiannually,Once in a while,69,No,The arm rests should be shared,The arm rests should be shared,Everyone in the row should have some say,No,No,Three times,"Yes, they should not recline their chair if the person behind them asks them not to",No,No,No,No,No,Somewhat,No,Yes,No,No,not_Female,74,$50-100k,Bachelor degree,college,East South Central
49,Semiannually,Usually,70,No,The arm rests should be shared,The arm rests should be shared,The person in the window seat should have exclusive control,No,Somewhat,Once,"No, the person on the flight has no obligation to the person behind them",No,No,No,No,Somewhat,Yes,No,Yes,No,No,not_Female,57,>$150k,Graduate degree,college,South Atlantic
50,Semiannually,Never,69,No,The arm rests should be shared,The arm rests should be shared,The person in the window seat should have exclusive control,No,No,Once,"Yes, they should not recline their chair if the person behind them asks them not to",Somewhat,No,No,No,Somewhat,Somewhat,Yes,Yes,Yes,No,not_Female,21,$50-100k,Some college or Associate degree,college,South Atlantic
51,Semiannually,Never,70,Yes,The arm rests should be shared,The arm rests should be shared,Everyone in the row should have some say,No,No,Twice,"Yes, they should not recline their chair if the person behind them asks them not to",No,No,No,No,No,No,Somewhat,Somewhat,No,No,not_Female,54,$50-100k,Bachelor degree,college,Pacific
52,Semiannually,Usually,76,No,The arm rests should be shared,The arm rests should be shared,Everyone in the row should have some say,No,No,Once,"No, the person on the flight has no obligation to the person behind them",Somewhat,No,No,No,Somewhat,Somewhat,Somewhat,Yes,No,No,not_Female,30,$50-100k,Some college or Associate degree,college,Pacific
53,Semiannually,Once in a while,70,No,The arm rests should be shared,The arm rests should be shared,Everyone in the row should have some say,No,No,Four times,"Yes, they should not recline their chair if the person behind them asks them not to",Yes,Yes,No,No,No,Somewhat,Somewhat,Yes,No,No,not_Female,61,$50-100k,Bachelor degree,college,Pacific
54,Semiannually,About half the time,71,No,The person in the middle seat gets both arm rests,Other (please specify),The person in the window seat should have exclusive control,No,No,Twice,"Yes, they should not recline their chair if the person behind them asks them not to",Somewhat,Yes,No,No,No,Somewhat,No,Yes,Yes,No,not_Female,62,>$150k,Bachelor degree,college,Mountain
55,Semiannually,Usually,64,No,The arm rests should be shared,The arm rests should be shared,Everyone in the row should have some say,No,No,Twice,"No, the person on the flight has no obligation to the person behind them",No,No,No,No,No,No,No,Yes,No,No,Female,77,$50-100k,Graduate degree,college,East South Central
56,Semiannually,Once in a while,69,No,The arm rests should be shared,The arm rests should be shared,Everyone in the row should have some say,No,Somewhat,Twice,"Yes, they should not recline their chair if the person behind them asks them not to",Somewhat,Yes,No,No,Somewhat,Somewhat,No,Somewhat,No,No,Female,71,>$150k,Graduate degree,college,East North Central
57,Semiannually,Once in a while,66,No,The arm rests should be shared,The person in aisle,The person in the window seat should have exclusive control,No,Somewhat,Twice,"Yes, they should not recline their chair if the person behind them asks them not to",Somewhat,Yes,No,No,Yes,Somewhat,No,Somewhat,No,No,Female,67,$50-100k,High school degree,HS,West South Central
59,Semiannually,Always,69,No,The person in the middle seat gets both arm rests,The person in aisle,The person in the window seat should have exclusive control,Somewhat,Somewhat,Three times,"No, the person on the flight has no obligation to the person behind them",No,No,Somewhat,Somewhat,No,Somewhat,No,Somewhat,No,No,not_Female,57,$25-50k,Some college or Associate degree,college,Middle Atlantic
60,Semiannually,About half the time,66,No,The arm rests should be shared,The arm rests should be shared,Everyone in the row should have some say,No,No,Three times,"Yes, they should not recline their chair if the person behind them asks them not to",No,No,Somewhat,Somewhat,No,No,No,Somewhat,No,No,Female,74,>$150k,Bachelor degree,college,East North Central
61,Semiannually,Once in a while,62,No,The person in the middle seat gets both arm rests,Whoever puts their arm on the arm rest first,Everyone in the row should have some say,No,No,More than five times times,"Yes, they should not recline their chair if the person behind them asks them not to",No,No,No,No,No,No,No,Somewhat,No,No,Female,83,>$150k,Graduate degree,college,East North Central
62,Semiannually,Always,56,Yes,The arm rests should be shared,The arm rests should be shared,The person in the window seat should have exclusive control,No,No,More than five times times,"Yes, they should not recline their chair if the person behind them asks them not to",No,No,Yes,No,No,No,No,No,No,No,Female,33,$50-100k,Some college or Associate degree,college,West North Central
63,Semiannually,About half the time,63,No,The arm rests should be shared,The person by the window,Everyone in the row should have some say,No,No,Three times,"Yes, they should not recline their chair if the person behind them asks them not to",Somewhat,No,No,No,No,Somewhat,Somewhat,Yes,Yes,No,not_Female,40,$25-50k,Less than high school degree,HS,Middle Atlantic
64,Semiannually,Usually,69,No,The person in the middle seat gets both arm rests,The arm rests should be shared,The person in the window seat should have exclusive control,No,No,Once,"No, the person on the flight has no obligation to the person behind them",No,No,Somewhat,Somewhat,No,Somewhat,No,Yes,No,No,not_Female,76,$50-100k,Some college or Associate degree,college,South Atlantic
65,Semiannually,Usually,72,No,The arm rests should be shared,The arm rests should be shared,The person in the window seat should have exclusive control,Somewhat,No,More than five times times,"No, the person on the flight has no obligation to the person behind them",No,No,No,No,No,Somewhat,No,Somewhat,Yes,No,not_Female,20,<$25k,Some college or Associate degree,college,West South Central
66,Semiannually,Usually,67,Yes,The arm rests should be shared,The arm rests should be shared,Everyone in the row should have some say,No,No,Three times,"Yes, they should not recline their chair if the person behind them asks them not to",Somewhat,No,Somewhat,Somewhat,Somewhat,Somewhat,No,Somewhat,No,No,Female,68,>$150k,Graduate degree,college,Pacific
67,Semiannually,Never,67,No,The arm rests should be shared,The person in aisle,Everyone in the row should have some say,Somewhat,Somewhat,Once,"Yes, they should not recline their chair if the person behind them asks them not to",Yes,Yes,No,No,No,No,No,Somewhat,Yes,No,Female,32,$50-100k,Some college or Associate degree,college,East North Central
68,Semiannually,About half the time,66,No,The person in the middle seat gets both arm rests,The arm rests should be shared,Everyone in the row should have some say,No,No,Three times,"Yes, they should not recline their chair if the person behind them asks them not to",No,No,No,No,No,No,No,No,No,No,Female,82,$50-100k,Graduate degree,college,West South Central
69,Semiannually,About half the time,72,Yes,The arm rests should be shared,The arm rests should be shared,The person in the window seat should have exclusive control,Somewhat,Somewhat,Three times,"Yes, they should not recline their chair if the person behind them asks them not to",No,No,Somewhat,No,No,No,No,Somewhat,No,No,not_Female,57,>$150k,Bachelor degree,college,Middle Atlantic
70,Semiannually,Never,74,No,The arm rests should be shared,The person by the window,Everyone in the row should have some say,No,No,More than five times times,"No, the person on the flight has no obligation to the person behind them",Yes,No,No,No,No,Yes,Yes,Somewhat,No,No,not_Female,76,$50-100k,Bachelor degree,college,East North Central
71,Semiannually,Usually,68,No,The arm rests should be shared,The arm rests should be shared,Everyone in the row should have some say,No,No,Twice,"Yes, they should not recline their chair if the person behind them asks them not to",Somewhat,No,No,No,Somewhat,Yes,No,Somewhat,No,No,Female,73,$100-150k,Graduate degree,college,Middle Atlantic
72,Semiannually,Once in a while,66,Yes,The arm rests should be shared,The person in aisle,The person in the window seat should have exclusive control,No,No,Three times,"Yes, they should not recline their chair if the person behind them asks them not to",Somewhat,No,Somewhat,No,No,Somewhat,No,Somewhat,Yes,No,not_Female,41,$50-100k,Bachelor degree,college,New England
73,Semiannually,About half the time,68,No,The person in the middle seat gets both arm rests,The arm rests should be shared,The person in the window seat should have exclusive control,No,No,Three times,"No, the person on the flight has no obligation to the person behind them",No,No,No,No,Somewhat,Somewhat,No,Yes,Yes,No,not_Female,27,$50-100k,Some college or Associate degree,college,South Atlantic
74,Semiannually,Never,72,No,The person in the middle seat gets both arm rests,Whoever puts their arm on the arm rest first,The person in the window seat should have exclusive control,No,Somewhat,Twice,"Yes, they should not recline their chair if the person behind them asks them not to",Yes,Yes,No,No,No,Somewhat,No,Yes,Yes,No,not_Female,75,$100-150k,Graduate degree,college,Pacific
75,Semiannually,Never,71,No,The arm rests should be shared,The arm rests should be shared,Everyone in the row should have some say,No,No,Twice,"No, the person on the flight has no obligation to the person behind them",No,Yes,Yes,Yes,No,Somewhat,Somewhat,Yes,No,No,not_Female,68,$100-150k,Bachelor degree,college,Mountain
76,Semiannually,Never,76,No,The arm rests should be shared,The arm rests should be shared,The person in the window seat should have exclusive control,Somewhat,No,Three times,"Yes, they should not recline their chair if the person behind them asks them not to",Yes,Yes,No,No,No,No,Somewhat,Yes,No,No,not_Female,25,$25-50k,Bachelor degree,college,Pacific
77,Semiannually,Once in a while,64,No,The arm rests should be shared,The arm rests should be shared,Everyone in the row should have some say,No,No,More than five times times,"Yes, they should not recline their chair if the person behind them asks them not to",No,Yes,Somewhat,No,No,Somewhat,Somewhat,Yes,Yes,No,Female,42,>$150k,Some college or Associate degree,college,East North Central
78,Semiannually,Always,70,No,The arm rests should be shared,The arm rests should be shared,The person in the window seat should have exclusive control,No,No,Twice,"Yes, they should not recline their chair if the person behind them asks them not to",No,No,No,No,No,Yes,No,Yes,No,No,not_Female,75,>$150k,Graduate degree,college,South Atlantic
79,Semiannually,Once in a while,67,No,The people in the aisle and window seats get both arm rests,The person by the window,Everyone in the row should have some say,No,No,Twice,"No, the person on the flight has no obligation to the person behind them",Somewhat,Yes,No,No,Somewhat,Yes,No,Yes,No,No,Female,49,>$150k,Graduate degree,college,South Atlantic
80,Semiannually,About half the time,75,No,The people in the aisle and window seats get both arm rests,The arm rests should be shared,Everyone in the row should have some say,No,No,Twice,"Yes, they should not recline their chair if the person behind them asks them not to",Somewhat,Yes,Somewhat,No,Somewhat,Somewhat,Somewhat,Somewhat,Yes,No,not_Female,51,$50-100k,Bachelor degree,college,Pacific
81,Semiannually,Usually,63,Yes,The arm rests should be shared,The arm rests should be shared,The person in the window seat should have exclusive control,No,No,Three times,"Yes, they should not recline their chair if the person behind them asks them not to",No,No,No,No,No,No,No,No,Yes,No,Female,34,$50-100k,Bachelor degree,college,Middle Atlantic
83,Semiannually,Once in a while,70,No,The arm rests should be shared,The arm rests should be shared,Everyone in the row should have some say,No,No,Twice,"Yes, they should not recline their chair if the person behind them asks them not to",No,No,No,No,Somewhat,Somewhat,No,No,No,No,Female,77,$100-150k,Bachelor degree,college,East North Central
84,Semiannually,About half the time,72,Yes,The arm rests should be shared,The arm rests should be shared,Everyone in the row should have some say,No,No,More than five times times,"No, the person on the flight has no obligation to the person behind them",No,No,No,No,Somewhat,Yes,No,No,Yes,No,not_Female,30,$50-100k,Graduate degree,college,East North Central
85,Semiannually,Once in a while,71,Yes,The person in the middle seat gets both arm rests,The arm rests should be shared,The person in the window seat should have exclusive control,No,No,Four times,"No, the person on the flight has no obligation to the person behind them",No,No,No,No,No,Yes,No,Somewhat,No,No,not_Female,52,>$150k,Graduate degree,college,Middle Atlantic
86,Semiannually,Once in a while,72,No,Other (please specify),Other (please specify),Everyone in the row should have some say,No,Somewhat,Four times,"Yes, they should not recline their chair if the person behind them asks them not to",Somewhat,Yes,No,No,No,No,No,Somewhat,No,No,not_Female,57,>$150k,Graduate degree,college,East South Central
87,Semiannually,Usually,70,No,The arm rests should be shared,The arm rests should be shared,Everyone in the row should have some say,No,No,Twice,"Yes, they should not recline their chair if the person behind them asks them not to",No,No,No,No,No,Somewhat,Yes,Yes,No,No,not_Female,43,$25-50k,Graduate degree,college,West South Central
89,Semiannually,Usually,69,No,The arm rests should be shared,The arm rests should be shared,The person in the window seat should have exclusive control,No,No,Three times,"No, the person on the flight has no obligation to the person behind them",Somewhat,Yes,No,No,Somewhat,Somewhat,No,Somewhat,No,No,Female,52,$50-100k,Bachelor degree,college,Pacific
90,Semiannually,About half the time,63,No,The person in the middle seat gets both arm rests,The person in aisle,The person in the window seat should have exclusive control,No,No,Once,"Yes, they should not recline their chair if the person behind them asks them not to",Somewhat,No,Somewhat,Somewhat,Somewhat,Yes,Somewhat,Yes,No,No,Female,38,>$150k,Graduate degree,college,Pacific
91,Semiannually,Once in a while,65,No,The arm rests should be shared,The arm rests should be shared,Everyone in the row should have some say,No,No,Three times,"Yes, they should not recline their chair if the person behind them asks them not to",Somewhat,Yes,Somewhat,Somewhat,No,Somewhat,Somewhat,Yes,No,No,Female,69,$50-100k,Graduate degree,college,South Atlantic
92,Semiannually,Once in a while,64,Yes,The arm rests should be shared,The arm rests should be shared,The person in the window seat should have exclusive control,No,No,Twice,"Yes, they should not recline their chair if the person behind them asks them not to",Somewhat,Yes,No,No,No,Somewhat,No,Somewhat,No,No,Female,30,>$150k,Bachelor degree,college,West South Central
93,Semiannually,Always,67,No,The arm rests should be shared,The arm rests should be shared,Everyone in the row should have some say,No,No,Twice,"No, the person on the flight has no obligation to the person behind them",No,No,No,No,No,No,Somewhat,Yes,No,No,Female,52,$100-150k,Bachelor degree,college,
94,Semiannually,Once in a while,63,Yes,The arm rests should be shared,The arm rests should be shared,The person in the window seat should have exclusive control,No,Yes,Three times,"Yes, they should not recline their chair if the person behind them asks them not to",No,No,No,No,Somewhat,No,No,No,No,No,Female,39,>$150k,Graduate degree,college,West South Central
95,Semiannually,Always,60,No,Other (please specify),The arm rests should be shared,Everyone in the row should have some say,No,Yes,Once,"Yes, they should not recline their chair if the person behind them asks them not to",Somewhat,No,No,No,Somewhat,Somewhat,No,Yes,No,No,Female,51,$100-150k,Bachelor degree,college,Middle Atlantic
96,Semiannually,Once in a while,72,No,The arm rests should be shared,The arm rests should be shared,Everyone in the row should have some say,No,No,Three times,"Yes, they should not recline their chair if the person behind them asks them not to",Somewhat,No,No,No,No,Yes,No,Yes,No,No,not_Female,58,$100-150k,Bachelor degree,college,West North Central
97,Semiannually,About half the time,63,No,The arm rests should be shared,The arm rests should be shared,Everyone in the row should have some say,Somewhat,No,Four times,"Yes, they should not recline their chair if the person behind them asks them not to",Somewhat,No,No,No,No,Somewhat,Somewhat,Yes,No,No,Female,49,$100-150k,Graduate degree,college,Pacific
98,Semiannually,Once in a while,72,No,The arm rests should be shared,The arm rests should be shared,Everyone in the row should have some say,No,No,Four times,"Yes, they should not recline their chair if the person behind them asks them not to",No,No,No,No,No,No,No,No,Yes,No,not_Female,34,>$150k,Graduate degree,college,West South Central
99,Semiannually,Once in a while,61,No,The arm rests should be shared,Other (please specify),Everyone in the row should have some say,No,Somewhat,Three times,"Yes, they should not recline their chair if the person behind them asks them not to",Somewhat,No,Somewhat,No,Somewhat,Somewhat,No,Somewhat,No,No,Female,71,>$150k,Graduate degree,college,South Atlantic
100,Semiannually,Never,75,Yes,Whoever puts their arm on the arm rest first,The arm rests should be shared,The person in the window seat should have exclusive control,No,No,More than five times times,"No, the person on the flight has no obligation to the person behind them",No,No,Somewhat,No,No,No,No,Yes,No,No,not_Female,59,$100-150k,Some college or Associate degree,college,Middle Atlantic
101,Semiannually,Once in a while,72,Yes,The arm rests should be shared,The arm rests should be shared,The person in the window seat should have exclusive control,No,No,Four times,"Yes, they should not recline their chair if the person behind them asks them not to",Somewhat,No,No,No,No,No,No,Somewhat,No,No,not_Female,59,$50-100k,Graduate degree,college,West South Central
102,Semiannually,Usually,62,No,Whoever puts their arm on the arm rest first,Whoever puts their arm on the arm rest first,The person in the window seat should have exclusive control,No,No,Three times,"No, the person on the flight has no obligation to the person behind them",No,No,No,No,Somewhat,Somewhat,No,No,Yes,No,Female,56,$50-100k,High school degree,HS,East South Central
103,Semiannually,Always,65,No,Other (please specify),Other (please specify),Everyone in the row should have some say,No,No,Three times,"No, the person on the flight has no obligation to the person behind them",No,No,No,No,Somewhat,Yes,Somewhat,Yes,No,No,Female,61,$100-150k,Graduate degree,college,East South Central
104,Semiannually,Usually,68,No,The arm rests should be shared,The arm rests should be shared,The person in the window seat should have exclusive control,No,No,More than five times times,"No, the person on the flight has no obligation to the person behind them",No,No,No,No,No,No,No,No,No,No,not_Female,32,>$150k,Bachelor degree,college,Pacific
105,Semiannually,Never,71,No,The people in the aisle and window seats get both arm rests,The person by the window,Everyone in the row should have some say,Somewhat,Yes,It is not okay to get up during flight,"No, the person on the flight has no obligation to the person behind them",Yes,Yes,Yes,Yes,Yes,Yes,No,Yes,No,No,not_Female,21,>$150k,Graduate degree,college,New England
106,Semiannually,Once in a while,72,No,The person in the middle seat gets both arm rests,The arm rests should be shared,Everyone in the row should have some say,No,Somewhat,Four times,"Yes, they should not recline their chair if the person behind them asks them not to",Somewhat,Yes,No,No,No,No,Somewhat,Yes,Yes,No,not_Female,66,>$150k,Graduate degree,college,Pacific
107,Semiannually,Usually,65,No,The person in the middle seat gets both arm rests,The arm rests should be shared,Everyone in the row should have some say,No,No,Twice,"No, the person on the flight has no obligation to the person behind them",No,No,No,No,No,Somewhat,Yes,Yes,Yes,No,not_Female,33,>$150k,Some college or Associate degree,college,Pacific
108,Semiannually,Once in a while,65,Yes,Other (please specify),Whoever puts their arm on the arm rest first,Everyone in the row should have some say,No,No,Four times,"Yes, they should not recline their chair if the person behind them asks them not to",Somewhat,No,No,No,No,No,No,Somewhat,No,No,Female,51,$100-150k,Graduate degree,college,Pacific
109,Semiannually,Once in a while,71,No,The arm rests should be shared,The arm rests should be shared,Everyone in the row should have some say,No,No,Three times,"Yes, they should not recline their chair if the person behind them asks them not to",Somewhat,Yes,No,No,No,No,No,No,No,No,Female,38,$50-100k,Graduate degree,college,Pacific
110,Semiannually,About half the time,62,No,The arm rests should be shared,The arm rests should be shared,The person in the window seat should have exclusive control,No,No,Three times,"No, the person on the flight has no obligation to the person behind them",No,No,No,No,Somewhat,Yes,Somewhat,Somewhat,Yes,No,Female,20,$50-100k,Bachelor degree,college,Pacific
111,Semiannually,Once in a while,67,No,The person in the middle seat gets both arm rests,The arm rests should be shared,Everyone in the row should have some say,No,Somewhat,Three times,"Yes, they should not recline their chair if the person behind them asks them not to",Somewhat,Yes,No,No,No,Yes,Yes,Yes,Yes,No,not_Female,51,>$150k,Bachelor degree,college,Pacific
112,Semiannually,Once in a while,72,No,The arm rests should be shared,The arm rests should be shared,The person in the window seat should have exclusive control,No,No,Twice,"Yes, they should not recline their chair if the person behind them asks them not to",Somewhat,Yes,No,No,No,No,No,Yes,No,No,not_Female,50,$50-100k,Bachelor degree,college,West South Central
113,Semiannually,Usually,65,No,The arm rests should be shared,The arm rests should be shared,The person in the window seat should have exclusive control,Somewhat,No,Three times,"No, the person on the flight has no obligation to the person behind them",No,No,No,No,Somewhat,Somewhat,Somewhat,Yes,No,No,Female,62,>$150k,Graduate degree,college,Pacific
114,Semiannually,Never,70,No,The arm rests should be shared,The person by the window,Everyone in the row should have some say,Somewhat,No,Three times,"No, the person on the flight has no obligation to the person behind them",No,Yes,Yes,Yes,No,Somewhat,Yes,Yes,No,No,not_Female,79,$100-150k,Graduate degree,college,Pacific
115,Semiannually,Usually,67,No,The arm rests should be shared,The arm rests should be shared,Everyone in the row should have some say,No,No,Twice,"No, the person on the flight has no obligation to the person behind them",No,No,No,No,No,Somewhat,No,Somewhat,No,No,Female,58,$50-100k,Bachelor degree,college,South Atlantic
116,Semiannually,Always,65,Yes,The arm rests should be shared,The arm rests should be shared,Everyone in the row should have some say,Somewhat,No,Twice,"Yes, they should not recline their chair if the person behind them asks them not to",No,No,No,No,No,No,No,Somewhat,No,No,Female,55,$50-100k,Bachelor degree,college,South Atlantic
117,Semiannually,About half the time,68,Yes,The arm rests should be shared,The arm rests should be shared,Everyone in the row should have some say,Yes,No,It is not okay to get up during flight,"No, the person on the flight has no obligation to the person behind them",No,No,No,No,No,No,No,Somewhat,No,No,not_Female,81,$100-150k,Bachelor degree,college,Pacific
118,Semiannually,Always,73,No,The arm rests should be shared,The arm rests should be shared,Everyone in the row should have some say,No,No,Three times,"No, the person on the flight has no obligation to the person behind them",No,No,No,No,Somewhat,Somewhat,No,Somewhat,No,No,not_Female,67,>$150k,Graduate degree,college,Pacific
119,Semiannually,Usually,65,No,The arm rests should be shared,The arm rests should be shared,Everyone in the row should have some say,No,No,Three times,"Yes, they should not recline their chair if the person behind them asks them not to",No,No,Somewhat,No,Somewhat,Yes,No,No,Yes,No,not_Female,25,$50-100k,Bachelor degree,college,East North Central
120,Semiannually,Never,68,Yes,The people in the aisle and window seats get both arm rests,The arm rests should be shared,The person in the window seat should have exclusive control,No,No,Three times,"Yes, they should not recline their chair if the person behind them asks them not to",Yes,Yes,No,No,No,No,No,No,No,No,Female,37,$50-100k,Graduate degree,college,West North Central
121,Semiannually,Always,71,No,Whoever puts their arm on the arm rest first,Whoever puts their arm on the arm rest first,The person in the window seat should have exclusive control,No,No,More than five times times,"No, the person on the flight has no obligation to the person behind them",No,No,No,No,No,No,No,Yes,Yes,No,not_Female,53,$100-150k,Bachelor degree,college,Middle Atlantic
122,Semiannually,About half the time,66,No,The arm rests should be shared,The person in aisle,The person in the window seat should have exclusive control,No,No,Four times,"Yes, they should not recline their chair if the person behind them asks them not to",Somewhat,No,Somewhat,Somewhat,Somewhat,Yes,Somewhat,Yes,No,No,Female,26,$50-100k,Bachelor degree,college,New England
123,Semiannually,Usually,67,No,The arm rests should be shared,The arm rests should be shared,Everyone in the row should have some say,No,No,Three times,"No, the person on the flight has no obligation to the person behind them",No,No,Somewhat,No,No,No,No,Somewhat,No,No,Female,22,$25-50k,Bachelor degree,college,West North Central
124,Semiannually,Never,64,No,The person in the middle seat gets both arm rests,Whoever puts their arm on the arm rest first,The person in the window seat should have exclusive control,Somewhat,No,Twice,"Yes, they should not recline their chair if the person behind them asks them not to",Yes,Yes,No,No,No,Somewhat,No,Somewhat,No,No,Female,29,$50-100k,Bachelor degree,college,Mountain
125,Semiannually,Once in a while,62,No,The person in the middle seat gets both arm rests,The person in aisle,Everyone in the row should have some say,No,No,Three times,"Yes, they should not recline their chair if the person behind them asks them not to",Somewhat,No,No,No,No,No,No,No,No,No,Female,56,$25-50k,Some college or Associate degree,college,Middle Atlantic
126,Semiannually,Once in a while,68,No,Whoever puts their arm on the arm rest first,Whoever puts their arm on the arm rest first,Everyone in the row should have some say,No,Somewhat,Twice,"No, the person on the flight has no obligation to the person behind them",No,No,No,No,Somewhat,Yes,No,Somewhat,No,No,Female,25,$50-100k,Bachelor degree,college,Pacific
127,Semiannually,Once in a while,67,No,The arm rests should be shared,The arm rests should be shared,The person in the window seat should have exclusive control,No,No,Twice,"Yes, they should not recline their chair if the person behind them asks them not to",Somewhat,No,Somewhat,No,Somewhat,Somewhat,No,Yes,No,No,not_Female,49,$100-150k,Graduate degree,college,Mountain
128,Semiannually,Once in a while,70,No,The arm rests should be shared,The arm rests should be shared,The person in the window seat should have exclusive control,No,No,Three times,"No, the person on the flight has no obligation to the person behind them",No,Yes,No,No,No,No,No,Somewhat,No,No,not_Female,83,<$25k,Graduate degree,college,New England
129,Semiannually,Always,70,No,The person in the middle seat gets both arm rests,The arm rests should be shared,Everyone in the row should have some say,No,No,Three times,"No, the person on the flight has no obligation to the person behind them",No,No,No,No,No,No,Somewhat,Yes,No,No,not_Female,69,>$150k,Graduate degree,college,Pacific
130,Semiannually,Once in a while,70,No,The person in the middle seat gets both arm rests,Whoever puts their arm on the arm rest first,The person in the window seat should have exclusive control,Somewhat,No,Twice,"Yes, they should not recline their chair if the person behind them asks them not to",No,Yes,No,No,No,Yes,No,Somewhat,No,No,not_Female,21,$50-100k,Bachelor degree,college,Pacific
131,Semiannually,Usually,66,Yes,The arm rests should be shared,The arm rests should be shared,Everyone in the row should have some say,No,No,Twice,"Yes, they should not recline their chair if the person behind them asks them not to",No,No,No,No,Somewhat,Somewhat,Somewhat,Somewhat,Yes,No,not_Female,34,$50-100k,Graduate degree,college,West South Central
132,Semiannually,Never,60,No,The arm rests should be shared,The arm rests should be shared,The person in the window seat should have exclusive control,No,No,Three times,"Yes, they should not recline their chair if the person behind them asks them not to",Somewhat,No,No,No,Somewhat,Somewhat,No,No,No,No,Female,22,$50-100k,Some college or Associate degree,college,Pacific
133,Semiannually,Once in a while,70,No,The arm rests should be shared,The arm rests should be shared,Everyone in the row should have some say,No,No,Four times,"Yes, they should not recline their chair if the person behind them asks them not to",Somewhat,No,No,No,No,No,Somewhat,Somewhat,No,No,not_Female,83,$100-150k,Graduate degree,college,West North Central
134,Semiannually,Usually,66,Yes,The arm rests should be shared,The person by the window,Everyone in the row should have some say,Somewhat,No,Twice,"Yes, they should not recline their chair if the person behind them asks them not to",No,No,No,No,No,No,No,No,No,No,Female,46,>$150k,Graduate degree,college,West North Central
135,Semiannually,Never,74,No,The person in the middle seat gets both arm rests,The arm rests should be shared,Everyone in the row should have some say,No,No,Twice,"Yes, they should not recline their chair if the person behind them asks them not to",Yes,Yes,No,No,Somewhat,Somewhat,Somewhat,Somewhat,No,No,not_Female,19,$50-100k,Bachelor degree,college,West South Central
137,Semiannually,Never,71,No,The arm rests should be shared,Whoever puts their arm on the arm rest first,Everyone in the row should have some say,No,No,Twice,"Yes, they should not recline their chair if the person behind them asks them not to",Somewhat,Yes,No,No,No,Somewhat,No,Somewhat,Yes,No,Female,26,$50-100k,Bachelor degree,college,West South Central
138,Semiannually,Never,71,Yes,The arm rests should be shared,The arm rests should be shared,The person in the window seat should have exclusive control,No,No,Twice,"Yes, they should not recline their chair if the person behind them asks them not to",Somewhat,No,Somewhat,Somewhat,Somewhat,Yes,No,Somewhat,Yes,No,not_Female,38,$50-100k,Bachelor degree,college,Mountain
139,Semiannually,About half the time,74,No,The arm rests should be shared,The arm rests should be shared,Everyone in the row should have some say,No,No,Three times,"No, the person on the flight has no obligation to the person behind them",Somewhat,Yes,Somewhat,Somewhat,No,No,No,No,No,No,not_Female,60,>$150k,Graduate degree,college,Middle Atlantic
140,Semiannually,Once in a while,70,No,The arm rests should be shared,The arm rests should be shared,Everyone in the row should have some say,No,No,Three times,"Yes, they should not recline their chair if the person behind them asks them not to",Somewhat,Yes,No,No,No,No,No,Somewhat,No,No,Female,51,$100-150k,Bachelor degree,college,West South Central
141,Semiannually,Never,67,No,The arm rests should be shared,The arm rests should be shared,Everyone in the row should have some say,No,No,Twice,"Yes, they should not recline their chair if the person behind them asks them not to",Somewhat,Yes,No,No,Somewhat,Somewhat,No,Somewhat,No,No,Female,48,$100-150k,High school degree,HS,East North Central
142,Semiannually,Never,73,No,The person in the middle seat gets both arm rests,Other (please specify),The person in the window seat should have exclusive control,Yes,Somewhat,Twice,"Yes, they should not recline their chair if the person behind them asks them not to",Somewhat,Yes,No,No,No,Somewhat,Somewhat,Yes,No,No,not_Female,63,$100-150k,Bachelor degree,college,South Atlantic
143,Semiannually,Never,69,No,The arm rests should be shared,The arm rests should be shared,The person in the window seat should have exclusive control,No,No,Three times,"No, the person on the flight has no obligation to the person behind them",Somewhat,No,No,No,Somewhat,Yes,Somewhat,Yes,No,No,not_Female,27,$25-50k,Bachelor degree,college,East North Central
144,Semiannually,Once in a while,66,No,Whoever puts their arm on the arm rest first,Whoever puts their arm on the arm rest first,The person in the window seat should have exclusive control,No,No,Four times,"Yes, they should not recline their chair if the person behind them asks them not to",Somewhat,Yes,No,No,Somewhat,Somewhat,Somewhat,Somewhat,Yes,No,Female,25,$25-50k,Some college or Associate degree,college,East North Central
145,Semiannually,Never,68,No,The arm rests should be shared,The arm rests should be shared,Everyone in the row should have some say,No,Somewhat,Three times,"Yes, they should not recline their chair if the person behind them asks them not to",Somewhat,Yes,No,No,Somewhat,Somewhat,No,Somewhat,No,No,not_Female,19,$50-100k,Some college or Associate degree,college,Mountain
146,Semiannually,Once in a while,69,No,Whoever puts their arm on the arm rest first,Whoever puts their arm on the arm rest first,The person in the window seat should have exclusive control,No,No,Four times,"Yes, they should not recline their chair if the person behind them asks them not to",Somewhat,No,Somewhat,Somewhat,No,Somewhat,Somewhat,Somewhat,No,No,not_Female,42,$50-100k,Bachelor degree,college,East North Central
147,Semiannually,Never,68,No,The person in the middle seat gets both arm rests,The person in aisle,Everyone in the row should have some say,No,No,Once,"Yes, they should not recline their chair if the person behind them asks them not to",Somewhat,No,Somewhat,No,No,Somewhat,No,Yes,No,No,not_Female,27,>$150k,Bachelor degree,college,East North Central
148,Semiannually,About half the time,65,No,Other (please specify),Whoever puts their arm on the arm rest first,Everyone in the row should have some say,No,No,Three times,"Yes, they should not recline their chair if the person behind them asks them not to",No,No,No,No,Somewhat,Somewhat,No,No,No,No,Female,66,>$150k,Graduate degree,college,South Atlantic
149,Semiannually,Usually,60,No,The arm rests should be shared,The person in aisle,Everyone in the row should have some say,No,No,Three times,"Yes, they should not recline their chair if the person behind them asks them not to",No,No,No,No,No,No,Somewhat,Somewhat,No,No,Female,19,$25-50k,Some college or Associate degree,college,South Atlantic
150,Semiannually,Once in a while,68,No,The person in the middle seat gets both arm rests,The arm rests should be shared,Everyone in the row should have some say,No,Somewhat,Three times,"Yes, they should not recline their chair if the person behind them asks them not to",Somewhat,Yes,No,No,No,No,No,No,No,No,Female,22,>$150k,Graduate degree,college,Middle Atlantic
151,Semiannually,Once in a while,72,No,The arm rests should be shared,The arm rests should be shared,The person in the window seat should have exclusive control,Yes,No,Four times,"Yes, they should not recline their chair if the person behind them asks them not to",Somewhat,Yes,No,No,No,Somewhat,No,Somewhat,No,No,not_Female,47,$100-150k,Some college or Associate degree,college,West South Central
152,Semiannually,About half the time,70,No,The arm rests should be shared,The arm rests should be shared,The person in the window seat should have exclusive control,No,No,More than five times times,"Yes, they should not recline their chair if the person behind them asks them not to",No,No,No,No,No,No,No,No,No,No,Female,33,$50-100k,Graduate degree,college,South Atlantic
153,Semiannually,Usually,69,Yes,The person in the middle seat gets both arm rests,The arm rests should be shared,The person in the window seat should have exclusive control,No,No,Three times,"No, the person on the flight has no obligation to the person behind them",No,No,No,No,No,Somewhat,No,Yes,No,No,not_Female,45,>$150k,Bachelor degree,college,Pacific
154,Semiannually,Once in a while,61,No,The arm rests should be shared,The arm rests should be shared,Everyone in the row should have some say,No,Somewhat,Twice,"No, the person on the flight has no obligation to the person behind them",Somewhat,Yes,No,No,No,No,No,Yes,Yes,No,Female,44,$50-100k,Graduate degree,college,South Atlantic
155,Semiannually,About half the time,66,No,The person in the middle seat gets both arm rests,The arm rests should be shared,Everyone in the row should have some say,No,No,Three times,"Yes, they should not recline their chair if the person behind them asks them not to",Somewhat,Yes,No,No,Somewhat,Somewhat,No,Yes,Yes,No,not_Female,77,$100-150k,Some college or Associate degree,college,New England
156,Semiannually,About half the time,69,Yes,The person in the middle seat gets both arm rests,The arm rests should be shared,Everyone in the row should have some say,No,No,Twice,"No, the person on the flight has no obligation to the person behind them",No,No,Somewhat,Somewhat,No,Somewhat,No,Yes,No,No,not_Female,55,>$150k,Bachelor degree,college,New England
157,Semiannually,Always,72,No,The arm rests should be shared,The arm rests should be shared,The person in the window seat should have exclusive control,No,No,More than five times times,"No, the person on the flight has no obligation to the person behind them",No,No,No,No,No,No,No,Yes,Yes,No,not_Female,55,>$150k,Bachelor degree,college,West South Central
158,Semiannually,Usually,65,No,The arm rests should be shared,The person in aisle,Everyone in the row should have some say,No,No,Twice,"Yes, they should not recline their chair if the person behind them asks them not to",No,No,No,No,No,Somewhat,No,Somewhat,Yes,No,Female,26,$50-100k,Bachelor degree,college,South Atlantic
159,Semiannually,About half the time,63,No,The arm rests should be shared,The arm rests should be shared,The person in the window seat should have exclusive control,No,No,Three times,"No, the person on the flight has no obligation to the person behind them",No,No,Somewhat,No,No,No,No,Somewhat,Yes,No,Female,68,>$150k,Some college or Associate degree,college,West South Central
160,Semiannually,Once in a while,69,No,The arm rests should be shared,The arm rests should be shared,Everyone in the row should have some say,No,No,More than five times times,"Yes, they should not recline their chair if the person behind them asks them not to",No,No,No,No,No,Somewhat,Yes,Yes,No,No,not_Female,45,$25-50k,Some college or Associate degree,college,Mountain
161,Semiannually,Usually,70,No,The person in the middle seat gets both arm rests,The person in aisle,The person in the window seat should have exclusive control,No,No,Four times,"No, the person on the flight has no obligation to the person behind them",No,No,No,No,No,No,Somewhat,Somewhat,Yes,No,not_Female,19,$50-100k,Bachelor degree,college,Pacific
162,Semiannually,Never,71,Yes,The arm rests should be shared,The arm rests should be shared,The person in the window seat should have exclusive control,No,Somewhat,Twice,"Yes, they should not recline their chair if the person behind them asks them not to",Yes,Yes,No,No,No,Somewhat,No,Somewhat,No,No,not_Female,47,>$150k,Graduate degree,college,South Atlantic
163,Semiannually,Usually,64,No,The arm rests should be shared,The person in aisle,Everyone in the row should have some say,Yes,Yes,Three times,"No, the person on the flight has no obligation to the person behind them",No,No,No,No,No,No,Somewhat,Yes,No,No,Female,83,$100-150k,Graduate degree,college,West North Central
164,Semiannually,Usually,65,No,The arm rests should be shared,The person in aisle,Everyone in the row should have some say,Somewhat,No,Three times,"No, the person on the flight has no obligation to the person behind them",No,No,Somewhat,No,Somewhat,Yes,Somewhat,Yes,Yes,No,Female,23,$100-150k,Some college or Associate degree,college,Pacific
165,Semiannually,Usually,69,No,The arm rests should be shared,The arm rests should be shared,Everyone in the row should have some say,Somewhat,No,Three times,"No, the person on the flight has no obligation to the person behind them",No,No,No,No,Yes,Yes,No,No,Yes,No,not_Female,43,$100-150k,Graduate degree,college,South Atlantic
166,Semiannually,About half the time,68,No,The arm rests should be shared,The arm rests should be shared,The person in the window seat should have exclusive control,Yes,Yes,Twice,"Yes, they should not recline their chair if the person behind them asks them not to",No,Yes,Yes,Yes,Yes,Yes,Yes,Yes,No,No,not_Female,54,>$150k,Graduate degree,college,West North Central
167,Semiannually,Never,57,No,The arm rests should be shared,Whoever puts their arm on the arm rest first,Everyone in the row should have some say,No,No,More than five times times,"No, the person on the flight has no obligation to the person behind them",Somewhat,No,Somewhat,Somewhat,Somewhat,No,No,Somewhat,No,No,Female,77,>$150k,Graduate degree,college,West North Central
168,Semiannually,Usually,72,No,Other (please specify),The person in aisle,The person in the window seat should have exclusive control,No,No,Three times,"No, the person on the flight has no obligation to the person behind them",No,No,No,No,No,Yes,Yes,Yes,No,No,not_Female,22,$50-100k,Bachelor degree,college,Middle Atlantic
169,Semiannually,Usually,68,Yes,The person in the middle seat gets both arm rests,The person in aisle,Everyone in the row should have some say,No,No,Three times,"Yes, they should not recline their chair if the person behind them asks them not to",No,No,No,No,No,Somewhat,No,No,Yes,No,not_Female,42,>$150k,Bachelor degree,college,East North Central
170,Semiannually,Once in a while,70,No,Other (please specify),Other (please specify),The person in the window seat should have exclusive control,No,No,Four times,"Yes, they should not recline their chair if the person behind them asks them not to",Somewhat,No,No,No,Somewhat,Somewhat,No,Yes,No,No,not_Female,56,$100-150k,Bachelor degree,college,South Atlantic
171,Semiannually,About half the time,66,Yes,The arm rests should be shared,The arm rests should be shared,The person in the window seat should have exclusive control,No,No,Twice,"Yes, they should not recline their chair if the person behind them asks them not to",No,No,Somewhat,No,No,Somewhat,No,Somewhat,No,No,Female,34,$100-150k,Bachelor degree,college,East North Central
172,Semiannually,Never,70,No,The person in the middle seat gets both arm rests,Other (please specify),The person in the window seat should have exclusive control,No,Somewhat,Three times,"Yes, they should not recline their chair if the person behind them asks them not to",Somewhat,No,No,No,Somewhat,Yes,No,No,No,No,not_Female,26,$25-50k,Bachelor degree,college,West North Central
173,Semiannually,Never,76,No,The person in the middle seat gets both arm rests,The arm rests should be shared,The person in the window seat should have exclusive control,Somewhat,No,Twice,"No, the person on the flight has no obligation to the person behind them",Somewhat,Yes,No,No,Somewhat,Yes,No,Somewhat,No,No,not_Female,21,$25-50k,Some college or Associate degree,college,East North Central
174,Semiannually,About half the time,60,No,The arm rests should be shared,The arm rests should be shared,The person in the window seat should have exclusive control,No,Somewhat,Twice,"Yes, they should not recline their chair if the person behind them asks them not to",No,No,No,No,No,Somewhat,No,Somewhat,No,No,Female,41,$50-100k,Graduate degree,college,East North Central
175,Semiannually,About half the time,60,No,The person in the middle seat gets both arm rests,The arm rests should be shared,The person in the window seat should have exclusive control,No,No,Twice,"No, the person on the flight has no obligation to the person behind them",No,No,No,No,Somewhat,Somewhat,Yes,Yes,No,No,Female,41,$50-100k,Bachelor degree,college,New England
176,Semiannually,Never,67,Yes,Whoever puts their arm on the arm rest first,Whoever puts their arm on the arm rest first,Everyone in the row should have some say,No,No,Twice,"No, the person on the flight has no obligation to the person behind them",No,No,No,No,No,No,No,No,No,No,not_Female,46,>$150k,Bachelor degree,college,Middle Atlantic
177,Semiannually,Never,75,No,The arm rests should be shared,The arm rests should be shared,Everyone in the row should have some say,No,No,Once,"Yes, they should not recline their chair if the person behind them asks them not to",Somewhat,Yes,No,No,Somewhat,No,No,Somewhat,No,No,not_Female,50,>$150k,Bachelor degree,college,West South Central
178,Semiannually,Once in a while,65,No,The person in the middle seat gets both arm rests,Whoever puts their arm on the arm rest first,Everyone in the row should have some say,No,No,Three times,"No, the person on the flight has no obligation to the person behind them",No,Yes,No,No,No,No,No,Somewhat,No,No,not_Female,45,$50-100k,Some college or Associate degree,college,Middle Atlantic
179,Semiannually,About half the time,64,No,The arm rests should be shared,The arm rests should be shared,The person in the window seat should have exclusive control,No,No,Twice,"No, the person on the flight has no obligation to the person behind them",No,No,Yes,Yes,Somewhat,Somewhat,Yes,Yes,No,No,Female,71,$25-50k,Graduate degree,college,West North Central
180,Semiannually,Always,68,No,The arm rests should be shared,The arm rests should be shared,Everyone in the row should have some say,No,No,Three times,"No, the person on the flight has no obligation to the person behind them",No,No,No,No,No,No,No,Somewhat,No,No,not_Female,52,$100-150k,Bachelor degree,college,Pacific
181,Semiannually,Always,76,No,The people in the aisle and window seats get both arm rests,The person in aisle,The person in the window seat should have exclusive control,Somewhat,Somewhat,Once,"Yes, they should not recline their chair if the person behind them asks them not to",Yes,Yes,Somewhat,Yes,Somewhat,Somewhat,Somewhat,Somewhat,Yes,Yes,not_Female,22,$25-50k,Bachelor degree,college,Middle Atlantic
182,Semiannually,Usually,64,Yes,The person in the middle seat gets both arm rests,Whoever puts their arm on the arm rest first,Everyone in the row should have some say,Somewhat,Somewhat,Three times,"No, the person on the flight has no obligation to the person behind them",No,No,No,No,Somewhat,Somewhat,No,No,No,No,Female,34,>$150k,Graduate degree,college,East North Central
183,Semiannually,Once in a while,69,No,Whoever puts their arm on the arm rest first,Whoever puts their arm on the arm rest first,The person in the window seat should have exclusive control,No,No,More than five times times,"No, the person on the flight has no obligation to the person behind them",Somewhat,No,No,No,No,Somewhat,Somewhat,Yes,Yes,No,Female,28,$25-50k,Bachelor degree,college,South Atlantic
184,Semiannually,About half the time,72,Yes,The person in the middle seat gets both arm rests,The arm rests should be shared,Everyone in the row should have some say,No,No,Three times,"Yes, they should not recline their chair if the person behind them asks them not to",Somewhat,Yes,No,No,Somewhat,Somewhat,No,Somewhat,No,No,not_Female,31,$100-150k,Bachelor degree,college,West South Central
185,Semiannually,Never,73,No,The arm rests should be shared,The arm rests should be shared,Everyone in the row should have some say,No,Somewhat,Four times,"Yes, they should not recline their chair if the person behind them asks them not to",Yes,Yes,No,No,No,Somewhat,No,Somewhat,No,No,Female,78,$100-150k,Graduate degree,college,South Atlantic
186,Semiannually,Usually,66,Yes,The arm rests should be shared,The arm rests should be shared,Everyone in the row should have some say,No,No,Twice,"No, the person on the flight has no obligation to the person behind them",No,No,Somewhat,Somewhat,Somewhat,Yes,Somewhat,Somewhat,No,No,not_Female,32,>$150k,Graduate degree,college,Pacific
187,Semiannually,Never,67,No,The arm rests should be shared,The person by the window,Everyone in the row should have some say,No,No,Twice,"Yes, they should not recline their chair if the person behind them asks them not to",Yes,Yes,Somewhat,Somewhat,No,Yes,Somewhat,Yes,No,No,Female,82,$100-150k,Graduate degree,college,West South Central
188,Semiannually,Once in a while,63,No,The arm rests should be shared,The arm rests should be shared,The person in the window seat should have exclusive control,No,No,Twice,"Yes, they should not recline their chair if the person behind them asks them not to",Somewhat,No,No,No,No,No,No,Somewhat,No,No,Female,25,$50-100k,Bachelor degree,college,Middle Atlantic
189,Semiannually,Once in a while,64,Yes,The arm rests should be shared,The arm rests should be shared,Everyone in the row should have some say,No,No,Three times,"Yes, they should not recline their chair if the person behind them asks them not to",Somewhat,No,No,No,No,No,No,Yes,No,No,Female,47,$100-150k,Graduate degree,college,South Atlantic
190,Semiannually,About half the time,67,No,The arm rests should be shared,Whoever puts their arm on the arm rest first,Everyone in the row should have some say,Yes,Somewhat,Twice,"Yes, they should not recline their chair if the person behind them asks them not to",No,No,No,No,Somewhat,Yes,Somewhat,Yes,No,No,Female,35,$50-100k,Some college or Associate degree,college,Mountain
191,Semiannually,About half the time,68,No,The arm rests should be shared,The arm rests should be shared,Everyone in the row should have some say,No,No,Four times,"No, the person on the flight has no obligation to the person behind them",Somewhat,Yes,Somewhat,Somewhat,Somewhat,Somewhat,No,Yes,No,No,not_Female,63,$50-100k,Graduate degree,college,South Atlantic
192,Semiannually,Once in a while,68,Yes,The arm rests should be shared,The arm rests should be shared,The person in the window seat should have exclusive control,No,No,Twice,"Yes, they should not recline their chair if the person behind them asks them not to",Somewhat,No,No,No,Somewhat,Yes,No,Yes,No,No,Female,60,>$150k,Graduate degree,college,South Atlantic
193,Semiannually,Once in a while,69,No,The arm rests should be shared,The arm rests should be shared,Everyone in the row should have some say,No,No,Once,"Yes, they should not recline their chair if the person behind them asks them not to",No,No,No,No,Somewhat,Somewhat,No,Somewhat,Yes,No,Female,19,$50-100k,Bachelor degree,college,Middle Atlantic
194,Semiannually,Usually,62,No,The person in the middle seat gets both arm rests,The arm rests should be shared,The person in the window seat should have exclusive control,No,Somewhat,Twice,"No, the person on the flight has no obligation to the person behind them",No,Yes,Somewhat,Somewhat,No,Somewhat,No,Somewhat,Yes,No,Female,71,$100-150k,Bachelor degree,college,Mountain
195,Semiannually,Once in a while,72,No,Whoever puts their arm on the arm rest first,The arm rests should be shared,Everyone in the row should have some say,No,No,Three times,"Yes, they should not recline their chair if the person behind them asks them not to",No,No,No,No,No,Somewhat,No,Somewhat,No,No,not_Female,51,>$150k,Graduate degree,college,Pacific
196,Semiannually,About half the time,66,No,The arm rests should be shared,The arm rests should be shared,Everyone in the row should have some say,Somewhat,No,Twice,"No, the person on the flight has no obligation to the person behind them",No,No,Somewhat,Somewhat,Somewhat,Somewhat,Somewhat,Yes,No,No,not_Female,33,$50-100k,Bachelor degree,college,West South Central
198,Semiannually,Once in a while,68,No,The arm rests should be shared,The arm rests should be shared,The person in the window seat should have exclusive control,No,No,More than five times times,"Yes, they should not recline their chair if the person behind them asks them not to",No,No,No,No,Somewhat,Somewhat,No,Yes,No,No,Female,24,$100-150k,Bachelor degree,college,South Atlantic
199,Semiannually,Usually,68,No,The person in the middle seat gets both arm rests,The arm rests should be shared,The person in the window seat should have exclusive control,No,No,Four times,"Yes, they should not recline their chair if the person behind them asks them not to",No,No,No,No,No,No,No,Somewhat,No,No,Female,52,$100-150k,Some college or Associate degree,college,New England
200,Semiannually,Never,71,No,The arm rests should be shared,The arm rests should be shared,Everyone in the row should have some say,No,No,Four times,"Yes, they should not recline their chair if the person behind them asks them not to",Somewhat,No,Somewhat,No,No,Somewhat,No,Somewhat,No,No,not_Female,51,>$150k,Graduate degree,college,East North Central
201,Semiannually,Always,62,No,The arm rests should be shared,The arm rests should be shared,The person in the window seat should have exclusive control,No,Somewhat,Twice,"No, the person on the flight has no obligation to the person behind them",No,No,Somewhat,No,No,Somewhat,No,No,No,No,Female,19,$50-100k,Graduate degree,college,Middle Atlantic
202,Semiannually,Once in a while,66,No,The arm rests should be shared,Other (please specify),The person in the window seat should have exclusive control,Somewhat,No,Once,"No, the person on the flight has no obligation to the person behind them",No,No,No,No,No,No,No,Yes,No,No,Female,53,$50-100k,Some college or Associate degree,college,West South Central
203,Semiannually,Never,64,,The arm rests should be shared,The arm rests should be shared,Everyone in the row should have some say,No,No,Three times,"Yes, they should not recline their chair if the person behind them asks them not to",No,Yes,No,No,No,Somewhat,No,No,No,No,Female,37,<$25k,Some college or Associate degree,college,South Atlantic
204,Semiannually,Usually,66,No,The person in the middle seat gets both arm rests,Whoever puts their arm on the arm rest first,Everyone in the row should have some say,No,No,Twice,"Yes, they should not recline their chair if the person behind them asks them not to",Somewhat,No,No,No,No,Somewhat,Somewhat,Yes,Yes,No,Female,19,$50-100k,High school degree,HS,Mountain
205,Semiannually,Once in a while,67,No,The arm rests should be shared,The arm rests should be shared,The person in the window seat should have exclusive control,No,Somewhat,Three times,"No, the person on the flight has no obligation to the person behind them",Somewhat,No,No,No,Somewhat,Yes,No,No,No,No,Female,21,$50-100k,High school degree,HS,Pacific
206,Semiannually,Always,72,Yes,The arm rests should be shared,The arm rests should be shared,Everyone in the row should have some say,No,No,Twice,"Yes, they should not recline their chair if the person behind them asks them not to",No,No,No,No,Somewhat,Yes,No,Yes,No,No,Female,49,$50-100k,Some college or Associate degree,college,West South Central
207,Semiannually,Always,66,No,The arm rests should be shared,The arm rests should be shared,The person in the window seat should have exclusive control,No,No,Four times,"No, the person on the flight has no obligation to the person behind them",Somewhat,No,Somewhat,Somewhat,No,No,No,Somewhat,Yes,No,Female,29,>$150k,Bachelor degree,college,Pacific
208,Semiannually,Always,68,No,The arm rests should be shared,The arm rests should be shared,The person in the window seat should have exclusive control,No,No,Three times,"No, the person on the flight has no obligation to the person behind them",No,No,No,No,No,No,No,Somewhat,No,No,Female,39,$100-150k,Graduate degree,college,South Atlantic
209,Semiannually,Always,68,Yes,Whoever puts their arm on the arm rest first,Whoever puts their arm on the arm rest first,Everyone in the row should have some say,No,No,Three times,"No, the person on the flight has no obligation to the person behind them",No,No,No,No,No,Somewhat,No,Somewhat,No,No,not_Female,41,>$150k,Some college or Associate degree,college,Pacific
210,Semiannually,Usually,73,No,Whoever puts their arm on the arm rest first,Whoever puts their arm on the arm rest first,Everyone in the row should have some say,No,No,Four times,"No, the person on the flight has no obligation to the person behind them",No,No,No,No,No,Somewhat,Yes,Yes,No,No,not_Female,26,>$150k,Graduate degree,college,Pacific
212,Semiannually,Once in a while,61,No,The people in the aisle and window seats get both arm rests,The arm rests should be shared,Everyone in the row should have some say,No,No,Once,"Yes, they should not recline their chair if the person behind them asks them not to",Somewhat,Yes,No,No,Somewhat,Somewhat,No,Somewhat,No,No,Female,24,$50-100k,High school degree,HS,South Atlantic
213,Semiannually,Once in a while,67,No,Whoever puts their arm on the arm rest first,Whoever puts their arm on the arm rest first,The person in the window seat should have exclusive control,No,No,Once,"No, the person on the flight has no obligation to the person behind them",No,No,Somewhat,Somewhat,Somewhat,Somewhat,No,No,No,No,Female,50,$100-150k,Graduate degree,college,East North Central
214,Semiannually,Once in a while,69,No,The person in the middle seat gets both arm rests,The arm rests should be shared,Everyone in the row should have some say,No,No,Four times,"Yes, they should not recline their chair if the person behind them asks them not to",No,No,No,No,No,No,No,Yes,No,No,Female,74,$100-150k,Graduate degree,college,East North Central
215,Semiannually,About half the time,70,No,The person in the middle seat gets both arm rests,Whoever puts their arm on the arm rest first,The person in the window seat should have exclusive control,No,No,Three times,"No, the person on the flight has no obligation to the person behind them",No,No,No,No,No,Somewhat,No,Somewhat,Yes,No,not_Female,21,$50-100k,Bachelor degree,college,Pacific
216,Semiannually,Once in a while,64,No,The arm rests should be shared,The arm rests should be shared,Everyone in the row should have some say,No,No,Four times,"Yes, they should not recline their chair if the person behind them asks them not to",Somewhat,No,No,No,No,No,No,Yes,No,No,Female,62,>$150k,Graduate degree,college,West South Central
217,Semiannually,Always,69,No,The person in the middle seat gets both arm rests,The person in aisle,The person in the window seat should have exclusive control,Somewhat,No,Four times,"No, the person on the flight has no obligation to the person behind them",No,No,No,No,No,No,Somewhat,Yes,Yes,No,not_Female,39,$25-50k,Bachelor degree,college,Pacific
218,Semiannually,Once in a while,66,Yes,Whoever puts their arm on the arm rest first,Whoever puts their arm on the arm rest first,The person in the window seat should have exclusive control,No,No,Four times,"Yes, they should not recline their chair if the person behind them asks them not to",Somewhat,No,No,No,Somewhat,Somewhat,No,Yes,No,No,Female,34,>$150k,Graduate degree,college,Middle Atlantic
219,Semiannually,About half the time,63,No,The arm rests should be shared,The arm rests should be shared,Everyone in the row should have some say,No,No,Three times,"Yes, they should not recline their chair if the person behind them asks them not to",Somewhat,No,No,No,Somewhat,Somewhat,No,No,No,No,Female,57,$50-100k,Graduate degree,college,Pacific
220,Semiannually,Once in a while,66,No,The arm rests should be shared,The arm rests should be shared,Everyone in the row should have some say,No,No,Four times,"No, the person on the flight has no obligation to the person behind them",No,Yes,No,No,No,Somewhat,Somewhat,Yes,No,No,Female,62,>$150k,Graduate degree,college,West North Central
221,Semiannually,Never,66,No,The person in the middle seat gets both arm rests,The arm rests should be shared,Everyone in the row should have some say,Yes,No,Three times,"Yes, they should not recline their chair if the person behind them asks them not to",Somewhat,Yes,No,No,No,Somewhat,No,Somewhat,No,No,Female,28,$50-100k,Bachelor degree,college,Pacific
222,Semiannually,Usually,64,No,The arm rests should be shared,The arm rests should be shared,The person in the window seat should have exclusive control,Somewhat,No,Twice,"No, the person on the flight has no obligation to the person behind them",No,No,No,No,No,Yes,Somewhat,Yes,No,No,Female,60,$50-100k,Graduate degree,college,South Atlantic
223,Semiannually,Once in a while,71,No,Whoever puts their arm on the arm rest first,Whoever puts their arm on the arm rest first,Everyone in the row should have some say,No,No,Twice,"Yes, they should not recline their chair if the person behind them asks them not to",No,No,No,No,Somewhat,Somewhat,Somewhat,Somewhat,No,No,not_Female,80,>$150k,Graduate degree,college,Pacific
224,Semiannually,Usually,69,Yes,The person in the middle seat gets both arm rests,Whoever puts their arm on the arm rest first,Everyone in the row should have some say,No,Somewhat,Twice,"Yes, they should not recline their chair if the person behind them asks them not to",No,No,No,No,Somewhat,Yes,No,Somewhat,No,No,Female,54,$100-150k,Graduate degree,college,Pacific
225,Semiannually,About half the time,63,No,The arm rests should be shared,The arm rests should be shared,Everyone in the row should have some say,No,Somewhat,Three times,"Yes, they should not recline their chair if the person behind them asks them not to",Somewhat,Yes,No,No,No,Somewhat,Yes,Yes,No,No,Female,69,>$150k,Graduate degree,college,East North Central
226,Semiannually,Once in a while,65,Yes,The person in the middle seat gets both arm rests,Whoever puts their arm on the arm rest first,Everyone in the row should have some say,Somewhat,No,Twice,"Yes, they should not recline their chair if the person behind them asks them not to",Somewhat,No,No,No,No,Somewhat,No,Yes,No,No,Female,73,>$150k,Graduate degree,college,West South Central
227,Semiannually,About half the time,65,Yes,The person in the middle seat gets both arm rests,The person in aisle,Everyone in the row should have some say,No,No,Three times,"No, the person on the flight has no obligation to the person behind them",No,No,No,No,No,Somewhat,No,Somewhat,No,No,Female,43,$100-150k,Graduate degree,college,Pacific
228,Semiannually,Usually,63,No,Whoever puts their arm on the arm rest first,Whoever puts their arm on the arm rest first,Everyone in the row should have some say,No,No,Three times,"No, the person on the flight has no obligation to the person behind them",No,No,No,No,Somewhat,Somewhat,Somewhat,Yes,Yes,No,Female,29,$25-50k,Bachelor degree,college,West North Central
229,Semiannually,Once in a while,70,No,The arm rests should be shared,The arm rests should be shared,The person in the window seat should have exclusive control,No,No,Twice,"Yes, they should not recline their chair if the person behind them asks them not to",Somewhat,No,No,No,No,Somewhat,No,Somewhat,No,No,not_Female,63,$50-100k,Graduate degree,college,West South Central
230,Semiannually,About half the time,66,No,The arm rests should be shared,The arm rests should be shared,The person in the window seat should have exclusive control,No,No,Twice,"No, the person on the flight has no obligation to the person behind them",No,No,No,No,No,No,No,Somewhat,No,No,Female,68,>$150k,Graduate degree,college,West South Central
231,Semiannually,Once in a while,61,Yes,The arm rests should be shared,The arm rests should be shared,Everyone in the row should have some say,No,Somewhat,Four times,"No, the person on the flight has no obligation to the person behind them",Somewhat,Yes,Somewhat,Somewhat,Somewhat,Somewhat,Somewhat,Yes,No,No,Female,53,>$150k,Graduate degree,college,East North Central
232,Semiannually,Never,64,No,The arm rests should be shared,The person by the window,The person in the window seat should have exclusive control,No,Somewhat,Three times,"No, the person on the flight has no obligation to the person behind them",Somewhat,Yes,No,No,Somewhat,Yes,No,Yes,Yes,No,Female,58,$50-100k,Some college or Associate degree,college,East North Central
233,Semiannually,Once in a while,69,No,The person in the middle seat gets both arm rests,The arm rests should be shared,Everyone in the row should have some say,No,No,Three times,"Yes, they should not recline their chair if the person behind them asks them not to",Somewhat,Yes,No,No,No,Somewhat,No,Somewhat,No,No,Female,57,$25-50k,Some college or Associate degree,college,Pacific
234,Semiannually,Once in a while,62,No,The arm rests should be shared,The arm rests should be shared,Everyone in the row should have some say,No,No,Twice,"Yes, they should not recline their chair if the person behind them asks them not to",Somewhat,No,No,No,Yes,Yes,Somewhat,Somewhat,Yes,No,Female,22,<$25k,Graduate degree,college,Pacific
235,Semiannually,Usually,77,No,The arm rests should be shared,The arm rests should be shared,Everyone in the row should have some say,No,No,Four times,"Yes, they should not recline their chair if the person behind them asks them not to",Somewhat,No,No,No,No,Somewhat,Somewhat,Somewhat,Yes,No,not_Female,20,$25-50k,Some college or Associate degree,college,East North Central
236,Semiannually,Once in a while,68,No,The arm rests should be shared,The arm rests should be shared,The person in the window seat should have exclusive control,No,No,Four times,"Yes, they should not recline their chair if the person behind them asks them not to",Somewhat,No,No,No,No,Somewhat,No,Yes,No,No,not_Female,81,>$150k,Graduate degree,college,Pacific
237,Semiannually,About half the time,72,No,The arm rests should be shared,The arm rests should be shared,The person in the window seat should have exclusive control,No,No,Four times,"Yes, they should not recline their chair if the person behind them asks them not to",Somewhat,Yes,No,No,No,Somewhat,No,Yes,No,No,not_Female,53,$100-150k,Bachelor degree,college,West North Central
238,Semiannually,Once in a while,64,No,The people in the aisle and window seats get both arm rests,The person by the window,The person in the window seat should have exclusive control,No,No,Three times,"No, the person on the flight has no obligation to the person behind them",Somewhat,Yes,No,No,Yes,Yes,No,No,Yes,No,Female,26,$100-150k,Bachelor degree,college,East North Central
239,Occasionally,About half the time,75,Yes,The arm rests should be shared,The arm rests should be shared,Everyone in the row should have some say,No,No,Twice,"Yes, they should not recline their chair if the person behind them asks them not to",Somewhat,No,No,No,No,No,No,No,No,No,not_Female,44,$100-150k,Graduate degree,college,Pacific
240,Occasionally,Usually,68,No,Whoever puts their arm on the arm rest first,The arm rests should be shared,The person in the window seat should have exclusive control,No,No,Three times,"Yes, they should not recline their chair if the person behind them asks them not to",No,No,No,No,No,Somewhat,Somewhat,Yes,No,No,not_Female,35,$100-150k,Bachelor degree,college,Pacific
241,Occasionally,Always,71,No,The arm rests should be shared,The arm rests should be shared,Everyone in the row should have some say,No,No,Three times,"No, the person on the flight has no obligation to the person behind them",No,No,Somewhat,No,No,Somewhat,Somewhat,Yes,No,No,not_Female,40,<$25k,Bachelor degree,college,Pacific
242,Occasionally,Usually,69,Yes,Whoever puts their arm on the arm rest first,Whoever puts their arm on the arm rest first,The person in the window seat should have exclusive control,Somewhat,No,Once,"Yes, they should not recline their chair if the person behind them asks them not to",No,No,Somewhat,No,Somewhat,Yes,Yes,Yes,No,No,not_Female,38,$25-50k,Graduate degree,college,East North Central
243,Occasionally,Once in a while,72,Yes,The arm rests should be shared,The arm rests should be shared,The person in the window seat should have exclusive control,No,No,Four times,"Yes, they should not recline their chair if the person behind them asks them not to",No,Yes,No,No,No,Somewhat,Somewhat,Yes,No,No,not_Female,37,<$25k,Bachelor degree,college,New England
245,Occasionally,Never,66,No,Other (please specify),Other (please specify),Everyone in the row should have some say,Yes,Yes,It is not okay to get up during flight,"Yes, they should not recline their chair if the person behind them asks them not to",Yes,Yes,Yes,Yes,Yes,Yes,Yes,Yes,No,No,not_Female,32,<$25k,Bachelor degree,college,Pacific
247,Occasionally,Once in a while,72,No,The arm rests should be shared,The arm rests should be shared,Everyone in the row should have some say,No,Somewhat,Twice,"Yes, they should not recline their chair if the person behind them asks them not to",Somewhat,No,Somewhat,No,No,Somewhat,Somewhat,Yes,No,No,not_Female,24,>$150k,Some college or Associate degree,college,East South Central
248,Occasionally,Always,68,Yes,The arm rests should be shared,The arm rests should be shared,Everyone in the row should have some say,No,No,Once,"No, the person on the flight has no obligation to the person behind them",No,No,No,No,Somewhat,Yes,No,No,No,No,not_Female,40,$100-150k,Some college or Associate degree,college,Middle Atlantic
249,Occasionally,Once in a while,73,No,The arm rests should be shared,The arm rests should be shared,The person in the window seat should have exclusive control,No,No,More than five times times,"Yes, they should not recline their chair if the person behind them asks them not to",Somewhat,Yes,No,No,No,No,No,No,Yes,No,not_Female,33,>$150k,Bachelor degree,college,West North Central
250,Occasionally,Never,70,No,The arm rests should be shared,The arm rests should be shared,Everyone in the row should have some say,No,No,More than five times times,"Yes, they should not recline their chair if the person behind them asks them not to",Yes,Yes,No,No,No,No,No,No,No,No,not_Female,23,$25-50k,Bachelor degree,college,South Atlantic
251,Occasionally,Once in a while,67,No,The arm rests should be shared,The arm rests should be shared,The person in the window seat should have exclusive control,No,No,Twice,"No, the person on the flight has no obligation to the person behind them",No,No,No,No,No,No,No,Somewhat,No,No,not_Female,31,<$25k,Bachelor degree,college,East North Central
252,Occasionally,Once in a while,72,No,The arm rests should be shared,Whoever puts their arm on the arm rest first,Everyone in the row should have some say,No,No,Twice,"Yes, they should not recline their chair if the person behind them asks them not to",No,No,No,No,No,Somewhat,No,Yes,No,No,not_Female,33,$25-50k,Bachelor degree,college,East North Central
253,Occasionally,About half the time,74,No,The arm rests should be shared,The arm rests should be shared,Everyone in the row should have some say,No,No,Four times,"Yes, they should not recline their chair if the person behind them asks them not to",No,No,Somewhat,Somewhat,No,No,Somewhat,Yes,Yes,No,not_Female,19,$50-100k,Some college or Associate degree,college,West South Central
254,Occasionally,Always,66,No,Other (please specify),Other (please specify),The person in the window seat should have exclusive control,Somewhat,No,Once,"No, the person on the flight has no obligation to the person behind them",No,No,Somewhat,Somewhat,No,Yes,Somewhat,Yes,No,No,not_Female,41,>$150k,Some college or Associate degree,college,Pacific
255,Occasionally,About half the time,71,No,The people in the aisle and window seats get both arm rests,The person in aisle,The person in the window seat should have exclusive control,Somewhat,No,Once,"Yes, they should not recline their chair if the person behind them asks them not to",Somewhat,No,Yes,Somewhat,Yes,Yes,Somewhat,Yes,No,No,not_Female,21,>$150k,Bachelor degree,college,Middle Atlantic
256,Occasionally,Never,70,No,The arm rests should be shared,The person by the window,The person in the window seat should have exclusive control,No,Yes,Four times,"Yes, they should not recline their chair if the person behind them asks them not to",Somewhat,Yes,No,No,No,No,Yes,Yes,No,No,not_Female,37,$50-100k,Some college or Associate degree,college,South Atlantic
257,Occasionally,Once in a while,74,Yes,The arm rests should be shared,The person by the window,Everyone in the row should have some say,Somewhat,No,Three times,"Yes, they should not recline their chair if the person behind them asks them not to",No,No,Somewhat,No,No,Somewhat,No,Somewhat,No,No,not_Female,35,$50-100k,Bachelor degree,college,West South Central
258,Occasionally,Never,70,Yes,The arm rests should be shared,The arm rests should be shared,Everyone in the row should have some say,No,No,Twice,"Yes, they should not recline their chair if the person behind them asks them not to",Yes,No,No,No,Somewhat,Somewhat,No,Yes,No,No,not_Female,29,$50-100k,Some college or Associate degree,college,Pacific
259,Occasionally,About half the time,72,No,The arm rests should be shared,The arm rests should be shared,Everyone in the row should have some say,No,No,Twice,"Yes, they should not recline their chair if the person behind them asks them not to",No,No,Somewhat,No,Somewhat,Somewhat,Somewhat,Somewhat,No,No,not_Female,28,<$25k,Bachelor degree,college,Pacific
260,Occasionally,Once in a while,71,No,The arm rests should be shared,The arm rests should be shared,Everyone in the row should have some say,Somewhat,No,Twice,"Yes, they should not recline their chair if the person behind them asks them not to",Somewhat,No,Somewhat,No,No,Somewhat,No,Somewhat,No,No,not_Female,21,$25-50k,Some college or Associate degree,college,Pacific
261,Occasionally,Usually,65,No,The arm rests should be shared,The arm rests should be shared,The person in the window seat should have exclusive control,Somewhat,No,More than five times times,"No, the person on the flight has no obligation to the person behind them",Somewhat,No,Somewhat,No,No,Somewhat,Somewhat,Yes,No,No,not_Female,28,<$25k,High school degree,HS,Pacific
262,Occasionally,Once in a while,72,Yes,The arm rests should be shared,The arm rests should be shared,The person in the window seat should have exclusive control,No,Somewhat,Three times,"No, the person on the flight has no obligation to the person behind them",No,Yes,No,No,No,No,No,No,No,No,not_Female,32,>$150k,Bachelor degree,college,New England
263,Occasionally,Never,67,No,The arm rests should be shared,The arm rests should be shared,Everyone in the row should have some say,No,No,Three times,"Yes, they should not recline their chair if the person behind them asks them not to",Somewhat,Yes,No,No,No,No,No,No,Yes,No,not_Female,22,$25-50k,Bachelor degree,college,Pacific
264,Occasionally,Once in a while,67,Yes,The arm rests should be shared,The arm rests should be shared,Everyone in the row should have some say,No,Somewhat,More than five times times,"Yes, they should not recline their chair if the person behind them asks them not to",Yes,No,Somewhat,Somewhat,Somewhat,Yes,No,Yes,No,No,not_Female,22,>$150k,Bachelor degree,college,South Atlantic
265,Occasionally,Once in a while,76,No,Other (please specify),Other (please specify),The person in the window seat should have exclusive control,No,Somewhat,More than five times times,"Yes, they should not recline their chair if the person behind them asks them not to",Somewhat,No,Somewhat,Somewhat,Somewhat,Somewhat,Somewhat,Somewhat,No,No,not_Female,40,<$25k,Bachelor degree,college,Mountain
266,Occasionally,Never,72,No,The arm rests should be shared,The person in aisle,Everyone in the row should have some say,No,Somewhat,More than five times times,"Yes, they should not recline their chair if the person behind them asks them not to",No,No,No,No,No,Somewhat,Somewhat,No,No,No,not_Female,19,<$25k,Some college or Associate degree,college,East North Central
267,Occasionally,Once in a while,70,Yes,Whoever puts their arm on the arm rest first,Whoever puts their arm on the arm rest first,The person in the window seat should have exclusive control,No,Somewhat,Twice,"Yes, they should not recline their chair if the person behind them asks them not to",No,No,Somewhat,Somewhat,Somewhat,Somewhat,No,Somewhat,No,No,not_Female,35,$50-100k,Some college or Associate degree,college,South Atlantic
268,Occasionally,Always,72,No,Other (please specify),Other (please specify),The person in the window seat should have exclusive control,No,No,More than five times times,"No, the person on the flight has no obligation to the person behind them",No,No,No,No,No,No,No,Somewhat,Yes,No,not_Female,23,<$25k,Bachelor degree,college,Pacific
269,Occasionally,Once in a while,69,No,Whoever puts their arm on the arm rest first,Whoever puts their arm on the arm rest first,Everyone in the row should have some say,No,No,More than five times times,"No, the person on the flight has no obligation to the person behind them",No,No,No,No,No,No,No,No,No,No,not_Female,23,<$25k,Some college or Associate degree,college,Mountain
270,Occasionally,Once in a while,73,No,The arm rests should be shared,The arm rests should be shared,The person in the window seat should have exclusive control,No,No,Twice,"Yes, they should not recline their chair if the person behind them asks them not to",Yes,Yes,No,No,No,Somewhat,Somewhat,Yes,Yes,No,not_Female,40,>$150k,Graduate degree,college,East North Central
271,Occasionally,Usually,70,No,The person in the middle seat gets both arm rests,The person in aisle,Everyone in the row should have some say,Somewhat,Somewhat,Twice,"Yes, they should not recline their chair if the person behind them asks them not to",Somewhat,Yes,Somewhat,Somewhat,Somewhat,Somewhat,Somewhat,Somewhat,No,No,not_Female,32,$50-100k,Graduate degree,college,West South Central
272,Occasionally,About half the time,73,Yes,The arm rests should be shared,The arm rests should be shared,Everyone in the row should have some say,No,No,More than five times times,"Yes, they should not recline their chair if the person behind them asks them not to",No,No,No,No,No,Somewhat,No,Somewhat,No,No,not_Female,43,$50-100k,Bachelor degree,college,New England
273,Occasionally,Never,70,No,Whoever puts their arm on the arm rest first,Whoever puts their arm on the arm rest first,The person in the window seat should have exclusive control,No,Somewhat,Twice,"Yes, they should not recline their chair if the person behind them asks them not to",Yes,Yes,No,No,No,Somewhat,Somewhat,Yes,Yes,No,not_Female,41,>$150k,Graduate degree,college,South Atlantic
274,Occasionally,Never,72,No,The arm rests should be shared,The arm rests should be shared,The person in the window seat should have exclusive control,No,No,Twice,"Yes, they should not recline their chair if the person behind them asks them not to",Somewhat,No,No,No,No,Somewhat,No,Somewhat,No,No,not_Female,22,>$150k,Bachelor degree,college,East North Central
276,Occasionally,Once in a while,67,No,The arm rests should be shared,The arm rests should be shared,Everyone in the row should have some say,Somewhat,Somewhat,Twice,"Yes, they should not recline their chair if the person behind them asks them not to",Somewhat,No,No,No,No,Somewhat,No,Somewhat,No,No,not_Female,37,<$25k,Bachelor degree,college,Middle Atlantic
277,Occasionally,Usually,69,No,The arm rests should be shared,The arm rests should be shared,The person in the window seat should have exclusive control,No,No,Twice,"Yes, they should not recline their chair if the person behind them asks them not to",No,No,No,No,No,Somewhat,No,Somewhat,No,No,not_Female,35,$50-100k,Bachelor degree,college,South Atlantic
278,Occasionally,Never,69,Yes,The arm rests should be shared,The arm rests should be shared,The person in the window seat should have exclusive control,No,No,Twice,"Yes, they should not recline their chair if the person behind them asks them not to",No,No,No,No,No,Somewhat,No,Somewhat,No,No,not_Female,33,$100-150k,High school degree,HS,Pacific
279,Occasionally,Once in a while,76,No,The arm rests should be shared,The person in aisle,Everyone in the row should have some say,No,No,Once,"Yes, they should not recline their chair if the person behind them asks them not to",No,No,Somewhat,No,Somewhat,Somewhat,Somewhat,Yes,Yes,No,not_Female,30,$50-100k,Some college or Associate degree,college,West South Central
280,Occasionally,Never,70,No,The person in the middle seat gets both arm rests,The arm rests should be shared,Everyone in the row should have some say,No,No,Once,"Yes, they should not recline their chair if the person behind them asks them not to",Somewhat,Yes,Somewhat,Somewhat,Somewhat,Yes,No,No,No,No,not_Female,23,<$25k,Bachelor degree,college,East North Central
281,Occasionally,Once in a while,57,No,The arm rests should be shared,The arm rests should be shared,Everyone in the row should have some say,No,Somewhat,More than five times times,"Yes, they should not recline their chair if the person behind them asks them not to",Somewhat,No,Somewhat,No,Somewhat,Yes,Yes,Yes,No,No,not_Female,27,$25-50k,Less than high school degree,HS,South Atlantic
282,Occasionally,Always,76,No,Whoever puts their arm on the arm rest first,Whoever puts their arm on the arm rest first,The person in the window seat should have exclusive control,No,No,Twice,"No, the person on the flight has no obligation to the person behind them",Somewhat,Yes,No,Somewhat,Somewhat,Somewhat,Somewhat,Somewhat,No,No,not_Female,33,<$25k,Bachelor degree,college,East North Central
283,Occasionally,Once in a while,68,No,Whoever puts their arm on the arm rest first,Whoever puts their arm on the arm rest first,The person in the window seat should have exclusive control,No,No,Twice,"Yes, they should not recline their chair if the person behind them asks them not to",No,No,No,No,No,Somewhat,No,Somewhat,No,No,not_Female,27,$25-50k,Some college or Associate degree,college,Pacific
284,Occasionally,Never,67,No,The arm rests should be shared,The arm rests should be shared,Everyone in the row should have some say,No,No,More than five times times,"Yes, they should not recline their chair if the person behind them asks them not to",Somewhat,Yes,No,No,No,No,No,Somewhat,No,No,not_Female,42,$100-150k,Bachelor degree,college,Middle Atlantic
285,Occasionally,Usually,71,No,The arm rests should be shared,The arm rests should be shared,Everyone in the row should have some say,No,No,Three times,"No, the person on the flight has no obligation to the person behind them",No,No,Somewhat,Somewhat,No,Somewhat,Somewhat,Yes,No,No,not_Female,37,$100-150k,High school degree,HS,South Atlantic
286,Occasionally,Never,66,No,Other (please specify),The arm rests should be shared,The person in the window seat should have exclusive control,No,No,Three times,"Yes, they should not recline their chair if the person behind them asks them not to",No,No,No,No,No,No,Somewhat,Yes,Yes,No,not_Female,22,<$25k,High school degree,HS,West South Central
287,Occasionally,Usually,69,No,The person in the middle seat gets both arm rests,Whoever puts their arm on the arm rest first,The person in the window seat should have exclusive control,Somewhat,Somewhat,Twice,"Yes, they should not recline their chair if the person behind them asks them not to",Somewhat,Yes,No,No,Yes,Yes,Somewhat,Somewhat,Yes,No,not_Female,38,$25-50k,High school degree,HS,Middle Atlantic
288,Occasionally,Always,69,No,The arm rests should be shared,The arm rests should be shared,The person in the window seat should have exclusive control,No,No,Twice,"Yes, they should not recline their chair if the person behind them asks them not to",No,No,Somewhat,Somewhat,Somewhat,Yes,No,No,No,No,not_Female,20,<$25k,Bachelor degree,college,West South Central
289,Occasionally,Usually,74,No,Other (please specify),Other (please specify),The person in the window seat should have exclusive control,No,No,Three times,"No, the person on the flight has no obligation to the person behind them",No,No,No,No,No,Somewhat,No,Somewhat,Yes,No,not_Female,40,$25-50k,Bachelor degree,college,East North Central
290,Occasionally,Never,72,No,Other (please specify),Other (please specify),The person in the window seat should have exclusive control,Somewhat,Yes,Once,"Yes, they should not recline their chair if the person behind them asks them not to",Yes,Yes,Somewhat,Somewhat,No,Yes,Somewhat,Yes,No,No,not_Female,35,$100-150k,Some college or Associate degree,college,West South Central
291,Occasionally,Usually,74,Yes,The arm rests should be shared,The arm rests should be shared,The person in the window seat should have exclusive control,No,No,Three times,"Yes, they should not recline their chair if the person behind them asks them not to",No,No,No,No,Somewhat,Somewhat,Somewhat,Yes,No,No,not_Female,36,$50-100k,Graduate degree,college,Pacific
292,Occasionally,Once in a while,73,No,The arm rests should be shared,The arm rests should be shared,The person in the window seat should have exclusive control,No,No,Twice,"Yes, they should not recline their chair if the person behind them asks them not to",Somewhat,Yes,No,No,No,Somewhat,Yes,Yes,No,No,not_Female,47,$50-100k,Graduate degree,college,West South Central
293,Occasionally,Always,69,No,The arm rests should be shared,The arm rests should be shared,The person in the window seat should have exclusive control,No,No,Three times,"Yes, they should not recline their chair if the person behind them asks them not to",No,No,Somewhat,No,Somewhat,Yes,No,Yes,No,No,not_Female,56,$25-50k,Bachelor degree,college,East North Central
294,Occasionally,Never,77,No,The arm rests should be shared,The arm rests should be shared,The person in the window seat should have exclusive control,No,Somewhat,Three times,"Yes, they should not recline their chair if the person behind them asks them not to",Yes,Yes,No,No,No,No,No,Somewhat,No,No,not_Female,76,$50-100k,Bachelor degree,college,West North Central
295,Occasionally,Always,71,No,The arm rests should be shared,The arm rests should be shared,Everyone in the row should have some say,No,No,Three times,"No, the person on the flight has no obligation to the person behind them",No,No,No,No,No,Somewhat,No,No,No,No,not_Female,81,$50-100k,Some college or Associate degree,college,West North Central
296,Occasionally,Once in a while,74,Yes,The arm rests should be shared,The arm rests should be shared,Everyone in the row should have some say,No,Somewhat,Once,"No, the person on the flight has no obligation to the person behind them",Somewhat,No,No,No,No,Yes,No,Somewhat,No,No,not_Female,32,$100-150k,Graduate degree,college,East North Central
297,Occasionally,Once in a while,74,No,The arm rests should be shared,The arm rests should be shared,Everyone in the row should have some say,Somewhat,No,More than five times times,"Yes, they should not recline their chair if the person behind them asks them not to",No,No,No,No,No,No,No,Somewhat,No,No,not_Female,56,$25-50k,Some college or Associate degree,college,South Atlantic
298,Occasionally,Always,75,Yes,The arm rests should be shared,The arm rests should be shared,Everyone in the row should have some say,No,No,Three times,"Yes, they should not recline their chair if the person behind them asks them not to",Yes,No,Yes,Somewhat,Somewhat,Somewhat,Somewhat,Somewhat,No,No,not_Female,39,$50-100k,Less than high school degree,HS,Mountain
299,Occasionally,Never,68,No,The arm rests should be shared,The arm rests should be shared,The person in the window seat should have exclusive control,Somewhat,No,Four times,"No, the person on the flight has no obligation to the person behind them",No,Yes,Somewhat,No,No,Somewhat,No,No,No,No,not_Female,77,>$150k,Graduate degree,college,Mountain
300,Occasionally,Once in a while,73,No,The arm rests should be shared,The arm rests should be shared,The person in the window seat should have exclusive control,No,No,Three times,"Yes, they should not recline their chair if the person behind them asks them not to",Somewhat,No,No,No,Somewhat,Somewhat,Somewhat,Yes,No,No,not_Female,52,$50-100k,Graduate degree,college,West South Central
301,Occasionally,Once in a while,72,No,The arm rests should be shared,The arm rests should be shared,Everyone in the row should have some say,No,No,Three times,"Yes, they should not recline their chair if the person behind them asks them not to",Somewhat,No,No,No,No,Somewhat,Somewhat,Yes,No,No,not_Female,48,>$150k,Graduate degree,college,Pacific
302,Occasionally,About half the time,68,No,The arm rests should be shared,The arm rests should be shared,Everyone in the row should have some say,No,No,Three times,"No, the person on the flight has no obligation to the person behind them",No,No,Somewhat,Somewhat,No,Somewhat,Somewhat,Yes,No,No,not_Female,64,$100-150k,Some college or Associate degree,college,West South Central
303,Occasionally,Once in a while,67,No,The arm rests should be shared,The arm rests should be shared,The person in the window seat should have exclusive control,No,No,Four times,"No, the person on the flight has no obligation to the person behind them",No,No,Somewhat,No,No,No,No,Yes,No,No,not_Female,69,$100-150k,Bachelor degree,college,Mountain
304,Occasionally,Once in a while,71,No,The people in the aisle and window seats get both arm rests,The arm rests should be shared,Everyone in the row should have some say,No,Somewhat,Three times,"No, the person on the flight has no obligation to the person behind them",No,Yes,Somewhat,No,No,Somewhat,No,Yes,No,No,not_Female,62,>$150k,Graduate degree,college,Middle Atlantic
305,Occasionally,Never,69,No,The arm rests should be shared,The arm rests should be shared,The person in the window seat should have exclusive control,No,Somewhat,Three times,"Yes, they should not recline their chair if the person behind them asks them not to",Yes,Yes,Somewhat,No,No,No,Somewhat,Yes,No,No,not_Female,78,$100-150k,Graduate degree,college,Middle Atlantic
306,Occasionally,About half the time,71,Yes,The people in the aisle and window seats get both arm rests,The arm rests should be shared,The person in the window seat should have exclusive control,No,No,Once,"Yes, they should not recline their chair if the person behind them asks them not to",No,No,No,No,Somewhat,Somewhat,No,No,No,No,not_Female,31,$100-150k,Graduate degree,college,East South Central
307,Occasionally,Usually,68,No,The arm rests should be shared,The arm rests should be shared,Everyone in the row should have some say,Somewhat,No,Four times,"Yes, they should not recline their chair if the person behind them asks them not to",Somewhat,Yes,Yes,Somewhat,No,No,Somewhat,Yes,No,No,not_Female,75,$100-150k,Graduate degree,college,West North Central
308,Occasionally,Usually,70,No,Other (please specify),The arm rests should be shared,Everyone in the row should have some say,No,Somewhat,More than five times times,"Yes, they should not recline their chair if the person behind them asks them not to",No,No,No,No,No,Somewhat,No,Somewhat,Yes,No,not_Female,61,$25-50k,Bachelor degree,college,East North Central
309,Occasionally,About half the time,69,No,The arm rests should be shared,Whoever puts their arm on the arm rest first,Everyone in the row should have some say,No,No,Three times,"Yes, they should not recline their chair if the person behind them asks them not to",No,No,No,No,No,No,No,Somewhat,No,No,not_Female,78,$100-150k,Some college or Associate degree,college,South Atlantic
310,Occasionally,Always,77,Yes,The arm rests should be shared,The arm rests should be shared,The person in the window seat should have exclusive control,No,No,Four times,"Yes, they should not recline their chair if the person behind them asks them not to",No,Yes,No,No,No,Somewhat,No,Somewhat,No,No,not_Female,46,$25-50k,Bachelor degree,college,Pacific
311,Occasionally,Always,73,No,The arm rests should be shared,The arm rests should be shared,Everyone in the row should have some say,No,No,Once,"No, the person on the flight has no obligation to the person behind them",No,No,No,No,Somewhat,Somewhat,No,Yes,Yes,No,not_Female,82,$100-150k,Some college or Associate degree,college,Pacific
312,Occasionally,Once in a while,69,No,The person in the middle seat gets both arm rests,The person in aisle,Everyone in the row should have some say,Yes,No,Three times,"Yes, they should not recline their chair if the person behind them asks them not to",Somewhat,Yes,No,No,No,Yes,No,Yes,No,No,not_Female,52,$50-100k,Graduate degree,college,West North Central
313,Occasionally,Never,64,No,The arm rests should be shared,The person in aisle,The person in the window seat should have exclusive control,No,Somewhat,Once,"Yes, they should not recline their chair if the person behind them asks them not to",No,No,No,No,No,Yes,No,Yes,No,No,Female,66,$50-100k,Graduate degree,college,East North Central
314,Occasionally,Once in a while,65,No,The arm rests should be shared,The arm rests should be shared,The person in the window seat should have exclusive control,No,No,Three times,"Yes, they should not recline their chair if the person behind them asks them not to",No,No,No,No,No,No,No,Somewhat,No,No,Female,63,$100-150k,Graduate degree,college,Middle Atlantic
315,Occasionally,Usually,57,No,Other (please specify),Other (please specify),Everyone in the row should have some say,No,No,More than five times times,"Yes, they should not recline their chair if the person behind them asks them not to",No,No,No,No,No,No,No,Somewhat,No,No,Female,62,>$150k,Graduate degree,college,Pacific
316,Occasionally,Usually,66,No,The arm rests should be shared,The arm rests should be shared,Everyone in the row should have some say,No,No,Four times,"Yes, they should not recline their chair if the person behind them asks them not to",No,No,No,No,No,No,Somewhat,Yes,No,No,Female,63,$50-100k,Graduate degree,college,East North Central
317,Occasionally,Always,60,No,The arm rests should be shared,The person by the window,The person in the window seat should have exclusive control,No,No,Three times,"Yes, they should not recline their chair if the person behind them asks them not to",No,No,No,No,Somewhat,Somewhat,No,Somewhat,No,No,Female,62,>$150k,Graduate degree,college,Middle Atlantic
318,Occasionally,About half the time,66,No,The arm rests should be shared,The arm rests should be shared,The person in the window seat should have exclusive control,Somewhat,No,Three times,"Yes, they should not recline their chair if the person behind them asks them not to",Somewhat,No,No,No,Somewhat,Somewhat,No,No,No,No,Female,64,$25-50k,High school degree,HS,New England
319,Occasionally,Usually,73,No,The arm rests should be shared,The arm rests should be shared,The person in the window seat should have exclusive control,No,No,Twice,"Yes, they should not recline their chair if the person behind them asks them not to",No,No,No,No,No,Somewhat,No,Somewhat,No,No,not_Female,82,$100-150k,Bachelor degree,college,Middle Atlantic
320,Occasionally,Once in a while,71,No,The arm rests should be shared,The arm rests should be shared,Everyone in the row should have some say,Yes,No,Four times,"Yes, they should not recline their chair if the person behind them asks them not to",No,No,Somewhat,Somewhat,Somewhat,Yes,No,Somewhat,No,No,not_Female,81,$50-100k,Bachelor degree,college,West North Central
321,Occasionally,Never,63,No,The arm rests should be shared,The arm rests should be shared,The person in the window seat should have exclusive control,No,No,Once,"Yes, they should not recline their chair if the person behind them asks them not to",Yes,Yes,Yes,Yes,No,Yes,Yes,Yes,No,No,Female,71,$50-100k,Bachelor degree,college,South Atlantic
322,Occasionally,Usually,66,No,The person in the middle seat gets both arm rests,The arm rests should be shared,Everyone in the row should have some say,No,Somewhat,More than five times times,"No, the person on the flight has no obligation to the person behind them",No,No,No,No,No,Somewhat,No,Yes,No,No,Female,72,$50-100k,Bachelor degree,college,Pacific
323,Occasionally,Usually,63,No,The arm rests should be shared,The arm rests should be shared,Everyone in the row should have some say,No,No,Once,"No, the person on the flight has no obligation to the person behind them",No,Yes,No,No,No,Somewhat,No,Yes,No,No,Female,83,>$150k,Bachelor degree,college,Middle Atlantic
324,Occasionally,Usually,65,No,The arm rests should be shared,The arm rests should be shared,Everyone in the row should have some say,No,No,More than five times times,"Yes, they should not recline their chair if the person behind them asks them not to",No,No,No,No,Somewhat,Somewhat,No,Somewhat,No,No,Female,62,$50-100k,Graduate degree,college,Pacific
325,Occasionally,Never,65,No,The person in the middle seat gets both arm rests,Whoever puts their arm on the arm rest first,The person in the window seat should have exclusive control,No,No,Twice,"Yes, they should not recline their chair if the person behind them asks them not to",Yes,Yes,No,No,No,Somewhat,No,Yes,No,No,Female,69,$25-50k,Graduate degree,college,New England
326,Occasionally,Usually,66,No,The arm rests should be shared,The arm rests should be shared,The person in the window seat should have exclusive control,No,No,Twice,"No, the person on the flight has no obligation to the person behind them",No,Yes,No,No,Somewhat,Yes,Somewhat,Yes,No,No,not_Female,75,<$25k,High school degree,HS,South Atlantic
327,Occasionally,Usually,69,No,The arm rests should be shared,The person by the window,Everyone in the row should have some say,Somewhat,No,More than five times times,"No, the person on the flight has no obligation to the person behind them",Somewhat,No,Yes,Somewhat,No,Somewhat,No,No,No,No,not_Female,77,$50-100k,Some college or Associate degree,college,West North Central
328,Occasionally,Usually,64,No,The arm rests should be shared,The arm rests should be shared,The person in the window seat should have exclusive control,No,No,Twice,"Yes, they should not recline their chair if the person behind them asks them not to",No,No,Somewhat,Somewhat,Somewhat,Yes,No,Somewhat,No,No,Female,71,$25-50k,Some college or Associate degree,college,Pacific
329,Occasionally,Never,71,No,The arm rests should be shared,The arm rests should be shared,The person in the window seat should have exclusive control,No,No,Three times,"No, the person on the flight has no obligation to the person behind them",No,No,No,No,No,No,No,Somewhat,No,No,not_Female,67,$50-100k,Some college or Associate degree,college,Pacific
330,Occasionally,Always,72,No,The arm rests should be shared,The person in aisle,The person in the window seat should have exclusive control,No,No,Twice,"Yes, they should not recline their chair if the person behind them asks them not to",No,No,Somewhat,No,No,Yes,No,Somewhat,No,No,not_Female,72,$100-150k,Bachelor degree,college,Pacific
331,Occasionally,Once in a while,65,No,The arm rests should be shared,The arm rests should be shared,The person in the window seat should have exclusive control,No,No,Three times,"Yes, they should not recline their chair if the person behind them asks them not to",Somewhat,Yes,No,No,No,Somewhat,Somewhat,Yes,No,No,not_Female,70,$25-50k,Some college or Associate degree,college,Pacific
332,Occasionally,Once in a while,65,No,The arm rests should be shared,The arm rests should be shared,The person in the window seat should have exclusive control,No,No,Four times,"Yes, they should not recline their chair if the person behind them asks them not to",Somewhat,No,Somewhat,No,No,Somewhat,No,No,No,No,Female,74,$25-50k,Bachelor degree,college,Pacific
333,Occasionally,Once in a while,74,No,The arm rests should be shared,The arm rests should be shared,The person in the window seat should have exclusive control,No,No,It is not okay to get up during flight,"Yes, they should not recline their chair if the person behind them asks them not to",Somewhat,No,No,No,Somewhat,Yes,Somewhat,Yes,No,No,not_Female,47,$50-100k,Some college or Associate degree,college,South Atlantic
334,Occasionally,Never,64,No,The arm rests should be shared,The arm rests should be shared,Everyone in the row should have some say,No,No,More than five times times,"Yes, they should not recline their chair if the person behind them asks them not to",No,No,No,No,Somewhat,Somewhat,No,Somewhat,No,No,Female,69,<$25k,Some college or Associate degree,college,Middle Atlantic
335,Occasionally,Usually,65,No,The arm rests should be shared,The arm rests should be shared,Everyone in the row should have some say,No,No,Twice,"Yes, they should not recline their chair if the person behind them asks them not to",No,No,No,No,Somewhat,Yes,No,Somewhat,Yes,No,Female,80,$50-100k,Graduate degree,college,Pacific
336,Occasionally,Once in a while,69,No,The arm rests should be shared,The arm rests should be shared,The person in the window seat should have exclusive control,Somewhat,No,Twice,"No, the person on the flight has no obligation to the person behind them",No,No,No,No,No,Somewhat,No,Somewhat,No,No,not_Female,41,$100-150k,Bachelor degree,college,West North Central
337,Occasionally,Always,72,No,The person in the middle seat gets both arm rests,The arm rests should be shared,Everyone in the row should have some say,No,Somewhat,Four times,"No, the person on the flight has no obligation to the person behind them",No,No,No,No,No,Somewhat,Yes,Yes,Yes,No,not_Female,56,$100-150k,Graduate degree,college,West South Central
338,Occasionally,Once in a while,70,Yes,Whoever puts their arm on the arm rest first,Whoever puts their arm on the arm rest first,The person in the window seat should have exclusive control,No,No,Three times,"No, the person on the flight has no obligation to the person behind them",No,No,No,No,Somewhat,Yes,No,No,No,No,not_Female,37,$100-150k,Graduate degree,college,Pacific
339,Occasionally,Once in a while,63,No,The arm rests should be shared,The arm rests should be shared,Everyone in the row should have some say,No,No,Twice,"No, the person on the flight has no obligation to the person behind them",No,No,No,No,Somewhat,Somewhat,No,Somewhat,No,No,Female,79,$25-50k,Bachelor degree,college,Pacific
340,Occasionally,Once in a while,72,No,The arm rests should be shared,The arm rests should be shared,Everyone in the row should have some say,No,No,More than five times times,"Yes, they should not recline their chair if the person behind them asks them not to",No,No,No,No,No,Somewhat,No,Somewhat,No,No,not_Female,84,$50-100k,Some college or Associate degree,college,South Atlantic
341,Occasionally,About half the time,66,No,The arm rests should be shared,The arm rests should be shared,The person in the window seat should have exclusive control,Somewhat,No,Three times,"No, the person on the flight has no obligation to the person behind them",No,No,Somewhat,Somewhat,No,Somewhat,No,Yes,No,No,Female,84,$100-150k,Some college or Associate degree,college,South Atlantic
342,Occasionally,Always,75,No,The arm rests should be shared,The arm rests should be shared,Everyone in the row should have some say,No,No,Three times,"Yes, they should not recline their chair if the person behind them asks them not to",No,No,Somewhat,No,No,Somewhat,Somewhat,Yes,No,No,not_Female,63,$25-50k,Bachelor degree,college,East North Central
343,Occasionally,Usually,71,No,The arm rests should be shared,The arm rests should be shared,Everyone in the row should have some say,Somewhat,Somewhat,Twice,"Yes, they should not recline their chair if the person behind them asks them not to",No,Yes,Somewhat,No,No,Somewhat,No,Somewhat,No,No,not_Female,75,$100-150k,Graduate degree,college,West North Central
344,Occasionally,Once in a while,77,No,The arm rests should be shared,The arm rests should be shared,Everyone in the row should have some say,No,Somewhat,Three times,"Yes, they should not recline their chair if the person behind them asks them not to",Somewhat,Yes,No,No,No,Somewhat,No,Somewhat,No,No,not_Female,54,$50-100k,Bachelor degree,college,Pacific
345,Occasionally,Never,64,No,The arm rests should be shared,The arm rests should be shared,Everyone in the row should have some say,No,No,Three times,"Yes, they should not recline their chair if the person behind them asks them not to",No,Yes,Somewhat,No,No,No,No,Yes,No,No,Female,44,$100-150k,Bachelor degree,college,West South Central
346,Occasionally,About half the time,56,Yes,The arm rests should be shared,The arm rests should be shared,The person in the window seat should have exclusive control,Somewhat,Somewhat,Once,"Yes, they should not recline their chair if the person behind them asks them not to",No,No,No,No,No,Somewhat,No,No,No,No,Female,39,<$25k,Graduate degree,college,South Atlantic
347,Occasionally,Once in a while,61,No,The arm rests should be shared,The arm rests should be shared,The person in the window seat should have exclusive control,Somewhat,No,Three times,"Yes, they should not recline their chair if the person behind them asks them not to",Somewhat,Yes,Somewhat,No,No,Somewhat,No,Somewhat,No,No,Female,71,$25-50k,Bachelor degree,college,West North Central
348,Occasionally,Never,65,No,The arm rests should be shared,The arm rests should be shared,The person in the window seat should have exclusive control,Somewhat,Somewhat,Four times,"Yes, they should not recline their chair if the person behind them asks them not to",Somewhat,No,Somewhat,Somewhat,No,Yes,Somewhat,Yes,No,No,Female,35,$50-100k,Bachelor degree,college,South Atlantic
349,Occasionally,Once in a while,65,No,The arm rests should be shared,The arm rests should be shared,The person in the window seat should have exclusive control,No,Somewhat,Three times,"Yes, they should not recline their chair if the person behind them asks them not to",Somewhat,No,No,No,No,Somewhat,No,No,No,No,Female,38,$25-50k,Graduate degree,college,Middle Atlantic
350,Occasionally,Never,73,No,The arm rests should be shared,The arm rests should be shared,Everyone in the row should have some say,No,No,Four times,"Yes, they should not recline their chair if the person behind them asks them not to",Somewhat,Yes,No,No,No,Somewhat,No,Somewhat,No,No,not_Female,78,$100-150k,Graduate degree,college,West North Central
351,Occasionally,Once in a while,65,Yes,The arm rests should be shared,The arm rests should be shared,Everyone in the row should have some say,No,No,More than five times times,"Yes, they should not recline their chair if the person behind them asks them not to",Somewhat,Yes,No,No,Somewhat,Somewhat,No,No,No,No,Female,35,<$25k,Graduate degree,college,Middle Atlantic
352,Occasionally,Usually,64,No,The arm rests should be shared,The arm rests should be shared,The person in the window seat should have exclusive control,No,Yes,Four times,"No, the person on the flight has no obligation to the person behind them",No,No,No,No,No,Somewhat,Yes,Yes,No,No,Female,41,<$25k,Bachelor degree,college,Mountain
353,Occasionally,Usually,66,No,The arm rests should be shared,The arm rests should be shared,Everyone in the row should have some say,No,No,Twice,"No, the person on the flight has no obligation to the person behind them",Somewhat,Yes,No,No,No,Somewhat,No,Somewhat,No,No,Female,79,$100-150k,Some college or Associate degree,college,South Atlantic
354,Occasionally,Never,63,No,The people in the aisle and window seats get both arm rests,Whoever puts their arm on the arm rest first,Everyone in the row should have some say,Yes,Yes,Once,"No, the person on the flight has no obligation to the person behind them",Yes,No,Yes,No,Yes,Yes,No,No,Yes,No,Female,42,$100-150k,High school degree,HS,East North Central
355,Occasionally,Once in a while,71,No,The arm rests should be shared,The arm rests should be shared,The person in the window seat should have exclusive control,Somewhat,No,Twice,"Yes, they should not recline their chair if the person behind them asks them not to",Somewhat,Yes,No,No,Somewhat,Somewhat,No,Somewhat,No,No,not_Female,81,>$150k,Graduate degree,college,
356,Occasionally,About half the time,63,No,The arm rests should be shared,The arm rests should be shared,Everyone in the row should have some say,No,No,Three times,"Yes, they should not recline their chair if the person behind them asks them not to",No,No,No,No,No,No,No,No,No,No,Female,43,$25-50k,Graduate degree,college,Pacific
357,Occasionally,Once in a while,71,No,The arm rests should be shared,The arm rests should be shared,Everyone in the row should have some say,No,No,Twice,"No, the person on the flight has no obligation to the person behind them",No,No,No,No,No,Somewhat,No,Somewhat,No,No,not_Female,37,$50-100k,Some college or Associate degree,college,West South Central
358,Occasionally,Once in a while,65,No,The arm rests should be shared,Other (please specify),The person in the window seat should have exclusive control,No,Somewhat,Once,"No, the person on the flight has no obligation to the person behind them",No,No,Yes,Yes,Yes,Yes,Somewhat,Yes,No,No,not_Female,35,<$25k,Bachelor degree,college,Pacific
359,Occasionally,Once in a while,69,No,Whoever puts their arm on the arm rest first,Whoever puts their arm on the arm rest first,Everyone in the row should have some say,No,No,Twice,"Yes, they should not recline their chair if the person behind them asks them not to",Somewhat,No,Somewhat,Somewhat,Somewhat,Somewhat,No,Somewhat,Yes,No,not_Female,52,>$150k,Graduate degree,college,Mountain
360,Occasionally,Never,68,No,The arm rests should be shared,The arm rests should be shared,Everyone in the row should have some say,No,No,Twice,"Yes, they should not recline their chair if the person behind them asks them not to",Somewhat,Yes,Somewhat,No,No,Somewhat,No,Somewhat,No,No,Female,74,$50-100k,High school degree,HS,South Atlantic
361,Occasionally,About half the time,63,No,The arm rests should be shared,The arm rests should be shared,Everyone in the row should have some say,No,No,Three times,"No, the person on the flight has no obligation to the person behind them",No,No,No,No,No,Somewhat,No,Somewhat,No,No,Female,34,>$150k,Graduate degree,college,
362,Occasionally,Once in a while,64,Yes,The arm rests should be shared,The person by the window,The person in the window seat should have exclusive control,No,No,Four times,"No, the person on the flight has no obligation to the person behind them",No,No,Somewhat,Somewhat,Somewhat,Somewhat,No,Somewhat,No,No,Female,43,$50-100k,Bachelor degree,college,West North Central
363,Occasionally,Usually,61,No,The arm rests should be shared,The arm rests should be shared,Everyone in the row should have some say,No,No,Four times,"No, the person on the flight has no obligation to the person behind them",No,No,No,No,No,Somewhat,No,Somewhat,No,No,Female,41,$100-150k,Graduate degree,college,New England
364,Occasionally,About half the time,71,Yes,Other (please specify),Other (please specify),The person in the window seat should have exclusive control,No,No,Three times,"No, the person on the flight has no obligation to the person behind them",Somewhat,No,No,No,Somewhat,Yes,No,No,No,No,not_Female,42,$100-150k,Bachelor degree,college,Pacific
365,Occasionally,Once in a while,76,Yes,The arm rests should be shared,Whoever puts their arm on the arm rest first,The person in the window seat should have exclusive control,Yes,No,Twice,"Yes, they should not recline their chair if the person behind them asks them not to",No,No,No,No,No,Somewhat,No,Somewhat,No,No,not_Female,52,$50-100k,Bachelor degree,college,Pacific
366,Occasionally,Never,62,No,The arm rests should be shared,The arm rests should be shared,Everyone in the row should have some say,No,No,Three times,"Yes, they should not recline their chair if the person behind them asks them not to",Somewhat,Yes,Somewhat,Somewhat,Somewhat,Yes,Yes,Yes,No,No,Female,37,$50-100k,Some college or Associate degree,college,Pacific
367,Occasionally,Never,74,No,The people in the aisle and window seats get both arm rests,The person in aisle,Everyone in the row should have some say,No,No,Three times,"Yes, they should not recline their chair if the person behind them asks them not to",Somewhat,No,Somewhat,Somewhat,Yes,Yes,Somewhat,Somewhat,No,No,not_Female,25,$50-100k,High school degree,HS,South Atlantic
368,Occasionally,Once in a while,63,No,The arm rests should be shared,The arm rests should be shared,Everyone in the row should have some say,No,Somewhat,Once,"Yes, they should not recline their chair if the person behind them asks them not to",Somewhat,No,Somewhat,Somewhat,Somewhat,Yes,Yes,Yes,No,No,Female,73,>$150k,Bachelor degree,college,Pacific
369,Occasionally,Usually,73,No,The arm rests should be shared,The arm rests should be shared,Everyone in the row should have some say,No,No,More than five times times,"Yes, they should not recline their chair if the person behind them asks them not to",No,No,No,No,Somewhat,Somewhat,No,No,No,No,not_Female,59,$50-100k,Bachelor degree,college,South Atlantic
370,Occasionally,Always,63,No,The person in the middle seat gets both arm rests,The arm rests should be shared,Everyone in the row should have some say,No,No,Twice,"No, the person on the flight has no obligation to the person behind them",No,No,No,No,Somewhat,Yes,No,Somewhat,No,No,Female,44,$50-100k,Some college or Associate degree,college,Pacific
371,Occasionally,Always,68,Yes,Whoever puts their arm on the arm rest first,Whoever puts their arm on the arm rest first,The person in the window seat should have exclusive control,No,Somewhat,Three times,"No, the person on the flight has no obligation to the person behind them",No,No,No,No,No,Somewhat,Yes,Yes,No,No,not_Female,42,$50-100k,Some college or Associate degree,college,Mountain
373,Occasionally,Always,57,No,The arm rests should be shared,Whoever puts their arm on the arm rest first,The person in the window seat should have exclusive control,Yes,No,Twice,"No, the person on the flight has no obligation to the person behind them",No,No,Somewhat,Yes,Somewhat,Yes,Somewhat,Somewhat,No,No,Female,43,$50-100k,Bachelor degree,college,Middle Atlantic
374,Occasionally,About half the time,67,No,The arm rests should be shared,The arm rests should be shared,The person in the window seat should have exclusive control,No,No,More than five times times,"No, the person on the flight has no obligation to the person behind them",No,No,Somewhat,No,No,No,Somewhat,Yes,No,No,not_Female,61,>$150k,Graduate degree,college,West South Central
375,Occasionally,Always,64,No,The arm rests should be shared,The arm rests should be shared,The person in the window seat should have exclusive control,No,Somewhat,Three times,"Yes, they should not recline their chair if the person behind them asks them not to",No,No,No,No,Somewhat,Somewhat,No,Yes,No,No,Female,75,>$150k,Bachelor degree,college,East South Central
376,Occasionally,About half the time,67,Yes,Whoever puts their arm on the arm rest first,Whoever puts their arm on the arm rest first,The person in the window seat should have exclusive control,No,No,Three times,"No, the person on the flight has no obligation to the person behind them",No,No,No,No,No,No,No,Somewhat,No,No,Female,43,<$25k,Some college or Associate degree,college,South Atlantic
377,Occasionally,Always,73,No,The arm rests should be shared,The arm rests should be shared,Everyone in the row should have some say,No,No,Three times,"No, the person on the flight has no obligation to the person behind them",No,No,No,No,No,Somewhat,Somewhat,Yes,No,No,not_Female,78,$50-100k,Some college or Associate degree,college,Middle Atlantic
379,Occasionally,Usually,66,No,The arm rests should be shared,The arm rests should be shared,Everyone in the row should have some say,No,No,Three times,"No, the person on the flight has no obligation to the person behind them",No,No,No,No,No,No,No,Yes,No,No,Female,71,<$25k,Some college or Associate degree,college,Middle Atlantic
380,Occasionally,Usually,70,No,The arm rests should be shared,The arm rests should be shared,Everyone in the row should have some say,No,Somewhat,More than five times times,"Yes, they should not recline their chair if the person behind them asks them not to",No,No,No,No,No,No,No,Yes,No,No,not_Female,65,$50-100k,Bachelor degree,college,Mountain
381,Occasionally,Once in a while,70,No,The arm rests should be shared,The arm rests should be shared,The person in the window seat should have exclusive control,Yes,No,Twice,"Yes, they should not recline their chair if the person behind them asks them not to",No,No,No,No,No,No,No,Yes,No,No,Female,61,$50-100k,Some college or Associate degree,college,Pacific
382,Occasionally,Always,64,No,The arm rests should be shared,The arm rests should be shared,Everyone in the row should have some say,No,No,Four times,"No, the person on the flight has no obligation to the person behind them",No,No,No,No,Yes,Yes,No,Yes,No,No,Female,34,$50-100k,Bachelor degree,college,South Atlantic
383,Occasionally,Usually,76,No,The arm rests should be shared,The arm rests should be shared,Everyone in the row should have some say,No,No,Three times,"Yes, they should not recline their chair if the person behind them asks them not to",No,Yes,No,No,No,No,No,Somewhat,No,No,not_Female,69,$50-100k,Some college or Associate degree,college,East North Central
385,Occasionally,Once in a while,63,Yes,The arm rests should be shared,The arm rests should be shared,Everyone in the row should have some say,No,No,Twice,"Yes, they should not recline their chair if the person behind them asks them not to",Somewhat,Yes,No,No,No,No,No,No,No,No,Female,64,$50-100k,Graduate degree,college,Mountain
386,Occasionally,Usually,66,Yes,The arm rests should be shared,The arm rests should be shared,Everyone in the row should have some say,No,Somewhat,Three times,"Yes, they should not recline their chair if the person behind them asks them not to",No,No,No,No,Somewhat,Somewhat,No,Somewhat,No,No,Female,31,$50-100k,Graduate degree,college,Pacific
387,Occasionally,Once in a while,70,No,The arm rests should be shared,The arm rests should be shared,Everyone in the row should have some say,No,No,Three times,"Yes, they should not recline their chair if the person behind them asks them not to",No,No,No,No,No,Yes,No,Somewhat,No,No,not_Female,71,$50-100k,Bachelor degree,college,East North Central
388,Occasionally,Usually,67,No,The arm rests should be shared,The arm rests should be shared,Everyone in the row should have some say,No,No,Twice,"Yes, they should not recline their chair if the person behind them asks them not to",No,No,Somewhat,Somewhat,Somewhat,Yes,No,Yes,No,No,not_Female,67,$50-100k,Graduate degree,college,Pacific
389,Occasionally,Usually,72,No,The arm rests should be shared,The arm rests should be shared,The person in the window seat should have exclusive control,No,No,Three times,"Yes, they should not recline their chair if the person behind them asks them not to",No,No,No,No,No,No,No,Somewhat,No,No,not_Female,71,$50-100k,Bachelor degree,college,West South Central
390,Occasionally,Once in a while,71,Yes,The arm rests should be shared,The arm rests should be shared,Everyone in the row should have some say,No,No,Three times,"No, the person on the flight has no obligation to the person behind them",No,No,No,No,Somewhat,Somewhat,No,No,Yes,No,not_Female,42,$50-100k,Graduate degree,college,Pacific
391,Occasionally,About half the time,57,No,The arm rests should be shared,The arm rests should be shared,The person in the window seat should have exclusive control,No,No,Twice,"No, the person on the flight has no obligation to the person behind them",No,No,No,No,Somewhat,Yes,Somewhat,Somewhat,Yes,No,Female,36,<$25k,Some college or Associate degree,college,East North Central
392,Occasionally,Usually,68,No,The arm rests should be shared,The arm rests should be shared,Everyone in the row should have some say,Somewhat,Somewhat,Three times,"No, the person on the flight has no obligation to the person behind them",No,No,No,No,Somewhat,Somewhat,Yes,Yes,No,No,not_Female,77,$50-100k,Bachelor degree,college,South Atlantic
393,Occasionally,Always,65,No,The arm rests should be shared,The arm rests should be shared,Everyone in the row should have some say,No,No,Twice,"Yes, they should not recline their chair if the person behind them asks them not to",No,No,No,No,No,Yes,No,No,No,No,Female,69,$25-50k,Graduate degree,college,Middle Atlantic
394,Occasionally,Always,67,Yes,The person in the middle seat gets both arm rests,The arm rests should be shared,The person in the window seat should have exclusive control,No,No,Twice,"No, the person on the flight has no obligation to the person behind them",No,No,No,No,No,No,No,Somewhat,No,No,not_Female,57,>$150k,Bachelor degree,college,Pacific
395,Occasionally,Once in a while,70,No,The arm rests should be shared,The arm rests should be shared,Everyone in the row should have some say,No,No,Three times,"Yes, they should not recline their chair if the person behind them asks them not to",No,No,No,No,Somewhat,Somewhat,No,Somewhat,No,No,Female,85,$50-100k,Bachelor degree,college,West North Central
396,Occasionally,Never,66,No,The arm rests should be shared,Whoever puts their arm on the arm rest first,Everyone in the row should have some say,No,No,Once,"Yes, they should not recline their chair if the person behind them asks them not to",No,Yes,No,No,No,No,No,No,No,No,Female,81,$100-150k,Some college or Associate degree,college,South Atlantic
397,Occasionally,About half the time,66,No,The person in the middle seat gets both arm rests,The arm rests should be shared,The person in the window seat should have exclusive control,No,No,Twice,"Yes, they should not recline their chair if the person behind them asks them not to",Somewhat,No,Somewhat,Somewhat,Somewhat,Somewhat,Yes,Yes,No,No,Female,35,>$150k,Graduate degree,college,Middle Atlantic
398,Occasionally,Always,70,No,The person in the middle seat gets both arm rests,The arm rests should be shared,Everyone in the row should have some say,No,Somewhat,More than five times times,"Yes, they should not recline their chair if the person behind them asks them not to",No,No,No,No,No,No,No,Somewhat,No,No,Female,42,$50-100k,Bachelor degree,college,East North Central
399,Occasionally,Once in a while,64,Yes,The arm rests should be shared,The arm rests should be shared,Everyone in the row should have some say,No,Somewhat,Once,"Yes, they should not recline their chair if the person behind them asks them not to",Somewhat,No,No,No,No,Somewhat,Somewhat,Somewhat,No,No,Female,40,$50-100k,High school degree,HS,East South Central
400,Occasionally,Once in a while,66,Yes,The person in the middle seat gets both arm rests,The person in aisle,The person in the window seat should have exclusive control,No,No,Twice,"Yes, they should not recline their chair if the person behind them asks them not to",No,No,Somewhat,Somewhat,No,Somewhat,No,Yes,Yes,No,Female,33,$50-100k,High school degree,HS,Mountain
401,Occasionally,Never,60,No,The arm rests should be shared,The arm rests should be shared,Everyone in the row should have some say,No,No,Three times,"Yes, they should not recline their chair if the person behind them asks them not to",Yes,Yes,No,No,No,Somewhat,Somewhat,Yes,No,No,Female,76,$100-150k,Graduate degree,college,South Atlantic
402,Occasionally,Once in a while,69,No,The arm rests should be shared,The arm rests should be shared,Everyone in the row should have some say,No,Somewhat,Three times,"Yes, they should not recline their chair if the person behind them asks them not to",No,No,No,No,No,Somewhat,Somewhat,Yes,No,No,not_Female,82,>$150k,Some college or Associate degree,college,South Atlantic
403,Occasionally,Usually,67,No,Whoever puts their arm on the arm rest first,The arm rests should be shared,The person in the window seat should have exclusive control,No,No,Three times,"Yes, they should not recline their chair if the person behind them asks them not to",Somewhat,No,No,No,Somewhat,Somewhat,No,Yes,No,No,not_Female,82,$50-100k,Graduate degree,college,Middle Atlantic
404,Occasionally,Never,68,No,The arm rests should be shared,The arm rests should be shared,Everyone in the row should have some say,No,Somewhat,More than five times times,"No, the person on the flight has no obligation to the person behind them",No,Yes,Somewhat,No,No,Somewhat,No,No,No,No,not_Female,56,$50-100k,Some college or Associate degree,college,West North Central
405,Occasionally,Once in a while,65,No,The arm rests should be shared,The arm rests should be shared,The person in the window seat should have exclusive control,No,No,Three times,"No, the person on the flight has no obligation to the person behind them",No,Yes,No,No,No,Somewhat,No,Yes,No,No,Female,56,<$25k,Some college or Associate degree,college,Mountain
406,Occasionally,Always,64,No,The person in the middle seat gets both arm rests,The arm rests should be shared,The person in the window seat should have exclusive control,Yes,Somewhat,Once,"No, the person on the flight has no obligation to the person behind them",No,No,Somewhat,Somewhat,No,Somewhat,No,Yes,No,No,Female,31,$25-50k,Some college or Associate degree,college,Pacific
407,Occasionally,Once in a while,75,No,The arm rests should be shared,The arm rests should be shared,Everyone in the row should have some say,Yes,Somewhat,Three times,"Yes, they should not recline their chair if the person behind them asks them not to",Somewhat,Yes,Somewhat,Somewhat,No,Somewhat,No,No,No,No,not_Female,53,$50-100k,Some college or Associate degree,college,Middle Atlantic
408,Occasionally,Once in a while,57,No,The arm rests should be shared,The arm rests should be shared,The person in the window seat should have exclusive control,No,No,Twice,"Yes, they should not recline their chair if the person behind them asks them not to",No,No,No,No,No,Somewhat,No,Yes,No,No,Female,56,$50-100k,Some college or Associate degree,college,East North Central
409,Occasionally,Never,65,No,The arm rests should be shared,The arm rests should be shared,Everyone in the row should have some say,No,No,Once,"Yes, they should not recline their chair if the person behind them asks them not to",Yes,Yes,No,No,No,No,Somewhat,Yes,No,No,Female,37,$25-50k,High school degree,HS,West South Central
410,Occasionally,Never,67,No,The arm rests should be shared,The arm rests should be shared,Everyone in the row should have some say,No,No,Three times,"Yes, they should not recline their chair if the person behind them asks them not to",Somewhat,Yes,No,No,No,No,No,Somewhat,No,No,Female,66,$100-150k,Graduate degree,college,New England
411,Occasionally,Usually,68,No,The arm rests should be shared,The arm rests should be shared,Everyone in the row should have some say,Somewhat,No,Twice,"Yes, they should not recline their chair if the person behind them asks them not to",Somewhat,No,No,No,Somewhat,Somewhat,Somewhat,Somewhat,Yes,No,Female,41,$25-50k,Graduate degree,college,East South Central
412,Occasionally,Never,63,No,The arm rests should be shared,The arm rests should be shared,Everyone in the row should have some say,Yes,No,Twice,"No, the person on the flight has no obligation to the person behind them",No,No,No,No,No,Somewhat,No,Somewhat,No,No,Female,51,$50-100k,High school degree,HS,Middle Atlantic
413,Occasionally,Always,63,No,The arm rests should be shared,The arm rests should be shared,Everyone in the row should have some say,No,No,Four times,"Yes, they should not recline their chair if the person behind them asks them not to",No,No,No,No,Somewhat,Somewhat,Yes,Yes,No,No,Female,82,>$150k,Graduate degree,college,Middle Atlantic
414,Occasionally,Once in a while,68,No,The arm rests should be shared,The arm rests should be shared,Everyone in the row should have some say,No,No,More than five times times,"Yes, they should not recline their chair if the person behind them asks them not to",Somewhat,Yes,Somewhat,Somewhat,No,Somewhat,No,No,No,No,Female,83,$50-100k,Graduate degree,college,New England
415,Occasionally,Always,65,No,The person in the middle seat gets both arm rests,The arm rests should be shared,Everyone in the row should have some say,No,No,Twice,"Yes, they should not recline their chair if the person behind them asks them not to",No,No,No,No,Somewhat,Yes,Somewhat,Yes,No,No,Female,39,$50-100k,Some college or Associate degree,college,East North Central
416,Occasionally,Never,75,No,The arm rests should be shared,The person in aisle,The person in the window seat should have exclusive control,No,Somewhat,Four times,"Yes, they should not recline their chair if the person behind them asks them not to",Somewhat,No,No,No,No,Somewhat,No,Somewhat,No,No,not_Female,32,>$150k,Graduate degree,college,Pacific
417,Occasionally,Never,62,No,The arm rests should be shared,The arm rests should be shared,The person in the window seat should have exclusive control,Somewhat,No,More than five times times,"Yes, they should not recline their chair if the person behind them asks them not to",Somewhat,Yes,No,No,No,Somewhat,No,Somewhat,No,No,Female,33,$25-50k,Bachelor degree,college,Mountain
418,Occasionally,Once in a while,55,No,The people in the aisle and window seats get both arm rests,The arm rests should be shared,The person in the window seat should have exclusive control,No,No,Three times,"No, the person on the flight has no obligation to the person behind them",No,No,No,No,Somewhat,Somewhat,No,Somewhat,No,No,Female,53,$50-100k,Bachelor degree,college,Middle Atlantic
419,Occasionally,Never,65,No,The person in the middle seat gets both arm rests,Whoever puts their arm on the arm rest first,Everyone in the row should have some say,No,No,Four times,"Yes, they should not recline their chair if the person behind them asks them not to",Somewhat,No,No,No,No,Somewhat,Yes,Yes,No,No,Female,58,$100-150k,Graduate degree,college,
420,Occasionally,Once in a while,67,No,The person in the middle seat gets both arm rests,Whoever puts their arm on the arm rest first,Everyone in the row should have some say,No,Yes,Once,"Yes, they should not recline their chair if the person behind them asks them not to",Somewhat,Yes,No,No,Somewhat,Yes,Somewhat,Yes,No,No,Female,54,>$150k,Graduate degree,college,New England
421,Occasionally,Usually,70,Yes,The arm rests should be shared,Whoever puts their arm on the arm rest first,The person in the window seat should have exclusive control,Somewhat,Yes,Twice,"Yes, they should not recline their chair if the person behind them asks them not to",No,Yes,No,No,No,Yes,Somewhat,Yes,No,No,not_Female,70,$25-50k,Some college or Associate degree,college,Pacific
422,Occasionally,Usually,64,No,The arm rests should be shared,The arm rests should be shared,Everyone in the row should have some say,No,No,Twice,"No, the person on the flight has no obligation to the person behind them",No,No,No,No,No,No,No,No,No,No,Female,54,$100-150k,Some college or Associate degree,college,Middle Atlantic
423,Occasionally,Once in a while,68,No,The arm rests should be shared,The arm rests should be shared,Everyone in the row should have some say,No,No,Three times,"Yes, they should not recline their chair if the person behind them asks them not to",No,No,No,No,No,No,Somewhat,Yes,No,No,not_Female,78,$25-50k,Graduate degree,college,South Atlantic
424,Occasionally,Never,61,No,The person in the middle seat gets both arm rests,The person in aisle,Everyone in the row should have some say,Somewhat,No,Twice,"Yes, they should not recline their chair if the person behind them asks them not to",Yes,Yes,No,No,No,No,No,Yes,Yes,No,Female,82,>$150k,Graduate degree,college,South Atlantic
425,Occasionally,Once in a while,67,Yes,The arm rests should be shared,The arm rests should be shared,Everyone in the row should have some say,No,No,Three times,"Yes, they should not recline their chair if the person behind them asks them not to",No,No,No,No,No,Somewhat,No,Somewhat,No,No,Female,32,$25-50k,Graduate degree,college,Mountain
426,Occasionally,Usually,66,No,The arm rests should be shared,The arm rests should be shared,The person in the window seat should have exclusive control,No,Somewhat,Three times,"No, the person on the flight has no obligation to the person behind them",No,No,Somewhat,Somewhat,No,No,No,Somewhat,No,No,Female,33,>$150k,Graduate degree,college,Middle Atlantic
427,Occasionally,Usually,67,Yes,The arm rests should be shared,The arm rests should be shared,The person in the window seat should have exclusive control,No,No,Four times,"Yes, they should not recline their chair if the person behind them asks them not to",No,No,No,No,No,Somewhat,No,No,Yes,No,not_Female,79,>$150k,Some college or Associate degree,college,Pacific
428,Occasionally,Never,68,Yes,The arm rests should be shared,The arm rests should be shared,Everyone in the row should have some say,No,No,Four times,"Yes, they should not recline their chair if the person behind them asks them not to",No,No,No,No,No,Somewhat,No,Somewhat,No,No,Female,31,$50-100k,Bachelor degree,college,South Atlantic
429,Occasionally,Usually,68,No,The arm rests should be shared,The arm rests should be shared,Everyone in the row should have some say,No,No,Four times,"Yes, they should not recline their chair if the person behind them asks them not to",No,No,No,No,No,Somewhat,No,No,No,No,Female,43,$100-150k,Bachelor degree,college,New England
430,Occasionally,Never,63,No,The arm rests should be shared,The arm rests should be shared,Everyone in the row should have some say,Yes,Somewhat,Twice,"Yes, they should not recline their chair if the person behind them asks them not to",Somewhat,No,Somewhat,No,No,Yes,No,Somewhat,No,No,Female,46,>$150k,Bachelor degree,college,West South Central
431,Occasionally,Never,71,No,The arm rests should be shared,The arm rests should be shared,The person in the window seat should have exclusive control,Somewhat,Somewhat,Three times,"Yes, they should not recline their chair if the person behind them asks them not to",Yes,Yes,Somewhat,Somewhat,Somewhat,Yes,Somewhat,Yes,No,No,not_Female,43,$50-100k,Bachelor degree,college,East North Central
432,Occasionally,About half the time,64,Yes,The arm rests should be shared,The person in aisle,The person in the window seat should have exclusive control,No,No,Twice,"No, the person on the flight has no obligation to the person behind them",No,Yes,Somewhat,No,Somewhat,Yes,No,Somewhat,Yes,No,Female,37,$100-150k,Bachelor degree,college,Mountain
433,Occasionally,About half the time,69,No,The arm rests should be shared,The arm rests should be shared,The person in the window seat should have exclusive control,No,No,Twice,"Yes, they should not recline their chair if the person behind them asks them not to",No,No,Somewhat,No,No,Somewhat,No,Yes,No,No,not_Female,68,$50-100k,Graduate degree,college,South Atlantic
434,Occasionally,Usually,68,No,Other (please specify),Other (please specify),The person in the window seat should have exclusive control,No,No,Twice,"Yes, they should not recline their chair if the person behind them asks them not to",No,No,Somewhat,Somewhat,Somewhat,Somewhat,No,Yes,No,No,Female,71,<$25k,Bachelor degree,college,Mountain
435,Occasionally,About half the time,65,No,The arm rests should be shared,Whoever puts their arm on the arm rest first,The person in the window seat should have exclusive control,No,No,Four times,"No, the person on the flight has no obligation to the person behind them",No,No,No,No,Somewhat,Somewhat,No,Yes,No,No,Female,51,$50-100k,Graduate degree,college,South Atlantic
436,Occasionally,Never,64,No,The arm rests should be shared,The arm rests should be shared,The person in the window seat should have exclusive control,No,No,More than five times times,"No, the person on the flight has no obligation to the person behind them",No,No,No,No,No,No,Somewhat,Yes,No,No,Female,58,>$150k,Bachelor degree,college,South Atlantic
437,Occasionally,Once in a while,68,No,The arm rests should be shared,The arm rests should be shared,Everyone in the row should have some say,Somewhat,No,Three times,"Yes, they should not recline their chair if the person behind them asks them not to",Yes,Yes,Somewhat,Somewhat,No,No,Somewhat,Yes,No,No,not_Female,83,$50-100k,Graduate degree,college,South Atlantic
438,Occasionally,About half the time,67,No,The arm rests should be shared,The arm rests should be shared,The person in the window seat should have exclusive control,No,No,More than five times times,"Yes, they should not recline their chair if the person behind them asks them not to",No,No,No,No,No,Somewhat,No,No,No,No,Female,32,$50-100k,Graduate degree,college,East North Central
439,Occasionally,Always,67,No,The arm rests should be shared,The arm rests should be shared,Everyone in the row should have some say,No,No,Twice,"No, the person on the flight has no obligation to the person behind them",No,No,No,No,No,Somewhat,Yes,Yes,No,No,not_Female,46,$25-50k,Some college or Associate degree,college,East North Central
440,Occasionally,Always,66,No,The arm rests should be shared,The arm rests should be shared,Everyone in the row should have some say,No,Somewhat,Three times,"No, the person on the flight has no obligation to the person behind them",No,No,No,No,No,No,Yes,Yes,Yes,No,Female,52,$50-100k,Some college or Associate degree,college,Pacific
441,Occasionally,Once in a while,67,No,The arm rests should be shared,The arm rests should be shared,The person in the window seat should have exclusive control,Yes,Yes,It is not okay to get up during flight,"Yes, they should not recline their chair if the person behind them asks them not to",Yes,Yes,Yes,Yes,Yes,Yes,Yes,Yes,No,No,not_Female,25,<$25k,Some college or Associate degree,college,Pacific
442,Occasionally,Always,65,No,The arm rests should be shared,The arm rests should be shared,Everyone in the row should have some say,Yes,No,Twice,"Yes, they should not recline their chair if the person behind them asks them not to",No,No,Yes,No,No,No,No,Yes,No,No,Female,59,$25-50k,High school degree,HS,South Atlantic
443,Occasionally,Once in a while,69,No,The arm rests should be shared,Whoever puts their arm on the arm rest first,The person in the window seat should have exclusive control,No,Somewhat,Twice,"Yes, they should not recline their chair if the person behind them asks them not to",Somewhat,No,Somewhat,No,No,No,No,Yes,No,No,Female,48,$50-100k,Some college or Associate degree,college,South Atlantic
445,Occasionally,About half the time,64,No,The arm rests should be shared,The arm rests should be shared,The person in the window seat should have exclusive control,Somewhat,No,More than five times times,"No, the person on the flight has no obligation to the person behind them",No,No,No,No,No,No,No,Somewhat,No,No,Female,37,$50-100k,Some college or Associate degree,college,Pacific
446,Occasionally,Usually,72,Yes,The arm rests should be shared,The arm rests should be shared,Everyone in the row should have some say,Yes,No,Four times,"Yes, they should not recline their chair if the person behind them asks them not to",No,No,Somewhat,No,No,No,No,Somewhat,No,No,not_Female,35,$50-100k,Bachelor degree,college,Mountain
448,Occasionally,Usually,62,No,The person in the middle seat gets both arm rests,The arm rests should be shared,Everyone in the row should have some say,Somewhat,No,Three times,"No, the person on the flight has no obligation to the person behind them",Somewhat,No,Somewhat,Somewhat,Somewhat,Yes,Somewhat,Yes,Yes,No,not_Female,21,<$25k,Graduate degree,college,West South Central
449,Occasionally,Never,64,No,The arm rests should be shared,The arm rests should be shared,The person in the window seat should have exclusive control,No,No,Twice,"Yes, they should not recline their chair if the person behind them asks them not to",Yes,Yes,No,No,Somewhat,Somewhat,No,Yes,No,No,Female,82,<$25k,High school degree,HS,Pacific
450,Occasionally,About half the time,72,No,Whoever puts their arm on the arm rest first,Whoever puts their arm on the arm rest first,The person in the window seat should have exclusive control,No,No,More than five times times,"No, the person on the flight has no obligation to the person behind them",No,No,No,No,No,Somewhat,Yes,Yes,No,No,not_Female,56,>$150k,Some college or Associate degree,college,New England
451,Occasionally,Never,62,No,The arm rests should be shared,The arm rests should be shared,The person in the window seat should have exclusive control,No,No,Twice,"Yes, they should not recline their chair if the person behind them asks them not to",Somewhat,No,No,No,Somewhat,Yes,Somewhat,Somewhat,No,No,Female,37,$25-50k,Some college or Associate degree,college,West North Central
452,Occasionally,Usually,68,No,The arm rests should be shared,The arm rests should be shared,Everyone in the row should have some say,No,No,Three times,"Yes, they should not recline their chair if the person behind them asks them not to",No,No,No,No,No,No,No,Somewhat,No,No,not_Female,71,$25-50k,Graduate degree,college,Pacific
453,Occasionally,Always,60,No,The arm rests should be shared,The arm rests should be shared,Everyone in the row should have some say,No,No,Twice,"Yes, they should not recline their chair if the person behind them asks them not to",No,No,No,No,Somewhat,Somewhat,Yes,Yes,No,No,Female,68,$100-150k,Some college or Associate degree,college,West North Central
454,Occasionally,Never,60,No,The arm rests should be shared,The arm rests should be shared,Everyone in the row should have some say,No,No,Twice,"Yes, they should not recline their chair if the person behind them asks them not to",Somewhat,Yes,No,No,No,Somewhat,No,Yes,No,No,Female,50,$100-150k,Some college or Associate degree,college,West North Central
455,Occasionally,Always,66,No,The arm rests should be shared,The arm rests should be shared,The person in the window seat should have exclusive control,Somewhat,No,Twice,"No, the person on the flight has no obligation to the person behind them",No,No,No,No,No,No,No,Somewhat,No,No,Female,57,>$150k,Bachelor degree,college,Pacific
456,Occasionally,Usually,67,No,Whoever puts their arm on the arm rest first,Whoever puts their arm on the arm rest first,Everyone in the row should have some say,No,No,Three times,"No, the person on the flight has no obligation to the person behind them",No,No,No,No,No,No,No,No,No,No,Female,76,$100-150k,Graduate degree,college,Pacific
457,Occasionally,Usually,68,No,The arm rests should be shared,The arm rests should be shared,Everyone in the row should have some say,No,No,Three times,"Yes, they should not recline their chair if the person behind them asks them not to",No,No,No,No,No,Somewhat,No,No,No,No,not_Female,56,$100-150k,Some college or Associate degree,college,East South Central
458,Occasionally,Once in a while,67,No,The arm rests should be shared,Whoever puts their arm on the arm rest first,Everyone in the row should have some say,No,No,Four times,"Yes, they should not recline their chair if the person behind them asks them not to",No,Yes,Somewhat,Somewhat,No,No,No,No,No,No,Female,85,$50-100k,Graduate degree,college,New England
459,Occasionally,About half the time,64,Yes,Whoever puts their arm on the arm rest first,Whoever puts their arm on the arm rest first,The person in the window seat should have exclusive control,No,No,More than five times times,"No, the person on the flight has no obligation to the person behind them",No,No,Somewhat,Somewhat,No,No,No,No,No,No,Female,42,$50-100k,Some college or Associate degree,college,Mountain
460,Occasionally,About half the time,65,Yes,The arm rests should be shared,The arm rests should be shared,Everyone in the row should have some say,No,No,Once,"Yes, they should not recline their chair if the person behind them asks them not to",Somewhat,Yes,Somewhat,Somewhat,Somewhat,Somewhat,No,Somewhat,No,No,Female,46,$100-150k,Graduate degree,college,West North Central
461,Occasionally,Once in a while,71,Yes,The person in the middle seat gets both arm rests,Whoever puts their arm on the arm rest first,Everyone in the row should have some say,No,No,Three times,"Yes, they should not recline their chair if the person behind them asks them not to",Somewhat,Yes,No,No,No,Somewhat,Somewhat,Somewhat,No,No,not_Female,48,$50-100k,High school degree,HS,East North Central
462,Occasionally,Once in a while,65,No,The arm rests should be shared,The arm rests should be shared,Everyone in the row should have some say,Somewhat,No,Three times,"Yes, they should not recline their chair if the person behind them asks them not to",Somewhat,No,No,No,Yes,Yes,No,Somewhat,No,No,Female,53,$25-50k,Some college or Associate degree,college,East North Central
463,Occasionally,Always,64,No,The arm rests should be shared,The arm rests should be shared,The person in the window seat should have exclusive control,No,No,Twice,"Yes, they should not recline their chair if the person behind them asks them not to",No,No,No,No,Somewhat,Somewhat,No,Somewhat,No,No,Female,41,$50-100k,Bachelor degree,college,East South Central
464,Occasionally,About half the time,71,No,The arm rests should be shared,The arm rests should be shared,Everyone in the row should have some say,No,No,Three times,"Yes, they should not recline their chair if the person behind them asks them not to",Somewhat,No,No,No,Somewhat,Somewhat,No,Yes,No,No,not_Female,48,$100-150k,Graduate degree,college,East North Central
465,Occasionally,Usually,71,No,Whoever puts their arm on the arm rest first,The person by the window,The person in the window seat should have exclusive control,No,No,Four times,"No, the person on the flight has no obligation to the person behind them",No,No,No,No,No,No,No,Yes,No,No,not_Female,81,$100-150k,Some college or Associate degree,college,West South Central
466,Occasionally,Always,66,No,The person in the middle seat gets both arm rests,The arm rests should be shared,Everyone in the row should have some say,No,No,Twice,"Yes, they should not recline their chair if the person behind them asks them not to",No,No,Somewhat,No,No,Somewhat,Somewhat,Somewhat,Yes,No,Female,59,$50-100k,Graduate degree,college,New England
467,Occasionally,Once in a while,74,No,Whoever puts their arm on the arm rest first,Whoever puts their arm on the arm rest first,Everyone in the row should have some say,No,No,Three times,"Yes, they should not recline their chair if the person behind them asks them not to",Somewhat,No,No,No,No,No,No,No,No,No,not_Female,24,<$25k,Some college or Associate degree,college,South Atlantic
468,Occasionally,Once in a while,64,No,The arm rests should be shared,The arm rests should be shared,The person in the window seat should have exclusive control,No,No,Twice,"No, the person on the flight has no obligation to the person behind them",No,No,No,No,Somewhat,Yes,No,Yes,No,No,Female,77,$50-100k,Some college or Associate degree,college,Pacific
469,Occasionally,Never,68,No,The arm rests should be shared,The arm rests should be shared,The person in the window seat should have exclusive control,No,No,Twice,"Yes, they should not recline their chair if the person behind them asks them not to",Somewhat,Yes,No,No,Somewhat,Somewhat,No,Somewhat,No,No,Female,33,$50-100k,Some college or Associate degree,college,Pacific
470,Occasionally,Once in a while,70,No,The arm rests should be shared,The arm rests should be shared,Everyone in the row should have some say,No,Somewhat,Once,"Yes, they should not recline their chair if the person behind them asks them not to",No,No,No,No,No,Somewhat,No,Somewhat,No,No,Female,84,$25-50k,Some college or Associate degree,college,New England
471,Occasionally,Usually,65,No,Whoever puts their arm on the arm rest first,Whoever puts their arm on the arm rest first,The person in the window seat should have exclusive control,No,No,More than five times times,"No, the person on the flight has no obligation to the person behind them",No,No,Somewhat,Somewhat,No,No,Somewhat,Yes,No,No,Female,69,$50-100k,Graduate degree,college,South Atlantic
472,Occasionally,Always,71,No,Whoever puts their arm on the arm rest first,Whoever puts their arm on the arm rest first,Everyone in the row should have some say,No,No,Twice,"No, the person on the flight has no obligation to the person behind them",No,No,No,No,No,No,No,Yes,No,No,not_Female,69,$50-100k,Some college or Associate degree,college,South Atlantic
473,Occasionally,About half the time,68,Yes,Other (please specify),The arm rests should be shared,Everyone in the row should have some say,No,Somewhat,Twice,"No, the person on the flight has no obligation to the person behind them",Somewhat,Yes,No,No,Somewhat,Somewhat,No,No,No,No,Female,60,$100-150k,Graduate degree,college,West North Central
474,Occasionally,About half the time,62,No,The arm rests should be shared,The person in aisle,Everyone in the row should have some say,No,No,Four times,"Yes, they should not recline their chair if the person behind them asks them not to",No,No,No,No,No,Somewhat,No,Somewhat,No,No,Female,73,$100-150k,Bachelor degree,college,Mountain
475,Occasionally,Once in a while,69,No,The arm rests should be shared,The arm rests should be shared,Everyone in the row should have some say,No,No,Three times,"Yes, they should not recline their chair if the person behind them asks them not to",No,Yes,Somewhat,Somewhat,No,Somewhat,No,Yes,No,No,Female,67,$100-150k,Graduate degree,college,Pacific
476,Occasionally,Usually,70,No,The arm rests should be shared,The arm rests should be shared,Everyone in the row should have some say,Somewhat,Yes,Twice,"Yes, they should not recline their chair if the person behind them asks them not to",No,No,Somewhat,Somewhat,Yes,Yes,No,Somewhat,No,No,not_Female,83,$25-50k,Bachelor degree,college,Middle Atlantic
477,Occasionally,About half the time,67,Yes,The arm rests should be shared,The arm rests should be shared,The person in the window seat should have exclusive control,No,No,Three times,"Yes, they should not recline their chair if the person behind them asks them not to",No,No,No,No,No,Somewhat,No,Yes,No,No,Female,36,$25-50k,Some college or Associate degree,college,New England
478,Occasionally,Always,71,No,Other (please specify),Other (please specify),Everyone in the row should have some say,No,No,Four times,"No, the person on the flight has no obligation to the person behind them",No,No,No,No,No,No,Somewhat,Yes,No,No,not_Female,52,$50-100k,Graduate degree,college,Pacific
479,Occasionally,About half the time,67,Yes,The arm rests should be shared,The arm rests should be shared,The person in the window seat should have exclusive control,Somewhat,No,Three times,"No, the person on the flight has no obligation to the person behind them",No,No,No,No,No,Somewhat,No,Somewhat,No,No,Female,56,$50-100k,Some college or Associate degree,college,West North Central
481,Occasionally,Always,69,Yes,The arm rests should be shared,The arm rests should be shared,Everyone in the row should have some say,No,No,Four times,"No, the person on the flight has no obligation to the person behind them",No,No,Somewhat,No,No,Somewhat,Somewhat,Somewhat,No,No,not_Female,56,$100-150k,Bachelor degree,college,Mountain
482,Occasionally,Usually,64,Yes,The arm rests should be shared,The arm rests should be shared,Everyone in the row should have some say,No,No,Once,"No, the person on the flight has no obligation to the person behind them",No,No,No,No,Somewhat,Yes,No,Somewhat,No,No,Female,52,$100-150k,Graduate degree,college,New England
483,Occasionally,Usually,71,Yes,The arm rests should be shared,The arm rests should be shared,Everyone in the row should have some say,No,No,Three times,"Yes, they should not recline their chair if the person behind them asks them not to",No,No,No,No,No,No,No,Yes,No,No,not_Female,78,<$25k,Some college or Associate degree,college,Middle Atlantic
484,Occasionally,Usually,69,No,The arm rests should be shared,Whoever puts their arm on the arm rest first,The person in the window seat should have exclusive control,No,No,Three times,"No, the person on the flight has no obligation to the person behind them",No,No,No,No,No,No,No,Yes,No,No,not_Female,76,$50-100k,Graduate degree,college,South Atlantic
485,Occasionally,Always,64,Yes,The person in the middle seat gets both arm rests,The arm rests should be shared,The person in the window seat should have exclusive control,No,Somewhat,Three times,"No, the person on the flight has no obligation to the person behind them",No,No,No,No,No,Somewhat,No,Yes,No,No,Female,47,$25-50k,Some college or Associate degree,college,East North Central
486,Occasionally,About half the time,69,No,The arm rests should be shared,The arm rests should be shared,Everyone in the row should have some say,No,No,Twice,"Yes, they should not recline their chair if the person behind them asks them not to",No,No,No,No,No,No,Somewhat,Yes,No,No,Female,60,>$150k,Graduate degree,college,South Atlantic
487,Occasionally,Always,63,No,The arm rests should be shared,The person in aisle,The person in the window seat should have exclusive control,No,No,Twice,"No, the person on the flight has no obligation to the person behind them",No,No,Somewhat,No,Somewhat,Somewhat,No,Somewhat,No,No,Female,50,$100-150k,Bachelor degree,college,West North Central
488,Occasionally,Never,72,No,The arm rests should be shared,The arm rests should be shared,Everyone in the row should have some say,No,No,Four times,"Yes, they should not recline their chair if the person behind them asks them not to",Somewhat,Yes,No,No,Somewhat,Somewhat,No,Somewhat,No,No,not_Female,72,>$150k,Graduate degree,college,South Atlantic
489,Occasionally,Always,68,Yes,The arm rests should be shared,The arm rests should be shared,The person in the window seat should have exclusive control,No,No,Twice,"No, the person on the flight has no obligation to the person behind them",No,No,Somewhat,Somewhat,No,No,No,No,No,No,Female,31,$100-150k,Bachelor degree,college,South Atlantic
490,Occasionally,Usually,64,No,The arm rests should be shared,The arm rests should be shared,Everyone in the row should have some say,No,No,More than five times times,"Yes, they should not recline their chair if the person behind them asks them not to",No,No,No,No,No,Somewhat,No,No,No,No,Female,83,$25-50k,Some college or Associate degree,college,West South Central
491,Occasionally,Usually,67,No,The arm rests should be shared,The person by the window,Everyone in the row should have some say,No,No,Twice,"Yes, they should not recline their chair if the person behind them asks them not to",Somewhat,No,No,No,No,No,No,Somewhat,No,No,Female,32,$50-100k,High school degree,HS,East North Central
492,Occasionally,About half the time,70,No,The arm rests should be shared,The arm rests should be shared,Everyone in the row should have some say,No,No,Three times,"Yes, they should not recline their chair if the person behind them asks them not to",Somewhat,Yes,No,No,Somewhat,Somewhat,No,No,No,No,not_Female,53,$100-150k,Graduate degree,college,Mountain
493,Occasionally,Once in a while,71,No,The arm rests should be shared,The arm rests should be shared,The person in the window seat should have exclusive control,No,Somewhat,Twice,"Yes, they should not recline their chair if the person behind them asks them not to",No,No,No,No,Somewhat,Yes,Somewhat,Yes,Yes,No,not_Female,40,$100-150k,Some college or Associate degree,college,Pacific
494,Occasionally,Once in a while,63,No,The arm rests should be shared,The arm rests should be shared,The person in the window seat should have exclusive control,No,No,Twice,"Yes, they should not recline their chair if the person behind them asks them not to",Somewhat,Yes,Somewhat,Somewhat,Somewhat,Somewhat,No,Yes,No,No,Female,45,$100-150k,Some college or Associate degree,college,East North Central
495,Occasionally,About half the time,63,No,The person in the middle seat gets both arm rests,The arm rests should be shared,The person in the window seat should have exclusive control,No,Somewhat,Three times,"Yes, they should not recline their chair if the person behind them asks them not to",No,Yes,No,No,No,No,No,Yes,No,No,Female,72,$50-100k,Graduate degree,college,East North Central
496,Occasionally,Never,67,Yes,The arm rests should be shared,The arm rests should be shared,Everyone in the row should have some say,No,No,Once,"Yes, they should not recline their chair if the person behind them asks them not to",Somewhat,Yes,No,No,No,Somewhat,No,Somewhat,No,No,Female,49,$100-150k,Graduate degree,college,West South Central
497,Occasionally,Usually,63,No,The arm rests should be shared,The arm rests should be shared,The person in the window seat should have exclusive control,No,No,Three times,"No, the person on the flight has no obligation to the person behind them",No,No,No,No,No,Somewhat,No,Somewhat,No,No,Female,60,$100-150k,High school degree,HS,South Atlantic
498,Occasionally,Always,70,No,The arm rests should be shared,The arm rests should be shared,Everyone in the row should have some say,No,Somewhat,Three times,"No, the person on the flight has no obligation to the person behind them",No,No,No,No,Somewhat,Somewhat,Somewhat,Somewhat,Yes,No,not_Female,23,>$150k,Bachelor degree,college,Middle Atlantic
499,Occasionally,Always,67,No,The arm rests should be shared,The arm rests should be shared,Everyone in the row should have some say,No,No,Three times,"Yes, they should not recline their chair if the person behind them asks them not to",No,No,No,No,Somewhat,Somewhat,No,Yes,No,No,Female,49,$25-50k,High school degree,HS,East North Central
500,Occasionally,Once in a while,62,No,Other (please specify),The person by the window,Everyone in the row should have some say,No,Yes,Twice,"Yes, they should not recline their chair if the person behind them asks them not to",Yes,Yes,No,No,Yes,Yes,Yes,Yes,No,No,Female,47,>$150k,Graduate degree,college,South Atlantic
501,Occasionally,Usually,60,No,The arm rests should be shared,The arm rests should be shared,Everyone in the row should have some say,No,No,Twice,"Yes, they should not recline their chair if the person behind them asks them not to",No,No,No,No,No,Somewhat,No,Somewhat,No,No,Female,78,$50-100k,High school degree,HS,West North Central
502,Occasionally,About half the time,65,No,The arm rests should be shared,Whoever puts their arm on the arm rest first,The person in the window seat should have exclusive control,No,No,Once,"Yes, they should not recline their chair if the person behind them asks them not to",No,No,Yes,Somewhat,Yes,Yes,Somewhat,Yes,No,No,Female,53,$25-50k,Bachelor degree,college,Pacific
503,Occasionally,Once in a while,74,Yes,The arm rests should be shared,Whoever puts their arm on the arm rest first,The person in the window seat should have exclusive control,No,No,Twice,"Yes, they should not recline their chair if the person behind them asks them not to",No,Yes,No,No,No,No,No,Somewhat,No,No,not_Female,56,$100-150k,Bachelor degree,college,South Atlantic
504,Occasionally,Always,71,No,The arm rests should be shared,The arm rests should be shared,The person in the window seat should have exclusive control,No,No,Twice,"Yes, they should not recline their chair if the person behind them asks them not to",No,Yes,No,No,No,Somewhat,No,Yes,No,No,not_Female,76,$50-100k,Bachelor degree,college,Middle Atlantic
505,Occasionally,Usually,67,Yes,The person in the middle seat gets both arm rests,The arm rests should be shared,Everyone in the row should have some say,No,No,Three times,"No, the person on the flight has no obligation to the person behind them",No,No,Somewhat,No,Somewhat,Yes,No,Yes,No,No,Female,39,$50-100k,Some college or Associate degree,college,Pacific
507,Occasionally,Never,72,No,The arm rests should be shared,The arm rests should be shared,Everyone in the row should have some say,No,No,Four times,"Yes, they should not recline their chair if the person behind them asks them not to",No,No,No,No,Somewhat,Somewhat,No,Somewhat,No,No,not_Female,55,>$150k,Graduate degree,college,New England
508,Occasionally,Once in a while,67,Yes,The arm rests should be shared,The arm rests should be shared,The person in the window seat should have exclusive control,No,No,Twice,"Yes, they should not recline their chair if the person behind them asks them not to",No,No,No,No,No,Somewhat,No,Somewhat,No,No,Female,60,>$150k,Graduate degree,college,South Atlantic
509,Occasionally,Usually,57,No,Other (please specify),Other (please specify),The person in the window seat should have exclusive control,No,No,More than five times times,"No, the person on the flight has no obligation to the person behind them",No,No,No,No,No,No,No,No,No,No,Female,41,$100-150k,Some college or Associate degree,college,Pacific
510,Occasionally,Once in a while,71,No,The person in the middle seat gets both arm rests,The person by the window,Everyone in the row should have some say,No,No,Three times,"No, the person on the flight has no obligation to the person behind them",No,No,No,No,No,Somewhat,Somewhat,Yes,No,No,not_Female,29,$100-150k,Some college or Associate degree,college,Pacific
511,Occasionally,Usually,67,No,The arm rests should be shared,The arm rests should be shared,The person in the window seat should have exclusive control,No,No,Three times,"No, the person on the flight has no obligation to the person behind them",No,No,No,No,No,No,No,Somewhat,No,No,Female,41,$100-150k,Some college or Associate degree,college,West North Central
512,Occasionally,About half the time,60,No,Other (please specify),Whoever puts their arm on the arm rest first,The person in the window seat should have exclusive control,No,No,More than five times times,"Yes, they should not recline their chair if the person behind them asks them not to",No,No,No,No,Somewhat,Somewhat,No,No,No,No,Female,32,$100-150k,Some college or Associate degree,college,East North Central
514,Occasionally,Usually,65,No,The person in the middle seat gets both arm rests,The person by the window,The person in the window seat should have exclusive control,No,No,Twice,"Yes, they should not recline their chair if the person behind them asks them not to",No,No,No,No,Somewhat,Somewhat,No,Somewhat,No,No,Female,54,$50-100k,Graduate degree,college,West South Central
515,Occasionally,About half the time,69,No,The arm rests should be shared,The arm rests should be shared,Everyone in the row should have some say,No,No,Four times,"Yes, they should not recline their chair if the person behind them asks them not to",No,No,No,Somewhat,Somewhat,No,Somewhat,Somewhat,No,No,Female,52,$100-150k,Graduate degree,college,Middle Atlantic
516,Occasionally,About half the time,62,No,The arm rests should be shared,The arm rests should be shared,Everyone in the row should have some say,No,No,Three times,"Yes, they should not recline their chair if the person behind them asks them not to",Somewhat,No,No,No,No,Somewhat,Somewhat,Yes,No,No,Female,57,$25-50k,Bachelor degree,college,Middle Atlantic
517,Occasionally,Once in a while,75,No,The person in the middle seat gets both arm rests,The arm rests should be shared,The person in the window seat should have exclusive control,No,Yes,Twice,"Yes, they should not recline their chair if the person behind them asks them not to",Somewhat,Yes,No,Somewhat,No,Somewhat,Yes,Yes,No,No,not_Female,54,<$25k,Bachelor degree,college,East South Central
518,Occasionally,Always,67,Yes,The arm rests should be shared,Whoever puts their arm on the arm rest first,The person in the window seat should have exclusive control,No,No,Twice,"No, the person on the flight has no obligation to the person behind them",No,No,No,No,No,Somewhat,No,No,No,No,Female,40,$50-100k,Bachelor degree,college,West North Central
519,Occasionally,About half the time,70,No,The arm rests should be shared,The arm rests should be shared,The person in the window seat should have exclusive control,No,No,Twice,"No, the person on the flight has no obligation to the person behind them",No,No,No,No,Somewhat,Yes,No,No,Yes,No,not_Female,41,$25-50k,Bachelor degree,college,Pacific
520,Occasionally,Never,64,No,The arm rests should be shared,The arm rests should be shared,Everyone in the row should have some say,No,No,Three times,"Yes, they should not recline their chair if the person behind them asks them not to",No,No,No,No,Somewhat,Somewhat,No,Somewhat,No,No,Female,55,$100-150k,Graduate degree,college,East North Central
521,Occasionally,Usually,69,No,The arm rests should be shared,The person in aisle,Everyone in the row should have some say,Somewhat,No,Three times,"Yes, they should not recline their chair if the person behind them asks them not to",No,No,No,No,No,No,No,Yes,No,No,not_Female,69,$50-100k,High school degree,HS,Middle Atlantic
522,Occasionally,About half the time,71,No,The arm rests should be shared,The arm rests should be shared,The person in the window seat should have exclusive control,No,No,Once,"Yes, they should not recline their chair if the person behind them asks them not to",No,No,No,No,No,Somewhat,No,Somewhat,No,No,not_Female,46,$100-150k,Some college or Associate degree,college,Pacific
523,Occasionally,Usually,66,Yes,Whoever puts their arm on the arm rest first,The arm rests should be shared,The person in the window seat should have exclusive control,No,No,Three times,"No, the person on the flight has no obligation to the person behind them",Somewhat,No,Somewhat,Somewhat,Somewhat,Somewhat,No,Somewhat,No,No,Female,42,$100-150k,Bachelor degree,college,West South Central
524,Occasionally,Usually,70,No,Whoever puts their arm on the arm rest first,Whoever puts their arm on the arm rest first,The person in the window seat should have exclusive control,No,No,Three times,"No, the person on the flight has no obligation to the person behind them",Somewhat,Yes,No,No,No,No,No,Yes,No,No,Female,46,$100-150k,Bachelor degree,college,Middle Atlantic
525,Occasionally,Always,66,No,The arm rests should be shared,The arm rests should be shared,The person in the window seat should have exclusive control,No,No,Twice,"No, the person on the flight has no obligation to the person behind them",No,No,No,No,Somewhat,No,No,Somewhat,No,No,Female,52,$25-50k,Bachelor degree,college,Pacific
526,Occasionally,Never,75,No,Other (please specify),The person in aisle,The person in the window seat should have exclusive control,Somewhat,No,Once,"Yes, they should not recline their chair if the person behind them asks them not to",Yes,Yes,Somewhat,Somewhat,No,Yes,Yes,Yes,No,No,not_Female,20,$25-50k,Bachelor degree,college,West South Central
527,Occasionally,Usually,62,Yes,The arm rests should be shared,The arm rests should be shared,Everyone in the row should have some say,Somewhat,No,More than five times times,"Yes, they should not recline their chair if the person behind them asks them not to",No,No,No,No,Somewhat,Yes,Yes,Yes,No,No,Female,56,$100-150k,Graduate degree,college,East North Central
528,Occasionally,Never,68,No,The arm rests should be shared,The arm rests should be shared,Everyone in the row should have some say,Somewhat,Somewhat,Three times,"Yes, they should not recline their chair if the person behind them asks them not to",Somewhat,Yes,No,No,No,Somewhat,Yes,Yes,No,No,not_Female,43,$100-150k,Graduate degree,college,Middle Atlantic
529,Occasionally,Always,71,No,Whoever puts their arm on the arm rest first,Whoever puts their arm on the arm rest first,Everyone in the row should have some say,No,No,Three times,"No, the person on the flight has no obligation to the person behind them",No,No,No,No,No,Somewhat,No,Yes,Yes,No,not_Female,22,$25-50k,Some college or Associate degree,college,East North Central
530,Occasionally,Never,71,No,The arm rests should be shared,The arm rests should be shared,The person in the window seat should have exclusive control,No,No,Three times,"Yes, they should not recline their chair if the person behind them asks them not to",Somewhat,Yes,No,No,No,Somewhat,Somewhat,Yes,No,No,not_Female,53,$25-50k,Some college or Associate degree,college,South Atlantic
531,Occasionally,About half the time,60,No,The arm rests should be shared,The arm rests should be shared,The person in the window seat should have exclusive control,Somewhat,No,More than five times times,"Yes, they should not recline their chair if the person behind them asks them not to",Somewhat,Yes,No,No,No,Somewhat,No,Yes,No,No,Female,30,$50-100k,Graduate degree,college,East North Central
532,Occasionally,Once in a while,68,No,The arm rests should be shared,The arm rests should be shared,The person in the window seat should have exclusive control,No,No,Twice,"No, the person on the flight has no obligation to the person behind them",No,No,Somewhat,Somewhat,No,Somewhat,Yes,Yes,No,No,not_Female,37,$50-100k,Bachelor degree,college,East North Central
533,Occasionally,Usually,71,No,The arm rests should be shared,Whoever puts their arm on the arm rest first,Everyone in the row should have some say,Somewhat,No,Three times,"No, the person on the flight has no obligation to the person behind them",No,Yes,Somewhat,No,No,Somewhat,No,Yes,No,No,not_Female,38,$100-150k,Some college or Associate degree,college,Pacific
534,Occasionally,Always,70,No,Whoever puts their arm on the arm rest first,Whoever puts their arm on the arm rest first,The person in the window seat should have exclusive control,No,No,Three times,"No, the person on the flight has no obligation to the person behind them",No,Yes,No,No,No,No,Yes,Yes,No,No,not_Female,65,$50-100k,Graduate degree,college,Pacific
535,Occasionally,Always,67,No,The person in the middle seat gets both arm rests,The arm rests should be shared,Everyone in the row should have some say,No,No,Four times,"Yes, they should not recline their chair if the person behind them asks them not to",No,No,No,No,Somewhat,Yes,No,Somewhat,No,No,not_Female,21,<$25k,Some college or Associate degree,college,Pacific
537,Occasionally,Usually,63,No,Whoever puts their arm on the arm rest first,The arm rests should be shared,Everyone in the row should have some say,No,No,Twice,"Yes, they should not recline their chair if the person behind them asks them not to",No,No,No,No,Somewhat,Yes,No,Somewhat,No,No,Female,50,$50-100k,Bachelor degree,college,New England
538,Occasionally,Once in a while,64,Yes,The arm rests should be shared,The arm rests should be shared,Everyone in the row should have some say,No,No,More than five times times,"No, the person on the flight has no obligation to the person behind them",No,No,No,No,No,No,No,No,No,No,Female,34,$50-100k,Bachelor degree,college,Mountain
539,Occasionally,Always,67,No,Whoever puts their arm on the arm rest first,Whoever puts their arm on the arm rest first,The person in the window seat should have exclusive control,No,Somewhat,Twice,"No, the person on the flight has no obligation to the person behind them",No,No,No,No,No,Somewhat,Yes,Yes,No,No,Female,53,$25-50k,Graduate degree,college,West South Central
540,Occasionally,Usually,62,No,The arm rests should be shared,The arm rests should be shared,Everyone in the row should have some say,No,Somewhat,Twice,"No, the person on the flight has no obligation to the person behind them",No,No,No,No,Somewhat,Somewhat,No,No,No,No,Female,46,$50-100k,Some college or Associate degree,college,West South Central
541,Occasionally,Never,69,No,The arm rests should be shared,The person in aisle,Everyone in the row should have some say,No,Somewhat,Twice,"Yes, they should not recline their chair if the person behind them asks them not to",Somewhat,Yes,Somewhat,Somewhat,Somewhat,Somewhat,No,Somewhat,No,No,Female,25,$50-100k,Bachelor degree,college,West North Central
542,Occasionally,About half the time,68,No,Whoever puts their arm on the arm rest first,Whoever puts their arm on the arm rest first,The person in the window seat should have exclusive control,Yes,Yes,Twice,"Yes, they should not recline their chair if the person behind them asks them not to",Somewhat,No,Yes,Somewhat,Yes,Yes,Yes,Yes,Yes,No,Female,24,$25-50k,Bachelor degree,college,South Atlantic
543,Occasionally,Always,66,No,The arm rests should be shared,The arm rests should be shared,The person in the window seat should have exclusive control,No,No,Three times,"Yes, they should not recline their chair if the person behind them asks them not to",Somewhat,Yes,Yes,Yes,Somewhat,Somewhat,No,Yes,No,No,Female,42,$50-100k,Some college or Associate degree,college,Middle Atlantic
544,Occasionally,Usually,69,Yes,The arm rests should be shared,The arm rests should be shared,Everyone in the row should have some say,No,No,Four times,"Yes, they should not recline their chair if the person behind them asks them not to",No,No,No,No,No,Somewhat,No,No,No,No,Female,42,$50-100k,Bachelor degree,college,South Atlantic
545,Occasionally,Once in a while,65,No,Other (please specify),Other (please specify),The person in the window seat should have exclusive control,Somewhat,No,Three times,"Yes, they should not recline their chair if the person behind them asks them not to",No,No,No,No,No,Somewhat,No,Somewhat,No,No,Female,21,$100-150k,High school degree,HS,East North Central
546,Occasionally,Once in a while,62,No,The arm rests should be shared,The arm rests should be shared,Everyone in the row should have some say,No,No,Once,"No, the person on the flight has no obligation to the person behind them",No,No,Somewhat,No,Somewhat,Yes,No,Somewhat,No,No,Female,54,$100-150k,Graduate degree,college,West South Central
547,Occasionally,Always,65,No,Whoever puts their arm on the arm rest first,The person by the window,The person in the window seat should have exclusive control,No,No,Four times,"No, the person on the flight has no obligation to the person behind them",No,No,Somewhat,No,No,No,Somewhat,Yes,Yes,No,Female,20,$50-100k,Graduate degree,college,Pacific
548,Occasionally,Always,72,No,The arm rests should be shared,The arm rests should be shared,Everyone in the row should have some say,No,Somewhat,Twice,"Yes, they should not recline their chair if the person behind them asks them not to",No,No,No,No,Somewhat,Somewhat,No,Somewhat,No,No,Female,46,$50-100k,Bachelor degree,college,
549,Occasionally,Once in a while,72,No,The arm rests should be shared,The arm rests should be shared,Everyone in the row should have some say,No,Somewhat,Twice,"Yes, they should not recline their chair if the person behind them asks them not to",No,No,No,No,Somewhat,Somewhat,No,Somewhat,No,No,not_Female,75,$100-150k,Graduate degree,college,Pacific
550,Occasionally,Once in a while,74,Yes,The arm rests should be shared,The arm rests should be shared,The person in the window seat should have exclusive control,No,No,Three times,"Yes, they should not recline their chair if the person behind them asks them not to",Somewhat,Yes,Somewhat,No,No,Yes,No,Somewhat,No,No,not_Female,54,$25-50k,Some college or Associate degree,college,South Atlantic
551,Occasionally,Once in a while,64,No,The arm rests should be shared,The arm rests should be shared,The person in the window seat should have exclusive control,No,No,More than five times times,"Yes, they should not recline their chair if the person behind them asks them not to",Somewhat,No,No,No,Somewhat,Somewhat,No,Somewhat,No,No,Female,54,$25-50k,High school degree,HS,South Atlantic
552,Occasionally,Once in a while,60,No,Whoever puts their arm on the arm rest first,Whoever puts their arm on the arm rest first,The person in the window seat should have exclusive control,No,No,Three times,"No, the person on the flight has no obligation to the person behind them",No,No,No,No,No,No,No,No,No,No,Female,34,$25-50k,Some college or Associate degree,college,Middle Atlantic
553,Occasionally,Never,62,No,The arm rests should be shared,The arm rests should be shared,The person in the window seat should have exclusive control,No,No,Three times,"Yes, they should not recline their chair if the person behind them asks them not to",No,No,No,No,No,No,No,Yes,Yes,No,Female,36,$50-100k,Graduate degree,college,East North Central
554,Occasionally,Always,66,No,Other (please specify),The person in aisle,The person in the window seat should have exclusive control,No,No,More than five times times,"No, the person on the flight has no obligation to the person behind them",No,No,No,No,Somewhat,Somewhat,No,Somewhat,No,No,Female,50,$100-150k,Bachelor degree,college,New England
555,Occasionally,Always,73,No,The arm rests should be shared,The arm rests should be shared,Everyone in the row should have some say,No,No,Twice,"No, the person on the flight has no obligation to the person behind them",No,No,No,No,No,Somewhat,No,Yes,No,No,not_Female,23,$25-50k,Graduate degree,college,West North Central
556,Occasionally,Never,61,No,The arm rests should be shared,The arm rests should be shared,Everyone in the row should have some say,No,No,Three times,"Yes, they should not recline their chair if the person behind them asks them not to",Somewhat,Yes,Yes,Yes,No,Somewhat,No,Yes,No,No,Female,32,>$150k,Graduate degree,college,Middle Atlantic
557,Occasionally,Never,57,Yes,Whoever puts their arm on the arm rest first,Whoever puts their arm on the arm rest first,Everyone in the row should have some say,No,No,Twice,"Yes, they should not recline their chair if the person behind them asks them not to",Somewhat,Yes,No,No,Somewhat,Yes,No,Somewhat,No,No,Female,51,$50-100k,Graduate degree,college,Mountain
558,Occasionally,Always,67,No,Whoever puts their arm on the arm rest first,Whoever puts their arm on the arm rest first,Everyone in the row should have some say,No,No,Four times,"No, the person on the flight has no obligation to the person behind them",No,No,No,No,No,Somewhat,Somewhat,Yes,No,No,Female,54,>$150k,Graduate degree,college,South Atlantic
559,Occasionally,Always,67,Yes,The arm rests should be shared,The arm rests should be shared,Everyone in the row should have some say,No,No,Twice,"Yes, they should not recline their chair if the person behind them asks them not to",No,No,No,No,Somewhat,Somewhat,No,Somewhat,No,No,Female,27,$50-100k,Some college or Associate degree,college,East South Central
560,Occasionally,About half the time,74,No,The arm rests should be shared,The arm rests should be shared,Everyone in the row should have some say,Somewhat,No,Once,"No, the person on the flight has no obligation to the person behind them",Somewhat,Yes,Somewhat,Somewhat,Somewhat,Yes,Somewhat,Yes,No,No,not_Female,23,$50-100k,Bachelor degree,college,New England
561,Occasionally,Usually,63,No,The arm rests should be shared,The arm rests should be shared,Everyone in the row should have some say,No,No,More than five times times,"Yes, they should not recline their chair if the person behind them asks them not to",No,No,No,No,No,No,No,Yes,No,No,Female,56,$50-100k,Bachelor degree,college,West South Central
562,Occasionally,Usually,70,No,The arm rests should be shared,The arm rests should be shared,Everyone in the row should have some say,No,No,Twice,"No, the person on the flight has no obligation to the person behind them",No,No,No,No,No,No,Somewhat,Yes,No,No,not_Female,58,$50-100k,Graduate degree,college,Pacific
563,Occasionally,Always,64,,The arm rests should be shared,The person by the window,Everyone in the row should have some say,No,No,Three times,"Yes, they should not recline their chair if the person behind them asks them not to",Somewhat,No,No,Somewhat,Yes,No,No,Somewhat,No,No,Female,84,$100-150k,Graduate degree,college,Middle Atlantic
564,Occasionally,Never,62,No,Whoever puts their arm on the arm rest first,Whoever puts their arm on the arm rest first,Everyone in the row should have some say,No,No,Three times,"Yes, they should not recline their chair if the person behind them asks them not to",Yes,Yes,No,No,Somewhat,Yes,Somewhat,Yes,No,No,Female,21,$50-100k,Some college or Associate degree,college,East North Central
565,Occasionally,Once in a while,66,No,Whoever puts their arm on the arm rest first,The arm rests should be shared,The person in the window seat should have exclusive control,No,No,Three times,"Yes, they should not recline their chair if the person behind them asks them not to",Somewhat,No,No,No,No,No,Somewhat,Yes,No,No,Female,18,$50-100k,High school degree,HS,West North Central
566,Occasionally,Always,67,Yes,Whoever puts their arm on the arm rest first,Whoever puts their arm on the arm rest first,The person in the window seat should have exclusive control,No,No,Twice,"No, the person on the flight has no obligation to the person behind them",No,No,Somewhat,No,No,Somewhat,No,Somewhat,No,No,Female,52,$100-150k,Bachelor degree,college,New England
567,Occasionally,Never,66,No,Whoever puts their arm on the arm rest first,Whoever puts their arm on the arm rest first,Everyone in the row should have some say,Somewhat,No,More than five times times,"Yes, they should not recline their chair if the person behind them asks them not to",Somewhat,No,No,No,Somewhat,Somewhat,No,Somewhat,No,No,not_Female,20,$100-150k,Some college or Associate degree,college,South Atlantic
568,Occasionally,Once in a while,64,No,The arm rests should be shared,The arm rests should be shared,Everyone in the row should have some say,No,No,Three times,"Yes, they should not recline their chair if the person behind them asks them not to",No,No,No,No,Somewhat,Somewhat,Somewhat,Yes,Yes,No,Female,22,$25-50k,Some college or Associate degree,college,South Atlantic
569,Occasionally,Never,70,No,Whoever puts their arm on the arm rest first,Whoever puts their arm on the arm rest first,Everyone in the row should have some say,No,No,More than five times times,"Yes, they should not recline their chair if the person behind them asks them not to",Somewhat,Yes,No,No,No,Yes,No,Yes,No,No,not_Female,50,>$150k,Graduate degree,college,South Atlantic
570,Occasionally,Never,71,No,The person in the middle seat gets both arm rests,The arm rests should be shared,Everyone in the row should have some say,No,No,Three times,"Yes, they should not recline their chair if the person behind them asks them not to",No,Yes,No,No,Somewhat,Yes,No,Yes,No,No,not_Female,62,>$150k,Graduate degree,college,South Atlantic
571,Occasionally,Once in a while,60,Yes,Whoever puts their arm on the arm rest first,The arm rests should be shared,The person in the window seat should have exclusive control,Yes,No,More than five times times,"Yes, they should not recline their chair if the person behind them asks them not to",Somewhat,No,Yes,Yes,Somewhat,Yes,No,Somewhat,No,No,Female,81,$100-150k,Some college or Associate degree,college,South Atlantic
572,Occasionally,Once in a while,63,No,The person in the middle seat gets both arm rests,The person in aisle,The person in the window seat should have exclusive control,No,No,Once,"Yes, they should not recline their chair if the person behind them asks them not to",No,Yes,No,No,No,Somewhat,No,No,No,No,Female,39,$100-150k,Bachelor degree,college,Pacific
573,Occasionally,Once in a while,61,No,The arm rests should be shared,The arm rests should be shared,Everyone in the row should have some say,No,No,Twice,"No, the person on the flight has no obligation to the person behind them",No,No,No,No,No,No,No,No,No,No,Female,58,$50-100k,Graduate degree,college,West North Central
574,Occasionally,Never,68,Yes,The arm rests should be shared,The arm rests should be shared,The person in the window seat should have exclusive control,No,Somewhat,More than five times times,"No, the person on the flight has no obligation to the person behind them",No,No,No,No,No,Somewhat,No,No,No,No,not_Female,38,$100-150k,Graduate degree,college,West North Central
575,Occasionally,Usually,61,No,The arm rests should be shared,The arm rests should be shared,Everyone in the row should have some say,Yes,No,It is not okay to get up during flight,"Yes, they should not recline their chair if the person behind them asks them not to",Somewhat,No,No,No,No,Yes,No,Somewhat,No,No,Female,81,<$25k,Bachelor degree,college,East North Central
576,Occasionally,Once in a while,69,No,The arm rests should be shared,The arm rests should be shared,Everyone in the row should have some say,No,No,It is not okay to get up during flight,"Yes, they should not recline their chair if the person behind them asks them not to",Somewhat,Yes,No,No,No,No,Somewhat,Yes,No,No,not_Female,66,$50-100k,Some college or Associate degree,college,Pacific
577,Occasionally,Never,66,No,The arm rests should be shared,The arm rests should be shared,The person in the window seat should have exclusive control,No,No,Three times,"Yes, they should not recline their chair if the person behind them asks them not to",Somewhat,No,No,No,No,Somewhat,No,Yes,No,No,Female,53,$50-100k,High school degree,HS,Pacific
578,Occasionally,Once in a while,66,Yes,The arm rests should be shared,The arm rests should be shared,Everyone in the row should have some say,No,No,Four times,"Yes, they should not recline their chair if the person behind them asks them not to",No,No,No,No,Somewhat,Somewhat,No,No,No,No,Female,40,>$150k,Graduate degree,college,Mountain
579,Occasionally,Never,62,No,The arm rests should be shared,The arm rests should be shared,Everyone in the row should have some say,Somewhat,No,Three times,"Yes, they should not recline their chair if the person behind them asks them not to",Somewhat,No,No,No,No,Somewhat,No,Somewhat,No,No,Female,29,$50-100k,Some college or Associate degree,college,East North Central
580,Occasionally,About half the time,67,No,The person in the middle seat gets both arm rests,Whoever puts their arm on the arm rest first,Everyone in the row should have some say,No,No,Four times,"Yes, they should not recline their chair if the person behind them asks them not to",Somewhat,No,No,No,No,No,No,Somewhat,No,No,not_Female,52,$25-50k,Graduate degree,college,Mountain
581,Occasionally,Always,64,No,The arm rests should be shared,The arm rests should be shared,Everyone in the row should have some say,No,Somewhat,More than five times times,"No, the person on the flight has no obligation to the person behind them",No,No,No,No,No,No,No,Somewhat,No,No,Female,70,$50-100k,Graduate degree,college,South Atlantic
582,Occasionally,Always,70,Yes,The arm rests should be shared,The arm rests should be shared,The person in the window seat should have exclusive control,No,No,Twice,"Yes, they should not recline their chair if the person behind them asks them not to",No,Yes,No,No,Somewhat,Somewhat,Somewhat,Yes,No,No,not_Female,84,$100-150k,Graduate degree,college,Pacific
583,Occasionally,Once in a while,64,No,The person in the middle seat gets both arm rests,The person in aisle,Everyone in the row should have some say,No,No,More than five times times,"Yes, they should not recline their chair if the person behind them asks them not to",No,No,No,No,No,Somewhat,Somewhat,Yes,No,No,Female,25,$50-100k,Some college or Associate degree,college,Middle Atlantic
584,Occasionally,Usually,70,No,The arm rests should be shared,The arm rests should be shared,Everyone in the row should have some say,Yes,Somewhat,Three times,"No, the person on the flight has no obligation to the person behind them",No,No,No,No,Somewhat,Somewhat,Yes,Yes,No,No,not_Female,69,$25-50k,Bachelor degree,college,East North Central
585,Occasionally,Once in a while,63,No,The arm rests should be shared,The arm rests should be shared,Everyone in the row should have some say,No,No,Three times,"Yes, they should not recline their chair if the person behind them asks them not to",No,No,No,No,Yes,Yes,No,No,No,No,Female,19,$50-100k,Bachelor degree,college,South Atlantic
586,Occasionally,Always,63,No,The arm rests should be shared,The arm rests should be shared,Everyone in the row should have some say,No,No,More than five times times,"No, the person on the flight has no obligation to the person behind them",No,No,No,No,No,No,No,No,No,No,Female,58,>$150k,Graduate degree,college,New England
587,Occasionally,Once in a while,65,Yes,The arm rests should be shared,The arm rests should be shared,Everyone in the row should have some say,No,No,Three times,"Yes, they should not recline their chair if the person behind them asks them not to",Yes,No,Somewhat,Somewhat,No,No,No,No,No,No,Female,68,>$150k,Graduate degree,college,East South Central
588,Occasionally,Usually,72,No,The arm rests should be shared,The arm rests should be shared,The person in the window seat should have exclusive control,No,No,Once,"No, the person on the flight has no obligation to the person behind them",No,No,Somewhat,Somewhat,Somewhat,Somewhat,No,Somewhat,No,No,not_Female,64,>$150k,Graduate degree,college,West South Central
589,Occasionally,Usually,69,No,The arm rests should be shared,The arm rests should be shared,The person in the window seat should have exclusive control,No,No,Three times,"Yes, they should not recline their chair if the person behind them asks them not to",No,No,No,No,No,No,No,No,No,Yes,not_Female,49,>$150k,Bachelor degree,college,South Atlantic
590,Occasionally,Usually,68,No,The arm rests should be shared,The arm rests should be shared,Everyone in the row should have some say,No,No,Three times,"Yes, they should not recline their chair if the person behind them asks them not to",Somewhat,No,Somewhat,No,Somewhat,Somewhat,No,Somewhat,Yes,No,Female,18,$25-50k,High school degree,HS,East North Central
591,Occasionally,Once in a while,65,Yes,The arm rests should be shared,The person by the window,Everyone in the row should have some say,Somewhat,No,Twice,"Yes, they should not recline their chair if the person behind them asks them not to",Somewhat,Yes,No,No,Somewhat,Yes,No,Somewhat,No,No,not_Female,53,$50-100k,Graduate degree,college,West North Central
592,Occasionally,Always,72,No,The arm rests should be shared,The arm rests should be shared,Everyone in the row should have some say,No,No,More than five times times,"No, the person on the flight has no obligation to the person behind them",No,No,No,No,No,Somewhat,No,Yes,No,No,not_Female,28,<$25k,Bachelor degree,college,Pacific
593,Occasionally,Usually,73,Yes,The arm rests should be shared,The arm rests should be shared,Everyone in the row should have some say,No,No,Three times,"No, the person on the flight has no obligation to the person behind them",No,No,No,No,Somewhat,Somewhat,No,No,No,No,not_Female,41,$100-150k,Bachelor degree,college,West North Central
594,Occasionally,Never,61,No,The arm rests should be shared,The arm rests should be shared,The person in the window seat should have exclusive control,Yes,No,Four times,"Yes, they should not recline their chair if the person behind them asks them not to",Somewhat,No,No,No,No,Somewhat,No,Yes,No,No,Female,28,$25-50k,High school degree,HS,Middle Atlantic
595,Occasionally,Usually,64,Yes,The arm rests should be shared,The arm rests should be shared,Everyone in the row should have some say,No,No,Three times,"No, the person on the flight has no obligation to the person behind them",No,No,No,No,Somewhat,Somewhat,No,No,No,No,Female,34,$100-150k,Graduate degree,college,Middle Atlantic
596,Occasionally,Once in a while,65,No,Whoever puts their arm on the arm rest first,The person in aisle,Everyone in the row should have some say,No,Somewhat,Twice,"Yes, they should not recline their chair if the person behind them asks them not to",No,No,No,No,Somewhat,Somewhat,No,No,No,No,Female,27,$50-100k,Bachelor degree,college,Mountain
597,Occasionally,Once in a while,70,Yes,The arm rests should be shared,The arm rests should be shared,Everyone in the row should have some say,No,No,Three times,"Yes, they should not recline their chair if the person behind them asks them not to",Somewhat,No,No,No,No,No,No,No,Yes,No,not_Female,51,$50-100k,Bachelor degree,college,New England
598,Occasionally,Never,70,No,The arm rests should be shared,The arm rests should be shared,Everyone in the row should have some say,No,No,Three times,"Yes, they should not recline their chair if the person behind them asks them not to",Somewhat,Yes,No,No,No,Somewhat,No,Somewhat,No,No,Female,50,$25-50k,High school degree,HS,West South Central
599,Occasionally,Usually,64,No,The arm rests should be shared,The arm rests should be shared,Everyone in the row should have some say,No,No,Twice,"Yes, they should not recline their chair if the person behind them asks them not to",Somewhat,No,No,No,No,Yes,No,Yes,No,No,Female,22,$25-50k,Some college or Associate degree,college,South Atlantic
600,Occasionally,Once in a while,65,No,Whoever puts their arm on the arm rest first,Whoever puts their arm on the arm rest first,The person in the window seat should have exclusive control,No,Yes,Three times,"Yes, they should not recline their chair if the person behind them asks them not to",No,No,No,No,Somewhat,Somewhat,No,Somewhat,No,No,Female,20,$50-100k,High school degree,HS,South Atlantic
601,Occasionally,Always,73,Yes,The arm rests should be shared,The arm rests should be shared,The person in the window seat should have exclusive control,No,No,Twice,"No, the person on the flight has no obligation to the person behind them",Somewhat,No,No,No,No,Somewhat,Somewhat,Somewhat,No,No,not_Female,33,$100-150k,Bachelor degree,college,Middle Atlantic
602,Occasionally,Never,64,Yes,The arm rests should be shared,The person by the window,Everyone in the row should have some say,No,No,Three times,"Yes, they should not recline their chair if the person behind them asks them not to",No,No,No,No,No,No,No,Somewhat,No,No,not_Female,51,$25-50k,Bachelor degree,college,East North Central
603,Occasionally,Always,64,Yes,The arm rests should be shared,The arm rests should be shared,Everyone in the row should have some say,No,No,Three times,"No, the person on the flight has no obligation to the person behind them",No,No,No,No,Somewhat,Somewhat,No,No,Yes,Yes,Female,53,$25-50k,Graduate degree,college,Middle Atlantic
604,Occasionally,Never,68,No,The arm rests should be shared,The arm rests should be shared,Everyone in the row should have some say,No,No,Three times,"Yes, they should not recline their chair if the person behind them asks them not to",No,Yes,Somewhat,Somewhat,No,Somewhat,No,Yes,No,No,not_Female,69,$25-50k,Some college or Associate degree,college,Pacific
605,Occasionally,Never,65,No,Other (please specify),The person in aisle,The person in the window seat should have exclusive control,No,Somewhat,Twice,"Yes, they should not recline their chair if the person behind them asks them not to",Somewhat,No,Somewhat,Somewhat,Yes,Yes,No,No,No,No,Female,24,$50-100k,Some college or Associate degree,college,South Atlantic
606,Occasionally,Always,63,Yes,The arm rests should be shared,The arm rests should be shared,Everyone in the row should have some say,No,No,Three times,"No, the person on the flight has no obligation to the person behind them",No,No,No,No,No,No,No,No,Yes,No,Female,41,>$150k,Graduate degree,college,Mountain
607,Occasionally,Always,62,Yes,The person in the middle seat gets both arm rests,The person by the window,The person in the window seat should have exclusive control,Somewhat,Somewhat,More than five times times,"No, the person on the flight has no obligation to the person behind them",No,No,Somewhat,Somewhat,No,No,No,Somewhat,No,No,Female,43,>$150k,Some college or Associate degree,college,Pacific
608,Occasionally,About half the time,67,No,The arm rests should be shared,The arm rests should be shared,The person in the window seat should have exclusive control,No,No,Twice,"No, the person on the flight has no obligation to the person behind them",No,No,Somewhat,Somewhat,No,Yes,No,Somewhat,Yes,No,Female,19,$25-50k,Some college or Associate degree,college,West North Central
609,Occasionally,About half the time,77,No,The arm rests should be shared,The arm rests should be shared,Everyone in the row should have some say,No,No,Three times,"Yes, they should not recline their chair if the person behind them asks them not to",No,No,No,No,No,Somewhat,Somewhat,Yes,No,No,not_Female,28,<$25k,Some college or Associate degree,college,New England
610,Occasionally,Usually,74,No,Other (please specify),Other (please specify),The person in the window seat should have exclusive control,No,No,Three times,"Yes, they should not recline their chair if the person behind them asks them not to",No,No,No,No,No,Somewhat,No,Somewhat,No,No,not_Female,74,$100-150k,Graduate degree,college,Pacific
611,Occasionally,Always,74,No,The person in the middle seat gets both arm rests,The arm rests should be shared,The person in the window seat should have exclusive control,No,No,Twice,"No, the person on the flight has no obligation to the person behind them",No,No,No,No,No,No,Yes,Yes,No,No,not_Female,60,$50-100k,Bachelor degree,college,East North Central
612,Occasionally,Once in a while,65,No,The arm rests should be shared,The arm rests should be shared,Everyone in the row should have some say,No,No,Twice,"Yes, they should not recline their chair if the person behind them asks them not to",Somewhat,Yes,No,No,Somewhat,Yes,No,Somewhat,No,No,Female,28,$50-100k,Bachelor degree,college,Pacific
614,Occasionally,Never,61,No,The person in the middle seat gets both arm rests,The person in aisle,Everyone in the row should have some say,Somewhat,Somewhat,It is not okay to get up during flight,"No, the person on the flight has no obligation to the person behind them",Somewhat,Yes,Yes,Somewhat,No,No,No,Yes,No,No,Female,36,$25-50k,Some college or Associate degree,college,Mountain
615,Occasionally,Always,71,No,The person in the middle seat gets both arm rests,The person in aisle,Everyone in the row should have some say,Somewhat,No,Three times,"No, the person on the flight has no obligation to the person behind them",No,No,No,No,No,Somewhat,No,Somewhat,Yes,No,not_Female,19,$100-150k,Bachelor degree,college,East North Central
616,Occasionally,Always,62,No,Whoever puts their arm on the arm rest first,Whoever puts their arm on the arm rest first,Everyone in the row should have some say,No,No,Three times,"No, the person on the flight has no obligation to the person behind them",No,No,No,No,No,No,No,No,No,No,Female,58,$25-50k,Some college or Associate degree,college,South Atlantic
617,Occasionally,Once in a while,62,No,The person in the middle seat gets both arm rests,The person in aisle,Everyone in the row should have some say,No,Somewhat,Twice,"Yes, they should not recline their chair if the person behind them asks them not to",No,No,No,No,Somewhat,Yes,No,Yes,No,No,Female,28,<$25k,Bachelor degree,college,West North Central
618,Occasionally,Always,67,No,The person in the middle seat gets both arm rests,The person in aisle,The person in the window seat should have exclusive control,No,No,Three times,"Yes, they should not recline their chair if the person behind them asks them not to",No,No,No,No,Somewhat,Somewhat,No,No,No,No,Female,36,$50-100k,Some college or Associate degree,college,West South Central
619,Occasionally,Never,64,Yes,The arm rests should be shared,The arm rests should be shared,Everyone in the row should have some say,Somewhat,No,Three times,"Yes, they should not recline their chair if the person behind them asks them not to",No,No,Somewhat,No,No,Somewhat,No,Somewhat,No,No,Female,39,$50-100k,Some college or Associate degree,college,East South Central
620,Occasionally,Never,68,No,The people in the aisle and window seats get both arm rests,The person by the window,The person in the window seat should have exclusive control,No,No,Twice,"No, the person on the flight has no obligation to the person behind them",No,No,No,No,No,No,No,No,Yes,Yes,Female,38,$50-100k,Bachelor degree,college,Pacific
621,Occasionally,Once in a while,67,No,The arm rests should be shared,The arm rests should be shared,The person in the window seat should have exclusive control,Somewhat,Somewhat,Twice,"No, the person on the flight has no obligation to the person behind them",Somewhat,Yes,Somewhat,Somewhat,Somewhat,Somewhat,No,Somewhat,No,No,not_Female,31,$50-100k,Bachelor degree,college,Middle Atlantic
622,Occasionally,Usually,64,No,The person in the middle seat gets both arm rests,The arm rests should be shared,Everyone in the row should have some say,No,No,Three times,"Yes, they should not recline their chair if the person behind them asks them not to",No,No,No,No,No,Somewhat,No,Yes,No,No,Female,68,$50-100k,Graduate degree,college,East North Central
623,Occasionally,About half the time,64,No,The arm rests should be shared,The person by the window,The person in the window seat should have exclusive control,No,No,Four times,"Yes, they should not recline their chair if the person behind them asks them not to",No,No,No,No,No,No,No,No,No,No,Female,54,$50-100k,Graduate degree,college,West South Central
624,Occasionally,Never,68,No,The arm rests should be shared,The arm rests should be shared,Everyone in the row should have some say,No,No,Twice,"Yes, they should not recline their chair if the person behind them asks them not to",Somewhat,No,No,No,Somewhat,Yes,No,Somewhat,No,No,not_Female,26,$50-100k,Some college or Associate degree,college,Mountain
625,Occasionally,Once in a while,64,No,Whoever puts their arm on the arm rest first,Whoever puts their arm on the arm rest first,The person in the window seat should have exclusive control,No,Somewhat,Twice,"Yes, they should not recline their chair if the person behind them asks them not to",Somewhat,Yes,Somewhat,Somewhat,No,Somewhat,Somewhat,Yes,No,No,Female,35,$25-50k,Graduate degree,college,Pacific
626,Occasionally,Never,62,No,The arm rests should be shared,The arm rests should be shared,The person in the window seat should have exclusive control,No,No,More than five times times,"Yes, they should not recline their chair if the person behind them asks them not to",Somewhat,Yes,No,No,No,Somewhat,Somewhat,Yes,No,No,Female,38,$50-100k,Bachelor degree,college,South Atlantic
627,Occasionally,About half the time,61,No,The arm rests should be shared,The arm rests should be shared,Everyone in the row should have some say,No,No,Twice,"Yes, they should not recline their chair if the person behind them asks them not to",No,No,No,No,No,No,No,No,No,No,Female,29,$50-100k,Bachelor degree,college,South Atlantic
628,Occasionally,About half the time,64,No,The arm rests should be shared,The person in aisle,Everyone in the row should have some say,No,Somewhat,Three times,"Yes, they should not recline their chair if the person behind them asks them not to",Somewhat,No,No,No,Somewhat,Yes,No,Yes,No,No,Female,61,$50-100k,Some college or Associate degree,college,South Atlantic
629,Occasionally,Always,63,No,The arm rests should be shared,The arm rests should be shared,Everyone in the row should have some say,No,No,Four times,"No, the person on the flight has no obligation to the person behind them",No,No,No,No,No,Somewhat,No,Somewhat,No,No,Female,64,>$150k,High school degree,HS,South Atlantic
630,Occasionally,Once in a while,67,Yes,The arm rests should be shared,Whoever puts their arm on the arm rest first,Everyone in the row should have some say,Somewhat,No,Twice,"Yes, they should not recline their chair if the person behind them asks them not to",No,No,Somewhat,No,Somewhat,Somewhat,No,Somewhat,No,No,not_Female,36,$25-50k,High school degree,HS,West North Central
631,Occasionally,Never,66,No,The arm rests should be shared,The arm rests should be shared,The person in the window seat should have exclusive control,No,No,Twice,"Yes, they should not recline their chair if the person behind them asks them not to",Yes,Yes,No,No,No,Somewhat,Yes,Yes,No,No,Female,71,$100-150k,Graduate degree,college,Pacific
632,Occasionally,Once in a while,74,No,The person in the middle seat gets both arm rests,The arm rests should be shared,The person in the window seat should have exclusive control,Somewhat,Somewhat,Three times,"Yes, they should not recline their chair if the person behind them asks them not to",Somewhat,Yes,No,No,No,No,Somewhat,Yes,No,No,not_Female,55,$50-100k,High school degree,HS,East North Central
633,Occasionally,About half the time,67,Yes,The arm rests should be shared,The arm rests should be shared,Everyone in the row should have some say,Somewhat,No,Three times,"No, the person on the flight has no obligation to the person behind them",No,No,No,No,No,Somewhat,No,Yes,No,No,not_Female,57,$50-100k,Bachelor degree,college,East North Central
634,Occasionally,Once in a while,64,No,The arm rests should be shared,The arm rests should be shared,The person in the window seat should have exclusive control,Somewhat,No,Twice,"No, the person on the flight has no obligation to the person behind them",No,No,Somewhat,Somewhat,No,Somewhat,No,No,No,No,Female,83,$50-100k,Bachelor degree,college,West North Central
635,Occasionally,About half the time,66,No,The arm rests should be shared,The arm rests should be shared,Everyone in the row should have some say,No,No,Four times,"Yes, they should not recline their chair if the person behind them asks them not to",No,No,No,No,No,Somewhat,No,No,No,No,Female,54,$50-100k,Some college or Associate degree,college,Pacific
636,Occasionally,Never,66,No,The arm rests should be shared,The arm rests should be shared,Everyone in the row should have some say,No,No,Twice,"Yes, they should not recline their chair if the person behind them asks them not to",No,Yes,No,No,No,Somewhat,No,Somewhat,No,No,Female,52,$50-100k,Some college or Associate degree,college,East North Central
637,Occasionally,About half the time,75,No,The person in the middle seat gets both arm rests,Whoever puts their arm on the arm rest first,The person in the window seat should have exclusive control,No,No,Twice,"No, the person on the flight has no obligation to the person behind them",No,No,No,No,No,Somewhat,No,Somewhat,Yes,No,not_Female,21,$50-100k,High school degree,HS,South Atlantic
638,Occasionally,Never,70,No,The arm rests should be shared,The arm rests should be shared,Everyone in the row should have some say,No,No,Three times,"No, the person on the flight has no obligation to the person behind them",Somewhat,Yes,No,No,No,Somewhat,No,Yes,No,No,not_Female,70,$25-50k,High school degree,HS,West South Central
639,Occasionally,Always,61,Yes,The person in the middle seat gets both arm rests,The person in aisle,Everyone in the row should have some say,Somewhat,No,Once,"No, the person on the flight has no obligation to the person behind them",Somewhat,Yes,No,No,Yes,Yes,No,Somewhat,No,No,Female,47,$50-100k,Some college or Associate degree,college,Pacific
640,Occasionally,Once in a while,66,No,The arm rests should be shared,The arm rests should be shared,The person in the window seat should have exclusive control,No,No,Four times,"Yes, they should not recline their chair if the person behind them asks them not to",Somewhat,Yes,No,No,No,No,Somewhat,Yes,No,No,not_Female,59,>$150k,Some college or Associate degree,college,Mountain
641,Occasionally,About half the time,67,Yes,The arm rests should be shared,The arm rests should be shared,Everyone in the row should have some say,No,No,Twice,"Yes, they should not recline their chair if the person behind them asks them not to",No,No,No,No,No,Somewhat,No,No,No,No,Female,49,$25-50k,Some college or Associate degree,college,South Atlantic
642,Occasionally,Always,68,No,The arm rests should be shared,The arm rests should be shared,Everyone in the row should have some say,No,No,Three times,"No, the person on the flight has no obligation to the person behind them",No,No,No,No,No,No,No,No,No,No,not_Female,35,$25-50k,Bachelor degree,college,New England
643,Occasionally,Once in a while,72,No,The arm rests should be shared,The arm rests should be shared,The person in the window seat should have exclusive control,No,No,Three times,"No, the person on the flight has no obligation to the person behind them",No,Yes,No,No,No,No,No,Somewhat,No,No,not_Female,81,$25-50k,Bachelor degree,college,South Atlantic
644,Occasionally,Once in a while,69,Yes,The arm rests should be shared,The arm rests should be shared,Everyone in the row should have some say,No,No,Twice,"Yes, they should not recline their chair if the person behind them asks them not to",No,No,No,No,Somewhat,Somewhat,Somewhat,Yes,No,No,not_Female,77,>$150k,Graduate degree,college,Mountain
645,Occasionally,Never,70,Yes,The person in the middle seat gets both arm rests,The person in aisle,Everyone in the row should have some say,No,No,Twice,"Yes, they should not recline their chair if the person behind them asks them not to",Somewhat,Yes,No,No,No,Somewhat,No,Yes,No,No,not_Female,26,$25-50k,Bachelor degree,college,East North Central
646,Occasionally,Once in a while,69,No,The arm rests should be shared,The arm rests should be shared,Everyone in the row should have some say,No,No,Twice,"Yes, they should not recline their chair if the person behind them asks them not to",No,No,No,No,No,Yes,No,Yes,No,No,not_Female,53,>$150k,Graduate degree,college,Middle Atlantic
647,Occasionally,About half the time,66,No,The arm rests should be shared,The arm rests should be shared,Everyone in the row should have some say,No,No,Three times,"Yes, they should not recline their chair if the person behind them asks them not to",Somewhat,No,Somewhat,No,Somewhat,Yes,No,No,No,No,not_Female,28,$25-50k,Less than high school degree,HS,Pacific
648,Occasionally,Once in a while,66,No,The arm rests should be shared,Whoever puts their arm on the arm rest first,The person in the window seat should have exclusive control,Somewhat,No,Twice,"Yes, they should not recline their chair if the person behind them asks them not to",Somewhat,No,No,No,Somewhat,Somewhat,No,Somewhat,No,No,Female,20,$50-100k,High school degree,HS,Middle Atlantic
649,Occasionally,Usually,68,No,The person in the middle seat gets both arm rests,Whoever puts their arm on the arm rest first,Everyone in the row should have some say,Somewhat,No,Twice,"No, the person on the flight has no obligation to the person behind them",No,No,No,No,No,Somewhat,No,No,No,No,Female,24,$50-100k,Bachelor degree,college,Middle Atlantic
650,Occasionally,Always,65,Yes,Whoever puts their arm on the arm rest first,The arm rests should be shared,Everyone in the row should have some say,No,No,Three times,"No, the person on the flight has no obligation to the person behind them",No,No,Somewhat,Somewhat,No,No,No,Somewhat,Yes,No,Female,43,$50-100k,High school degree,HS,New England
651,Occasionally,Never,66,Yes,The arm rests should be shared,The arm rests should be shared,Everyone in the row should have some say,No,No,Twice,"Yes, they should not recline their chair if the person behind them asks them not to",Yes,Yes,No,No,No,Somewhat,No,Somewhat,No,No,Female,52,$100-150k,Graduate degree,college,Middle Atlantic
652,Occasionally,Never,65,Yes,The arm rests should be shared,The arm rests should be shared,Everyone in the row should have some say,No,No,Twice,"Yes, they should not recline their chair if the person behind them asks them not to",Somewhat,No,Somewhat,Somewhat,No,Somewhat,No,Somewhat,No,No,Female,41,$50-100k,Bachelor degree,college,West South Central
653,Occasionally,Usually,68,No,The person in the middle seat gets both arm rests,The person in aisle,The person in the window seat should have exclusive control,No,No,More than five times times,"Yes, they should not recline their chair if the person behind them asks them not to",No,No,Somewhat,No,No,No,Somewhat,Somewhat,No,No,not_Female,48,$50-100k,Bachelor degree,college,New England
654,Occasionally,About half the time,65,Yes,The arm rests should be shared,The person in aisle,Everyone in the row should have some say,No,No,Four times,"Yes, they should not recline their chair if the person behind them asks them not to",No,No,No,No,No,Somewhat,No,No,No,No,Female,44,$100-150k,Bachelor degree,college,East South Central
655,Occasionally,Usually,65,No,The arm rests should be shared,The arm rests should be shared,Everyone in the row should have some say,No,Somewhat,Three times,"No, the person on the flight has no obligation to the person behind them",No,No,No,No,No,Somewhat,Somewhat,Somewhat,No,No,Female,25,$100-150k,Bachelor degree,college,New England
656,Occasionally,Usually,68,No,The arm rests should be shared,The arm rests should be shared,Everyone in the row should have some say,No,No,More than five times times,"Yes, they should not recline their chair if the person behind them asks them not to",No,No,No,No,No,No,No,Yes,No,No,Female,64,$100-150k,Bachelor degree,college,West South Central
657,Occasionally,Once in a while,69,No,The arm rests should be shared,The arm rests should be shared,Everyone in the row should have some say,No,No,Four times,"Yes, they should not recline their chair if the person behind them asks them not to",No,No,No,No,Somewhat,Somewhat,No,Somewhat,No,No,not_Female,33,$50-100k,Bachelor degree,college,East North Central
658,Occasionally,Never,72,No,The person in the middle seat gets both arm rests,The person by the window,The person in the window seat should have exclusive control,No,No,Three times,"Yes, they should not recline their chair if the person behind them asks them not to",Somewhat,No,No,No,No,Somewhat,No,No,No,No,not_Female,64,>$150k,Graduate degree,college,Middle Atlantic
659,Occasionally,About half the time,71,No,The arm rests should be shared,The arm rests should be shared,The person in the window seat should have exclusive control,No,No,Twice,"No, the person on the flight has no obligation to the person behind them",No,Yes,No,No,No,Somewhat,Somewhat,Yes,No,No,not_Female,70,$50-100k,Some college or Associate degree,college,East North Central
660,Occasionally,Always,74,No,The arm rests should be shared,The arm rests should be shared,The person in the window seat should have exclusive control,No,No,Three times,"No, the person on the flight has no obligation to the person behind them",No,No,No,No,Somewhat,Yes,Yes,Yes,No,No,not_Female,28,$50-100k,Some college or Associate degree,college,West South Central
661,Occasionally,Usually,64,No,Whoever puts their arm on the arm rest first,Whoever puts their arm on the arm rest first,The person in the window seat should have exclusive control,No,No,More than five times times,"No, the person on the flight has no obligation to the person behind them",No,No,No,No,No,Somewhat,No,Somewhat,No,No,Female,23,$50-100k,Graduate degree,college,Middle Atlantic
662,Occasionally,About half the time,63,No,Whoever puts their arm on the arm rest first,Whoever puts their arm on the arm rest first,Everyone in the row should have some say,Somewhat,No,Three times,"Yes, they should not recline their chair if the person behind them asks them not to",No,No,No,No,Somewhat,Somewhat,Somewhat,Somewhat,No,No,Female,27,$100-150k,Some college or Associate degree,college,South Atlantic
663,Occasionally,Never,67,No,The arm rests should be shared,The arm rests should be shared,Everyone in the row should have some say,No,No,Twice,"Yes, they should not recline their chair if the person behind them asks them not to",No,Yes,No,No,Somewhat,Somewhat,No,Somewhat,No,No,Female,20,$50-100k,Graduate degree,college,New England
664,Occasionally,Usually,68,No,The arm rests should be shared,The arm rests should be shared,Everyone in the row should have some say,No,Somewhat,Twice,"Yes, they should not recline their chair if the person behind them asks them not to",No,No,No,No,Somewhat,Somewhat,No,Yes,No,No,Female,60,>$150k,Graduate degree,college,East North Central
665,Occasionally,Once in a while,65,Yes,The arm rests should be shared,The person by the window,Everyone in the row should have some say,No,Somewhat,Twice,"Yes, they should not recline their chair if the person behind them asks them not to",No,No,No,No,Somewhat,Yes,No,Yes,No,No,Female,41,$25-50k,High school degree,HS,South Atlantic
666,Occasionally,Once in a while,60,No,The person in the middle seat gets both arm rests,The arm rests should be shared,The person in the window seat should have exclusive control,No,Somewhat,Three times,"Yes, they should not recline their chair if the person behind them asks them not to",Somewhat,No,No,No,No,No,No,Somewhat,No,No,Female,31,$25-50k,Some college or Associate degree,college,West North Central
667,Occasionally,Usually,76,Yes,The arm rests should be shared,The arm rests should be shared,Everyone in the row should have some say,No,No,Three times,"Yes, they should not recline their chair if the person behind them asks them not to",Somewhat,Yes,No,No,No,No,No,Somewhat,No,No,not_Female,55,$100-150k,Some college or Associate degree,college,South Atlantic
668,Occasionally,Usually,65,No,Whoever puts their arm on the arm rest first,Whoever puts their arm on the arm rest first,Everyone in the row should have some say,No,No,Three times,"Yes, they should not recline their chair if the person behind them asks them not to",No,No,No,No,Somewhat,Yes,No,Yes,Yes,No,Female,84,$50-100k,Less than high school degree,HS,West North Central
669,Occasionally,About half the time,67,No,Whoever puts their arm on the arm rest first,Whoever puts their arm on the arm rest first,The person in the window seat should have exclusive control,No,No,Twice,"No, the person on the flight has no obligation to the person behind them",Somewhat,No,Yes,Somewhat,No,Yes,Somewhat,Somewhat,Yes,No,Female,24,$50-100k,Bachelor degree,college,South Atlantic
670,Occasionally,About half the time,73,No,The arm rests should be shared,The arm rests should be shared,Everyone in the row should have some say,No,No,More than five times times,"Yes, they should not recline their chair if the person behind them asks them not to",No,No,No,No,No,Somewhat,No,Yes,No,No,not_Female,51,$100-150k,Bachelor degree,college,West North Central
671,Occasionally,Never,72,No,The arm rests should be shared,Other (please specify),The person in the window seat should have exclusive control,No,No,Three times,"Yes, they should not recline their chair if the person behind them asks them not to",Somewhat,Yes,No,No,Somewhat,Somewhat,Yes,Yes,No,No,not_Female,48,$100-150k,Graduate degree,college,Middle Atlantic
672,Occasionally,About half the time,65,No,The person in the middle seat gets both arm rests,The arm rests should be shared,Everyone in the row should have some say,Somewhat,No,Twice,"Yes, they should not recline their chair if the person behind them asks them not to",No,No,Somewhat,Somewhat,Somewhat,Yes,No,Somewhat,No,No,Female,18,>$150k,High school degree,HS,New England
673,Occasionally,Usually,64,Yes,The arm rests should be shared,The arm rests should be shared,The person in the window seat should have exclusive control,Yes,No,Twice,"Yes, they should not recline their chair if the person behind them asks them not to",No,Yes,No,No,Somewhat,Yes,No,No,No,No,Female,52,<$25k,High school degree,HS,East North Central
674,Occasionally,Usually,65,No,The person in the middle seat gets both arm rests,The arm rests should be shared,Everyone in the row should have some say,No,No,Twice,"Yes, they should not recline their chair if the person behind them asks them not to",No,No,No,No,No,No,No,Somewhat,Yes,No,Female,58,$50-100k,Bachelor degree,college,South Atlantic
675,Occasionally,Usually,72,No,The person in the middle seat gets both arm rests,The person in aisle,Everyone in the row should have some say,No,No,Twice,"No, the person on the flight has no obligation to the person behind them",No,No,Somewhat,No,Somewhat,Somewhat,No,Somewhat,Yes,No,not_Female,29,$50-100k,Bachelor degree,college,East North Central
676,Occasionally,About half the time,65,No,The arm rests should be shared,The arm rests should be shared,Everyone in the row should have some say,No,No,Twice,"Yes, they should not recline their chair if the person behind them asks them not to",No,Yes,No,No,No,Somewhat,No,Somewhat,No,No,Female,31,$50-100k,Graduate degree,college,East North Central
677,Occasionally,Once in a while,70,No,The arm rests should be shared,The arm rests should be shared,Everyone in the row should have some say,Somewhat,No,Three times,"Yes, they should not recline their chair if the person behind them asks them not to",No,No,No,No,No,No,No,Yes,No,No,not_Female,63,$100-150k,Bachelor degree,college,Middle Atlantic
678,Occasionally,Never,66,No,The arm rests should be shared,The arm rests should be shared,Everyone in the row should have some say,No,No,Twice,"Yes, they should not recline their chair if the person behind them asks them not to",Somewhat,Yes,No,No,No,Somewhat,No,Somewhat,No,No,not_Female,20,$50-100k,Graduate degree,college,West South Central
679,Occasionally,Never,75,No,The person in the middle seat gets both arm rests,The arm rests should be shared,Everyone in the row should have some say,Somewhat,Somewhat,Twice,"Yes, they should not recline their chair if the person behind them asks them not to",Somewhat,Yes,Yes,Somewhat,No,Somewhat,No,Yes,No,No,not_Female,69,$100-150k,Bachelor degree,college,West South Central
680,Occasionally,Once in a while,69,No,The arm rests should be shared,The arm rests should be shared,Everyone in the row should have some say,No,No,Three times,"Yes, they should not recline their chair if the person behind them asks them not to",Somewhat,Yes,No,No,No,No,No,Yes,No,No,not_Female,72,$25-50k,Some college or Associate degree,college,East South Central
681,Occasionally,Once in a while,64,No,The arm rests should be shared,The arm rests should be shared,Everyone in the row should have some say,No,Somewhat,Twice,"Yes, they should not recline their chair if the person behind them asks them not to",Somewhat,Yes,No,No,No,No,No,Yes,No,No,Female,69,$100-150k,Bachelor degree,college,Middle Atlantic
683,Occasionally,Always,68,No,The arm rests should be shared,The arm rests should be shared,The person in the window seat should have exclusive control,No,No,Twice,"No, the person on the flight has no obligation to the person behind them",No,No,Somewhat,Somewhat,No,Yes,No,Yes,No,No,Female,75,$100-150k,Graduate degree,college,West South Central
684,Occasionally,Usually,75,No,Whoever puts their arm on the arm rest first,Whoever puts their arm on the arm rest first,Everyone in the row should have some say,No,Somewhat,Twice,"No, the person on the flight has no obligation to the person behind them",No,No,No,No,No,No,No,Yes,No,No,not_Female,68,$100-150k,Some college or Associate degree,college,South Atlantic
685,Occasionally,Always,62,No,The arm rests should be shared,The arm rests should be shared,The person in the window seat should have exclusive control,No,No,Four times,"No, the person on the flight has no obligation to the person behind them",No,No,No,No,No,No,No,Somewhat,No,No,Female,66,$50-100k,Bachelor degree,college,South Atlantic
686,Occasionally,About half the time,60,No,Whoever puts their arm on the arm rest first,Whoever puts their arm on the arm rest first,Everyone in the row should have some say,No,No,Twice,"Yes, they should not recline their chair if the person behind them asks them not to",No,Yes,No,No,No,Yes,Somewhat,Somewhat,No,No,Female,62,>$150k,Graduate degree,college,Middle Atlantic
687,Occasionally,Never,69,No,The arm rests should be shared,The person in aisle,Everyone in the row should have some say,Yes,Somewhat,Twice,"Yes, they should not recline their chair if the person behind them asks them not to",Yes,Yes,Somewhat,Somewhat,Somewhat,Yes,Yes,Yes,No,No,not_Female,33,$50-100k,Some college or Associate degree,college,South Atlantic
688,Occasionally,Usually,63,Yes,The arm rests should be shared,The arm rests should be shared,The person in the window seat should have exclusive control,No,No,Three times,"No, the person on the flight has no obligation to the person behind them",No,No,No,No,No,No,No,Somewhat,No,No,Female,30,$50-100k,Bachelor degree,college,West North Central
689,Occasionally,Never,66,Yes,Whoever puts their arm on the arm rest first,Whoever puts their arm on the arm rest first,The person in the window seat should have exclusive control,No,No,Three times,"Yes, they should not recline their chair if the person behind them asks them not to",Somewhat,Yes,Somewhat,Somewhat,No,Somewhat,No,No,No,No,Female,42,$50-100k,Bachelor degree,college,West North Central
690,Occasionally,Once in a while,62,No,The arm rests should be shared,The arm rests should be shared,Everyone in the row should have some say,No,No,Twice,"Yes, they should not recline their chair if the person behind them asks them not to",Somewhat,Yes,No,No,No,Somewhat,Somewhat,Yes,No,No,Female,24,<$25k,Bachelor degree,college,South Atlantic
691,Occasionally,Once in a while,62,No,The arm rests should be shared,The arm rests should be shared,The person in the window seat should have exclusive control,Somewhat,Somewhat,Twice,"Yes, they should not recline their chair if the person behind them asks them not to",Somewhat,No,No,No,No,Somewhat,No,Yes,No,No,Female,71,$25-50k,Bachelor degree,college,South Atlantic
692,Occasionally,Never,62,No,The arm rests should be shared,The arm rests should be shared,Everyone in the row should have some say,No,Yes,Three times,"Yes, they should not recline their chair if the person behind them asks them not to",Yes,Yes,Somewhat,No,Somewhat,Somewhat,Somewhat,No,No,No,Female,74,$50-100k,Graduate degree,college,Middle Atlantic
693,Occasionally,Always,66,Yes,The arm rests should be shared,The arm rests should be shared,Everyone in the row should have some say,No,No,Three times,"No, the person on the flight has no obligation to the person behind them",No,No,No,No,No,No,No,Yes,No,No,Female,47,$100-150k,Graduate degree,college,West North Central
694,Occasionally,Usually,64,No,Whoever puts their arm on the arm rest first,Whoever puts their arm on the arm rest first,The person in the window seat should have exclusive control,No,No,Twice,"Yes, they should not recline their chair if the person behind them asks them not to",Yes,Yes,Yes,Yes,Yes,Somewhat,Somewhat,Yes,No,No,Female,50,$50-100k,Bachelor degree,college,South Atlantic
695,Occasionally,Once in a while,70,No,The arm rests should be shared,The person in aisle,The person in the window seat should have exclusive control,Somewhat,Somewhat,Twice,"Yes, they should not recline their chair if the person behind them asks them not to",Somewhat,Yes,Somewhat,No,No,Somewhat,Yes,Yes,Yes,No,Female,20,<$25k,Bachelor degree,college,Mountain
696,Occasionally,Never,65,No,The arm rests should be shared,The person by the window,Everyone in the row should have some say,No,No,Three times,"Yes, they should not recline their chair if the person behind them asks them not to",Somewhat,Yes,No,No,No,No,No,No,No,No,Female,19,$25-50k,Some college or Associate degree,college,West North Central
697,Occasionally,Once in a while,66,No,The arm rests should be shared,Whoever puts their arm on the arm rest first,Everyone in the row should have some say,No,No,Three times,"Yes, they should not recline their chair if the person behind them asks them not to",No,No,No,No,No,Somewhat,No,Somewhat,No,No,Female,19,$50-100k,Some college or Associate degree,college,East North Central
698,Occasionally,Once in a while,65,Yes,Whoever puts their arm on the arm rest first,Whoever puts their arm on the arm rest first,Everyone in the row should have some say,No,No,Three times,"No, the person on the flight has no obligation to the person behind them",No,No,No,No,No,Somewhat,No,Somewhat,No,No,Female,48,$50-100k,High school degree,HS,South Atlantic
699,Occasionally,Usually,66,Yes,The arm rests should be shared,The arm rests should be shared,The person in the window seat should have exclusive control,No,No,Three times,"Yes, they should not recline their chair if the person behind them asks them not to",No,No,Somewhat,Somewhat,Somewhat,Yes,No,Somewhat,No,No,Female,34,$25-50k,Some college or Associate degree,college,New England
700,Occasionally,Once in a while,63,No,The person in the middle seat gets both arm rests,The person in aisle,Everyone in the row should have some say,No,No,Three times,"Yes, they should not recline their chair if the person behind them asks them not to",Somewhat,No,No,No,Somewhat,Somewhat,No,Yes,No,No,Female,24,$100-150k,Bachelor degree,college,Middle Atlantic
701,Occasionally,Usually,73,No,The arm rests should be shared,The person in aisle,The person in the window seat should have exclusive control,No,Somewhat,Four times,"No, the person on the flight has no obligation to the person behind them",No,No,No,No,No,Somewhat,Yes,Yes,No,No,not_Female,84,$25-50k,Some college or Associate degree,college,East North Central
702,Occasionally,Once in a while,70,No,The arm rests should be shared,The arm rests should be shared,Everyone in the row should have some say,No,No,Three times,"Yes, they should not recline their chair if the person behind them asks them not to",Somewhat,No,No,No,No,No,No,Somewhat,No,No,Female,22,$100-150k,High school degree,HS,South Atlantic
703,Occasionally,Once in a while,70,No,The arm rests should be shared,The arm rests should be shared,The person in the window seat should have exclusive control,No,Yes,Twice,"No, the person on the flight has no obligation to the person behind them",Somewhat,No,No,No,Somewhat,Yes,Yes,Yes,Yes,No,not_Female,38,$25-50k,Bachelor degree,college,Middle Atlantic
704,Occasionally,Never,66,Yes,The arm rests should be shared,The arm rests should be shared,Everyone in the row should have some say,No,No,Twice,"Yes, they should not recline their chair if the person behind them asks them not to",No,No,No,No,No,Somewhat,No,Somewhat,No,No,Female,58,$25-50k,High school degree,HS,East North Central
705,Occasionally,Once in a while,67,No,The arm rests should be shared,The arm rests should be shared,Everyone in the row should have some say,No,No,Three times,"Yes, they should not recline their chair if the person behind them asks them not to",Yes,Yes,Somewhat,No,Somewhat,Yes,Somewhat,Somewhat,No,No,Female,23,$25-50k,Bachelor degree,college,East North Central
706,Occasionally,Once in a while,67,Yes,The arm rests should be shared,The arm rests should be shared,Everyone in the row should have some say,Somewhat,No,Twice,"No, the person on the flight has no obligation to the person behind them",No,No,No,No,Somewhat,Yes,No,Yes,No,No,not_Female,41,$50-100k,Bachelor degree,college,South Atlantic
707,Occasionally,About half the time,68,Yes,The arm rests should be shared,The arm rests should be shared,Everyone in the row should have some say,No,No,More than five times times,"Yes, they should not recline their chair if the person behind them asks them not to",No,No,No,No,Somewhat,Somewhat,Somewhat,Yes,No,No,Female,50,$100-150k,Some college or Associate degree,college,New England
708,Occasionally,Always,65,Yes,Whoever puts their arm on the arm rest first,Whoever puts their arm on the arm rest first,The person in the window seat should have exclusive control,No,No,Three times,"Yes, they should not recline their chair if the person behind them asks them not to",No,No,No,No,No,No,No,No,No,No,not_Female,32,$100-150k,Bachelor degree,college,Middle Atlantic
709,Occasionally,Usually,70,No,The arm rests should be shared,The arm rests should be shared,The person in the window seat should have exclusive control,No,No,Three times,"Yes, they should not recline their chair if the person behind them asks them not to",Somewhat,Yes,Somewhat,Somewhat,Somewhat,Yes,Somewhat,Yes,Yes,No,not_Female,40,$25-50k,Some college or Associate degree,college,West South Central
710,Occasionally,Always,72,No,The person in the middle seat gets both arm rests,The arm rests should be shared,Everyone in the row should have some say,No,No,Four times,"No, the person on the flight has no obligation to the person behind them",No,No,No,No,No,Yes,Yes,Yes,No,No,not_Female,83,$100-150k,Graduate degree,college,Middle Atlantic
711,Occasionally,Always,63,No,The arm rests should be shared,The arm rests should be shared,Everyone in the row should have some say,No,No,Three times,"Yes, they should not recline their chair if the person behind them asks them not to",No,No,No,No,Somewhat,Somewhat,No,Somewhat,No,No,Female,52,$25-50k,Bachelor degree,college,Middle Atlantic
712,Occasionally,Never,62,No,The person in the middle seat gets both arm rests,Whoever puts their arm on the arm rest first,The person in the window seat should have exclusive control,No,No,Twice,"Yes, they should not recline their chair if the person behind them asks them not to",Somewhat,No,Yes,Somewhat,No,Yes,No,Somewhat,No,No,Female,71,$100-150k,Some college or Associate degree,college,New England
713,Occasionally,Once in a while,69,No,The arm rests should be shared,The arm rests should be shared,Everyone in the row should have some say,No,No,Four times,"Yes, they should not recline their chair if the person behind them asks them not to",No,No,No,No,No,Somewhat,No,Somewhat,No,No,not_Female,52,>$150k,Bachelor degree,college,Middle Atlantic
714,Occasionally,Usually,69,Yes,The arm rests should be shared,The arm rests should be shared,Everyone in the row should have some say,No,No,Four times,"Yes, they should not recline their chair if the person behind them asks them not to",No,Yes,Somewhat,No,No,No,No,Somewhat,No,No,not_Female,55,$100-150k,Bachelor degree,college,East North Central
715,Occasionally,Usually,62,No,The people in the aisle and window seats get both arm rests,The arm rests should be shared,Everyone in the row should have some say,No,Somewhat,Twice,"No, the person on the flight has no obligation to the person behind them",No,No,No,No,No,Yes,No,Yes,Yes,No,Female,32,>$150k,Bachelor degree,college,Middle Atlantic
716,Occasionally,Once in a while,62,No,The arm rests should be shared,The arm rests should be shared,Everyone in the row should have some say,Somewhat,No,Three times,"Yes, they should not recline their chair if the person behind them asks them not to",No,No,No,No,No,Somewhat,No,Somewhat,No,No,Female,56,$100-150k,Some college or Associate degree,college,South Atlantic
717,Occasionally,Never,65,No,The arm rests should be shared,The arm rests should be shared,Everyone in the row should have some say,No,No,Twice,"Yes, they should not recline their chair if the person behind them asks them not to",Somewhat,Yes,Somewhat,No,Somewhat,Yes,No,Yes,No,No,Female,26,$100-150k,Bachelor degree,college,East North Central
718,Occasionally,Usually,73,No,Other (please specify),Other (please specify),Everyone in the row should have some say,No,No,Three times,"Yes, they should not recline their chair if the person behind them asks them not to",No,No,No,No,No,No,Somewhat,Yes,No,No,not_Female,42,$25-50k,Graduate degree,college,East South Central
719,Occasionally,Usually,75,Yes,The arm rests should be shared,The arm rests should be shared,The person in the window seat should have exclusive control,No,No,More than five times times,"No, the person on the flight has no obligation to the person behind them",Somewhat,No,No,No,No,No,Somewhat,Somewhat,No,No,not_Female,39,>$150k,Bachelor degree,college,East North Central
720,Occasionally,Never,67,No,The arm rests should be shared,The arm rests should be shared,The person in the window seat should have exclusive control,No,No,Twice,"Yes, they should not recline their chair if the person behind them asks them not to",Somewhat,Yes,No,No,Somewhat,Yes,No,Yes,No,No,Female,29,<$25k,Bachelor degree,college,East South Central
721,Occasionally,Once in a while,62,Yes,The arm rests should be shared,The arm rests should be shared,Everyone in the row should have some say,No,No,More than five times times,"Yes, they should not recline their chair if the person behind them asks them not to",No,No,No,No,No,No,No,Somewhat,No,No,Female,52,$25-50k,Bachelor degree,college,Middle Atlantic
722,Occasionally,Once in a while,65,No,The person in the middle seat gets both arm rests,Whoever puts their arm on the arm rest first,The person in the window seat should have exclusive control,Somewhat,No,Twice,"No, the person on the flight has no obligation to the person behind them",No,No,Yes,Somewhat,Somewhat,Yes,No,Somewhat,No,No,Female,62,$25-50k,High school degree,HS,Middle Atlantic
723,Occasionally,Never,63,No,The person in the middle seat gets both arm rests,Whoever puts their arm on the arm rest first,The person in the window seat should have exclusive control,No,No,Twice,"Yes, they should not recline their chair if the person behind them asks them not to",Yes,Yes,Yes,Yes,No,Somewhat,No,Somewhat,No,No,Female,80,$100-150k,Graduate degree,college,East North Central
724,Occasionally,Usually,66,No,Whoever puts their arm on the arm rest first,Whoever puts their arm on the arm rest first,Everyone in the row should have some say,Somewhat,No,Three times,"Yes, they should not recline their chair if the person behind them asks them not to",Yes,Yes,Somewhat,Somewhat,No,No,Somewhat,Yes,No,No,Female,63,$100-150k,Graduate degree,college,Pacific
725,Occasionally,Never,63,No,The arm rests should be shared,The arm rests should be shared,The person in the window seat should have exclusive control,No,No,Once,"Yes, they should not recline their chair if the person behind them asks them not to",Yes,Yes,No,No,Somewhat,Somewhat,No,Somewhat,No,No,Female,75,$50-100k,Some college or Associate degree,college,East South Central
726,Occasionally,Once in a while,67,Yes,The arm rests should be shared,The arm rests should be shared,Everyone in the row should have some say,No,Somewhat,Three times,"Yes, they should not recline their chair if the person behind them asks them not to",Somewhat,No,Yes,Somewhat,Yes,Yes,No,Yes,No,No,not_Female,26,$50-100k,Bachelor degree,college,South Atlantic
727,Occasionally,Usually,62,No,The arm rests should be shared,Whoever puts their arm on the arm rest first,Everyone in the row should have some say,No,No,Three times,"No, the person on the flight has no obligation to the person behind them",No,No,No,No,No,No,No,Yes,No,No,Female,45,<$25k,Some college or Associate degree,college,
728,Occasionally,Never,68,Yes,The arm rests should be shared,The arm rests should be shared,The person in the window seat should have exclusive control,No,Somewhat,Twice,"Yes, they should not recline their chair if the person behind them asks them not to",Yes,Yes,No,No,No,Somewhat,Somewhat,Somewhat,No,No,Female,56,$50-100k,Graduate degree,college,East North Central
729,Occasionally,Always,71,Yes,The arm rests should be shared,The arm rests should be shared,Everyone in the row should have some say,No,No,Four times,"Yes, they should not recline their chair if the person behind them asks them not to",No,No,No,No,No,Somewhat,No,Somewhat,No,No,not_Female,42,$50-100k,Some college or Associate degree,college,East North Central
730,Occasionally,Usually,70,Yes,The arm rests should be shared,The arm rests should be shared,Everyone in the row should have some say,Somewhat,No,Four times,"No, the person on the flight has no obligation to the person behind them",No,No,No,No,Somewhat,Somewhat,No,Somewhat,No,No,not_Female,30,$25-50k,Bachelor degree,college,East South Central
731,Occasionally,Once in a while,72,No,The arm rests should be shared,The arm rests should be shared,Everyone in the row should have some say,No,Yes,Twice,"No, the person on the flight has no obligation to the person behind them",No,No,No,No,No,No,Somewhat,Yes,No,No,not_Female,78,$50-100k,Graduate degree,college,New England
732,Occasionally,About half the time,64,No,The arm rests should be shared,The arm rests should be shared,Everyone in the row should have some say,No,No,Three times,"No, the person on the flight has no obligation to the person behind them",No,No,No,No,No,Somewhat,No,No,No,No,Female,69,$50-100k,Some college or Associate degree,college,South Atlantic
733,Occasionally,Always,72,No,The arm rests should be shared,The arm rests should be shared,The person in the window seat should have exclusive control,No,No,Three times,"No, the person on the flight has no obligation to the person behind them",No,No,No,No,No,No,No,Yes,No,No,not_Female,73,$50-100k,Some college or Associate degree,college,West South Central
734,Occasionally,Never,65,No,The arm rests should be shared,The arm rests should be shared,The person in the window seat should have exclusive control,No,No,Once,"Yes, they should not recline their chair if the person behind them asks them not to",Yes,Yes,Somewhat,Somewhat,Somewhat,Somewhat,No,Somewhat,No,No,Female,68,$50-100k,Graduate degree,college,South Atlantic
735,Occasionally,Usually,64,No,The arm rests should be shared,Whoever puts their arm on the arm rest first,Everyone in the row should have some say,Somewhat,No,Once,"No, the person on the flight has no obligation to the person behind them",No,Yes,No,No,No,No,No,Somewhat,No,No,Female,83,$100-150k,Some college or Associate degree,college,Pacific
736,Occasionally,Once in a while,68,No,The arm rests should be shared,The arm rests should be shared,The person in the window seat should have exclusive control,No,Somewhat,Three times,"Yes, they should not recline their chair if the person behind them asks them not to",Somewhat,Yes,No,No,Somewhat,Somewhat,No,Somewhat,No,No,Female,60,$100-150k,Some college or Associate degree,college,New England
737,Occasionally,Never,70,Yes,The arm rests should be shared,The arm rests should be shared,The person in the window seat should have exclusive control,No,No,Once,"No, the person on the flight has no obligation to the person behind them",No,No,No,No,Somewhat,Yes,No,No,No,No,not_Female,55,$50-100k,Some college or Associate degree,college,Middle Atlantic
738,Occasionally,Never,62,No,The arm rests should be shared,The arm rests should be shared,The person in the window seat should have exclusive control,Somewhat,Somewhat,More than five times times,"Yes, they should not recline their chair if the person behind them asks them not to",Somewhat,Yes,Somewhat,Somewhat,No,Somewhat,No,Somewhat,No,No,Female,19,$100-150k,Some college or Associate degree,college,South Atlantic
739,Occasionally,Never,66,No,The arm rests should be shared,The arm rests should be shared,The person in the window seat should have exclusive control,No,Yes,Twice,"Yes, they should not recline their chair if the person behind them asks them not to",Somewhat,Yes,No,No,Somewhat,Yes,Yes,Yes,Yes,No,Female,22,$25-50k,Some college or Associate degree,college,Middle Atlantic
740,Occasionally,Always,68,No,Whoever puts their arm on the arm rest first,Whoever puts their arm on the arm rest first,The person in the window seat should have exclusive control,No,No,Three times,"Yes, they should not recline their chair if the person behind them asks them not to",Somewhat,No,No,No,No,No,No,Somewhat,No,No,not_Female,54,$25-50k,High school degree,HS,East North Central
741,Occasionally,Never,64,No,The arm rests should be shared,The arm rests should be shared,Everyone in the row should have some say,Somewhat,No,Four times,"Yes, they should not recline their chair if the person behind them asks them not to",Somewhat,Yes,No,No,Somewhat,Somewhat,No,Somewhat,No,No,Female,84,$25-50k,Some college or Associate degree,college,Middle Atlantic
742,Occasionally,Never,66,No,The arm rests should be shared,The arm rests should be shared,Everyone in the row should have some say,Somewhat,No,Three times,"Yes, they should not recline their chair if the person behind them asks them not to",Yes,No,No,No,No,No,Yes,Yes,No,No,not_Female,48,$100-150k,Graduate degree,college,South Atlantic
743,Occasionally,Usually,72,Yes,The arm rests should be shared,The arm rests should be shared,Everyone in the row should have some say,Somewhat,No,Four times,"No, the person on the flight has no obligation to the person behind them",No,No,Yes,Yes,No,Somewhat,No,Somewhat,No,No,not_Female,49,$50-100k,Some college or Associate degree,college,Middle Atlantic
744,Occasionally,Usually,69,No,The arm rests should be shared,The arm rests should be shared,The person in the window seat should have exclusive control,No,No,Four times,"No, the person on the flight has no obligation to the person behind them",No,No,No,No,No,Somewhat,No,No,No,No,not_Female,42,$50-100k,Graduate degree,college,Pacific
745,Occasionally,Once in a while,69,Yes,The arm rests should be shared,The arm rests should be shared,Everyone in the row should have some say,Somewhat,No,Once,"No, the person on the flight has no obligation to the person behind them",No,No,Somewhat,Somewhat,No,Somewhat,Somewhat,Yes,No,No,Female,31,$50-100k,Some college or Associate degree,college,West South Central
746,Occasionally,About half the time,65,No,The arm rests should be shared,The arm rests should be shared,Everyone in the row should have some say,No,Yes,Twice,"Yes, they should not recline their chair if the person behind them asks them not to",Somewhat,No,Somewhat,Somewhat,No,Somewhat,Yes,Yes,No,No,Female,48,$50-100k,Some college or Associate degree,college,West South Central
747,Occasionally,Always,71,No,The person in the middle seat gets both arm rests,The person in aisle,The person in the window seat should have exclusive control,No,No,Twice,"Yes, they should not recline their chair if the person behind them asks them not to",No,Yes,Somewhat,No,No,Somewhat,Somewhat,Yes,No,No,not_Female,45,$100-150k,Bachelor degree,college,Middle Atlantic
748,Occasionally,Once in a while,69,No,The arm rests should be shared,The person by the window,The person in the window seat should have exclusive control,No,No,Three times,"No, the person on the flight has no obligation to the person behind them",Somewhat,No,No,No,Somewhat,Somewhat,No,Yes,No,No,not_Female,35,$50-100k,High school degree,HS,West South Central
749,Occasionally,Once in a while,75,No,The arm rests should be shared,The arm rests should be shared,Everyone in the row should have some say,No,No,Twice,"Yes, they should not recline their chair if the person behind them asks them not to",No,No,No,No,No,Somewhat,No,No,No,No,not_Female,57,$100-150k,Graduate degree,college,West North Central
750,Occasionally,Always,65,Yes,The arm rests should be shared,The arm rests should be shared,The person in the window seat should have exclusive control,No,No,Three times,"No, the person on the flight has no obligation to the person behind them",No,No,No,No,Somewhat,Somewhat,No,No,No,No,Female,53,$100-150k,Bachelor degree,college,East North Central
751,Occasionally,Never,64,Yes,The arm rests should be shared,The arm rests should be shared,Everyone in the row should have some say,No,No,Twice,"Yes, they should not recline their chair if the person behind them asks them not to",Yes,Yes,No,No,No,Somewhat,No,Somewhat,No,No,Female,52,$25-50k,High school degree,HS,East North Central
752,Occasionally,Usually,68,No,Whoever puts their arm on the arm rest first,The person in aisle,The person in the window seat should have exclusive control,Somewhat,Somewhat,Four times,"No, the person on the flight has no obligation to the person behind them",Somewhat,Yes,Somewhat,Somewhat,Somewhat,Somewhat,Somewhat,No,Yes,No,not_Female,53,$25-50k,Graduate degree,college,South Atlantic
753,Occasionally,Never,61,No,The arm rests should be shared,The arm rests should be shared,Everyone in the row should have some say,No,No,Twice,"Yes, they should not recline their chair if the person behind them asks them not to",Somewhat,No,No,No,No,No,No,No,No,No,Female,52,>$150k,Graduate degree,college,East North Central
754,Occasionally,Usually,66,No,The arm rests should be shared,The arm rests should be shared,Everyone in the row should have some say,No,No,Three times,"No, the person on the flight has no obligation to the person behind them",No,No,No,No,Somewhat,No,No,No,No,No,Female,42,$25-50k,Bachelor degree,college,South Atlantic
755,Occasionally,Once in a while,69,No,The arm rests should be shared,The arm rests should be shared,Everyone in the row should have some say,No,No,Three times,"Yes, they should not recline their chair if the person behind them asks them not to",No,Yes,No,No,No,Somewhat,No,Yes,No,No,not_Female,72,$100-150k,Some college or Associate degree,college,South Atlantic
756,Occasionally,Usually,64,No,The arm rests should be shared,The arm rests should be shared,The person in the window seat should have exclusive control,No,Somewhat,Once,"No, the person on the flight has no obligation to the person behind them",No,No,No,No,No,Yes,Yes,Yes,No,No,Female,58,$50-100k,Graduate degree,college,Middle Atlantic
757,Occasionally,Usually,60,Yes,The arm rests should be shared,The arm rests should be shared,Everyone in the row should have some say,No,No,Four times,"No, the person on the flight has no obligation to the person behind them",No,No,Somewhat,No,No,No,No,Somewhat,No,No,Female,59,$50-100k,Some college or Associate degree,college,New England
758,Occasionally,Once in a while,72,Yes,The arm rests should be shared,The person by the window,Everyone in the row should have some say,No,No,Three times,"No, the person on the flight has no obligation to the person behind them",No,No,No,No,No,No,No,No,No,No,not_Female,59,$50-100k,Bachelor degree,college,East North Central
759,Occasionally,Once in a while,67,No,The arm rests should be shared,The arm rests should be shared,The person in the window seat should have exclusive control,Somewhat,No,Twice,"No, the person on the flight has no obligation to the person behind them",No,No,Somewhat,Somewhat,Somewhat,Somewhat,Somewhat,Yes,No,No,Female,50,$100-150k,Bachelor degree,college,New England
760,Occasionally,Once in a while,68,Yes,The arm rests should be shared,The arm rests should be shared,Everyone in the row should have some say,No,No,Three times,"Yes, they should not recline their chair if the person behind them asks them not to",Somewhat,Yes,Somewhat,No,No,No,Somewhat,Somewhat,No,No,Female,31,$50-100k,Bachelor degree,college,East North Central
761,Occasionally,Usually,64,Yes,The arm rests should be shared,Whoever puts their arm on the arm rest first,The person in the window seat should have exclusive control,No,No,Once,"No, the person on the flight has no obligation to the person behind them",No,No,No,No,Yes,Yes,No,No,No,No,Female,31,$50-100k,Bachelor degree,college,East North Central
762,Occasionally,About half the time,63,No,The arm rests should be shared,Whoever puts their arm on the arm rest first,The person in the window seat should have exclusive control,No,No,Once,"Yes, they should not recline their chair if the person behind them asks them not to",No,No,No,No,Somewhat,Somewhat,No,No,No,No,Female,20,>$150k,Bachelor degree,college,New England
763,Occasionally,Once in a while,74,No,The arm rests should be shared,The arm rests should be shared,The person in the window seat should have exclusive control,No,No,Three times,"No, the person on the flight has no obligation to the person behind them",No,No,No,No,Somewhat,Somewhat,No,Yes,Yes,No,not_Female,54,$100-150k,Some college or Associate degree,college,Middle Atlantic
764,Occasionally,Once in a while,70,Yes,The person in the middle seat gets both arm rests,The arm rests should be shared,Everyone in the row should have some say,No,No,Twice,"No, the person on the flight has no obligation to the person behind them",No,No,No,No,No,No,No,No,Yes,No,not_Female,50,$100-150k,Bachelor degree,college,East North Central
765,Occasionally,Once in a while,64,Yes,The people in the aisle and window seats get both arm rests,The arm rests should be shared,Everyone in the row should have some say,No,No,Twice,"Yes, they should not recline their chair if the person behind them asks them not to",Somewhat,Yes,No,No,Somewhat,Somewhat,No,Yes,No,No,Female,39,$50-100k,Graduate degree,college,West North Central
766,Occasionally,Once in a while,64,No,The arm rests should be shared,The arm rests should be shared,The person in the window seat should have exclusive control,No,No,Twice,"Yes, they should not recline their chair if the person behind them asks them not to",No,Yes,No,No,No,Somewhat,No,Somewhat,Yes,No,Female,21,$50-100k,Bachelor degree,college,South Atlantic
767,Occasionally,Always,67,No,The arm rests should be shared,The arm rests should be shared,Everyone in the row should have some say,No,No,Twice,"Yes, they should not recline their chair if the person behind them asks them not to",No,Yes,No,No,No,Somewhat,No,Somewhat,No,No,not_Female,56,$50-100k,Some college or Associate degree,college,Middle Atlantic
768,Occasionally,Once in a while,62,No,The arm rests should be shared,The arm rests should be shared,Everyone in the row should have some say,No,No,It is not okay to get up during flight,"Yes, they should not recline their chair if the person behind them asks them not to",Somewhat,Yes,No,No,Somewhat,Somewhat,Somewhat,Yes,No,No,Female,84,<$25k,Bachelor degree,college,New England
769,Occasionally,Usually,72,No,The arm rests should be shared,Other (please specify),The person in the window seat should have exclusive control,Somewhat,Somewhat,Four times,"Yes, they should not recline their chair if the person behind them asks them not to",No,No,Somewhat,No,No,Somewhat,No,Somewhat,Yes,No,not_Female,19,<$25k,Some college or Associate degree,college,Mountain
770,Occasionally,Usually,70,Yes,Whoever puts their arm on the arm rest first,Whoever puts their arm on the arm rest first,The person in the window seat should have exclusive control,No,No,More than five times times,"No, the person on the flight has no obligation to the person behind them",No,No,Somewhat,Somewhat,No,Somewhat,No,Somewhat,No,No,not_Female,41,$100-150k,Graduate degree,college,New England
771,Occasionally,Once in a while,62,Yes,The arm rests should be shared,The arm rests should be shared,Everyone in the row should have some say,Somewhat,Somewhat,Three times,"Yes, they should not recline their chair if the person behind them asks them not to",Somewhat,Yes,No,No,Somewhat,Yes,No,Somewhat,No,No,Female,22,$50-100k,Bachelor degree,college,East North Central
772,Occasionally,Never,74,No,The arm rests should be shared,The arm rests should be shared,Everyone in the row should have some say,No,No,Three times,"Yes, they should not recline their chair if the person behind them asks them not to",Yes,No,No,No,Somewhat,Somewhat,No,Somewhat,No,No,Female,26,$100-150k,Graduate degree,college,Pacific
773,Occasionally,Usually,60,No,The arm rests should be shared,The arm rests should be shared,Everyone in the row should have some say,Somewhat,Somewhat,Three times,"No, the person on the flight has no obligation to the person behind them",No,Yes,No,No,No,Yes,No,Somewhat,No,No,Female,22,$50-100k,High school degree,HS,Middle Atlantic
774,Occasionally,About half the time,63,No,Other (please specify),Other (please specify),Everyone in the row should have some say,No,No,Twice,"Yes, they should not recline their chair if the person behind them asks them not to",No,No,Somewhat,Somewhat,No,No,No,Somewhat,No,No,not_Female,73,$50-100k,Graduate degree,college,East North Central
775,Occasionally,Never,74,No,The arm rests should be shared,The person by the window,The person in the window seat should have exclusive control,No,No,Three times,"Yes, they should not recline their chair if the person behind them asks them not to",Somewhat,Yes,No,No,No,Somewhat,Somewhat,Yes,No,No,not_Female,67,$50-100k,Bachelor degree,college,Middle Atlantic
776,Occasionally,About half the time,62,No,The arm rests should be shared,The arm rests should be shared,Everyone in the row should have some say,No,Somewhat,More than five times times,"No, the person on the flight has no obligation to the person behind them",No,No,Somewhat,Somewhat,No,No,No,Yes,No,No,Female,78,$25-50k,Some college or Associate degree,college,Mountain
777,Occasionally,About half the time,69,No,The arm rests should be shared,The arm rests should be shared,Everyone in the row should have some say,No,Somewhat,Four times,"No, the person on the flight has no obligation to the person behind them",No,No,No,No,No,Yes,No,Yes,No,No,not_Female,26,$25-50k,Graduate degree,college,Pacific
778,Occasionally,Once in a while,72,Yes,The arm rests should be shared,The arm rests should be shared,Everyone in the row should have some say,No,No,Three times,"No, the person on the flight has no obligation to the person behind them",Somewhat,No,No,No,No,No,No,Somewhat,Yes,No,not_Female,39,$50-100k,Bachelor degree,college,West South Central
779,Occasionally,Never,65,No,The arm rests should be shared,The arm rests should be shared,The person in the window seat should have exclusive control,No,No,Three times,"Yes, they should not recline their chair if the person behind them asks them not to",No,No,No,No,No,Somewhat,No,Somewhat,No,No,Female,58,$25-50k,High school degree,HS,East South Central
780,Occasionally,Once in a while,64,No,The arm rests should be shared,The arm rests should be shared,Everyone in the row should have some say,No,No,Twice,"Yes, they should not recline their chair if the person behind them asks them not to",No,No,No,No,No,Yes,Somewhat,Yes,Yes,No,Female,27,$50-100k,Some college or Associate degree,college,Pacific
781,Occasionally,Never,67,No,The arm rests should be shared,The arm rests should be shared,Everyone in the row should have some say,No,No,Four times,"Yes, they should not recline their chair if the person behind them asks them not to",Somewhat,No,No,No,Somewhat,Somewhat,No,Yes,No,No,not_Female,66,$50-100k,Graduate degree,college,East North Central
782,Occasionally,Never,64,Yes,The arm rests should be shared,The arm rests should be shared,Everyone in the row should have some say,No,No,Three times,"Yes, they should not recline their chair if the person behind them asks them not to",Somewhat,Yes,No,No,Somewhat,Somewhat,Somewhat,Somewhat,No,No,Female,21,$25-50k,Some college or Associate degree,college,Pacific
783,Occasionally,Once in a while,64,No,The person in the middle seat gets both arm rests,The arm rests should be shared,Everyone in the row should have some say,Somewhat,Somewhat,Once,"Yes, they should not recline their chair if the person behind them asks them not to",Somewhat,No,Somewhat,No,Somewhat,Somewhat,No,No,No,No,Female,84,$50-100k,Graduate degree,college,East North Central
784,Occasionally,Usually,61,Yes,The person in the middle seat gets both arm rests,Whoever puts their arm on the arm rest first,The person in the window seat should have exclusive control,No,Somewhat,Twice,"Yes, they should not recline their chair if the person behind them asks them not to",No,No,Somewhat,Somewhat,Somewhat,Somewhat,No,No,No,No,Female,43,$50-100k,Some college or Associate degree,college,Pacific
785,Occasionally,Once in a while,62,No,The arm rests should be shared,The arm rests should be shared,The person in the window seat should have exclusive control,No,No,Twice,"No, the person on the flight has no obligation to the person behind them",Somewhat,No,Somewhat,No,Yes,Yes,Somewhat,Somewhat,No,No,not_Female,21,$50-100k,Bachelor degree,college,West South Central
786,Occasionally,Always,68,No,The arm rests should be shared,The arm rests should be shared,The person in the window seat should have exclusive control,No,No,Four times,"No, the person on the flight has no obligation to the person behind them",No,No,No,No,No,No,No,Somewhat,No,No,Female,32,>$150k,Graduate degree,college,Pacific
787,Occasionally,Usually,73,No,Other (please specify),The arm rests should be shared,The person in the window seat should have exclusive control,No,No,Twice,"Yes, they should not recline their chair if the person behind them asks them not to",No,No,No,No,Somewhat,Yes,Somewhat,Yes,Yes,No,not_Female,42,$50-100k,Bachelor degree,college,New England
788,Occasionally,Never,64,No,The arm rests should be shared,The arm rests should be shared,The person in the window seat should have exclusive control,No,No,Twice,"Yes, they should not recline their chair if the person behind them asks them not to",Yes,Yes,Yes,Somewhat,No,Somewhat,No,No,No,No,Female,32,$50-100k,Some college or Associate degree,college,Pacific
789,Occasionally,About half the time,64,Yes,Whoever puts their arm on the arm rest first,Whoever puts their arm on the arm rest first,Everyone in the row should have some say,No,No,More than five times times,"Yes, they should not recline their chair if the person behind them asks them not to",No,No,No,No,No,Somewhat,No,Somewhat,No,No,not_Female,37,<$25k,Some college or Associate degree,college,New England
790,Occasionally,Once in a while,70,No,The arm rests should be shared,Whoever puts their arm on the arm rest first,Everyone in the row should have some say,No,No,Three times,"No, the person on the flight has no obligation to the person behind them",Somewhat,Yes,No,No,Somewhat,Yes,No,Somewhat,No,No,not_Female,45,$100-150k,Graduate degree,college,Mountain
791,Occasionally,Once in a while,71,No,Whoever puts their arm on the arm rest first,Whoever puts their arm on the arm rest first,The person in the window seat should have exclusive control,No,No,Three times,"Yes, they should not recline their chair if the person behind them asks them not to",Yes,Yes,No,No,No,Somewhat,Yes,Yes,Yes,No,not_Female,59,>$150k,Graduate degree,college,Pacific
792,Occasionally,Once in a while,68,No,The arm rests should be shared,The arm rests should be shared,Everyone in the row should have some say,No,No,Three times,"No, the person on the flight has no obligation to the person behind them",Somewhat,Yes,No,No,No,Somewhat,No,Somewhat,No,No,not_Female,71,$50-100k,Graduate degree,college,Middle Atlantic
793,Occasionally,Once in a while,65,No,Other (please specify),Whoever puts their arm on the arm rest first,The person in the window seat should have exclusive control,No,No,Twice,"Yes, they should not recline their chair if the person behind them asks them not to",Somewhat,No,No,No,Somewhat,Yes,Yes,Yes,No,No,Female,19,$25-50k,Some college or Associate degree,college,Pacific
794,Occasionally,Always,69,Yes,The arm rests should be shared,The arm rests should be shared,The person in the window seat should have exclusive control,No,No,It is not okay to get up during flight,"No, the person on the flight has no obligation to the person behind them",No,Yes,No,No,No,Yes,No,Somewhat,No,No,not_Female,51,$25-50k,Some college or Associate degree,college,Pacific
795,Occasionally,Never,69,No,The arm rests should be shared,The arm rests should be shared,The person in the window seat should have exclusive control,No,No,Twice,"Yes, they should not recline their chair if the person behind them asks them not to",Yes,Yes,Yes,Yes,Somewhat,Yes,Yes,Yes,No,No,Female,28,<$25k,Bachelor degree,college,Mountain
796,Occasionally,Never,66,No,Other (please specify),Other (please specify),Everyone in the row should have some say,No,No,Three times,"Yes, they should not recline their chair if the person behind them asks them not to",Somewhat,Yes,No,No,No,Somewhat,No,Yes,No,No,Female,19,<$25k,Bachelor degree,college,East North Central
797,Occasionally,Always,65,Yes,The arm rests should be shared,The arm rests should be shared,Everyone in the row should have some say,No,No,Three times,"No, the person on the flight has no obligation to the person behind them",No,No,Somewhat,Somewhat,Somewhat,Somewhat,No,No,No,No,Female,56,$100-150k,Graduate degree,college,Middle Atlantic
798,Occasionally,Never,69,No,The arm rests should be shared,The arm rests should be shared,The person in the window seat should have exclusive control,Somewhat,No,Twice,"Yes, they should not recline their chair if the person behind them asks them not to",Yes,Yes,Somewhat,Somewhat,No,Somewhat,No,Somewhat,No,No,Female,18,<$25k,Some college or Associate degree,college,Pacific
799,Occasionally,About half the time,66,No,The arm rests should be shared,The arm rests should be shared,Everyone in the row should have some say,No,Yes,Twice,"Yes, they should not recline their chair if the person behind them asks them not to",No,No,No,No,No,Somewhat,No,Somewhat,No,No,Female,81,$50-100k,Bachelor degree,college,New England
800,Occasionally,Always,72,No,The arm rests should be shared,The arm rests should be shared,Everyone in the row should have some say,No,No,Three times,"No, the person on the flight has no obligation to the person behind them",No,No,No,No,Somewhat,Yes,No,Somewhat,No,No,Female,22,$25-50k,High school degree,HS,Pacific
801,Occasionally,Once in a while,62,No,The arm rests should be shared,The arm rests should be shared,Everyone in the row should have some say,No,Somewhat,Four times,"Yes, they should not recline their chair if the person behind them asks them not to",Somewhat,Yes,No,No,No,No,No,Yes,No,No,Female,50,$50-100k,Some college or Associate degree,college,Pacific
802,Occasionally,About half the time,63,No,The person in the middle seat gets both arm rests,Whoever puts their arm on the arm rest first,The person in the window seat should have exclusive control,Yes,Yes,Three times,"Yes, they should not recline their chair if the person behind them asks them not to",Somewhat,No,No,No,No,Somewhat,No,Somewhat,No,No,Female,58,$25-50k,Some college or Associate degree,college,Pacific
803,Occasionally,Usually,75,Yes,The arm rests should be shared,The arm rests should be shared,Everyone in the row should have some say,No,No,Four times,"No, the person on the flight has no obligation to the person behind them",No,No,No,No,Somewhat,Yes,No,Somewhat,Yes,No,not_Female,43,>$150k,Bachelor degree,college,Pacific
804,Occasionally,Once in a while,67,Yes,The arm rests should be shared,The arm rests should be shared,Everyone in the row should have some say,No,No,Three times,"Yes, they should not recline their chair if the person behind them asks them not to",No,No,No,No,Somewhat,Yes,No,Somewhat,No,No,Female,40,$25-50k,Some college or Associate degree,college,Mountain
805,Occasionally,About half the time,71,No,The arm rests should be shared,The arm rests should be shared,Everyone in the row should have some say,No,No,Twice,"Yes, they should not recline their chair if the person behind them asks them not to",No,No,No,No,Somewhat,Somewhat,Somewhat,Yes,No,No,not_Female,50,$50-100k,Bachelor degree,college,New England
806,Occasionally,Never,62,No,Whoever puts their arm on the arm rest first,Whoever puts their arm on the arm rest first,Everyone in the row should have some say,No,No,Twice,"Yes, they should not recline their chair if the person behind them asks them not to",Somewhat,Yes,Somewhat,No,Somewhat,Yes,Somewhat,Yes,No,No,Female,19,$50-100k,Some college or Associate degree,college,Pacific
807,Occasionally,Usually,67,No,The person in the middle seat gets both arm rests,The arm rests should be shared,Everyone in the row should have some say,No,No,Four times,"Yes, they should not recline their chair if the person behind them asks them not to",Somewhat,No,No,No,No,No,No,Somewhat,No,No,Female,50,$100-150k,Some college or Associate degree,college,Pacific
808,Occasionally,Always,61,No,Other (please specify),The arm rests should be shared,Everyone in the row should have some say,Somewhat,No,Four times,"Yes, they should not recline their chair if the person behind them asks them not to",No,No,Somewhat,Somewhat,Somewhat,Somewhat,No,Somewhat,No,No,Female,21,$25-50k,Bachelor degree,college,Pacific
809,Occasionally,Usually,66,No,The arm rests should be shared,The arm rests should be shared,Everyone in the row should have some say,No,No,Three times,"Yes, they should not recline their chair if the person behind them asks them not to",No,No,No,No,No,Somewhat,No,Yes,No,No,Female,73,$100-150k,Graduate degree,college,Pacific
810,Occasionally,Usually,68,Yes,The arm rests should be shared,The arm rests should be shared,The person in the window seat should have exclusive control,No,Somewhat,Three times,"Yes, they should not recline their chair if the person behind them asks them not to",No,No,No,No,No,Somewhat,No,Somewhat,No,No,not_Female,46,$50-100k,Some college or Associate degree,college,Middle Atlantic
811,Occasionally,Once in a while,66,Yes,The arm rests should be shared,The arm rests should be shared,The person in the window seat should have exclusive control,No,No,Twice,"No, the person on the flight has no obligation to the person behind them",No,No,No,No,No,Somewhat,No,No,No,No,Female,19,<$25k,Some college or Associate degree,college,East North Central
812,Occasionally,Once in a while,69,No,The arm rests should be shared,The arm rests should be shared,Everyone in the row should have some say,No,No,Once,"Yes, they should not recline their chair if the person behind them asks them not to",Somewhat,Yes,No,No,Somewhat,Yes,No,Somewhat,No,No,not_Female,83,$100-150k,Graduate degree,college,West South Central
813,Occasionally,Usually,70,No,The arm rests should be shared,The arm rests should be shared,The person in the window seat should have exclusive control,Somewhat,No,Three times,"Yes, they should not recline their chair if the person behind them asks them not to",No,No,No,No,No,Somewhat,No,Yes,Yes,No,not_Female,27,<$25k,Some college or Associate degree,college,West North Central
814,Occasionally,Once in a while,67,No,The arm rests should be shared,The arm rests should be shared,Everyone in the row should have some say,No,Somewhat,Once,"Yes, they should not recline their chair if the person behind them asks them not to",No,No,No,No,No,Somewhat,No,Somewhat,No,No,not_Female,23,<$25k,Some college or Associate degree,college,West South Central
815,Occasionally,Usually,69,No,The arm rests should be shared,Whoever puts their arm on the arm rest first,The person in the window seat should have exclusive control,No,Somewhat,Four times,"No, the person on the flight has no obligation to the person behind them",No,No,No,No,No,No,Somewhat,Yes,Yes,No,Female,46,>$150k,Graduate degree,college,Middle Atlantic
816,Occasionally,Never,65,No,The person in the middle seat gets both arm rests,The person by the window,Everyone in the row should have some say,Somewhat,No,Four times,"Yes, they should not recline their chair if the person behind them asks them not to",Somewhat,No,Somewhat,Somewhat,Yes,Yes,Somewhat,Yes,No,No,Female,61,>$150k,Graduate degree,college,East North Central
817,Occasionally,Once in a while,73,No,The arm rests should be shared,The arm rests should be shared,Everyone in the row should have some say,No,No,Twice,"No, the person on the flight has no obligation to the person behind them",No,No,No,No,No,Somewhat,No,Somewhat,No,No,not_Female,31,$100-150k,Bachelor degree,college,Pacific
818,Occasionally,Usually,66,No,Whoever puts their arm on the arm rest first,Whoever puts their arm on the arm rest first,Everyone in the row should have some say,No,No,Three times,"No, the person on the flight has no obligation to the person behind them",No,No,No,No,No,Somewhat,No,Yes,No,No,not_Female,78,$50-100k,Graduate degree,college,Pacific
820,Occasionally,Usually,69,Yes,The arm rests should be shared,The arm rests should be shared,Everyone in the row should have some say,No,No,More than five times times,"No, the person on the flight has no obligation to the person behind them",No,No,No,No,No,Yes,No,Somewhat,No,No,not_Female,60,$100-150k,Graduate degree,college,East North Central
821,Occasionally,Always,64,No,Other (please specify),Other (please specify),The person in the window seat should have exclusive control,No,No,More than five times times,"No, the person on the flight has no obligation to the person behind them",No,No,No,No,No,Somewhat,Somewhat,Yes,Yes,No,Female,20,$100-150k,Bachelor degree,college,Middle Atlantic
822,Occasionally,Usually,65,No,The arm rests should be shared,The arm rests should be shared,Everyone in the row should have some say,Somewhat,No,Twice,"Yes, they should not recline their chair if the person behind them asks them not to",No,No,No,No,No,Somewhat,No,Somewhat,Yes,No,Female,18,$100-150k,Bachelor degree,college,Pacific
823,Occasionally,Once in a while,62,No,The arm rests should be shared,The arm rests should be shared,Everyone in the row should have some say,No,No,Three times,"Yes, they should not recline their chair if the person behind them asks them not to",No,No,No,No,Somewhat,Yes,Somewhat,Somewhat,Yes,No,not_Female,21,$50-100k,Some college or Associate degree,college,East South Central
824,Occasionally,About half the time,69,No,Other (please specify),The person by the window,Everyone in the row should have some say,No,No,Three times,"Yes, they should not recline their chair if the person behind them asks them not to",Somewhat,Yes,No,No,Somewhat,Somewhat,No,Somewhat,No,No,Female,48,$50-100k,Bachelor degree,college,Pacific
825,Occasionally,Once in a while,66,No,Other (please specify),The arm rests should be shared,The person in the window seat should have exclusive control,No,Somewhat,More than five times times,"Yes, they should not recline their chair if the person behind them asks them not to",Somewhat,No,No,No,Somewhat,Yes,Somewhat,Somewhat,No,No,not_Female,23,$50-100k,Bachelor degree,college,South Atlantic
826,Occasionally,Never,68,No,The arm rests should be shared,The arm rests should be shared,Everyone in the row should have some say,Somewhat,Somewhat,Twice,"Yes, they should not recline their chair if the person behind them asks them not to",Yes,Yes,No,No,Somewhat,Somewhat,No,Somewhat,No,No,not_Female,50,$25-50k,Graduate degree,college,Middle Atlantic
827,Occasionally,About half the time,63,Yes,The arm rests should be shared,The arm rests should be shared,Everyone in the row should have some say,No,No,Four times,"Yes, they should not recline their chair if the person behind them asks them not to",No,No,No,No,No,Somewhat,No,Somewhat,Yes,No,Female,23,$50-100k,Some college or Associate degree,college,East North Central
828,Occasionally,Always,67,No,Whoever puts their arm on the arm rest first,Whoever puts their arm on the arm rest first,Everyone in the row should have some say,No,No,More than five times times,"No, the person on the flight has no obligation to the person behind them",No,No,No,No,Somewhat,Somewhat,No,No,Yes,No,Female,23,$100-150k,Some college or Associate degree,college,Pacific
829,Occasionally,About half the time,69,Yes,The person in the middle seat gets both arm rests,Whoever puts their arm on the arm rest first,The person in the window seat should have exclusive control,No,No,Four times,"No, the person on the flight has no obligation to the person behind them",No,No,No,No,No,No,No,Somewhat,No,No,not_Female,47,$100-150k,Some college or Associate degree,college,Middle Atlantic
830,Occasionally,Once in a while,64,No,The arm rests should be shared,The person by the window,Everyone in the row should have some say,No,No,Three times,"Yes, they should not recline their chair if the person behind them asks them not to",Somewhat,No,No,No,Somewhat,Somewhat,Somewhat,Somewhat,No,No,Female,24,$25-50k,High school degree,HS,Middle Atlantic
831,Occasionally,Once in a while,68,No,The arm rests should be shared,Whoever puts their arm on the arm rest first,Everyone in the row should have some say,No,No,Once,"No, the person on the flight has no obligation to the person behind them",Somewhat,No,Somewhat,No,No,Somewhat,Somewhat,Somewhat,No,No,Female,21,$50-100k,Some college or Associate degree,college,Mountain
832,Occasionally,Never,63,No,The arm rests should be shared,The arm rests should be shared,Everyone in the row should have some say,Somewhat,No,More than five times times,"Yes, they should not recline their chair if the person behind them asks them not to",Somewhat,No,Somewhat,Somewhat,No,Somewhat,No,No,No,No,not_Female,19,<$25k,High school degree,HS,West North Central
833,Occasionally,Once in a while,69,No,The arm rests should be shared,The arm rests should be shared,Everyone in the row should have some say,Somewhat,No,Twice,"Yes, they should not recline their chair if the person behind them asks them not to",Somewhat,Yes,No,No,No,No,No,Somewhat,No,No,Female,55,$50-100k,Some college or Associate degree,college,Middle Atlantic
834,Occasionally,Always,68,No,The arm rests should be shared,The arm rests should be shared,Everyone in the row should have some say,No,No,Twice,"No, the person on the flight has no obligation to the person behind them",No,No,No,No,No,Somewhat,No,Yes,No,No,not_Female,50,$50-100k,Bachelor degree,college,Mountain
835,Occasionally,Never,70,Yes,The arm rests should be shared,The arm rests should be shared,The person in the window seat should have exclusive control,No,No,Three times,"Yes, they should not recline their chair if the person behind them asks them not to",Yes,Yes,No,No,No,No,Yes,Yes,No,No,not_Female,44,$25-50k,Some college or Associate degree,college,West North Central
836,Occasionally,Once in a while,71,No,Other (please specify),Other (please specify),Everyone in the row should have some say,Yes,Yes,Three times,"Yes, they should not recline their chair if the person behind them asks them not to",No,No,No,No,No,No,Yes,Yes,No,No,not_Female,34,<$25k,Bachelor degree,college,Middle Atlantic
837,Occasionally,Always,64,Yes,The arm rests should be shared,The arm rests should be shared,Everyone in the row should have some say,No,No,Four times,"No, the person on the flight has no obligation to the person behind them",No,No,No,No,No,No,No,No,No,No,Female,19,$50-100k,Some college or Associate degree,college,South Atlantic
838,Occasionally,Once in a while,63,No,The arm rests should be shared,The person by the window,Everyone in the row should have some say,No,No,Twice,"No, the person on the flight has no obligation to the person behind them",No,No,No,No,No,No,No,Somewhat,No,No,Female,79,$100-150k,Graduate degree,college,East North Central
839,Occasionally,Never,64,No,The arm rests should be shared,The arm rests should be shared,Everyone in the row should have some say,Yes,No,Twice,"Yes, they should not recline their chair if the person behind them asks them not to",Somewhat,Yes,No,No,No,Somewhat,No,No,No,No,Female,63,$50-100k,Graduate degree,college,Pacific
840,Occasionally,Usually,73,No,The arm rests should be shared,The arm rests should be shared,Everyone in the row should have some say,Somewhat,Somewhat,Twice,"No, the person on the flight has no obligation to the person behind them",No,No,Somewhat,Somewhat,Somewhat,Yes,Yes,Yes,No,No,not_Female,19,$25-50k,Bachelor degree,college,West South Central
841,Occasionally,About half the time,65,No,The arm rests should be shared,The person by the window,Everyone in the row should have some say,No,Somewhat,Three times,"Yes, they should not recline their chair if the person behind them asks them not to",Somewhat,Yes,No,No,Yes,No,No,Somewhat,No,No,Female,67,$50-100k,Graduate degree,college,South Atlantic
842,Occasionally,Usually,65,No,The arm rests should be shared,The arm rests should be shared,Everyone in the row should have some say,No,No,Once,"Yes, they should not recline their chair if the person behind them asks them not to",Somewhat,Yes,No,No,Somewhat,Yes,No,Yes,Yes,No,Female,42,$100-150k,Some college or Associate degree,college,South Atlantic
843,Occasionally,Never,67,No,Whoever puts their arm on the arm rest first,Whoever puts their arm on the arm rest first,The person in the window seat should have exclusive control,No,No,Four times,"Yes, they should not recline their chair if the person behind them asks them not to",Yes,Yes,No,No,No,No,Yes,Yes,No,No,not_Female,40,$100-150k,Bachelor degree,college,Pacific
844,Occasionally,Always,61,No,The arm rests should be shared,The arm rests should be shared,The person in the window seat should have exclusive control,No,No,Twice,"No, the person on the flight has no obligation to the person behind them",No,No,No,No,Somewhat,Somewhat,No,No,No,No,Female,66,$100-150k,Graduate degree,college,West North Central
845,Occasionally,Once in a while,66,No,The person in the middle seat gets both arm rests,Whoever puts their arm on the arm rest first,Everyone in the row should have some say,No,No,Three times,"Yes, they should not recline their chair if the person behind them asks them not to",Somewhat,No,Yes,Yes,Somewhat,Somewhat,No,Yes,No,No,Female,19,$25-50k,Bachelor degree,college,Mountain
846,Occasionally,Once in a while,62,No,The arm rests should be shared,The arm rests should be shared,Everyone in the row should have some say,No,No,Twice,"Yes, they should not recline their chair if the person behind them asks them not to",Somewhat,Yes,No,No,No,Somewhat,No,Somewhat,No,No,Female,79,$50-100k,Graduate degree,college,Middle Atlantic
847,Occasionally,About half the time,68,Yes,The arm rests should be shared,The arm rests should be shared,Everyone in the row should have some say,Somewhat,No,Three times,"Yes, they should not recline their chair if the person behind them asks them not to",No,No,No,No,Somewhat,Yes,Somewhat,Yes,No,No,not_Female,57,>$150k,Bachelor degree,college,West South Central
848,Occasionally,Once in a while,70,Yes,The arm rests should be shared,The arm rests should be shared,Everyone in the row should have some say,Somewhat,Somewhat,Three times,"Yes, they should not recline their chair if the person behind them asks them not to",Somewhat,No,No,No,Somewhat,Somewhat,No,Somewhat,No,No,Female,41,$25-50k,Some college or Associate degree,college,East North Central
849,Occasionally,Always,71,Yes,The arm rests should be shared,The arm rests should be shared,The person in the window seat should have exclusive control,No,Somewhat,Twice,"Yes, they should not recline their chair if the person behind them asks them not to",No,No,Somewhat,No,No,Somewhat,No,Somewhat,Yes,No,not_Female,41,$50-100k,Some college or Associate degree,college,Pacific
850,Occasionally,Always,71,Yes,Whoever puts their arm on the arm rest first,Whoever puts their arm on the arm rest first,Everyone in the row should have some say,No,No,Twice,"Yes, they should not recline their chair if the person behind them asks them not to",No,No,No,No,No,Somewhat,Somewhat,Yes,Yes,No,not_Female,47,<$25k,Some college or Associate degree,college,Pacific
851,Occasionally,Never,66,No,The arm rests should be shared,The arm rests should be shared,Everyone in the row should have some say,Somewhat,No,Three times,"Yes, they should not recline their chair if the person behind them asks them not to",Somewhat,No,No,No,No,Somewhat,No,Somewhat,No,No,Female,18,$100-150k,Some college or Associate degree,college,Pacific
852,Occasionally,Always,61,No,Whoever puts their arm on the arm rest first,Whoever puts their arm on the arm rest first,The person in the window seat should have exclusive control,No,No,Three times,"No, the person on the flight has no obligation to the person behind them",No,No,Somewhat,Somewhat,Somewhat,Somewhat,Somewhat,Yes,No,No,Female,57,<$25k,Graduate degree,college,Pacific
853,Occasionally,Always,62,No,The person in the middle seat gets both arm rests,The person by the window,Everyone in the row should have some say,No,No,Four times,"No, the person on the flight has no obligation to the person behind them",Somewhat,No,No,No,No,No,Somewhat,Yes,No,No,Female,57,$50-100k,Some college or Associate degree,college,Middle Atlantic
854,Occasionally,Once in a while,65,No,The arm rests should be shared,The arm rests should be shared,The person in the window seat should have exclusive control,No,No,Three times,"Yes, they should not recline their chair if the person behind them asks them not to",Somewhat,Yes,No,No,No,No,No,Somewhat,No,No,Female,70,$25-50k,Some college or Associate degree,college,Pacific
855,Occasionally,Always,62,No,The arm rests should be shared,The person in aisle,The person in the window seat should have exclusive control,No,Somewhat,Four times,"No, the person on the flight has no obligation to the person behind them",No,No,No,No,Yes,Yes,Somewhat,Somewhat,No,No,Female,26,$25-50k,Some college or Associate degree,college,Mountain
856,Occasionally,Once in a while,64,No,The arm rests should be shared,The arm rests should be shared,The person in the window seat should have exclusive control,No,No,Three times,"No, the person on the flight has no obligation to the person behind them",No,No,No,No,Somewhat,Somewhat,Somewhat,Somewhat,No,No,Female,58,$50-100k,Bachelor degree,college,Pacific
857,Occasionally,Never,70,No,The arm rests should be shared,The arm rests should be shared,The person in the window seat should have exclusive control,No,No,Twice,"Yes, they should not recline their chair if the person behind them asks them not to",Yes,Yes,No,No,Yes,Yes,Yes,Yes,No,No,Female,24,<$25k,Some college or Associate degree,college,Pacific
858,Occasionally,Once in a while,66,No,The person in the middle seat gets both arm rests,The arm rests should be shared,Everyone in the row should have some say,No,No,Four times,"Yes, they should not recline their chair if the person behind them asks them not to",Somewhat,No,No,No,No,No,No,Somewhat,No,No,Female,72,$50-100k,Bachelor degree,college,West North Central
859,Occasionally,Once in a while,66,No,The arm rests should be shared,The arm rests should be shared,Everyone in the row should have some say,No,No,Four times,"Yes, they should not recline their chair if the person behind them asks them not to",Somewhat,No,No,No,Somewhat,Somewhat,No,No,No,No,Female,23,$50-100k,Some college or Associate degree,college,West South Central
860,Occasionally,Usually,68,No,Whoever puts their arm on the arm rest first,Whoever puts their arm on the arm rest first,The person in the window seat should have exclusive control,No,No,Three times,"No, the person on the flight has no obligation to the person behind them",No,No,No,No,No,Somewhat,No,Somewhat,No,No,not_Female,56,>$150k,Graduate degree,college,Pacific
861,Occasionally,Never,64,No,The arm rests should be shared,The arm rests should be shared,Everyone in the row should have some say,No,Somewhat,Three times,"Yes, they should not recline their chair if the person behind them asks them not to",Yes,Yes,No,No,No,No,No,Somewhat,No,No,Female,68,$50-100k,Graduate degree,college,West North Central
862,Occasionally,Always,63,No,Whoever puts their arm on the arm rest first,Whoever puts their arm on the arm rest first,The person in the window seat should have exclusive control,No,No,Once,"No, the person on the flight has no obligation to the person behind them",No,No,No,No,Somewhat,Yes,Yes,Yes,Yes,No,Female,40,>$150k,High school degree,HS,Middle Atlantic
863,Occasionally,Once in a while,67,No,Other (please specify),Other (please specify),Everyone in the row should have some say,No,No,Three times,"Yes, they should not recline their chair if the person behind them asks them not to",Somewhat,No,No,No,No,No,Somewhat,Yes,No,No,not_Female,40,<$25k,Some college or Associate degree,college,East North Central
864,Occasionally,Once in a while,75,No,The arm rests should be shared,The arm rests should be shared,Everyone in the row should have some say,No,No,Three times,"Yes, they should not recline their chair if the person behind them asks them not to",Somewhat,No,No,No,Somewhat,Somewhat,Somewhat,Yes,No,No,not_Female,83,$50-100k,Bachelor degree,college,Pacific
